{
  "URL": "https://therecipecritic.com/slow-cooker-pork-chili-verde/",
  "Summary": "This is easily the BEST chili verde that I have EVER had! The pork is tender and full of amazing flavor and is made right in the slow cooker!",
  "Metadata": [
    "Prep Time:  15minutes",
    "Cook Time:  8hours",
    "Total Time:    8hours15minutes",
    "Servings:  8Servings"
  ],
  "Ingredients": [
    "4-5 pounds cubed boneless pork shoulder",
    "1 tablespoon olive oil",
    "1 (28-ounce) can tomatillos",
    "½ cup chopped onion",
    "2 teaspoons minced garlic",
    "1 (14-ounce) can green enchilada sauce",
    "1 (16-ounce) jar salsa verde",
    "1 (4-ounce) can diced green chilies",
    "½ tablespoon cumin",
    "1 teaspoon dried oregano",
    "1 teaspoon salt",
    "2 tablespoon cornstarch"
  ],
  "Instructions": [
    "Add 1 tablespoon olive oil to a medium-sized skillet and heat over medium-high heat. Cook and brown 4-5 pounds cubed boneless pork shoulder on all sides. Add the pork shoulder to the slow cooker.",
    "In a food processor add 1 (28-ounce) can tomatillos and blend until smooth. Add it to the slow cooker along with ½ cup chopped onion, 2 teaspoons minced garlic , 1 (14-ounce) can green enchilada sauce, 1 (16-ounce) jar salsa verde, 1 (4-ounce) can diced green chilies, ½ tablespoon cumin, 1 teaspoon dried oregano, and 1 teaspoon salt.",
    "Cook on LOW for 6 hours or HIGH for 4 hours. An hour before serving, take out 1 cup of juice from the slow cooker and whisk it with the cornstarch. Add it back to the slow cooker and allow it to cook and thicken for about 1 more hour.",
    "Shred the pork using two forks and serve with tortillas or over rice!"
  ],
  "Nutrition": [
    "Calories: 318kcal",
    "Carbohydrates: 3g",
    "Protein: 51g",
    "Fat: 10g",
    "Saturated Fat: 3g",
    "Polyunsaturated Fat: 1g",
    "Monounsaturated Fat: 5g",
    "Trans Fat: 0.03g",
    "Cholesterol: 136mg",
    "Sodium: 417mg",
    "Potassium: 886mg",
    "Fiber: 0.4g",
    "Sugar: 0.5g",
    "Vitamin A: 11IU",
    "Vitamin C: 1mg",
    "Calcium: 27mg",
    "Iron: 2mg",
    ""
  ],
  "Comments": [
    "Peggy says:My husband made this for me as he knows it’s my favorite. It was by far the best chili verde I’ve ever had.  I’m attributing it to the fact no one else added the game changing ingredient- had to be the love🤗",
    "Alyssa Rivers says:Oh my gosh, you and your husband are the sweetest! Thank you!",
    "Brigitte says:Hi. Made this tonight. It was delicious and I shared the recipe with numerous friends.",
    "Kait says:Hi! I’ve made this in the past with a slight modification (extra salsa verde and no tomatillos) and it is great! Yum. Thank you!! This time I will use fresh tomatillos from my garden–any direction on how much and how to prep and include them? Thanks!",
    "Tammy says:I am making this today! When do you chop your pork into bite sized pieces? After browning and before you add to the slow cooker?",
    "Lauren says:Been making this for years and is always a hit. Was wondering how it would do In an Instapot as far as liquid and timing?",
    "Margaret Peck says:What was the white stuff you sprinkled on at the end?  It looked like feta cheese.",
    "Alyssa Rivers says:Queso fresco cheese is my favorite cheese garnish.  Feta would also work well.",
    "Mike says:I just turned off the slow cooker, and this chili verde is amazing! I used Hatch Valley 505 salsa verde and added cilantro at the end. The pork came out super tender and the flavors are fantastic. I will be making this again and going through your recipes to find my next dish. Thank you!",
    "Rebecca Dunne says:This recipe is delicious and so easy! Husband and kids approved! Served with lime wedges, mexican crema, cilantro, and sliced radishes. ?",
    "Alyssa Rivers says:That sounds delicious! Thank you for sharing!",
    "Karl says:Like the recipe.  I use similar but different things, like no cumin but smoked paprika and I cube the meat after having cooked a strong dry rub including cayenne and paprika and seasoned salt into slabs.  A good way to trap more juice into the meat is cube it after you sear it in olive oil or whatever you use.  I mean, until it is crunchy on the side!  I disassemble the pork shoulder into sections that mainly do not cut across the grain.Then crisp it, cool it, cube it, and go on like you said and the flavors will release even more.  Thank you very much for a nice set of tips 🙂Main question is serves 8?  5 pounds of meat and with all the rest I figure ought to serves more, like 15.Anyway thanks for sharing!",
    "Nichole says:Excited to try. Do I drain the canned tomato?",
    "Alyssa Rivers says:Yes, you will drain the tomatoes!",
    "PRINDA NEJAD says:I was just wondering if you have nutrition facts for this Chili Verde",
    "Alyssa Rivers says:Hi!For nutritional facts, I like to use myfitnesspal.com.  Thanks for following along.",
    "Laurie says:The recipe mentions salsa verde. What is your go to brand? I haven’t found a brand of jar salsa verde that I like yet. Thank you!",
    "Alyssa Rivers says:HMMM! That is hard to say since I switch it up a bit when buying at a grocery store. The best place to usually go is a Mexican restaurant and order it for take out. Let me know if you find one that is a keeper! XOXO"
  ]
}