{
  "URL": "https://therecipecritic.com/slow-cooker-shredded-bbq-chicken/",
  "Summary": "Slow cooker shredded BBQ chicken is a simple, zesty, and flavorful chicken. It can go in pasta dishes, over potatoes, in sandwiches, or in tortillas. ",
  "Metadata": [
    "Prep Time:  10minutes",
    "Cook Time:  3hours",
    "Total Time:    3hours10minutes",
    "Servings:  6Servings"
  ],
  "Ingredients": [
    "1 ½ pounds boneless skinless chicken breasts, about 3 breasts",
    "¾ cup brown sugar",
    "3 tablespoons ketchup",
    "¼ cup prepared mustard",
    "2 tablespoons cider vinegar",
    "2 teaspoons liquid smoke",
    "1 teaspoon salt",
    "½ teaspoon pepper"
  ],
  "Instructions": [
    "Place 1 ½ pounds boneless skinless chicken breasts, in the bottom of the slow cooker.",
    "In a medium bowl, whisk together ¾ cup brown sugar, 3 tablespoons ketchup, 2 tablespoons cider vinegar, ¼ cup prepared mustard, 2 teaspoons liquid smoke, 1 teaspoon salt, and ½ teaspoon pepper.",
    "Pour the sauce mixture over the chicken in the slow cooker.",
    "Cover and cook for 3-4 hours on HIGH or 5-6 hours on LOW.",
    "Shred the chicken using two forks, and serve on top of cooked rice or in a bun as a sandwich."
  ],
  "Nutrition": [
    "Calories: 292kcal",
    "Carbohydrates: 30g",
    "Protein: 33g",
    "Fat: 4g",
    "Saturated Fat: 1g",
    "Polyunsaturated Fat: 1g",
    "Monounsaturated Fat: 1g",
    "Trans Fat: 0.02g",
    "Cholesterol: 97mg",
    "Sodium: 757mg",
    "Potassium: 639mg",
    "Fiber: 1g",
    "Sugar: 28g",
    "Vitamin A: 92IU",
    "Vitamin C: 2mg",
    "Calcium: 39mg",
    "Iron: 1mg",
    ""
  ],
  "Comments": [
    "Melanie says:I made this and served with small rolls for sliders for a party and everyone loved them.  I am making them again tomorrow to take to Scout camp for a bunch of boys.  My son loves these!",
    "Steph Edgar says:I made this recipe for dinner tonight and it is fantastic! I made it exactly as listed and would not change a thing–the chicken was moist, flavorful, with just a bit of tang. I served it over brown rice, which was delicious, but my husband and I are also going to try serving it on rolls. I will certainly be making this again–yum!",
    "Keita says:Sounds wonderful!  I just want to be sure – put the FROZEN chicken breasts into the slow cooker – I don’t have to thaw them first?",
    "Alyssa says:I use frozen chicken quite a bit in my slow cooker.  Just make sure that they are completely cooked throughout and no longer pink.",
    "Matt Robinson says:Love this slow cooker idea, can’t wait to make it for my boys!"
  ]
}