{
  "URL": "https://therecipecritic.com/slow-cooker-skinny-pulled-pork-barbacoa/",
  "Summary": "The flavor is out of this world with a little bit of sweet to it.  I had my pork over a delicious salad tonight and the whole family loved it... ",
  "Metadata": [
    "Prep Time:  10minutes",
    "Cook Time:  4hours",
    "Marinade the roast:  2hours",
    "Total Time:    6hours10minutes",
    "Servings:  10Servings"
  ],
  "Ingredients": [
    "2½ pounds pork loin roast, fat trimmed",
    "¼ teaspoon salt",
    "¼ teaspoon pepper",
    "6 ounces coke zero",
    "¼ cup brown sugar, unpacked",
    "¼ cup water",
    "8 ounces coke zero",
    "1 (6-ounce) can diced green chilies",
    "1 (8-ounce) can tomato sauce",
    "1 (7-ounce) can chipotle peppers in adobo sauce",
    "⅛ teaspoon garlic powder",
    "⅛ teaspoon cumin",
    "⅛ teaspoon chipotle chili powder",
    "⅓ cup unpacked brown sugar",
    "salt and pepper, to taste"
  ],
  "Instructions": [
    "In a medium bowl, mix together the salt, pepper, Coke Zero, and brown sugar.  Place the roast with this marinade into the crockpot or in a gallon-size bag and let it marinate overnight or for at least two hours.",
    "Take the pork out of the fridge and add 1/4 cup water to the marinade. Cook on LOW for 4-6 hours or HIGH for 3-4 hours. The pork should be able to shred very easily with a fork.",
    "Drain all the liquids and shred the pork using two forks.",
    "In a medium bowl, combine the Coke Zero, green chilies, tomato sauce, chipotle peppers, garlic powder, cumin, chipotle chili powder, brown sugar, and salt and pepper to taste. Stir to mix well and add the mixture back to the slow cooker with the shredded pork. Continue cooking for an hour.",
    "Serve with black beans, cilantro lime rice, or in tortillas!"
  ],
  "Nutrition": [
    "Calories: 210kcal",
    "Carbohydrates: 15g",
    "Protein: 26g",
    "Fat: 5g",
    "Saturated Fat: 1g",
    "Cholesterol: 71mg",
    "Sodium: 314mg",
    "Potassium: 516mg",
    "Fiber: 1g",
    "Sugar: 14g",
    "Vitamin A: 181IU",
    "Vitamin C: 4mg",
    "Calcium: 19mg",
    "Iron: 1mg"
  ],
  "Comments": [
    "Susan Lindberg says:Mine came out way too sweet and way too spicy ( I like sweet and spice). I’m wondering: when you say add 1 chipotle chili and adobo sauce, are you saying add 1 pepper out of the can, or the whole can. I thought you meant the whole can, and I’m wondering if that was where I went wrong.",
    "Britny says:This recipe looks awesome. I’d live to try it, I made a pork roast yesterday in the crock pot, but my son has food allergies so I have to cook stuff like that plain so I can give him a portion then I add bbq sauce or whatever to mine and my husband’s portion after. So it’s already shredded and in the fridge with nothing on it, would you recommend I just put it back in the crock pot with the ingredients from step 2 to simmer for an hour?",
    "beth klenk says:can i use diet coke as a substitute? I don’t have any coke zero",
    "Alyssa Rivers says:Yep!  That should work just as well!  Let me know if you make it and how it turns out! 🙂",
    "Trish - Mom On Timeout says:Holy crap Alyssa!  This looks to-die-for!",
    "Holly Lefevre (504 Main) says:I am so excited to try this recipe this weekend – my family loves pork and we were just talking about new ways to cook it! Thanks!",
    "Tonia L says:Great idea! I have some pulled pork in my freezer so I am going to try this!",
    "Dorothy @ Crazy for Crust says:This is a must try! I love crock pot dinners – this is going on the to-make list!",
    "Jenn says:Sounds amazing!"
  ]
}