{
  "URL": "https://therecipecritic.com/slow-cooker-stuffed-bell-peppers/",
  "Summary": "Slow Cooker Stuffed Bell Peppers are packed with ground beef, wild rice, diced tomatoes, soft black beans, and melty cheese. They cook to perfection in the slow cooker and make a healthy, delicious dinner! ",
  "Metadata": [
    "Prep Time:  15minutes",
    "Cook Time:  6hours",
    "Total Time:    6hours15minutes",
    "Servings:  6servings"
  ],
  "Ingredients": [
    "6 large bell peppers any color",
    "1 pound lean ground beef",
    "½ cup chopped yellow onion",
    "1 (14-ounce)  can diced tomatoes",
    "1 cup cooked wild rice",
    "2 tablespoons Worcestershire sauce",
    "1 teaspoon salt",
    "1 teaspoon pepper",
    "1 ½ cups shredded colby jack cheese divided",
    "¼ cup water"
  ],
  "Instructions": [
    "Cut off the tops of 6 large bell peppers and scrape out the seeds and membranes. Set aside.",
    "In a large bowl, combine 1 pound lean ground beef, ½ cup chopped yellow onion, 1 (14-ounce)  can diced tomatoes, 1 cup cooked wild rice, 2 tablespoons Worcestershire sauce, 1 teaspoon salt, 1 teaspoon pepper, and 1 cup of the 1 ½ cups shredded colby jack cheese.",
    "Stuff each bell pepper with the mixture. Pour ¼ cup water into the bottom of the slow cooker. Put the stuffed peppers in the crockpot. Cook on LOW for 6 hours or on HIGH for 4 hours. The peppers should be tender, and the ground beef cooked throughout.",
    "About 15 minutes before serving, sprinkle on the remaining ½ cup of cheese. Replace the lid and allow the cheese to melt before serving."
  ],
  "Nutrition": [
    "Calories: 307kcal",
    "Carbohydrates: 17g",
    "Protein: 27g",
    "Fat: 15g",
    "Saturated Fat: 8g",
    "Polyunsaturated Fat: 1g",
    "Monounsaturated Fat: 5g",
    "Trans Fat: 0.3g",
    "Cholesterol: 78mg",
    "Sodium: 814mg",
    "Potassium: 737mg",
    "Fiber: 4g",
    "Sugar: 6g",
    "Vitamin A: 856IU",
    "Vitamin C: 104mg",
    "Calcium: 278mg",
    "Iron: 4mg",
    ""
  ],
  "Comments": [
    "Lynn says:You mention “Black Beans” in the introduction, however, they do not appear in the recipe.Please advise,LO",
    "Alyssa Rivers says:Lynn, I’m so sorry. I recently updated this recipe and must have forgotten I took the black beans out when I wrote the post. If you want to add black beans. Drain them and add them with everything in step 2.",
    "Linda says:Sorry, this recipe just doesn’t cut it. Make your stuffed peppers in the oven. Not the slow cooker. I have been making stuffed peppers for 40 years, and these might look pretty in the picture, but when you cut into them, after cooking for 6 hrs, the meat is still pink, and they are mushy. Not meaning disrespect to the author, but no, no, no. Stick to the oven.",
    "Emily says:This has been one of my go-to recipes for 3 years! It’s so yummy, filling and easy. Love it!"
  ]
}