{
  "URL": "https://therecipecritic.com/slow-cooker-tex-mex-lettuce-wraps/",
  "Summary": "This recipe was so easy and the chicken just shredded perfectly and was so tender.  It was delish!",
  "Metadata": [
    "Prep Time:  20minutes",
    "Cook Time:  4hours",
    "Total Time:    4hours20minutes",
    "Servings:  4Servings"
  ],
  "Ingredients": [
    "1 ½ pounds boneless skinless chicken breast",
    "1 package taco seasoning",
    "1 jalepeno seeded and sliced",
    "1 (16-ounce) jar salsa",
    "1  diced yellow onion, about 1 ½ cups",
    "salt, to taste",
    "iceberg lettuce leaves for wrapping"
  ],
  "Instructions": [
    "Spray slow cooker with non-stick cooking spray. Sprinkle the taco seasoning on the chicken breasts and lay them on the bottom of the slow cooker.",
    "Put the diced onion and jalapeño over the top of the chicken breasts, and pour salsa on top.",
    "Cover and cook chicken on low for 4-5 hours.",
    "Take the cooked chicken out of the slow cooker and shred it.  Place it back in the slow cooker and stir to combine. Add salt to taste.",
    "To serve place about ¼ of the chicken mixture in the center of the lettuce wrap and roll up!  Enjoy!"
  ],
  "Nutrition": [
    "Calories: 272kcal",
    "Carbohydrates: 11g",
    "Protein: 40g",
    "Fat: 7g",
    "Saturated Fat: 2g",
    "Cholesterol: 107mg",
    "Sodium: 954mg",
    "Potassium: 1020mg",
    "Fiber: 3g",
    "Sugar: 6g",
    "Vitamin A: 640IU",
    "Vitamin C: 8mg",
    "Calcium: 51mg",
    "Iron: 1mg"
  ],
  "Comments": [
    "Rosemary says:I made these and the family loved them. I did put in a jalapeño and it wasn’t too spicy for the kids. I used Tyson frozen chicken tenderloins and it worked fine (put them in frozen!)  Thanks for the “keeper.”",
    "FoodBloggieAddict says:Made these yesterday to bring to work for my lunches.  They are super good!  I wonder what the calorie count would be?  Not to bad I bet 🙂",
    "Angela Santaniello says:This recipe looks fantastic, too. I think instead of the jalapeno I’ll add a can of green chilies.Angela",
    "Kimberli Ballard says:Great recipe! this looks fantastic!Kimberli @ greatastestuesdays.blogspot.com",
    "Wanda Ann Olsen says:This looks delicious, Congratulations on getting featured At Six Sisters. Would love for you to come to my party on Tuesday Trivia  @ memoriesbythemile.comHope to see you there.Wanda Ann @ Memories  by the Mile",
    "Fay Cochran says:This recipe sounds so good. I am going to get my daughter to go to the store and get all the things I need to make this dish. The only complaint is that you put the ingredients towards the end. I like them up front. So I can see what I would need to make this dish.",
    "Meg @ BigRedClifford says:These look so yumtown!!  thanks for linking up.  You were featured today! http://www.bigredclifford.com/2013/01/foto-friday-faves-week-5.htmlCome link up again today if you get a sec! 😉",
    "Kelly says:These look and sound amazing!! I can’t wait to try them!",
    "tumbleweed-contessa says:Oooo!  These soudn so good.  Pinned and making these.  Thanks for sharing.",
    "Erin TableforSeven says:Looks amazing..pinned 🙂",
    "Jocelyn says:I love the idea of eating the meat wrapped in lettuce instead of tortillas!  I hear ya on the whole working out thing…I am hitting it hard come Monday!!!",
    "Amy K says:This looks so good!!  Thanks for sharing.  Would you like to follow each other?Much Love,http://amyklundt.blogspot.com/",
    "Randi~Dukes and Duchesses says:Those sound fabulous … I’m pinning!",
    "teenah says:This looks great and sounds super healthy! I’m gonna have to try it!"
  ]
}