{
  "URL": "https://therecipecritic.com/slow-cooker-short-ribs/",
  "Summary": "Fall off the Bone Slow Cooker Short Ribs is a perfect hearty, satisfying, and savory dinner. Full of flavor and fork tender succulent beef, it's a meal worth coming home to.",
  "Metadata": [
    "Prep Time:  10minutes",
    "Cook Time:  8hours",
    "Total Time:    8hours10minutes",
    "Servings:  6People"
  ],
  "Ingredients": [
    "8-10 beef short ribs",
    "salt and pepper",
    "1 tablespoon olive oil",
    "5 large carrots sliced",
    "1 cup beef broth",
    "3 cloves garlic minced",
    "1/4 cup tomato paste",
    "1 Tablespoon Worcestershire Sauce",
    "1 Tablespoon Italian Seasoning"
  ],
  "Instructions": [
    "Salt and pepper the beef short ribs.  Heat a large skillet with the olive oil over medium high heat.  Add the short ribs and sear each side for 1-2 minutes or until they have a golden brown crust.  Remove from skillet and add to the slow cooker and add the carrots on top.",
    "In a small bowl whisk the beef broth, garlic, tomato paste, Worcestershire sauce and Italian seasoning.  Add to the slow cooker.",
    "Cook on low for 8-9 hours or high 4-5 hours."
  ],
  "Nutrition": [
    "Calories: 66kcal",
    "Carbohydrates: 9g",
    "Protein: 2g",
    "Fat: 3g",
    "Saturated Fat: 1g",
    "Cholesterol: 1mg",
    "Sodium: 306mg",
    "Potassium: 363mg",
    "Fiber: 2g",
    "Sugar: 5g",
    "Vitamin A: 10204IU",
    "Vitamin C: 7mg",
    "Calcium: 45mg",
    "Iron: 1mg"
  ],
  "Comments": [
    "Nancy Hickey says:One of the fine dining restaurants we go to has really good short ribs that my husband always orders. I decided to try making them at home. Came across this recipe.  So glad I did! I made them exactly like the recipe.  My husband said they were better than the restaurants short ribs! Definitely a recipe I’m keeping! I’ve also used the broth mixture over a beef roast. Very good!",
    "Alyssa Rivers says:Love this! Thank you!",
    "Laura Markowitz says:How many pounds of short ribs is 8-10? I see small and large in the store",
    "Alyssa Rivers says:Hi Laura, thank you for your question. You would be looking for anywhere from 8-15 pounds of beef short ribs. It really depends on the cut and size of each rib. I hope this helps!",
    "Andrew says:Excellent!!!",
    "Marisa says:This does not seem like a lot of liquid…the ribs are not covered? Is that ok?",
    "alyssa says:my mom made this for christmas and it came out FANTASTIC. my dad is now visiting from san diego and he loves this kind of food. he told me to make double so we can have dinner for the 4 days he’s here. i’m so nervous because i now i have $180 worth of meat that i don’t want to mess up..my question is, can i deglaze the pan after browning the ribs with a little bit of red wine? and add it to the same amount of broth called for? i’m doing 2 crock pots. also, is it ok if the meat on the bottom of the crock isn’t in one layer, and there’s some on top? i’m so nervous. i hope it comes out like how my mom made it!! it was phenomenal on christmas. thanks in advance!",
    "Johanna Griffis says:Hello, thank you for sharing all those yummy recipes .Do you have a great recipe for pork ribs, a family favorite.I would love yours if possible. Thanks in advance. Best regards, Johanna?",
    "Debbie Hargreaves says:Tried this recipe and ribs were still tough after 8 hours – not sure what went wrong.",
    "Dawn says:Good to know. I was just wondering if I can leave them on for 12- 13 hours while I’m gone so I guess I can!Thank you",
    "Ruth says:Can I do the searing of the ribs the night before and put in fridge, then cook as instructed the next day? Or do I have to sear and cook same day? Please advise. Thanks!",
    "Alyssa Rivers says:Yes, that should work fine!",
    "Robert Weldon says:Try again. It looks as if you used Korean style beef short ribs as opposed to regular beef short ribs with the difference being the way the butcher cuts the ribs?",
    "Mary says:Hi, can I also use a steamer (size of a microwave)? Thanks!",
    "Michelle Hickson says:Me again…  Does it makes a difference if the ribs cook on low or high in the slow cooker?",
    "Alyssa Rivers says:No, you can cook it on either low or high depending on what time you have available. The ribs will turn out the same!",
    "Michelle Hickson says:I am not good with making homemade gravy.   Therefore, can I use beef gravy in the jar with this recipe.  Also, would it clash with the tomato base?",
    "Alyssa Rivers says:I haven’t tried that kind of gravy before with this recipe but I think it will be fine!",
    "Geraldine says:Absolutely delicious and fall off the bone goodness, Very easy to make and loved the convenience of using the slow cooker. The house smelled so good and I served with polenta and gravy. Thank you.",
    "Sabrina says:a great reminder of one of my favorites, thank you, much appreciated!",
    "Aaron says:Could you add Liquid Smoke to this?",
    "Alyssa Rivers says:Yes! That would be yummy!",
    "M French says:I’ve made this dish many times, a personal favorite, tastes like my mom’s cooking.  Except I just toss in the whole small can of tomato paste, I like it extra tomatoey.",
    "Betsy Fadley says:Amazing!!  This recipe is a keeper."
  ]
}