{
  "URL": "https://therecipecritic.com/slow-cooker-ranch-tacos/",
  "Summary": "Switch up taco night with these 4-ingredient slow cooker ranch tacos! The chicken shreds perfectly and is packed with flavor. Dinner has never been easier!",
  "Metadata": [
    "Prep Time:  5minutes",
    "Cook Time:  4hours",
    "Total Time:    4hours5minutes",
    "Servings:  6people"
  ],
  "Ingredients": [
    "2 pounds boneless skinless chicken breasts",
    "1 package taco seasoning",
    "1 package ranch dressing powder",
    "1 cup chicken broth",
    "tortillas",
    "avocado",
    "tomatoes",
    "cilantro",
    "ranch dressing"
  ],
  "Instructions": [
    "Place 2 pounds boneless skinless chicken breasts into the bottom of the slow cooker.",
    "Sprinkle 1 package taco seasoning and 1 package ranch dressing powder  over the chicken.",
    "Pour 1 cup chicken broth over the seasonings.",
    "Cover the slow cooker with the lid and cook on low for 6 hours or high for 4 hours.",
    "Shred the chicken using two forks. Serve with tortillas and your favorite taco toppings like avocado, tomatoes, cilantro, and ranch dressing."
  ],
  "Nutrition": [
    "Calories: 199kcal",
    "Carbohydrates: 6g",
    "Protein: 32g",
    "Fat: 4g",
    "Saturated Fat: 1g",
    "Polyunsaturated Fat: 1g",
    "Monounsaturated Fat: 1g",
    "Trans Fat: 0.02g",
    "Cholesterol: 98mg",
    "Sodium: 1141mg",
    "Potassium: 566mg",
    "Fiber: 1g",
    "Sugar: 1g",
    "Vitamin A: 593IU",
    "Vitamin C: 4mg",
    "Calcium: 9mg",
    "Iron: 1mg",
    ""
  ],
  "Comments": [
    "Marianne A says:If I use the homemade taco seasoning, how much should I add?",
    "Alyssa Rivers says:Hi Marianne! One packet of taco seasoning is equivalent to about three tablespoons. Depending on how spicy you want it, I would start with two tablespoons and add more to get the flavor where you want! I hope this helps! Let me know how it turns out!",
    "Linds says:Recipe seem very easy to follow!"
  ]
}