{
  "URL": "https://therecipecritic.com/slow-cooker-ribs/",
  "Summary": "Tender, flavorful ribs made easy in the slow cooker! Finished with a broiled BBQ glaze for sticky, saucy perfection your whole crew will devour.",
  "Metadata": [
    "Prep Time:  10minutes",
    "Cook Time:    6hours10minutes",
    "Total Time:    6hours20minutes",
    "Servings:  6people"
  ],
  "Ingredients": [
    "2-3 pounds pork baby back ribs, 1 rack of ribs",
    "1 tablespoon brown sugar",
    "2 teaspoons paprika",
    "1 teaspoon garlic powder",
    "1 teaspoon onion powder",
    "1 teaspoon salt",
    "½ teaspoon pepper",
    "2 cups homemade or store-bought BBQ sauce"
  ],
  "Instructions": [
    "Prepare the 2-3 pounds pork baby back ribs, by removing the membrane and patting them dry with a paper towel.",
    "In a small bowl, mix the 1 tablespoon brown sugar, 2 teaspoons paprika, 1 teaspoon garlic powder, 1 teaspoon onion powder, 1 teaspoon salt, and ½ teaspoon pepper.  Rub the spice mixture evenly all over the ribs.",
    "Cut the rack of ribs in half.  Add half of the rack to the bottom of the slow cooker.  Pour HALF of the 2 cups homemade or store-bought BBQ sauce on top and layer with the other rack and remaining sauce.  You can also wrap the ribs around the slow cooker if the top will not fit.",
    "Cook the ribs on LOW for 6-7 hours or HIGH for 3-4 hours.",
    "Preheat the oven to 425 degrees Fahrenheit. Remove the ribs from the slow cooker and set them on a baking sheet.",
    "Pour the sauce from the crockpot on top of the ribs and cook for 10 minutes until the tops get crispy.  Brush with additional sauce if needed."
  ],
  "Nutrition": [
    "Calories: 390kcal",
    "Carbohydrates: 42g",
    "Protein: 19g",
    "Fat: 16g",
    "Saturated Fat: 6g",
    "Polyunsaturated Fat: 3g",
    "Monounsaturated Fat: 7g",
    "Trans Fat: 0.1g",
    "Cholesterol: 66mg",
    "Sodium: 1454mg",
    "Potassium: 486mg",
    "Fiber: 1g",
    "Sugar: 34g",
    "Vitamin A: 564IU",
    "Vitamin C: 1mg",
    "Calcium: 67mg",
    "Iron: 2mg",
    ""
  ],
  "Comments": [
    "Chip says:Can short ribs be used in place of the baby back ribs?We have used many of your recipes and they are all 5-star!!Thanks for sharing all these wonderful, tasty recipes!",
    "Suzanne says:Absolutely delicious recipe. Made these ribs for my family on the 4th of July and they were g.o.n.e. (I even doubled the recipe!) Had to use a spatula-tong combo to move them from slow cooker to oven pan for finishing because they were falling-off-the bone tender. Rub is excellent and gives a wonderful kick.",
    "Clara Creech says:Those 3 dishes that I picked look so good & I really want try them..",
    "Jim says:Used this method as it was too cold for my smoker. Very pleased with the results.  My wife made homemade Mac n cheese and Waldorf salad to go along with it. Everyone enjoyed the feast.",
    "Alyssa Rivers says:Sounds amazing!",
    "Bailey says:Do you cook from frozen or thawed?",
    "Alyssa Rivers says:Hi Bailey, thank you for your question. You will want to cook the ribs thawed.",
    "Linda says:SOOOO good!! My sister is not a big “ribs” fan and she LOVED them! DEFINITELY a do again recipe! 🙂",
    "Lynne says:these turned out so good. very tender, fall off bone. moist. membrane was not easy to remove at all. but will definitely make these again.",
    "Shay Willis says:My crockpot has a 10 hour option. With my work schedule, this would work better for me. Would 10 hours ruin the meat?",
    "Alyssa Rivers says:Hi Shay! Ten hours should be just fine as long as the temperature setting is on low.",
    "Food Lover says:Made this recipe tonight and my family loved it!!! Even my picky 9 year old loved them. Making them in a crockpot makes them fall off the bone.",
    "Alyssa Rivers says:Pleasing a picky 9 year old isn’t easy! Wahoo!!! I’m so glad you found this recipe! I have a picky eater as well and they also love my crockpot parmesan garlic chicken pasta.  Try that and let me know if they like it!",
    "Ali says:I have used this recipe before and sometimes I find it overcooks my ribs. The dry rub is amazing and when it works it’s delicious. I’m using 2lbs of ribs how long should I slow cook on low?",
    "Alyssa Rivers says:Hi!! For 2 pounds, try checking the ribs after 5 hours in the slow cooker on low!",
    "Kaeta says:I’ve made this a few times, and the ribs come out perfectly each time. The only tweak I make to the recipe is that I add a little bit of water & liguid smoke mixture(just enough to cover the bottom of my crock), so I’m not cooking in a “dry” crock.",
    "ONE SPOIL WOMAN says:OMG! THESE WERE PERFECT I FOLLOWED THE RECIPE TO THE TEE! EXCEPT I ADDED A PINCH MORE OF EVERYTHING I MAKE MY OWN BBQ SAUCE TOO. THEY COOKED 6AND A HALF HOURS ON LOW. AFTER HALFWAY THROUGH I ROTATED THEM BUT CAME OUT REALLY REALLY PERFECT  THANKS SO MUCH FOR SHARING ❤️"
  ]
}