{
  "URL": "https://therecipecritic.com/slow-cooker-pumpkin-chili/",
  "Summary": "Slow Cooker Pumpkin Chili is the perfect comforting fall soup.  It is hearty and packed with spices and big bold flavors.  You are going to love this savory and delicious chili! ",
  "Metadata": [
    "Prep Time:  15minutes",
    "Cook Time:  4hours",
    "Total Time:    4hours15minutes",
    "Servings: 6"
  ],
  "Ingredients": [
    "2 pounds lean ground beef",
    "1 diced red bell pepper diced",
    "1 diced green bell pepper diced",
    "1 chopped small onion chopped",
    "1 (15-ounce) can kidney beans",
    "1 (15-ounce) can pinto beans",
    "1 (15-ounce) can black beans",
    "1 (15-ounce) can diced tomatoes with juice",
    "1 (6-ounce) can tomato paste",
    "1 (15-ounce) can pumpkin puree",
    "2 cups beef broth",
    "2 tablespoons chili powder",
    "2 teaspoons cumin",
    "2 teaspoons salt",
    "½ teaspoon black pepper",
    "1 tablespoon dried oregano",
    "1 teaspoon garlic powder",
    "2 bay leaves"
  ],
  "Instructions": [
    "In a medium sized skillet over medium high heat, add 2 pounds lean ground beef.  Cook and crumble until almost cooked throughout.  Add in 1 diced red bell pepper, 1 diced green bell pepper, and 1 chopped small onion and continue to cook until the ground beef is tender and no longer pink and drain remaining grease.",
    "Add your liner to your 6 quart slow cooker.  Add the ground beef, 1 (15-ounce) can kidney beansbeans, 1 (15-ounce) can pinto beans , 1 (15-ounce) can black beans , 1 (15-ounce) can diced tomatoes with juice, 1 (6-ounce) can tomato paste, 1 (15-ounce) can pumpkin puree, 2 cups beef broth, 2 tablespoons chili powder 2 teaspoons cumin, 2 teaspoons salt, ½ teaspoon black pepper, 1 tablespoon dried oregano, 1 teaspoon garlic powder and 2 bay leaves.",
    "Cook on low for 4-6 hours or high for 2-3 hours.  Remove bay leaves and adjust seasonings if needed."
  ],
  "Nutrition": [
    "Calories: 415kcal",
    "Carbohydrates: 4g",
    "Protein: 28g",
    "Fat: 31g",
    "Saturated Fat: 12g",
    "Cholesterol: 107mg",
    "Sodium: 1221mg",
    "Potassium: 598mg",
    "Fiber: 2g",
    "Sugar: 2g",
    "Vitamin A: 1495IU",
    "Vitamin C: 41.3mg",
    "Calcium: 49mg",
    "Iron: 4.1mg"
  ],
  "Comments": [
    "rebecca davis says:Can u please recalculate the nutrition label.     This doesn’t have 4 total carb count",
    "Shari Davis says:The slow cooker times have an error.  How long on Low vs High?",
    "Pat says:What size can of diced tomatos in the pumpkin chili recipe",
    "Alyssa Rivers says:14 ounces! Thanks for catching that, I’ll update the recipe card.",
    "LL says:What size in quarts for the instant pot/crock pot?",
    "Alyssa Rivers says:I always like to use a 6-quart or 8-quart if I am making dinner for my family.",
    "Linette says:I can’t believe it’s only 5 carbs per serving!  Beans and pumpkin are high in carbs.",
    "Thelma Furches says:I have a strange allergy to peppers.  Most taco recipes call for peppers, do you have a suggestion for a replacement to give a good flavor to the receipt?",
    "Alyssa Rivers says:You can leave them out for this recipe.",
    "Mary says:If I add in more liquid could I cook this recipe on low for 8 hours?",
    "Alyssa Rivers says:Yes, that is a great idea!",
    "Susan Jansen says:Alyssa,If I made this with extra lean ground beef would I have to sauté the meat and veggies or just put them in the pot? I love Reynolds slow cooker liners and I have never had an issue or had them make the food taste like plastic. Just curious! Will definitely try this but will totally use the extra lean ground beef or turkey because 31 fat grams is way too much for chili!",
    "Alyssa Rivers says:Yes, sauté the meat and veggies beforehand.",
    "Rachel says:I made this as my pre-Thanksgiving fare and really enjoyed it. The pumpkin adds a nice textural dimension. I added some extra pinto beans and a can of Rotel tomatoes but otherwise followed the recipe as written. A fairly traditional chili with a small twist. Makes a lot so it works out nicely to freeze some leftovers for later if you’re not a large household.",
    "Joyce says:Re:  LinersI am sure it is easier to clean up the pot, but I would be very concerned about the chemicals from the nylon liners leaching into the food.  The same goes for the baking bags some people use for the oven.I really think someone should do a scientific study of this….even then, I think I’d rather scrub the pot.Re:  the Pumpkin ChiliI think I will try this, but with several substitutions/some eliminations:  dried beans, ‘quick soaked’ first, instead of canned, as I have never met a canned bean, organic or not, that I have liked the taste of.  They all taste ‘canned’ to me.  Also, I find tomato paste gives a very intense/strong ‘tomato’ taste, and would be afraid it might overpower the dish.  I think I might substitute a good organic (and as low sugar as I can find) tomato sauce instead.  I’m not fond of sweet peppers/bell peppers, especially the red or yellow ones, so I will try eliminating them.  Will reduce the onions to about half, as I find them gassy, and add crushed garlic.  I might also sub water for the beef broth.Thanks for posting this recipe.  I am curious to taste a chili recipe with pumpkin added.  I love pumpkin (without sugar added…just plain), and it is very high in fiber/nutrients as well.  Hopefully, my various substitutions (and some eliminations) will work, and the Chili will still come out ok!  Keep your fingers crossed for me!",
    "Michael says:I totally agree. Liners seem like a marketing gimmick and I’d be very surprised if there weren’t some kind of unwanted chemicals leaching from them. I’m going to try this recipe though. Seems like an interesting idea to add pumpkin, but I may try with small chunks of fresh pumpkin instead of purée. Cheers, Michael",
    "Carrie says:What would you suggest serving with the pumpkin chili?",
    "Alyssa Rivers says:Corn bread is always a go-to for me! Hope that helps and you enjoy your chili! XOXO"
  ]
}