{
  "URL": "https://therecipecritic.com/slow-cooker-sticky-asian-ribs-sticky-sauce/",
  "Summary": "Slow Cooker Sticky Asian Ribs with Sticky Sauce are the very best fall of the bone tender ribs you will ever make! Slow cooked to perfection in a sweet and tangy asian sauce. They get slathered right before serving in a finger licking good sticky sauce!",
  "Metadata": [
    "Prep Time:  20minutes",
    "Cook Time:    8hours5minutes",
    "Total Time:    8hours25minutes",
    "Servings:  6servings"
  ],
  "Ingredients": [
    "2 racks baby back pork ribs, about 3 pounds",
    "½ cup lightly packed light brown sugar",
    "1 tablespoon smoked paprika",
    "2 teaspoons chili powder",
    "1 tablespoon garlic powder",
    "½ teaspoon ground black pepper",
    "2 tablespoons salt",
    "2 teaspoons ground ginger",
    "2 teaspoons ground black pepper",
    "1 teaspoon onion powder",
    "6 teaspoons minced garlic",
    "1 tablespoon sweet chili sauce",
    "⅔ cup reduced-sodium soy sauce",
    "⅔ cup balsamic vinegar",
    "⅔ cup lightly packed light brown sugar",
    "⅔ cup honey",
    "1 tablespoon cornstarch",
    "1 tablespoon water"
  ],
  "Instructions": [
    "To make the dry rub, add the ½ cup lightly packed light brown sugar, 1 tablespoon smoked paprika, 2 teaspoons chili powder, 1 tablespoon garlic powder, ½ teaspoon ground black pepper, and 2 tablespoons salt to a small bowl and mix to combine.",
    "Remove the membrane from 2 racks baby back pork ribs, and massage the dry rub into the ribs on both sides.",
    "Place them into a 7-quart slow cooker. You can either curl the ribs along the sides of the slow cooker or cut them into sections and place them on top of each other in the slow cooker.",
    "To make the sticky sauce, whisk together 2 teaspoons ground ginger, 2 teaspoons ground black pepper, 1 teaspoon onion powder, 6 teaspoons minced garlic, 1 tablespoon sweet chili sauce, ⅔ cup reduced-sodium soy sauce, ⅔ cup balsamic vinegar, ⅔ cup lightly packed light brown sugar, and ⅔ cup honey in a medium bowl.",
    "Pour half of the sticky sauce over the ribs in the slow cooker and reserve the rest later. Cover and store it in the refrigerator while the ribs cook.",
    "Cook the ribs on LOW for 6-8 hours until the meat is tender and falls off the bone. You can cook them on HIGH for 4-hours, but ribs are usually better suited for low and slow cooking.",
    "Once the ribs are cooked and tender, remove them from the slow cooker and place them meaty side up on 1-2 baking sheets that are lined with lightly greased aluminum foil. Brush some sauce from the slow cooker on top of the ribs and broil on high for a few minutes until the edges begin to look crisp. Remove the ribs from the oven and lightly tent with foil to prepare the rest of the sauce.",
    "Add the reserved sticky sauce to a medium saucepan over medium-high heat. Combine 1 tablespoon cornstarch with 1 tablespoon water in a small bowl, then add it to the saucepan and whisk it into the stick sauce.",
    "Whisk the sauce for 3-4 minutes or until it thickens enough to coat the back of a spoon. Remove the sauce from the heat and brush it over the top of the ribs. Serve immediately."
  ],
  "Nutrition": [
    "Calories: 669kcal",
    "Carbohydrates: 86g",
    "Protein: 31g",
    "Fat: 24g",
    "Saturated Fat: 8g",
    "Polyunsaturated Fat: 4g",
    "Monounsaturated Fat: 10g",
    "Trans Fat: 0.2g",
    "Cholesterol: 99mg",
    "Sodium: 3532mg",
    "Potassium: 652mg",
    "Fiber: 1g",
    "Sugar: 78g",
    "Vitamin A: 809IU",
    "Vitamin C: 1mg",
    "Calcium: 117mg",
    "Iron: 3mg",
    ""
  ],
  "Comments": [
    "Kathy's Kitchen says:Can I put the rub on the ribs the night before?",
    "Alyssa Rivers says:Yes! Cover and refrigerate them with the rub on overnight. Let me know how they turn out!",
    "Deb says:Excellent recipe! Easy and delicious. Finally found an alternative to barbecue sauce for baby back ribs that the whole family enjoyed.",
    "Tigra says:We Loved these!! The sauce was great, the dry rub was amazing. I now use the dry rub on other meats! Perfect crock pot meal. Will make again. I love ordering Asian style ribs but when I get them when I’m out, I find the sauce/marinade to be too salty for my liking. These were a family favorite. I made them with fries rice and lumpia, topped the ribs with some sesame seeds.",
    "Candice says:Can I make these in the instant pot? If so, how long do I cook?",
    "Alyssa Rivers says:Hi Candice, you will want to pressure cook for 35 minutes. Natural slow release. But please make sure your instant pot is big enough for the ribs, if it’s not do not overfill it! Reduce the recipe and only do 1 rack of ribs. Let me know how it turns out!",
    "Sherry P says:OMG!!.  I’ve been looking for another way to do ribs, other than BBQ), and have finally found it.  These were amazing, I didn’t change a thing, made exactly as is.  My husband and adult granddaughter couldn’t say enough good things about it.  I made it with rice, potstickers and egg rolls.  This is a definite keeper!",
    "Mia says:A family hit with members all ages!",
    "Jocelyn says:I was looking for a rib recipe that doesn’t use barbecue sauce, and this was perfect.  The meat was incredibly tender, and the sauce was scrumptious.  Thank you.",
    "Sav Kessler says:Just coming here to say, I love this recipe. I have used it a good 20+ times now and never disappoints. I work later nights sometimes and this is my go-to quick and satisfying pressure cooker adapted weeknight meal, but fancy enough for a weekend dinner at home too! This has replaced regular bbq ribs in my home, and it’s awesome with boneless spareribs, pork chops, anything! This sauce is awesome!",
    "Robert says:U had me @ Huli Huli Chkn❤️ & Now this, my 3rd amazing recipe from u & loved again by the whole fam…I didn’t have any ground Ginger so I used fresh which I shoulda used less of & think next time I’m gunna marinate the dry rub longer & add a little liquid smoke…again, another great recipe…Mmmmmmmm",
    "Alex says:Love This recipe, due to a time constraint, can I prep this the night before and get everything in the crock pot so all I have to do is wake up and put it on?",
    "Spencer says:I have made this recipe many many times now and it never disappoints! The balsamic vinegar adds a unique flavor that makes this dish so delicious. I typically serve with home made fried rice and crab rangoon. I will be making this recipe for many years to come! Thank you!",
    "Alyssa Rivers says:Oooh, those sides sound so delicious with this! Thanks for sharing!!",
    "Sheryl says:I’d like to make this low fodmap with gluten free soya sauce and maple syrup instead of honey. Do you think this will substantially alter the flavour of the recipe?",
    "Alyssa Rivers says:It will have a distinct maple flavor, but I think it would still be delicious!"
  ]
}