{
  "URL": "https://therecipecritic.com/slow-cooker-ragu/",
  "Summary": "This Slow Cooker Ragu recipe is an easy to make comfort food that your whole family will love! Not to mention it makes a LOT and is freezer-friendly! ",
  "Metadata": [
    "Prep Time:  20minutes",
    "Cook Time:    8hours20minutes",
    "Total Time:    8hours40minutes",
    "Servings: 8"
  ],
  "Ingredients": [
    "1 tablespoon olive oil",
    "1 medium onion chopped",
    "3 medium carrots chopped",
    "4 sticks celery chopped",
    "1 ½ pounds ground beef",
    "1½ pounds ground pork",
    "4 cloves garlic minced",
    "1 (5.5-ounce) can tomato paste",
    "1 teaspoon Italian seasoning",
    "1 teaspoon dried thyme",
    "3 cups beef broth",
    "¾ cup dry red wine, (optional, see note)",
    "½ cup heavy cream",
    "salt and pepper to taste"
  ],
  "Instructions": [
    "Sauté 1 medium onion, 3 medium carrots, and 4 sticks celery in a large skillet over medium-high heat with 1 tablespoon olive oil for 5-7 minutes or until softened. Add the mixture to your slow cooker.",
    "Add 1 ½ pounds ground beef and 1½ pounds ground pork to the skillet and cook. Break up the meat with your spoon as you go along until it's browned. Drain most of the fat before adding the meat to your slow cooker.",
    "Add 4 cloves garlic, 1 (5.5-ounce) can tomato paste, 1 teaspoon Italian seasoning1 teaspoon dried thyme, 3 cups beef broth, and  ¾ cup dry red wine,to your Crockpot and give it a good stir. Cook for 8 hours on low or 4 hours on high.",
    "Once the sauce is done, stir in ½ cup heavy cream and season with salt and pepper to taste.",
    "About 20 minutes before the sauce is done, cook your noodles so that they are ready when the sauce is done. Serve the slow cooker ragu sauce over the warm noodles, and enjoy!"
  ],
  "Nutrition": [
    "Calories: 545kcal",
    "Carbohydrates: 6g",
    "Protein: 31g",
    "Fat: 43g",
    "Saturated Fat: 17g",
    "Cholesterol: 142mg",
    "Sodium: 367mg",
    "Potassium: 669mg",
    "Fiber: 1g",
    "Sugar: 2g",
    "Vitamin A: 4139IU",
    "Vitamin C: 4mg",
    "Calcium: 71mg",
    "Iron: 3mg"
  ],
  "Comments": [
    "Debbie says:Made this yesterday and my husband loved it. Leftovers tonight. The only thing I did different was I added 1/2 cup of wine instead of 3/4 cup.",
    "Donna says:when do youadd noodles?",
    "Alyssa Rivers says:Hello! About 20 minutes before the sauce is done, cook your noodles so that they are ready when the sauce is done. Serve the slow cooker ragu sauce over the warm noodles, and enjoy!",
    "Cheryl Newton says:Hello, Alyssa. Can I sub additional broth for the wine?",
    "TAMMY DAWN YOHE says:what noodles did you use for the slow cooker ragu??",
    "Alyssa Rivers says:I used tagliatelle!"
  ]
}