{
  "URL": "https://therecipecritic.com/slow-cooker-lemon-chicken-piccata/",
  "Summary": "Slow Cooker Lemon Chicken Piccata is creamy lemony sauce-coated noodles with juicy lightly breaded chicken with a hint of garlic, all topped with savory capers!",
  "Metadata": [
    "Prep Time:  10minutes",
    "Cook Time:    4hours30minutes",
    "Total Time:    4hours40minutes",
    "Servings:  4people"
  ],
  "Ingredients": [
    "2 boneless skinless chicken breasts cut in half lengthwise",
    "¼ cup all-purpose flour",
    "1 teaspoon garlic powder",
    "½ teaspoon salt",
    "¼ teaspoon pepper",
    "1 tablespoon neutral cooking oil",
    "6 ounces linguine or thin spaghetti noodles",
    "2 cups chicken broth",
    "4 tablespoons lemon juice",
    "½ cup heavy cream",
    "¼ cup capers",
    "salt and pepper to taste"
  ],
  "Instructions": [
    "Whisk together ¼ cup all-purpose flour, 1 teaspoon garlic powder, ½ teaspoon salt, and ¼ teaspoon pepper. Dredge 2 boneless skinless chicken breasts cut in half lengthwise in the flour mixture to coat on both sides.",
    "Drizzle a large skillet with 1 tablespoon neutral cooking oil, and cook the breaded chicken over medium-high heat for 1-2 minutes on each side to brown but not cook through.",
    "spray a slow cooker with non-stick cooking spray. Place chicken in a single layer in the slow cooker, cover, and cook on LOW for 4 hours. Transfer chicken to a plate and cover.",
    "Add 6 ounces linguine or thin spaghetti noodles to slow cooker, pour 2 cups chicken broth over the top, cover, and cook on HIGH for 15 minutes. Uncover, stir in 4 tablespoons lemon juice, ½ cup heavy cream, ¼ cup capers, and salt and pepper to taste. Cook another 10 minutes on high.",
    "Add chicken back to slow cooker until hot throughout. Serve with additional lemon slices and fresh thyme if desired. Enjoy!"
  ],
  "Nutrition": [
    "Calories: 142kcal",
    "Carbohydrates: 8g",
    "Protein: 2g",
    "Fat: 11g",
    "Saturated Fat: 7g",
    "Cholesterol: 41mg",
    "Sodium: 1036mg",
    "Potassium: 125mg",
    "Fiber: 1g",
    "Sugar: 1g",
    "Vitamin A: 455IU",
    "Vitamin C: 8.7mg",
    "Calcium: 31mg",
    "Iron: 0.8mg"
  ],
  "Comments": [
    "Anna Coupons says:Not good – super bland tasting and the noodles definitely weren’t done. Followed the recipe exactly and was really disappointed in the lack of flavor and undercooked noodles. Lemon chicken piccata may just be best cooked without a crock pot. Would not recommend.",
    "Blanche says:I would like to know if you use whipping cream or half and half cream.",
    "Alyssa Rivers says:I used whipping cream",
    "cindy miller says:I am not sure if I like cooking the noodles in the Crock-Pot it definitely was not ready for the time it said I think I should have cooked the noodles first and then put them in as I’m speaking I’m letting them cook another 20 minutes in the sauce on high hopefully fingers crossed it comes out okay",
    "CocoDee says:Same!!! Cooking the noodles in the pot was an epic failSo was the sauce. I won’t be repeating this recipe.",
    "Brenda says:My fam loves this dis!!! I use angel hair  pasta!"
  ]
}