{
  "URL": "https://therecipecritic.com/slow-cooker-pesto-ranch-chicken/",
  "Summary": "I love the flavor of pesto! I fell in love with it when I made homemade pesto and this chicken recipe here.",
  "Metadata": [
    "Prep Time:  15minutes",
    "Slow Cooker Time:  5hours",
    "Total Time:    5hours15minutes",
    "Servings:  6Servings"
  ],
  "Ingredients": [
    "4 boneless skinless chicken breasts, about 3 pounds",
    "1 (8-ounce) jar basil pesto",
    "1 package ranch dressing seasoning mix",
    "½ cup chicken broth"
  ],
  "Instructions": [
    "Spray a slow cooker with cooking spray and place chicken breasts in the bottom.",
    "Sprinkle ranch packet over the chicken breasts, pour pesto over the top, and lastly pour the chicken broth over the top.",
    "Cook on LOW for 5-6 or HIGH for 3-4 hours. Serve the chicken whole or shredded."
  ],
  "Nutrition": [
    "Calories: 295kcal",
    "Carbohydrates: 5g",
    "Protein: 33g",
    "Fat: 14g",
    "Saturated Fat: 3g",
    "Cholesterol: 99mg",
    "Sodium: 861mg",
    "Potassium: 573mg",
    "Fiber: 1g",
    "Sugar: 1g",
    "Vitamin A: 616IU",
    "Vitamin C: 3mg",
    "Calcium: 53mg",
    "Iron: 1mg"
  ],
  "Comments": [
    "Kandy Hill says:I made this today. It is soooo good! I will definitely make this again.",
    "Lisa says:This recipe was simple and tasted amazing. Chicken was so tender and full of flavour. My family and guests loved it. Would make again for sure. Thanks.",
    "Michele says:This sounds great and I have it in the crock pot as I’m typing this. It’s been once about 3 hours now I just came back home and checked it and the chicken is nt completely sumberged in the liquid. Is this going to dry the chicken out. I just formed the chick over so the half that was out is now in the liquid. Thanks so much",
    "Tara says:I ended up with a Lot of liquid too so I am considering pulling the liquid off the chicken and thickening it on the stove with cornstarch"
  ]
}