{
  "URL": "https://therecipecritic.com/slow-cooker-parmesan-garlic-herb-chicken-potatoes/",
  "Summary": "This Slow Cooker Parmesan Garlic Chicken and Potatoes has juicy chicken, tender potatoes, and a rich, creamy parmesan garlic sauce. ",
  "Metadata": [
    "Prep Time:  15minutes",
    "Cook Time:  3hours",
    "Total Time:    3hours15minutes",
    "Servings:  6Servings"
  ],
  "Ingredients": [
    "2 pounds boneless skinless chicken breasts cut into 1-inch pieces",
    "2 pounds quartered Yukon gold potatoes",
    "1 tablespoon dried Italian seasoning",
    "1 (12-ounce) bottle parmesan garlic sauce",
    "½ cup chicken broth",
    "1 cup grated parmesan cheese"
  ],
  "Instructions": [
    "Spray the inside of the crockpot with non-stick cooking spray. Add 2 pounds quartered Yukon gold potatoes into the bottom of the slow cooker.",
    "Cut 2 pounds boneless skinless chicken breasts into bite-sized pieces. Add the chicken and 1 tablespoon dried Italian seasoning on top of the potatoes.",
    "Add 1 (12-ounce) bottle parmesan garlic sauce, ½ cup chicken broth, and 1 cup grated parmesan cheese on top of the potatoes and chicken.",
    "Stir everything together until combined. Cover with a lid and cook on LOW for 4-5 hours or HIGH for 3-4 hours.",
    "Garnish with fresh chopped parsley and additional parmesan cheese, if desired."
  ],
  "Nutrition": [
    "Calories: 328kcal",
    "Carbohydrates: 28g",
    "Protein: 38g",
    "Fat: 7g",
    "Saturated Fat: 2g",
    "Polyunsaturated Fat: 1g",
    "Monounsaturated Fat: 2g",
    "Trans Fat: 0.02g",
    "Cholesterol: 104mg",
    "Sodium: 405mg",
    "Potassium: 1225mg",
    "Fiber: 4g",
    "Sugar: 1g",
    "Vitamin A: 135IU",
    "Vitamin C: 32mg",
    "Calcium: 114mg",
    "Iron: 2mg",
    ""
  ],
  "Comments": [
    "Susan says:My family enjoyed this . We tend prefer boneless skinless chicken thighs so that’s what I used . My potatoes may have been slightly smaller than pictured . But it came out perfect even the picky eater liked it .",
    "Suzi Bryan says:The flavor was excellent, the sauce was thick and creamy, the chicken was well cooked.  But the potatoes simply did not get done in the time allotted.  When I realized how far they had to go, I turned it up to high and had to cook it another hour and a half, which would have overcooked the chicken, but the sauce kept the chicken somewhat moist.  My potatoes were the same size as what I see in the pictures, so next time I will cut them smaller maybe 8ths instead of quarters.",
    "MM says:The potatoes were delicious. The chicken was dry. Maybe I should have put the chicken in the bottom of the pot.",
    "DJ Braden says:Absolutely loved this!I did’nt expect slow cooker to have crispy ingredients,will definitely cook this again! Thankyou"
  ]
}