{
  "URL": "https://therecipecritic.com/slow-cooker-restaurant-style-garden-salsa/",
  "Summary": "Slow Cooker Restaurant Style Garden Salsa has so many delicious and fresh ingredients and uses up all of those garden tomatoes. It is so addicting you won't be able to get enough! It is also perfect for canning.",
  "Metadata": [
    "Prep Time:  10minutes",
    "Cook Time:  4hours",
    "Total Time:    4hours10minutes",
    "Servings: 12"
  ],
  "Ingredients": [
    "7 cups chopped red tomatoes",
    "2 large onions (I used 1 red and 1 white onion)",
    "1 chopped red bell pepper",
    "1 chopped green bell pepper",
    "4 chopped jalapeno peppers (leave seeds in for more heat)",
    "¼ cup apple cider vinegar",
    "1 teaspoon ground coriander",
    "1 tablespoons fresh chopped cilantro",
    "3 tablespoons fresh chopped basil",
    "1 tablespoon fresh chopped sage",
    "1-2 teaspoons salt, to taste"
  ],
  "Instructions": [
    "In a slow cooker add 7 cups chopped red tomatoes, 2 large onions, 1 chopped red bell pepper, 1 chopped green bell pepper, 4 chopped jalapeno peppers,¼ cup apple cider vinegar, and 1 teaspoon ground coriander.",
    "Cook on LOW for 4-5 hours or HIGH for 3 hours. Right before it is done, add 1 tablespoons fresh chopped cilantro, 3 tablespoons fresh chopped basil, and 1 tablespoon fresh chopped sage.",
    "Allow the salsa to cool before spooning the salsa into a blender or food processor. Pulse until it is the desired thickness. Add 1-2 teaspoons salt, to taste. This salsa is easy to freeze or you can can it for future use."
  ],
  "Nutrition": [
    "Calories: 99kcal",
    "Carbohydrates: 19g",
    "Protein: 3g",
    "Fat: 1g",
    "Saturated Fat: 1g",
    "Sodium: 2341mg",
    "Potassium: 642mg",
    "Fiber: 7g",
    "Sugar: 10g",
    "Vitamin A: 4982IU",
    "Vitamin C: 316mg",
    "Calcium: 38mg",
    "Iron: 1mg",
    ""
  ],
  "Comments": [
    "Brad says:Love the recipe. easy to make. taste great.",
    "Cookie says:Tried this recipe few days ago…to the tee…had to throw it out…it was rotten. The apple cider was over whelming. Be warned!",
    "Gerald Strine says:This Salsa recipe is very good , I did tweak it a small amount I added a big table spoon plop of minced garlic and I added 2 smoked Chipolte peppers, and I replaced the 2 bell peppers with 5  thinner walled sweet banana peppers.I am a fan and I will make again perhaps with out Cilantro next time.Over all a great starting point and adjust it to taste or what you have available .",
    "Tina says:I had several very ripe tomatoes that I chopped up but only got about 4 cups out of them. I threw in a handful of grape tomatoes I had around to use them up. Put in a small can of canned green chiles, 4-5 garlic cloves; had dried sage available.  I used all other listed ingredients and my hand held blender— my final product was pretty darn good with the expected consistency.  I was pleasantly surprised that my salsa was not runny despite the amount of liquid present after the cook down.  This is a great recipe to play around with and adjust to one’s taste. Thanks for this!",
    "April says:Hi, Alyssa:A question was asked, I think you might have missed.  So I will re-ask it:I assume the tomato skins are removed and the seeds are taken out, so just the flesh of the tomato is actually used?Thanks",
    "Alyssa Rivers says:Yes, that is correct!",
    "Pat says:My neighbor makes salsa but it is TOO WATERY! Bless his heart I know it is a lot of work but it is awful. How can this be remedied?",
    "Alyssa Rivers says:The tomatoes can be drained and use the outside of them rather than the whole tomato. Sometime the tomato is too juicy which can cause the salsa to be watery. Hope that helps! XOXO",
    "Karen says:I like this recipe, but wish you would give info about freezing or canning since it was mentioned in the recipe.",
    "Cynthia says:Still questions not answered about how long in fridge this lasts??",
    "Alyssa Rivers says:This will last about 2 weeks in the refrigerator."
  ]
}