{
  "URL": "https://therecipecritic.com/slow-cooker-thai-peanut-chicken/",
  "Summary": "Slow Cooker Thai Peanut Chicken is a creamy, peanut flavor infused chicken that is served over noodles. Easy to make in just a couple steps adding all the ingredients together letting the slow cooker do the work for you! Enjoy the smells that will fill your home while cooking during the day.",
  "Metadata": [
    "Prep Time:  9minutes",
    "Cook Time:  4hours",
    "Total Time:    4hours9minutes",
    "Servings:  4servings"
  ],
  "Ingredients": [
    "1 pound cubed boneless skinless chicken breasts, 1-inch cubes",
    "2 teaspoons minced garlic, 2 cloves",
    "⅔ cup peanut butter",
    "1 cup chicken broth",
    "1 cup shredded zucchini",
    "⅓ cup soy sauce",
    "1 teaspoon sugar",
    "1 sliced red pepper",
    "1 tablespoon  lime juice",
    "½ cup chopped cilantro, more for garnish",
    "chopped peanuts for garnish",
    "12 ounces cooked and drained linguine noodles"
  ],
  "Instructions": [
    "Add 1 pound cubed boneless skinless chicken breasts, 2 teaspoons minced garlic, ⅔ cup peanut butter, 1 cup chicken broth, 1 cup shredded zucchini, ⅓ cup soy sauce, 1 teaspoon sugar, and 1 sliced red pepper into the slow cooker. Stir to combine.",
    "Cook on LOW for 4-5 hours or on HIGH for 2-3 hours. 30 minutes before serving, add 1 tablespoon  lime juice and ½ cup chopped cilantro, then cook for the remaining 30 minutes.",
    "Serve over 12 ounces cooked and drained linguine noodles and garnish with chopped peanuts and chopped cilantro."
  ],
  "Nutrition": [
    "Calories: 422kcal",
    "Carbohydrates: 16g",
    "Protein: 37g",
    "Fat: 25g",
    "Saturated Fat: 5g",
    "Polyunsaturated Fat: 6g",
    "Monounsaturated Fat: 12g",
    "Trans Fat: 0.01g",
    "Cholesterol: 74mg",
    "Sodium: 1619mg",
    "Potassium: 878mg",
    "Fiber: 3g",
    "Sugar: 8g",
    "Vitamin A: 1166IU",
    "Vitamin C: 47mg",
    "Calcium: 45mg",
    "Iron: 2mg",
    ""
  ],
  "Comments": [
    "Alyssa says:Waaaaay too much peanut butter!! Almost inedible and not very flavorful other than peanut. Feels like you’re eating chicken that you smeared peanut butter on.",
    "Megan says:I made this today and really enjoyed it! I did add waaaay more sugar though ? It was easy, and a meal I could whip up fast for guests. Thanks!",
    "Dee says:It was interesting. The taste seemed very “Americanized,” not like something I would eat from my local Thai restaurant. The peanut butter overwhelms the chicken and the noodles even after cutting it with acid. Sriracha helped the favor too. Next time I will try it by blending half a cup of peanuts instead of peanut butter.",
    "Kim H says:This is literally my favorite meal now!I have a couple of slight modifications: I chop my zucchini into small chunks, I use lemon juice instead of lime, and, the best mod ever, I use rice as my side instead of noodles. So, so, SO good! Thank you for this recipe!",
    "Amy says:Seriously so good!! I doubled the recipe because we had a lot of chicken, and I added some sesame oil. Next time I think I will also try adding a diced onion and some green onions on top!",
    "Kathy Harrod says:We thought this was going to be fantastic, unfortunately we were sadly disappointed.  We won’t be trying this again, sorry.  Maybe it would be better cooked on stove top instead of slow cooking?",
    "Alyssa Rivers says:Hi Kathy, I’m so sorry the recipe didn’t work out for you. I’m here to help troubleshoot if you ever decide to try it again!",
    "Bette J Harley says:Yes, this hit the spot! I reduced the peanut butter to 1/2 cup and added matchstick carrots (about a cup). I was tempted to use rice noodles, but went with linguine and it didn’t disappoint! I can see how adding crushed red pepper flakes &/or sriracha would kick this up a notch.Overall, a very tasty recipe!0",
    "Jess says:Loved it. I forgot to purchase red pepper so I just used zucchini and shredded carrot. I also forgot to add lime while cooking. Instead I added it after. I used MUCH more lime to even out how powerful the peanut butter was. Put over rice and enjoyed it for many meals! It wasn’t pretty but it was delicious.",
    "Brenda says:I didn’t think that anything could go wrong in a crock pot until I tried this recipe.  It is bad.  Trying to salvage this chicken so it doesn’t go to waste.",
    "Lozzie says:Made this recipe last night for 6 of us, clean plates all round. Absolutely delicious.Thank you"
  ]
}