{
  "URL": "https://therecipecritic.com/slow-cooker-philly-cheesesteaks/",
  "Summary": "You'll never want to make a Philly cheesesteak any other way! Slow Cooker Philly Cheesesteaks are juicy and tender meat cooked in the slow cooker and perfectly topped with melty cheese on a toasted bun! ",
  "Metadata": [
    "Prep Time:  10minutes",
    "Cook Time:  6hours",
    "Total Time:    6hours10minutes",
    "Servings:  6Servings"
  ],
  "Ingredients": [
    "1 1/2 pounds beef top sirloin cut into 1 inch strips",
    "1 white or yellow onion chopped or sliced",
    "1 red pepper thinly sliced",
    "1 green pepper thinly sliced",
    "2 cups beef broth",
    "1 teaspoon garlic powder",
    "1 teaspoon italian seasoning",
    "1/2 teaspoon salt",
    "1/2 teaspoon black pepper",
    "4 Hoagie rolls sliced lengthwise",
    "8 slices provolone cheese"
  ],
  "Instructions": [
    "Whisk together beef broth, salt, garlic powder, italian seasoning, salt, and pepper.",
    "Add beef, onions, and peppers to slow cooker. Pour broth mixture over the top. Cover and cook on low for 6-8 hours.",
    "Preheat oven to 400 degrees. Line a baking sheet with foil. Open each hoagie roll and layer two slices of cheese in the middle. Place on baking sheet and bake for 5 minutes or so until cheese is melty.",
    "Use tongs to transfer meat and peppers to the middle of each hoagie roll (on top of cheese). Serve hot."
  ],
  "Nutrition": [
    "Calories: 303kcal",
    "Carbohydrates: 6g",
    "Protein: 36g",
    "Fat: 14g",
    "Saturated Fat: 8g",
    "Cholesterol: 93mg",
    "Sodium: 887mg",
    "Potassium: 609mg",
    "Fiber: 1g",
    "Sugar: 2g",
    "Vitamin A: 1023IU",
    "Vitamin C: 43mg",
    "Calcium: 324mg",
    "Iron: 3mg"
  ],
  "Comments": [
    "Colette says:This is so yummy! It’s become one of our favorite meals, and one of my go-to meals when I don’t know what to make.",
    "Kari says:Can shaved steak be used for this recipe?",
    "Alyssa Rivers says:I haven’t tried that before but it should work!",
    "Liz says:I’d like to make a Stromboli with tender steak like this.  If I cook the steak in the crockpot can I then assemble it in a Stromboli which will cook about a half hour more? Or will this extra cooking time dry out the beef?",
    "Alyssa Rivers says:Yes, that sounds delicious! Let me know how it turns out. I am excited to hear about it.",
    "Kimberly Reilly says:How long would you need to cook if you doubled the recipe? Could you do it on high for awhile if doubling takes a lot longer?",
    "Alyssa Rivers says:It does take longer but only about 1/2 hour to 1 hour.",
    "Kathy says:I had this last night. Delicious.  Could you add a print feature for your recipes.Thank you!",
    "Sonia Lunas says:Don’t you brown the beef? Cause the recipe looks like you add it uncooked.",
    "Alyssa Rivers says:No, the slow cooker will cook your meat for you. You do not need to pre-cook the meat.",
    "Amy Brown says:Do you start with Frozen or thawed beef?",
    "Alyssa Rivers says:I start with thawed beef. Enjoy! XOXO",
    "Jeanette says:Start with thawed meat, otherwise, your cooking time in the slow cooker will increase.",
    "jim says:Another great recipe, thanks again, keep em coming !",
    "Shawnna says:oh yummy!",
    "Vivian | stayaliveandcooking says:This looks, once again, incredible. As soon as I can afford one I’ll get myself a slow cooker! I hate seeing all those great recipes and not being able to recreate them… Anyway, I use recipes like this for inspiration so it’s not a lost cause 🙂",
    "B Flynn says:No need to wait to try. You can always put it in a pan and cook it in the oven on low (325 for 4-5 hours). I do this some days when it’s cold just for a little extra heat in the house. I’ve also used the oven if I’m going to be out all day, set it at 300 and cooked for 6 hours."
  ]
}