{
  "URL": "https://therecipecritic.com/slow-cooker-honey-sriracha-chicken/",
  "Summary": "My Slow Cooker Honey Sriracha Chicken is moist, tender, and out-of-this-world delicious with the sweet and spicy sauce!",
  "Metadata": [
    "Prep Time:  5minutes",
    "Cook Time:  6hours",
    "Total Time:    6hours5minutes",
    "Servings:  6Servings"
  ],
  "Ingredients": [
    "3 pounds boneless skinless chicken breasts",
    "1 ¼ cups chicken broth",
    "½ cup honey",
    "⅓ cup sriracha",
    "1 tablespoon garlic paste grated garlic",
    "1 tablespoon cornstarch"
  ],
  "Instructions": [
    "Spray the inside of a slow cooker with non-stick cooking spray and lay 3 pounds boneless skinless chicken breasts on the bottom.",
    "In a medium bowl, whisk together 1 ¼ cups chicken broth, ½ cup honey, ⅓ cup sriracha, and 1 tablespoon garlic paste.",
    "Pour the sauce over the chicken, cover, and cook on LOW for 5-6 hours or on HIGH for 2-4 hours until the chicken can be easily shredded.",
    "Remove the chicken breast from the pot and shred it. Whisk 1 tablespoon cornstarch into the sauce in the bottom of the crokpot until no lumps remain.",
    "Add the shredded chicken back to the crockpot with the sauce and mix to coat the meat evenly. Serve fresh."
  ],
  "Nutrition": [
    "Calories: 356kcal",
    "Carbohydrates: 25g",
    "Protein: 49g",
    "Fat: 6g",
    "Saturated Fat: 1g",
    "Polyunsaturated Fat: 1g",
    "Monounsaturated Fat: 2g",
    "Trans Fat: 0.03g",
    "Cholesterol: 146mg",
    "Sodium: 799mg",
    "Potassium: 887mg",
    "Fiber: 0.1g",
    "Sugar: 24g",
    "Vitamin A: 91IU",
    "Vitamin C: 13mg",
    "Calcium: 19mg",
    "Iron: 1mg",
    ""
  ],
  "Comments": [
    "Jerrie Wickman says:Can this be served cold as a filling for sandwiches?",
    "Alyssa Rivers says:It is best warmed up and filled in a sandwich.",
    "Don says:In your Honey Sriracha Chicken you don’t mention when to add the ketchup. I’m sure it was just an over site.  The recipe is outstanding!!",
    "Alyssa Rivers says:I apologize, you are correct. The ketchup goes with the sriracha and flour. I will edit that and add that to the ingredients! Thanks for letting me know! I am glad that you enjoyed it! XOXO",
    "Justine says:What kind of salad would you recommend placing this on?",
    "Dianne says:Way too much water called for in this recipe. In fact, 1/3 cup of water mixed with the other ingredients for the ‘sauce’ is more than enough.  The chicken will give off enough moisture to keep it from drying out.",
    "Linde says:Just a note to the people who said their dish was very watery.  Some chickens (Perdue, Tyson for example) “enhance” their chicken with water and sodium to make it moist and plump, per the Consumer Union.  They aren’t required to report it and it can be up to 15% water.  So you may just want to cut down on the added water.  Just sayin’.",
    "Erica says:Sadly, mine came out way too watery. Nothing like your pictures and followed you exact steps 🙁",
    "Karen says:I made this tonight and the flavor was amazing! I used the frozen method and agree that the sauce turned out watery and never thickened up, but the flavor was great. I’ll probably cut the water down by at least half next time. This will definitely be in our regular rotation.",
    "Rebecca says:Pretty disappointed with this recipe. Mine turned out way too watery and tasteless, I had to pitch it. ): Usually a big fan of your other recipes though!",
    "Katie says:This recipe looks awesome, I’d love to use it for meal prepped lunches! Do you know how long it keeps in the fridge?",
    "Kalyn says:Do you have an idea of how many calories are in your dish?"
  ]
}