{
  "URL": "https://therecipecritic.com/slow-cooker-loaded-baked-potato-soup/",
  "Summary": "Loaded baked potato soup has a smooth, creamy base, soft potatoes, topped with cheese, bacon, green onion, and whatever else you like. It is hands down the best potato soup I have ever had. It is creamy and delicious, with all the goodness of a baked potato, made right in your slow cooker!",
  "Metadata": [
    "Prep Time:  20minutes",
    "Cook Time:  6hours",
    "Total Time:    6hours20minutes",
    "Servings:  8People"
  ],
  "Ingredients": [
    "4 cups potatoes about 3-4 large russet potatoes peeled and diced",
    "1 small onion chopped",
    "3 cups chicken broth",
    "4 tablespoons butter",
    "1/4 cup all-purpose flour",
    "1/4 cup sour cream",
    "1 1/2 cup heavy cream half and half will also work",
    "salt and pepper  to taste",
    "bacon cooked and crumbled",
    "1 1/2 cups cheddar cheese",
    "green onions"
  ],
  "Instructions": [
    "Add 4 cups potatoes, peeled and diced, 1 small onion diced, and 3 cups chicken broth to your slow cooker. Cook on low for 4-6 hours or high for 3-4 until potatoes are tender.",
    "Melt 4 tablespoons butter in a medium saucepan about 30 minutes before it is done. Whisk in 1/4 cup all-purpose flour and cook until bubbly.",
    "Slowly add 1 1/2 cup heavy cream and 1/4 cup sour cream. The mixture should be thick.",
    "Add the butter and cream mixture to the crock pot and stir. Continue to cook for 20-30 minutes.",
    "Serve with bacon, 1 1/2 cups cheddar cheese, and green onions on top. Add salt and pepper  to taste, and enjoy!"
  ],
  "Nutrition": [
    "Calories: 323kcal",
    "Carbohydrates: 6g",
    "Protein: 7g",
    "Fat: 31g",
    "Saturated Fat: 19g",
    "Polyunsaturated Fat: 1g",
    "Monounsaturated Fat: 7g",
    "Trans Fat: 0.2g",
    "Cholesterol: 93mg",
    "Sodium: 525mg",
    "Potassium: 91mg",
    "Fiber: 0.1g",
    "Sugar: 2g",
    "Vitamin A: 1090IU",
    "Vitamin C: 0.4mg",
    "Calcium: 193mg",
    "Iron: 0.3mg",
    ""
  ],
  "Comments": [
    "Star says:It came out so good!",
    "Hailey says:Should the brother cover the potatoes and onions?",
    "Alyssa Rivers says:Yes, always put the lid on when cooking in the slow cooker.",
    "Sarah says:Want to make this for work but not sure if it will be ok in crockpot for hrs without making the potatos to soft. I leave for work at 3 am but lunch isnt until 830. What time should i start it so i can have the sauce added before i got to go to work? Would i be able to leave it on keep warm at work or would i need to put it on low?",
    "Alyssa Rivers says:It will be totally fine if you set it on LOW before work and get to it for lunch at 8:30! Thanks Sarah and good luck! Your co-workers are lucky!",
    "Linda says:This soup was perfect! I used whole milk instead of cream because that is what I had on hand and it was delicious, thick and creamy! I will definitely make this again!",
    "Jo says:Seriously SO GOOD!! I make this at least once a month as everyone loves it. Definitely a fall/winter staple!!",
    "Katherine says:Can you use frozen hashbrowns?",
    "Alyssa Rivers says:Hi Katherine, thank you for your question. Yes you can, you will probably need about 1.5 pounds and it won’t take as long to cook. Probably only need 3-4 hours. Let me know how it turns out!",
    "Rebecca says:Definitely need an immersion blender for this and i did cook the potatoes before in an Instant pot. A fork or potato masher wasn’t suitable equipment for a “creamy smooth” soup. Needs less onion and add garlic in my opinion.",
    "Carrie says:Am I missing something here? I am following the recipe to a T. 1 & 1/2 cups of heavy cream is making my butter/flour mixture SO thin. Nothing like the video. This soup turned out so watery, I’m going to toss it.",
    "Alyssa Rivers says:Hi Carrie, the ratio is correct. You need to very slowly add the heavy cream into the flour and butter mixture, stirring constantly. While you are stirring it should thicken while you pour. Not sure what happened with yours.",
    "Caitlin says:This was very good and easy to make! My husband hardly ever likes Crock Pot soups, but loved this one! I will be adding to my fall rotation.",
    "Rhonda Hood says:These look so good",
    "Judyann says:Can I make a day ahead and refrigerate? DO I just steps 1 to 3 and the rest day of?",
    "Alyssa Rivers says:Hi Judyann, if you do steps 1-3 the day before, your potatoes might turn brown. They will taste fine, just not look very good. But yes, I think your plan would work."
  ]
}