{
  "URL": "https://therecipecritic.com/slow-cooker-sausage-herb-stuffing/",
  "Summary": "This classic sausage herb stuffing is full of an amazing mixture of flavors! The spices used in this are the star of the show and it will be a side dish that everyone goes crazy over! ",
  "Metadata": [
    "Prep Time:  15minutes",
    "Cook Time:  4hours",
    "Total Time:    4hours15minutes",
    "Servings:  8Servings"
  ],
  "Ingredients": [
    "1 loaf French bread",
    "1 pound ground Italian sausage",
    "1 large chopped onion",
    "3 medium chopped carrots",
    "2 ribs sliced celery",
    "1 tablespoon basil leaves",
    "2 teaspoons rubbed sage",
    "1 teaspoon thyme leaves",
    "½ teaspoon salt",
    "¼ teaspoon pepper",
    "8 tablespoons cubed butter, ½ inch pieces",
    "2 cups chicken broth",
    "fresh chopped parsley",
    "dried cranberries"
  ],
  "Instructions": [
    "To prepare the bread crumbs, cut 1 loaf French bread into 1-inch pieces and stale them overnight. You can also toast them in the oven at 350 degrees for 10-12 minutes until they are lightly golden.",
    "In a medium-sized skillet, cook and crumble the 1 pound ground Italian sausage until no longer pink. Prepare the slow cooker by spraying it with nonstick cooking spray.",
    "In a large bowl, toss the bread crumbs, sausage, 1 large chopped onion, 3 medium chopped carrots, 2 ribs sliced celery, 1 tablespoon basil leaves, 2 teaspoons rubbed sage, 1 teaspoon thyme leaves, ½ teaspoon salt, ¼ teaspoon pepper, and 8 tablespoons cubed butter, until combined.",
    "Dump everything into the slow cooker and pour the 2 cups chicken broth on top. Cook on LOW for 3-4 hours until the vegetables are tender.",
    "Garnish with fresh chopped parsley and dried cranberries if desired."
  ],
  "Nutrition": [
    "Calories: 455kcal",
    "Carbohydrates: 31g",
    "Protein: 14g",
    "Fat: 31g",
    "Saturated Fat: 14g",
    "Polyunsaturated Fat: 3g",
    "Monounsaturated Fat: 11g",
    "Trans Fat: 0.5g",
    "Cholesterol: 74mg",
    "Sodium: 1193mg",
    "Potassium: 346mg",
    "Fiber: 2g",
    "Sugar: 5g",
    "Vitamin A: 4245IU",
    "Vitamin C: 5mg",
    "Calcium: 60mg",
    "Iron: 3mg",
    ""
  ],
  "Comments": [
    "Jamie Radek says:I’ve been making this recipe for over 5 years. My husband and I  have never really liked stuffing until this recipe lol. I always get compliments on it.",
    "Stevie says:Third year in a row making it. Doubling this year as it is ALWAYS gone and none leftover.",
    "Alyssa Rivers says:It’s the best!! I’m so glad you love it!",
    "Savannah Maulin says:Hi! I have a question – are all of the spices referenced in this recipe dry spices or all fresh? I see that parsley is specified as fresh but I want to make sure on the others. Thanks!! Looking forward to making this for thanksgiving 🙂",
    "Alyssa Rivers says:All of the spices are dry! It’s just the garnish of parsley that is fresh. Let me know how it turns out for you! Happy Thanksgiving!",
    "Joann Jennings says:Can I bake this in the oven instead of in a slow cooker?  Thanks!",
    "Alyssa Rivers says:Yes! I even have this stuffing for the oven: https://therecipecritic.com/sausage-herb-stuffing-recipe/.",
    "Mary Lopera says:Can I add pecans and dried cranberries to the mixture? Will it throw off the recipe while it’s in the slow cooker?",
    "Alyssa Rivers says:MMM!That sounds delicious! Yes, that will work. Let me know how it turns out!",
    "Joyce Brown says:Can this be made without sausage?  Have someone who doesn’t eat meat.",
    "Alyssa Rivers says:You are welcome to omit the sausage.",
    "Evelyn Richardson says:Thank you for sharing this recipe.  I made it today for our Thanksgiving Dinner and it was the best stuffing we have ever had!  My son-in-law had seconds and then thirds!  I followed your recipe and it turned out perfect!Thank you!",
    "Claire Gobiel says:This recipe looks great. I emailed you earlier, I want to double this recipe. Any advice on the timing?",
    "Alyssa Rivers says:I apologize I did not receive your email. Double it and add extra 15 to 20 minutes.",
    "Rita says:I saw something awhile back about a way to cur the turkey so the legs are spread out in a pan and it does take so long to bake.  Have you heard how that works?",
    "Alyssa Rivers says:Yes, you will need to cut out the bone and break the backbone.",
    "Jill says:Hi there! I am making this to take to my family’s Thanksgiving dinner.  Should I make it in advance and transport in the slow cooker, warming it up right in the slow cooker when I ge there?",
    "Alyssa Rivers says:Yes, that sounds like a great idea! Let me know how your thanksgiving goes! XOXO",
    "Liz says:Hi Alyssa – this sounds amazing.  I’m going to try this for Thanksgiving this year and will double the recipe.  Do you think I need to sauté the vegetables first or they will cook just fine in the slow cooker?",
    "Alyssa Rivers says:They will cook in the slow cooker for you! Enjoy! XOXO"
  ]
}