{
  "URL": "https://therecipecritic.com/slow-cooker-swedish-meatballs/",
  "Summary": "Slow cooker Swedish meatballs braised in a rich and flavorful cream sauce. A combination of ground beef, pork, and warm spices make for a comforting and satisfying dish.",
  "Metadata": [
    "Prep Time:  20minutes",
    "Cook Time:  3hours",
    "Total Time:    3hours20minutes",
    "Servings:  6Servings"
  ],
  "Ingredients": [
    "26 ounces frozen meatballs, precooked",
    "4 tablespoons butter",
    "3 tablespoons flour",
    "2 cups beef broth",
    "1 cup heavy cream",
    "1 tablespoon Worcestershire sauce",
    "1 teaspoon Dijon mustard",
    "dash allspice",
    "dash nutmeg",
    "salt and pepper to taste",
    "egg noodles"
  ],
  "Instructions": [
    "Spray the slow cooker with non-stick cooking spray, then place 26 ounces frozen meatballs, in the bottom of the slow cooker.",
    "For the sauce, melt 4 tablespoons butter in a medium skillet over medium-high heat. Add 3 tablespoons flour and whisk to create a paste.",
    "Slowly stir in 2 cups beef broth and 1 cup heavy cream.",
    "Stir in 1 tablespoon Worcestershire sauce, 1 teaspoon Dijon mustard, dash allspice, and dash nutmeg. Bring to a simmer until the sauce starts to thicken. Season with salt and pepper to taste.",
    "Pour the sauce over the meatballs.",
    "Cover and cook the meatballs for 2 hours on high or low for 4 to 5 hours.",
    "Garnish the Swedish meatballs with parsley, and serve with mashed potatoes or egg noodles."
  ],
  "Nutrition": [
    "Calories: 522kcal",
    "Carbohydrates: 5g",
    "Protein: 22g",
    "Fat: 46g",
    "Saturated Fat: 23g",
    "Polyunsaturated Fat: 3g",
    "Monounsaturated Fat: 16g",
    "Trans Fat: 0.3g",
    "Cholesterol: 147mg",
    "Sodium: 478mg",
    "Potassium: 437mg",
    "Fiber: 0.1g",
    "Sugar: 1g",
    "Vitamin A: 827IU",
    "Vitamin C: 1mg",
    "Calcium: 53mg",
    "Iron: 2mg",
    ""
  ],
  "Comments": [
    "Susie Snyder says:Love this recipe. So easy and truly delicious.",
    "Alyssa Rivers says:Thank you for taking the time to leave a comment! If it isn’t too much trouble, I would really appreciate a star review as well, as it helps my readers feel confident in the recipe! Thanks again!",
    "Susan says:Can I defrost the meatballs first to speed things up? If yes, how long would I need to warm them in the crockpot?",
    "Alyssa Rivers says:Hi Susan, if you are wanting a quicker Swedish meatball recipe you can follow this link, it doesn’t involve the crock pot. It only takes 30 minutes to have these ready!",
    "Marie says:Made this for dinner tonight and the family loved it!  Followed the directions exactly and it was perfect!",
    "Valentina says:Did you change this recipe? I lt used to show how to make the homemade meatballs and the gravy. I am slightly panicking as I’ve been making it for years now and loved it so much and this ain’t it!! Please help",
    "Mike says:What are the measurements of the ingredients???",
    "Alyssa Rivers says:All of the measurements are at the end of the post in the recipe card. You can also click on “jump to recipe” at the top of the page. Happy Thanksgiving! ?",
    "Lindsey M. says:Super easy for those days you just don’t have time to cook. We served our meatballs over noodles, but will try mashed potatoes next time. The sauce flavor was great.",
    "Angie says:If someone has the old recipes ingredients, please share.  I can’t locate them.",
    "Nathan says:Meatballs:* 1lb ground beef* 1lb ground pork* 0.5 cup heavy cream* 2 eggs* 1 cup panko breadcrumbs* 1 yellow onion, grated* 2 cloves garlic* 2 tsp kosher salt* 0.5 tsp nutmeg* 0.25 tsp allspice* 0.25 tsp black pepperGravy:* 1 cup heavy cream* 2 tsp kosher salt* 6 tbsp butter*6 tbsp AP flour*8 cup beef broth* 2 tsp lemon juice* 2 tbsp parsley, chopped",
    "Raymond Waller says:This was really tasty and fairly simple to prepare. I’m not sure if it was the Great Value meatballs or the fat from butter and cream, but there was a lot of grease separating out of the sauce even after lots of stirring to combine it back together after cooking on low as directed. Cooked a bag of egg noodles and tossed them into the crock pot and it was a perfect Friday night dinner!",
    "Shannon says:I have the ingredients saved on an app, but I am sad to see the instructions (when click on the link) are no longer available. Please re-share the old recipe for us to enjoy again. This was a family favorite, even for my picky eater! I will be winging it until then and considering going “old school” with recipes if this happens.",
    "Sandra :) says:I made this dish yesterday and it was FANTASTIC!  The only change I made was to use about 2 pounds of meatballs (Swedish meatballs, no less!) since that’s what I had left in the freezer 😀  Definitely 5 stars – thank you !!",
    "Christy Oberg says:Oh no!! The old recipe is gone?!?!? Any chance you can post the old recipe with the homemade meatballs here? A family favorite!!! Puhleeeeese!!!!! ????",
    "Morgan says:I agree! my family loves them and I can’t find the old recipe!",
    "Karla says:Did you change this recipe? If so, WHY? It was our favorite! ? Can I get the original with the homemade meatballs? And not the one below with the marinara. Not the same…",
    "Amita Gogna says:Hi I would like home made meatballs for this recipe. Could you give me one? Thank you!",
    "Alyssa Rivers says:Try these homemade meatballs!",
    "Christina Lowell says:Soooo delicious!! Thank you so much for the recipe!!"
  ]
}