{
  "URL": "https://therecipecritic.com/slow-cooker-pasta-e-fagioli-soup/",
  "Summary": "Slow cooker Pasta e Fagioli soup is a rich and hearty Italian soup loaded with pasta, vegetables, beans, and lean ground beef. It's hearty, comforting, and oh so delicious!",
  "Metadata": [
    "Prep Time:  10minutes",
    "Cook Time:  7hours",
    "Total Time:    7hours10minutes",
    "Servings:  10people"
  ],
  "Ingredients": [
    "1 tablespoon extra virgin olive oil",
    "1 pound lean ground beef",
    "2 whole carrots diced",
    "4 celery stalks diced",
    "1 medium onion diced",
    "1 (28 ounce can) crushed tomatoes",
    "2 (14.5 ounce can) beef broth",
    "1 Tablespoon Italian seasoning",
    "2 whole bay leaves",
    "salt and pepper to taste I added 1 tsp salt and 1/4 teaspoon pepper",
    "1 (15 ounce can) cannellini beans, drained and rinsed",
    "1 (15 ounce can) red kidney beans drained and rinsed",
    "1 cup ditalini pasta uncooked"
  ],
  "Instructions": [
    "Add olive oil to a large skillet and add in ground beef. Cook until browned and no longer pink.",
    "Place the beef in a slow cooker along with the rest of the ingredients except for the beans and pasta.",
    "Cook on low for 7-8 hours or high for 3-4 hours. 30 minutes before serving stir in beans and pasta.",
    "Season with salt and pepper to taste. Discard bay leaves before serving.",
    "Serve immediately while hot."
  ],
  "Nutrition": [
    "Serving: 1cup",
    "Calories: 177kcal",
    "Carbohydrates: 21g",
    "Protein: 14g",
    "Fat: 5g",
    "Saturated Fat: 1g",
    "Cholesterol: 28mg",
    "Sodium: 146mg",
    "Potassium: 486mg",
    "Fiber: 3g",
    "Sugar: 5g",
    "Vitamin A: 2216IU",
    "Vitamin C: 9mg",
    "Calcium: 47mg",
    "Iron: 3mg",
    ""
  ],
  "Comments": [
    "Adela Reinke says:This was my first time making it and it’s delicious! I doubled the recipe but only had one can of crushed tomatoes so I used crushed and diced. I got started late so I cooked it on high for 4 hours. That included the 30 mins for the beans and pasta. So good! Thank you!!",
    "Pennie Faulk says:Used this recipe, input from the comments, and my own tweaks to suit our tastes and it turned out delicious. Changes were to leave out the celery, add a small can of corn, add a dash of red pepper, substitute Rotel for the crushed tomatoes, and substitute Italian sausage for the ground beef. Served with Mexican cornbread (used a mix, so nothing fancy LOL). Thank you so much for sharing the recipe. Look forward to making it again!",
    "Linda Pandolfo says:I haave not made it yet but will do so soon! Looks delicious!",
    "Katie says:This was great and very easy! I found adding the juice of 1 lemon at the end helped give it brightness and then we sprinkled Parmesan on top of each bowl before serving. Thank you!",
    "Jody says:I have tried this soup 3 times and love it! I used mild ground Italian sausage rather than ground beef. I feel it gives it that extra bit of oomph. Also use beef broth instead of stock. With the broth it tastes just like Olive Garden’s. The stock gave it a taste more like a beef type soup.",
    "Aaron says:Dish was amazing! Made today, only thing we thought was add a little garlic… but a sprinkle of garlic powder fixed the lack… definitely would recommend!!!",
    "Virginia says:I really enjoyed your recipe. Thank you so much for sharing.",
    "Karina says:Love this recipe.  The only thing I did different was added a quarter cup of pecorino Romano cheese to give it some salt and delicious cheese flavor!   We also added the fresh cheese to each bowl when serving however adding the cheese to the crockpot actually made a difference. Thank you it was delicious",
    "Gary says:I followed the 8-hour suggestion and found that, as is usually the case with most slow-cooker savory recipes, the flavors were muted.  So, I splashed in 2T of apple cider vinegar and added a healthy pinch of salt.  PRESTO! Good stuff for a cold, snowy night in hilly northwestern New Jersey.   Thanks for the recipe.",
    "Brigitte V Lauletta says:Can I make this on the stove? Would I adjust anything?",
    "Alyssa Rivers says:Hi Brigitte, thank you for your question. Yes you can make it on the stove, here is what I would do. Use a large Dutch oven or pot instead of a skillet to brown the meat. Add the other ingredients except the beans and pasta to the pot and simmer over low heat for 30 minutes to an hour, to let the flavors meld. stir in the beans and pasta and simmer for an additional 15-30 minutes before serving. I hope this helps! Let me know how it turns out!",
    "Tammy Gruebbel says:This is a wonderful soup in your cookbook!  One of my husband’s faves.",
    "Terry says:I was not happy with this recipe. The taste was very bland. It needs something else!",
    "Charles Fordtra says:You need to fix your videos, plural.  I get 15 seconds of the recipe, then an ad, then it starts a new, completely different recipe.",
    "Alyssa Rivers says:Hi Charles, I’m sorry. There should be buttons that appear over the video that say stay or next, make sure you click on ‘stay’ so you can continue to watch the whole video."
  ]
}