{
  "URL": "https://therecipecritic.com/slow-cooker-pork-carnitas/",
  "Summary": "Slow cooker pork carnitas are an amazingly easy and delicious recipe that is full of flavor and cooks all day to tender and juicy perfection! This is definitely a carnitas recipe that you will make again and again! ",
  "Metadata": [
    "Prep Time:  10minutes",
    "Cook Time:  5hours",
    "Total Time:    5hours10minutes",
    "Servings:  12People"
  ],
  "Ingredients": [
    "4 pounds pork shoulder roast",
    "1 Tablespoon Chili Powder",
    "1 teaspoon cumin",
    "1 teaspoon oregano",
    "1 teaspoon salt",
    "1 teaspoon pepper",
    "3/4 cup orange juice 2 oranges",
    "1/4 cup lime juice 2 limes",
    "4 cloves garlic minced",
    "1 onion quartered"
  ],
  "Instructions": [
    "In a small bowl combine chili powder, cumin, oregano, salt, and pepper. Rub on the outside of the pork shoulder rub thoroughly.",
    "In the slow cooker, combine orange juice, lime juice, garlic and onion. Place pork on the top. Cook on low for 8 hours or high 4-5 hours.",
    "Remove roast from slow cooker and shred. Return to slow cooker and heat for an additional 30 minutes.",
    "Remove the pork from the slow cooker and place on a baking sheet. Broil in the oven for 3-4 minutes to brown the edges of the pork."
  ],
  "Nutrition": [
    "Calories: 153kcal",
    "Carbohydrates: 4g",
    "Protein: 18g",
    "Fat: 7g",
    "Saturated Fat: 2g",
    "Cholesterol: 62mg",
    "Sodium: 276mg",
    "Potassium: 385mg",
    "Fiber: 1g",
    "Sugar: 2g",
    "Vitamin A: 234IU",
    "Vitamin C: 11mg",
    "Calcium: 25mg",
    "Iron: 1mg"
  ],
  "Comments": [
    "Debbie says:Is the 4 pound roast bone in or out?",
    "Alyssa Rivers says:Hi Debbie! I used boneless but you can use either. Just be sure it’s fully cooked to 145 degrees Fahrenheit before eating.",
    "Jennifer Wilhite says:This is my favorite go-to carnita recipe.  I love how easy it is.  Sometimes I use boneless pork ribs if they are the kind that have the lot of fat on them.  Make it for company often and everyone raves over it.  Thank you!",
    "Shelley B. says:I’ve been making this for 7 years. We like to double the recipe and freeze it for later in the month. Since the flavors aren’t super intense we’ve also added bbq sauce 2 days later and eaten it at bbq pulled pork nachos or sandwiches. This time I bought an 8 lb and will be using a few pounds to make into homemade tamales.",
    "Chloe says:I rubbed all the seasonings on the pork and left it in the fridge over night. In the morning, I dropped it in the OJ/lime juices and set the timer. It was so easy! And I have to say, i have always been skeptical of using OJ, even tho I’ve heard places like chipotle uses it, and OMG, I am now a believer! This was sooooo good!!!"
  ]
}