{
  "URL": "https://therecipecritic.com/slow-cooker-peach-cobbler-recipe/",
  "Summary": "This Slow Cooker Peach Cobbler is an easy dessert, perfect for those fresh summer peaches! It has a sweet biscuit topping and deliciously sweet peach filling underneath that is perfect when served with a scoop of vanilla ice cream. ",
  "Metadata": [
    "Prep Time:  10minutes",
    "Cook Time:  2hours",
    "Total Time:    2hours10minutes",
    "Servings:  8servings"
  ],
  "Ingredients": [
    "1 (21 ounce) can of peaches in heavy syrup (DO NOT DRAIN)",
    "1 ½ teaspoon ground cinnamon, divided",
    "¼ teaspoon ground nutmeg",
    "1 cup milk",
    "1 cup granulated sugar",
    "1 cup all-purpose flour",
    "2 teaspoons baking powder",
    "½ teaspoon salt",
    "½ cup unsalted butter"
  ],
  "Instructions": [
    "Spray a 4-quart crockpot with nonstick cooking spray.",
    "In a medium bowl, mix the peaches (not drained) with ½ teaspoon cinnamon and the nutmeg. Pour into the bottom of the crockpot.",
    "In a large bowl, combine the milk, sugar, flour, baking soda, salt, and the remaining teaspoon of cinnamon. Pour over the peaches.",
    "Slice the butter into 12 thin pieces and place over the top of the batter.",
    "Cover and cook on high for 2 hours until the top is beginning to brown around the edges. Serve warm with vanilla ice cream, if desired."
  ],
  "Nutrition": [
    "Calories: 275kcal",
    "Carbohydrates: 39g",
    "Protein: 3g",
    "Fat: 13g",
    "Saturated Fat: 8g",
    "Polyunsaturated Fat: 1g",
    "Monounsaturated Fat: 3g",
    "Trans Fat: 0.5g",
    "Cholesterol: 34mg",
    "Sodium: 160mg",
    "Potassium: 169mg",
    "Fiber: 1g",
    "Sugar: 27g",
    "Vitamin A: 406IU",
    "Vitamin C: 0.02mg",
    "Calcium: 91mg",
    "Iron: 1mg",
    ""
  ],
  "Comments": [
    "Courtney Bodem says:Ingredient list says baking powder. Instructions say baking soda.",
    "Ann Snyder says:BIG MISTAKE:Looks delicious, but there is a BIG mistake:  Ingredients calls for 2 teaspoons baking powder; instructions call for baking soda.  I had the dry ingredients mixed with the milk and realized the ingredients and baking instructions were different.  Threw out that mixture, and saved the peaches already ready to bake.  I hope this is corrected before someone else starts to use it.",
    "Vicki says:Made this cobbler for dinner last night and it was SCRUMPTIOUS!  Very easy………..and a lot of the reason it was so good was due to the big, beautiful peaches from our neighboring state of Colorado that appear in our grocery stores here in Kansas around this time.  Anyway, this recipe goes into my file of favorites!"
  ]
}