{
  "URL": "https://therecipecritic.com/slow-cooker-sweet-carolina-pulled-pork-sliders/",
  "Summary": "Slow Cooker Sweet Carolina Pulled Pork Sliders are crazy tender, juicy and messy, the way a slider should be! The pork slow cooks all day in an amazing spice rub and sweet vinegar and will be a huge hit!",
  "Metadata": [
    "Prep Time:  10minutes",
    "Cook Time:  12hours",
    "Total Time:    12hours10minutes",
    "Servings:  8servings"
  ],
  "Ingredients": [
    "5 pounds pork shoulder butt roast",
    "3 tablespoons brown sugar",
    "3 teaspoons salt",
    "1 teaspoon paprika",
    "½ teaspoon pepper",
    "2 teaspoons crushed red pepper flakes",
    "1 teaspoon garlic powder",
    "1 teaspoon ground mustard",
    "1 teaspoon cayenne pepper",
    "1 large quartered onion",
    "¾ cup cider vinegar",
    "1 tablespoon Worcestershire sauce",
    "1 tablespoon granulated sugar"
  ],
  "Instructions": [
    "In a small bowl mix together 3 tablespoons brown sugar, 3 teaspoons salt, 1 teaspoon paprika, ½ teaspoon pepper, 2 teaspoons crushed red pepper flakes, 1 teaspoon garlic powder, 1 teaspoon ground mustard, and 1 teaspoon cayenne pepper. Rub all over pork the seasoning mixture generously all over 5 pounds pork shoulder butt roast.",
    "Add pork to the slow cooker. Add 1 large quartered onion along the sides. Add ¾ cup cider vinegar, 1 tablespoon Worcestershire sauce, and 1 tablespoon granulated sugar.",
    "Cook on LOW for 12 hours. Shred with two forks. Serve on buns with creamy coleslaw, if desired."
  ],
  "Nutrition": [
    "Calories: 296kcal",
    "Carbohydrates: 9g",
    "Protein: 34g",
    "Fat: 13g",
    "Saturated Fat: 4g",
    "Polyunsaturated Fat: 1g",
    "Monounsaturated Fat: 6g",
    "Cholesterol: 116mg",
    "Sodium: 1043mg",
    "Potassium: 678mg",
    "Fiber: 1g",
    "Sugar: 7g",
    "Vitamin A: 389IU",
    "Vitamin C: 3mg",
    "Calcium: 40mg",
    "Iron: 3mg"
  ],
  "Comments": [
    "Denise says:Excellent, exactly as printed.  I’ve tried other recipes with multiple ingredients, and this is the best recipe yet.  We added a bit of barbecue sauce when reheating, but I recommend this recipe as shown; you’ll love it.  I let it cook overnight and shredded it in the morning.",
    "Colleen says:I have an instant pot and no slow cooker.  Do you have recommendations on cook timing?",
    "Alyssa Rivers says:Hi Colleen, thank you for your question.  Depending on the size of your instant pot you might want to reduce the size of meat to 2.5 pounds. Cook on manual high pressure for 40 minutes. Once the cooking time is up, allow the pressure to release naturally for 10 minutes, then do a quick release. Let me know how it turns out!",
    "Annette Maha says:Well this is the best!What I did different: marinated pork butt all day in fridge with those spices, then cooked the 12 hrs overnite. Shredded after my breakfast. Served that evening & the next. Omg. Grown grandson licked his plate.",
    "Rosemarie says:I have used this recipe many times and it is the best ever!!!!   Several people (on other sites) have asked if another cut of pork can be used in place of shoulder butt.  I have made it with pork loin, pork tenderloin, and even pork chops (desperate cravings call for desperate solutions!). I just set the slow cooker on high for 6-8 hours.",
    "Beth says:Can you do 6 hours on high?",
    "Alyssa Rivers says:If you need that long, I would recommend doubling the pulled pork then. That way it will not burn or dry out after 6 hours.",
    "Harry Brown says:I love your recipes! This one is AMAZING.. sweet rich hearty sandwich.. i used 1 tsp of liquid smoke! Thanks for your great recipes.. i swear by them..",
    "T. says:I have bone in..does it cook for same time or longer ??",
    "Alyssa Rivers says:Yes about the same time and temperature.",
    "Lisa says:this has been slow-cooking all day while I was at work, home to a delicious meal that absolutely everyone loved ! Thankyou",
    "Andrea Manganaro says:What would be the required time to cook the pork in the oven rather than a slow cooker?",
    "Andrea Manganaro says:Hi ThereI want to cook the pork in the oven instead of a slow cooker. How long would I cook it for?",
    "karen lindner says:what is your recipe for the creamy coleslaw picture",
    "Alyssa Rivers says:I like to use a variety. With this one I just made a quick version of a creamy cabbage with sugar, mayonnaise and cabbage. Hope that helps! Thanks for following along with me! XOXO",
    "Jose says:Have you tried making this with an Instant Pot?",
    "Alyssa Rivers says:I haven’t! Let me know what you think!",
    "CJ Bennett says:How can I email the pork slider recipe to myself as I am at work and don’t want to print it out?",
    "shawnna griffin says:hey girl these look so yummy!"
  ]
}