{
  "URL": "https://therecipecritic.com/slow-cooker-turkey-breast/",
  "Summary": "Amazing juicy and perfectly tender turkey breast that slow cooks all day in the crockpot!",
  "Metadata": [
    "Prep Time:  25minutes",
    "Cook Time:  6hours",
    "Total Time:    6hours25minutes",
    "Servings:  8Servings"
  ],
  "Ingredients": [
    "5 pounds thawed boneless turkey breast roast",
    "1 peeled and quartered onion",
    "3 garlic cloves",
    "3-4 diced whole carrots, 2-inch pieces",
    "½ cup chicken broth",
    "1 sprig rosemary",
    "1 sprig sage",
    "¼ cup softened butter",
    "1 teaspoon garlic powder",
    "2 teaspoons dried onion flakes",
    "2 teaspoons salt",
    "1 teaspoon paprika",
    "1 teaspoon dried sage",
    "1 teaspoon dried rosemary",
    "1 teaspoon dried thyme",
    "½ teaspoon black pepper"
  ],
  "Instructions": [
    "Line a slow cooker with a liner or spray with non-stick cooking spray.",
    "Place 1 peeled and quartered onion, 3 garlic cloves, 3-4 diced whole carrots,, ½ cup chicken broth, 1 sprig rosemary, and 1 sprig sage in the bottom of the slow cooker.",
    "Combine the softened ¼ cup softened butter, 1 teaspoon garlic powder, 2 teaspoons dried onion flakes, 2 teaspoons salt, 1 teaspoon paprika, 1 teaspoon dried sage, 1 teaspoon dried rosemary, 1 teaspoon dried thyme, and ½ teaspoon black pepper in a bowl. Stir to incorporate the herbs into the butter.",
    "Spread the butter mixture generously all over the thawed 5 pounds thawed boneless turkey breast roast.",
    "Place the turkey into the crockpot and cook on LOW for 6 hours or HIGH for 4 hours. The turkey is done when the temperature reads 165 degrees Fahrenheit with a thermometer.",
    "Carefully remove the turkey from the slow cooker and place it on a platter. Let it rest for 5 minutes before slicing, and enjoy!"
  ],
  "Nutrition": [
    "Calories: 425kcal",
    "Carbohydrates: 8g",
    "Protein: 57g",
    "Fat: 20g",
    "Saturated Fat: 8g",
    "Polyunsaturated Fat: 0.3g",
    "Monounsaturated Fat: 2g",
    "Trans Fat: 0.2g",
    "Cholesterol: 167mg",
    "Sodium: 1211mg",
    "Potassium: 136mg",
    "Fiber: 1g",
    "Sugar: 2g",
    "Vitamin A: 4133IU",
    "Vitamin C: 4mg",
    "Calcium: 23mg",
    "Iron: 0.4mg",
    ""
  ],
  "Comments": [
    "Lisa Provenzano says:This was the BEST turkey my family has EVER had. It was the most tasty, tender and moist, per comments from hubby, daughter, SIL, and the grandbaby who refused to stop eating it. It fell apart easily and was uber-fork friendly. The few leftovers were continually requested!!!! I didn’t get any?",
    "Alyssa Rivers says:Lisa! This comment just made my day! Thank you for taking time to come back and tell me how much your family enjoyed it! Makes all the work worth it!",
    "Mike says:I used this recipe last year for Christmas and I’m making it again this year. It’s delicious and so easy. Turkey breast is the way to go for just four guests.",
    "Mari Q says:I used this recipe for our Thanksgiving turkey breast and it was the absolute best! Tender, moist, delicious and easy. My entire family devoured it. I added 2 packs Knorr Turkey gravy mix just thicken up a bit. Perfect in every way. Thank you!",
    "Brenda Ligon says:I’m a little confused.  The picture shows a whole turkey and shows the seasoning on the turkey “before” adding the salt/pepper/seasoning.  The recipe says bone in turkey recipe and says to add salt/pepper/seasoning, after pouring on the cranberry mixture?  I’m guessing the cook time of 8 to 9 hours, is for a whole turkey, so how long do you cook the bone in breast?",
    "Carole says:I have (2) 3 pound boneless turkey breasts.  Should I put then both in one crockpot and cook on low for 8 hours or in separate crock pots and lower the cooking time?  How long would it take for a 3 pound breast?Thank you!",
    "IslandTai says:I enjoyed the simplicity of this recipe and the flavors were great. However why is there a photo of a whole turkey?? It’s very confusing to those searching for a turkey breast recipe.",
    "Andi says:I never leave comments but this was amazing even though I didn’t have oj I subbed cranpinapple. So good!!",
    "Wendy Johnson says:Hi there….Wondering if the juices left on the bottom of the crockpot can be used as a sauce or if it has done its job after cooking.   Thanks very much for posting!",
    "Lee says:Instead of using cranberry sce could you use a can of mangos or peaches I’m going to try with a can of mangos",
    "Candice says:This was AMAZING…maybe the best ever! Definitely one of the best turkey breast recipes I’ve ever used. I’m excited to make this year round. It’s so easy and insanely delicious and tender.",
    "Alyssa Rivers says:I’m so glad that you enjoyed it!!"
  ]
}