{
  "URL": "https://therecipecritic.com/slow-cooker-meatball-marinara/",
  "Summary": "Delicious and saucy meatball marinara that you cook in your slow cooker!",
  "Metadata": [
    "Prep Time:  20minutes",
    "Slow Cooker:  4hours",
    "Total Time:    4hours20minutes",
    "Servings:  8Servings"
  ],
  "Ingredients": [
    "2 pounds precooked meatballs, I used Italian meatballs",
    "3 (14.5-ounce) cans Italian stewed tomatoes",
    "1 (8-ounce) can tomato sauce",
    "4 tablespoons tomato paste",
    "1 teaspoon Italian seasoning",
    "½ teaspoon garlic powder",
    "½ teaspoon thyme",
    "½ teaspoon oregano",
    "½ teaspoon lemon juice",
    "¼ teaspoon sugar"
  ],
  "Instructions": [
    "In a blender pour the tomatoes, tomato sauce, tomato paste, Italian seasoning, garlic, thyme, oregano, sugar, and lemon juice. Blend until the sauce is smooth.",
    "Place the meatballs on the bottom of a crockpot and pour the sauce over the top of the meatballs.",
    "Cook on HIGH for 4 hours or LOW for about 5-6 hours, until meatballs are heated through.",
    "Serve over some cooked pasta and enjoy!"
  ],
  "Nutrition": [
    "Calories: 347kcal",
    "Carbohydrates: 12g",
    "Protein: 21g",
    "Fat: 24g",
    "Saturated Fat: 9g",
    "Cholesterol: 82mg",
    "Sodium: 468mg",
    "Potassium: 726mg",
    "Fiber: 2g",
    "Sugar: 7g",
    "Vitamin A: 395IU",
    "Vitamin C: 15mg",
    "Calcium: 75mg",
    "Iron: 3mg"
  ],
  "Comments": [
    "Becky says:Spaghetti with meatballs is a favorite meal around here that, I admit, I don’t make often enough. Your photos, however, have me drooling on my keyboard at 6:30 a.m., and I’m seriously wondering how realistic it is to make this my dinner plan for tonight…",
    "Jacklyn says:I need to try this in my Instant pot stat! I love the flavor imparted to sauces when the meat is cooked IN the sauce!",
    "Juliana Fendez says:These look amazingly delicious, I’ve never done meatballs . .. err, but now I MUST. I’ve tested around with doing something similar (with beef) in the Instant Pot and browning beforehand, but also having done slow cooker agree that it’s not really a necessary step.",
    "Lita Watson says:Such a great dish! Can i use swedish meatballs for this recipe? Since they start pulling in more of the delicious flavor when they are in sauce.",
    "Sally says:what is the total cook time for this? the ‘cook time’ at the top says 4 hours 20 mins  but in the directions it says high for 4 hours then low 5-6. is that 5-6 hours on low?  so is the total time 9-10 hours 20 mins?thanks 🙂",
    "Alyssa says:Yes it is 5-6 hours on low.  My slow cooker cooks pretty fast and only took 4 hours. 🙂",
    "Melinda haiden says:Congrats! Looks like a boy to me!",
    "Alyssa says:Thanks so much!!  It is a girl!!  and after 2 boys we couldn’t be more excited!!!",
    "Jaren (Diary of a Recipe Collector) says:Congratulations!!  I know your pain!  I am 11 weeks pregnant and my blog is pretty much suffering.  I am not the least bit interested in cooking and photographing.  I hope my drive comes back pretty soon.  This is my fourth and I’ve been sick until 14 weeks for all of them!!  The couch is my best friend right now!",
    "jessica says:Yes congrats! I craved mashed potatoes, and chicken and noodles lol 🙂",
    "Leanna says:Congratulations on your baby! I’m 16 weeks pregnant, so we are probably due right about the same time. I was just wondering if you put the meatballs in the crockpot frozen or if you thawed them first?",
    "Alyssa says:Congrats!!!  Yes I put them in frozen. 🙂",
    "Dalila G. says:WooHoo!!!Congrats to you and your family, another baby!! 🙂Family is the best and you’re very lucky to be adding one more to your beautiful bunch.Sorry to hear you’ve been feeling yucky, but all will pass and you’ll be feeling tip-top in no time at all.This crockpot recipe sounds yummy. We really enjoy anything that has saucey-meatballs in it..Sounds like I have a nice new and easy  recipe for later this week, thanks!",
    "Kelly says:Yay, congratulations on your pregnancy, that’ is such fantastic and exciting news for you and your family:)  Aaw, I’m so sorry to hear that you have been feeling so sick than with your boys.  .When I was carrying our son, I had very little morning sickness but with this pregnancy I was sick from day one with migraines which have finally stopped now at 6.5 months.  We found out we are having a baby girl so that may be why the symptoms have been different.No matter what, I am wishing you a happy and healthy  baby and an easy pregnancy and labor.  So excited for your new addition to your family Alyssa:)",
    "Patty says:Congratulations on the wonderful news:)",
    "domesticallychallengedkate says:Hi there! I am new to your blog and just love it. Found some great recipes for my family to try out! Congrats on your bundle on the way!",
    "Jenn@eatcakefordinner says:Congrats!!!",
    "Chelsea @chelseasmessyapron says:Congratulations Alyssa! That’s so exciting! Sorry about the awful nausea and sickness, I hated that. Hopefully you get feeling better soon! This meatball marinara sounds delicious and I especially love that it is in the crockpot!"
  ]
}