{
  "URL": "https://therecipecritic.com/slow-cooker-orange-chicken/",
  "Summary": "This delicious and tangy orange chicken is made right in your slow cooker and is better than takeout. It's coated in an irresistible sauce that will keep your family asking for this at least once a week! ",
  "Metadata": [
    "Prep Time:  15minutes",
    "Cook Time:  4hours",
    "Total Time:    4hours15minutes",
    "Servings:  4people"
  ],
  "Ingredients": [
    "3-4 boneless chicken breasts (cut into cubes)",
    "3 Tablespoons cornstarch",
    "2 Tablespoons vegetable oil",
    "1 teaspoon rice wine vinegar",
    "2 Tablespoons soy sauce",
    "1/2 teaspoon sesame oil",
    "3/4 cup orange marmalade",
    "3 Tablespoon brown sugar",
    "1/2 teaspoon salt",
    "pinch of pepper"
  ],
  "Instructions": [
    "In a bowl, mix the rice wine vinegar, soy sauce, sesame oil, marmalade, brown sugar, salt, and pepper. Set aside.",
    "In a ziplock bag, add the cornstarch and chicken. Shake to coat. Pour vegetable oil into the skillet and brown the sides of the covered chicken. The chicken doesn't need to be fully cooked since it is going in the crockpot.",
    "After the chicken is done cooking, pour the pieces into the crockpot. Then cover the chicken with the sauce mixture and give the pot a stir.",
    "Cook on low for 4-5 hours or high for 2-3 hours."
  ],
  "Nutrition": [
    "Calories: 360kcal",
    "Carbohydrates: 55g",
    "Protein: 19g",
    "Fat: 8g",
    "Saturated Fat: 2g",
    "Polyunsaturated Fat: 2g",
    "Monounsaturated Fat: 3g",
    "Trans Fat: 0.1g",
    "Cholesterol: 54mg",
    "Sodium: 884mg",
    "Potassium: 240mg",
    "Fiber: 1g",
    "Sugar: 45g",
    "Vitamin A: 108IU",
    "Vitamin C: 3mg",
    "Calcium: 42mg",
    "Iron: 1mg",
    ""
  ],
  "Comments": [
    "Cheri says:Delightful & delicious.",
    "Judith says:I made this recipe for the first time last night for dinner, changing things according to what I read in the comments.  I doubled the sauce recipe, but instead of using twice the orange marmalade, I used 3/4 cup of orange marmalade and 3/4 cup of orange juice.  I also went a little scant on the brown sugar when doubling recipe.  I cooked on High for 2 1/2 hours.  I noticed the sauce was thin because of the orange juice, so I mixed some cornstarch and water together and stirred into the sauce for about the last 1/2 hour of cooking.  The sauce thickened and was nice to spoon over rice.  Also, the chicken did not stay crusty, but that’s okay.  All enjoyed it!Thank you for all of your delicious recipes!",
    "Michele says:I made the recipe exactly as written and cooked on Low for 4 hours, and it was way too dark and caramelized. It had an almost bitter taste to it. The chicken was tough and overcooked. This may be a good recipe, but make sure to keep an eye on it.",
    "Kathy Dixon says:I made this recipe several times and it’s delicious – always turns out perfectly.  The only thing I do differently is add a little chicken broth to increase the amount of sauce and cut the sweetness a little.",
    "Anita says:Your site is my go to for great recipes, so I was very excited to try this one. Unfortunately it was a complete bust. I followed the directions as is, placed on low and left home for 2 hours. Returned to find the chicken black and burned. My husband said it was the worst meal we have fixed in the 30 years we’ve been married. Not sure if it was my pot or the recipe. 🙁",
    "Alyssa Rivers says:Hi Anita!  Yes this is definitely an issue with the slow cooker.  This meal turns out delicious every time for us.  I would try a new slow cooker or keep a close eye on it.",
    "Cara says:I cooked this exactly as it was written, and it was wonderful! Thank you for this staple recipe! I will add this to my list of dishes to have waiting for our family when we come home from church on Sunday. 🙂"
  ]
}