{
  "URL": "https://therecipecritic.com/slow-cooker-teriyaki-chicken/",
  "Summary": "Slow Cooker Teriyaki Chicken is a simple saucy, sweet and tangy chicken served over tender long grain rice that truly satisfies. The aroma that will fill your kitchen will make your mouth water all day, the hardest part of this will be waiting till it's done. It's so simple and so flavorful, it'll become a standard in your recipe rotation.",
  "Metadata": [
    "Prep Time:  10minutes",
    "Cook Time:  4hours",
    "Total Time:    4hours10minutes",
    "Servings:  6people"
  ],
  "Ingredients": [
    "3 pounds boneless skinless chicken breasts",
    "¾ cup granulated sugar",
    "¾ cup soy sauce",
    "6 tablespoons apple cider vinegar",
    "1 teaspoon ground ginger",
    "1 teaspoon  minced garlic",
    "¼ teaspoon pepper",
    "2 tablespoons cornstarch",
    "2 tablespoons cold water",
    "cooked rice"
  ],
  "Instructions": [
    "Place the 3 pounds boneless skinless chicken breasts in a 4 quart slow cooker.",
    "In a large bowl, combine the ¾ cup granulated sugar, ¾ cup soy sauce, cider 6 tablespoons apple cider vinegar, 1 teaspoon ground ginger, 1 teaspoon  minced garlic and ¼ teaspoon pepper.  Pour over chicken.",
    "Pour the sauce over the chicken, cover, and cook on LOW for 4-5 hours or on HIGH for 3 Hours or until the chicken is tender.",
    "Remove the chicken from the slow cooker and lightly shred it. Set the shredded chicken aside.",
    "Skim the fat from cooking the liquid, and place the liquid in a saucepan and bring to a boil. Whisk together the 2 tablespoons cornstarch and 2 tablespoons cold water until smooth.  Gradually stir the cornstarch mixture into the liquid and stir until the sauce is thickened.",
    "Coat the shredded chicken in the sauce and serve over cooked rice."
  ],
  "Nutrition": [
    "Calories: 388kcal",
    "Carbohydrates: 30g",
    "Protein: 51g",
    "Fat: 6g",
    "Saturated Fat: 1g",
    "Polyunsaturated Fat: 1g",
    "Monounsaturated Fat: 2g",
    "Trans Fat: 0.03g",
    "Cholesterol: 145mg",
    "Sodium: 1885mg",
    "Potassium: 921mg",
    "Fiber: 0.3g",
    "Sugar: 26g",
    "Vitamin A: 69IU",
    "Vitamin C: 3mg",
    "Calcium: 21mg",
    "Iron: 2mg",
    ""
  ],
  "Comments": [
    "Tara says:Can this recipe be made using an InstaPot instead?",
    "Alyssa Rivers says:Hi Tara, thank you for your question. To make this in the instapot, follow the directions in the recipe card, but instead of cooking in the slow cooker in step 3, set the instapot to cook for 12 minutes with a manual release. Resume on step 4 as directed. Let me know how it turns out!",
    "Susie says:Hi, this might sound silly but do you think I could use 2 1 lb pork tenderloins? If so, should I cut them up or leave them whole.",
    "Alyssa Rivers says:I haven’t tried this before with this recipe. But I would probably leave them whole!",
    "Melissa says:This looks so good! I have a question: is cider vinegar the same as apple cider vinegar? Because I have apple cider vinegar and want to make sure I’m adding the right thing.",
    "Alyssa Rivers says:Yes!",
    "Kathrin says:Having a picky family, never having eaten chicken teriyaki before and only my second time using my new slow cooker, I was crossing everything for an ok supper. Oh my, what a treat we were in for! It smelled amazing and was sooooo good! It got a thumbs up from my pickiest son and thats wuite an achievement. Thank you so much. Cant wait to try some other recipes now."
  ]
}