{
  "URL": "https://therecipecritic.com/slow-cooker-mexican-chorizo-egg-casserole/",
  "Summary": "Slow Cooker Mexican Chorizo Egg Casserole is so quick and easy to put together and packed with big flavor!  Hashbrowns, cheese, and eggs get loaded up with black beans, corn, and chorizo to make one delicious breakfast!",
  "Metadata": [
    "Prep Time:  10minutes",
    "Cook Time:  4hours",
    "Total Time:    4hours10minutes",
    "Servings:  6servings"
  ],
  "Ingredients": [
    "1 (16-ounce) package chorizo sausage",
    "2 cups shredded frozen hash browns",
    "1 cup corn",
    "1 cup black beans",
    "12 large eggs",
    "1 cup milk",
    "1 (1-ounce) packet McCormick Mexican egg casserole slow cooker breakfast seasoning mix",
    "1 ½ cups shredded cheddar cheese divided",
    "sliced avocado",
    "dice tomatoes",
    "chopped cilantro",
    "salsa",
    "sour cream"
  ],
  "Instructions": [
    "In a medium-sized skillet over medium-high heat, add the chorizo sausage and cook until no longer pink in the center.",
    "Spray a 4-quart slow cooker with non-stick cooking spray. Add the cooked chorizo, hash browns, corn, and black beans then mix to combine.",
    "In a medium-sized bowl whisk the eggs, milk, and breakfast seasoning packet. Add in 1 cup of the shredded cheese. Pour the egg mixture on top of the hashbrown mixture in the slow cooker. Top with the remaining ½ cup shredded cheese.",
    "Cook for 2 ½ hours on HIGH or 4 to 4 ½ hours on LOW or until the eggs are set. Top with any of the optional toppings and enjoy!"
  ],
  "Nutrition": [
    "Calories: 671kcal",
    "Carbohydrates: 17g",
    "Protein: 41g",
    "Fat: 49g",
    "Saturated Fat: 20g",
    "Cholesterol: 428mg",
    "Sodium: 1252mg",
    "Potassium: 661mg",
    "Fiber: 3g",
    "Sugar: 4g",
    "Vitamin A: 890IU",
    "Vitamin C: 1.4mg",
    "Calcium: 313mg",
    "Iron: 3.7mg"
  ],
  "Comments": [
    "Annette says:I am having a hard time finding the McCormick packet you used. Can you use the taco seasoning packet?  How different would it be?  What do you recommend as a substitute?",
    "Alyssa Rivers says:Yes, that will work too.",
    "shelley vanclief says:can you double or triple this for a large group and have it come out the same?",
    "Alyssa Rivers says:It will all depend on how large your slow cooker is. It will be able to cook for longer. I would recommend using a few slow cookers to make it work a little better and cook it evenly. Enjoy! XOXO",
    "Huggy says:THIS meal looks very tasty and I’ll be trying it on a smaller scale as my Fiance’ is not into spicey foods warmer than “Mild” on the Tongue Heat Scale.  LOLBut as for me, I am TOTALLY looking forward to trying this, although I’m not terribly keen on waking 4 hours early to prep this dish then go back to bed and try to get back to sleep then wake up again in time to eat. Although the idea of awaking to the smells of the melding aroma’s of the chorizo and the other ingredients IS quite compelling.And served with a warm flour tortilla or a couple of smaller warmed corn tortilla’s is making my mouth water as I type this. YUM!!But one question:Can this be made the night before, removed from the crock pot (hopefully intact like your picture shows!!), then heated in either the microwave (yuck!) or warmed in the oven (Best!) and served with the tortilla’s?It’s just that I don’t think I could rise at my “normal” time, make everything, toss them into the crock pot then suffer through 2.5 to 4 hours before being able to chow down on this!!And if I have guests (fat chance. Sigh) asking THEM to wait for all this to cook would create a battlefield on my property! LOLOne does NOT invite a handful of (former) Army Guys over the night before to sit around a campfire on my property, reminiscing about the good old days and tossing down some brewski’s till the wee hours and expect them to wait s couple of hours to chow down! HAH!Most of us are used to standing in some Chow Hall line, stuffing who-knows-what on a stainless steel tray, then (if we are lucky) sit down with a BIG mug of STOUT, Black, Coffee, then shoveling the contents of our trays into our mouths and chewing it on our way out the door (and usually running off to some perceived “Crisis!!”) or off to some grinding training or mundane equipment cleaning or repairs.In short (?), can this be made ahead of time and easily re-heated for breakfast?Sorry for the long post but THANK YOU for the GREAT cooking ideas!God Bless.",
    "Alyssa Rivers says:I totally understand! My slow cooker has a timer on the outside. I put all the ingredients in before I go to bed the night before then set a timer for it to begin cooking at a certain time. I know not all slow cookers have this function. I would recommend making it the evening before and then warming it up in the oven. Hope that helps!! Best of luck! XOXO"
  ]
}