{
  "URL": "https://therecipecritic.com/slow-cooker-macaroni-cheese/",
  "Summary": "This Slow Cooker Macaroni and Cheese is creamy, comforting and perfect for potlucks. Best of all, it comes together easily in the crock-pot — even the pasta!",
  "Metadata": [
    "Prep Time:  10minutes",
    "Cook Time:    1hour30minutes",
    "Total Time:    1hour40minutes",
    "Servings:  6people"
  ],
  "Ingredients": [
    "2 ½ cups uncooked elbow Macaroni",
    "½ cup unsalted butter cubed",
    "1 (10 ounce) can condensed cheddar cheese soup",
    "2 ½ cups half and half",
    "1 (12 ounce) can evaporated milk",
    "2 ½ cups shredded sharp cheddar cheese divided",
    "1 cup shredded Monterey Jack cheese",
    "½ cup sour cream",
    "2 teaspoons salt",
    "1 teaspoon black pepper",
    "2 teaspoons garlic powder",
    "freshly chopped parsley for garnish"
  ],
  "Instructions": [
    "Spray a 5-6-quart slow cooker with non-stick spray. Add 2 ½ cups uncooked elbow Macaroni to the slow cooker. Evenly distribute the cubed ½ cup unsalted butter over the pasta.",
    "To the crockpot add 1 (10 ounce) can condensed cheddar cheese soup, 2 ½ cups half and half, 1 (12 ounce) can evaporated milk, 2 of the 2 ½ cups shredded sharp cheddar cheese, 1 cup shredded Monterey Jack cheese, ½ cup sour cream, 2 teaspoons salt, 1 teaspoon black pepper, and 2 teaspoons garlic powder. Stir to combine and evenly cover the pasta.",
    "Cover and cook on low for 1 ½ to 2 ½ hours. After the first 30 minutes stir the macaroni and check on the pasta. Cover and continue to check the macaroni every 30 minutes or until the pasta has become tender and the cheese sauce is thick and creamy.",
    "Add the remaining ½ cup cheddar cheese to the top of the macaroni, turn the slow cooker off, cover, and let the cheese melt over the top for about 8-10 minutes. Serve fresh with freshly chopped parsley for garnish."
  ],
  "Nutrition": [
    "Calories: 914kcal",
    "Carbohydrates: 62g",
    "Protein: 32g",
    "Fat: 60g",
    "Saturated Fat: 35g",
    "Polyunsaturated Fat: 3g",
    "Monounsaturated Fat: 15g",
    "Trans Fat: 1g",
    "Cholesterol: 171mg",
    "Sodium: 1607mg",
    "Potassium: 781mg",
    "Fiber: 2g",
    "Sugar: 14g",
    "Vitamin A: 1924IU",
    "Vitamin C: 2mg",
    "Calcium: 797mg",
    "Iron: 1mg",
    ""
  ],
  "Comments": [
    "Rebecca says:Can you use bags of pre shredded cheese for this? Can’t wait to make it!",
    "Alyssa Rivers says:Hi Rebecca! Thank you for your question. Yes, you can absolutely use pre-shredded cheese! Let me know how it turns out!",
    "Nancy Wheeler says:Is it OK to not use the cheese soup? I can use lactose free cheese for everything but that.",
    "Alyssa Rivers says:Yes, it should still turn out great!",
    "Abby Oberg says:Tastes good! Although it tastes more starchy than I would like. Not sure how to make it taste less starchy? It is good though!",
    "Amy says:Thanks for this recipe! I took this to a Memorial Day BBQ and it was a huge hit. I doubled the recipe for a crowd and used my larger crock pot- it took all of the 2.5 hours but came together nicely. I didn’t need to add any cheese on top but I did crisp up 1 lb thick cut counter bacon instead of the panko/parsley for the top- WOW. Great stuff! Will print this out and keep! I agree with others about not wanting to add the cheese soup- however we don’t use canned soups like that often and there was a lower sodium version. Special occasions I’m not going to worry about it 😉",
    "Emily Johnson says:Hi, I was wondering if the nutrition facts are for 4 servings or one? 🙂 Thank you lovely recipe",
    "Alyssa Rivers says:It is based off of 4 servings.",
    "Maris says:Is there room in the crockpot to double this?I know it says 4 serving sizes. I want to make this for a party of 30. Suggestions?",
    "Alyssa Rivers says:Hi Maris!Thanks for the great question.  You should be just fine to double so long as you have a large crockpot.  I hope this works out great for you!  Thanks for following along with me!!",
    "shawnna says:hey girl- this looks so delish!",
    "Tammi says:Insanely easy to make and incredibly good! A winner!",
    "Alyssa Rivers says:That is AWESOME! Thanks so much! XOXO",
    "Margot says:Hi was looking at this recipe looks good and was anxious to try it, but when I read the ingredients wasn’t so happy with the chedder  cheese soup is there something I could replace it with,for the rest it looks fast and easy would like to try it out. ThanksAll together you have great recipes."
  ]
}