{
  "URL": "https://therecipecritic.com/slow-cooker-tex-mex-chicken/",
  "Summary": "A super easy and delicious shredded chicken dish that is made in the slow cooker.",
  "Metadata": [
    "Prep Time:  5minutes",
    "Cook Time:    3hours30minutes",
    "Total Time:    3hours35minutes",
    "Servings:  4Servings"
  ],
  "Ingredients": [
    "4 boneless skinless chicken breasts, fresh or frozen",
    "2 tablespoons taco seasoning",
    "1 chopped green bell pepper",
    "1 (14-ounce) can corn, drained",
    "1 (14-ounce) can black beans, rinsed and drained",
    "1 ½ - 2 cups  salsa,",
    "cooked rice",
    "chopped cilantro",
    "chopped green onions",
    "sour cream",
    "shredded cheese",
    "diced tomatoes"
  ],
  "Instructions": [
    "Place the 4 boneless skinless chicken breasts, in the bottom of the slow cooker. Sprinkle with 2 tablespoons taco seasoning.",
    "Add the 1 chopped green bell pepper, 1 (14-ounce) can corn, 1 (14-ounce) can black beans, and 1 ½ - 2 cups  salsa,.",
    "Cover and cook on HIGH for 3 ½- 4 hours or until chicken is cooked through.",
    "Shred the chicken and serve over cooked rice. Top with desired toppings."
  ],
  "Nutrition": [
    "Calories: 167kcal",
    "Carbohydrates: 9g",
    "Protein: 26g",
    "Fat: 3g",
    "Saturated Fat: 1g",
    "Polyunsaturated Fat: 1g",
    "Monounsaturated Fat: 1g",
    "Trans Fat: 0.01g",
    "Cholesterol: 72mg",
    "Sodium: 874mg",
    "Potassium: 722mg",
    "Fiber: 3g",
    "Sugar: 5g",
    "Vitamin A: 729IU",
    "Vitamin C: 28mg",
    "Calcium: 36mg",
    "Iron: 1mg",
    ""
  ],
  "Comments": [
    "Stephanie Hopkins says:I have recently bought a slow cooker with a timer on it. Indispensable now. I set it to start cooking after 11.00am and I arrive home to a perfect dinner.",
    "Rina I Thee Cook says:This look scrumptious! Such a perfect slow cooker meal.",
    "Linde says:I have a 6 quart Hamilton Beach slow cooker with the automatic “warm”.  I absolutely love it.  I had 2 Crockpot brand slow cookers that would boil food on the “low” setting.  My food was consistently overcooked.  Meat was falling off the bone but all dried out.  Yuck.  I did some research on line and found that those slow cookers often have that problem.   I got rid of them and never looked back.  No, I’m not a rep, just a happy camper with a slow cooker that cooks perfectly.",
    "Melanie | Melanie Makes says:This looks absolutely delicious, Alyssa!  And I’m not just saying that because I haven’t had dinner yet. 😉",
    "Elizabeth @ Enjoy Every Bite says:Slow cooker chicken like this is one of my favorites and this recipe looks delicious! I love that this is such a healthy and easy meal! Thank goodness for crock pots!!"
  ]
}