{
  "URL": "https://therecipecritic.com/slow-cooker-mongolian-beef/",
  "Summary": "Tender pieces of flank steak are slow cooked in the tastiest sweet and savory sauce. This slow cooker Mongolian beef is melt-in-your-mouth perfection and bursting with flavor. Quick and easy to prepare and one of our favorite slow cooker meals!",
  "Metadata": [
    "Prep Time:  10minutes",
    "Slow Cooker:  4hours",
    "Total Time:    4hours10minutes",
    "Servings:  6Servings"
  ],
  "Ingredients": [
    "1 ½ pounds flank steak",
    "¼ cup cornstarch",
    "2 tablespoons olive oil",
    "1 teaspoon garlic, minced",
    "¾ cup soy sauce",
    "¾ cup water",
    "¾ cup brown sugar",
    "1 cup carrots, grated",
    "green onions and sesame seeds, for garnish"
  ],
  "Instructions": [
    "Cut 1 ½ pounds flank steak into thin strips. In a ziplock bag, add flank steak pieces and ¼ cup cornstarch. Shake to coat.",
    "In a medium-sized bowl, add 2 tablespoons olive oil, 1 teaspoon garlic, ¾ cup soy sauce, ¾ cup water, and ¾ cup brown sugar. Whisk to combine and add to the slow cooker.",
    "Add 1 cup carrots, and coated flank steak to the slow cooker and stir until coated in the sauce.",
    "Cover and cook on high for 2-3 hours or on low for 4-5 hours.",
    "Serve over rice and garnish with green onions and sesame seeds,."
  ],
  "Nutrition": [
    "Calories: 348kcal",
    "Carbohydrates: 36g",
    "Protein: 28g",
    "Fat: 10g",
    "Saturated Fat: 3g",
    "Polyunsaturated Fat: 1g",
    "Monounsaturated Fat: 6g",
    "Cholesterol: 68mg",
    "Sodium: 1705mg",
    "Potassium: 555mg",
    "Fiber: 1g",
    "Sugar: 28g",
    "Vitamin A: 3564IU",
    "Vitamin C: 1mg",
    "Calcium: 61mg",
    "Iron: 3mg"
  ],
  "Comments": [
    "Faith R says:Halved the sugar and tossed in a bunch of frozen garlic cloves. Absolutely delicious!",
    "Lynn LeFevre says:Easy and delicious! I appreciate the tip on cutting the flank steak because it turned out so tender!",
    "Robin says:I have made this many times. My grandson requests this dish.  The only adjustment I make is less than  1/3 of the brown sugar. We thoroughly enjoy this meal.",
    "S says:Absolutely terrible. Followed to a T. Don’t know what happened. Slow cooker.",
    "Jennifer W says:We love this recipe- it’s our go to crockpot meal.  Thank you for this staple!",
    "Sassy Tassy says:The taste was okay but not like any Mongolian beef I’ve ever had. The sauce came out creamy. I used light brown sugar. I wonder if that was the difference.",
    "Hajduk says:Good recipe, easy quick to make.  I echo several of the other comments in here though.  Way too much brown sugar.  The next I make it, I will be cutting it in half at least.",
    "LMC says:Been using this recipe for years now.  Absolutely delicious. My family loves it.  They always ask when I’m making it again.",
    "Elena Legkow says:A great recipe for slow cooker or instant pot! Thanks a lot! It saved me a lot of time… I had to go to the dentist, but also had to leave the lunch cooking for the “kids” (38&39&16 years)…But normally I do another recipe in the skillet or wok, and that requires all you say, but also minced ginger, Hoisin Sauce, Rice Wine vinegar and chilli flakes, which I added to your recipe…Being sure your original recipe would also be great, but I know my “kids” love more spicy meat. You gave me the great idea of doing it in the slow cooker. Thanks!",
    "Teresa says:How much Minced ginger, Hoisin Sauce, Rice Wine vinegar and Chilli flakes do you add to this recipe?Thank you",
    "Inna says:I don’t leave reviews often but I had to for this recipe. Absolutely delicious and so easy to make! Will be making this often. Thank you!",
    "Measure with you heart says:I modified this by cutting the sugar in half (I’m pre-diabetic and everyone said it was too much) I also added frozen onion (about 1/4-1/2 c I eyeballed it), rice wine vinegar (a good splash), a 1/2 tbs of minced ginger, hoisen sauce ( I squeezed the bottle to my hearts content maybe an 1/8 cup), sprinkled some red chili peppers (not much my husband is sensitive to them), used sesame oil instead of olive oil (same amount) and the sauce before cooking tasted great. I loved this recipe as a base for cooking it in a slow cooker instead of a wok. Made it on the weekend and still got to enjoy my day while making meals to freeze and take to work."
  ]
}