{
  "URL": "https://therecipecritic.com/slow-cooker-parmesan-honey-pork-roast/",
  "Summary": "Slow Cooker Parmesan Honey Pork Roast is a tender pork roast slow cooked in a sweet and savory grated parmesan, sticky honey, soy sauce with dried basil seasoning and garlic sauce making this fall apart tender with every slice. The best mouth watering pork roast! ",
  "Metadata": [
    "Prep Time:  10minutes",
    "Cook Time:  6hours",
    "Total Time:    6hours10minutes",
    "Servings:  6Servings"
  ],
  "Ingredients": [
    "2-3 pounds boneless pork roast",
    "⅔ cup grated Parmesan cheese",
    "½ cup honey",
    "3 tablespoons soy sauce",
    "2 tablespoons dried basil",
    "2 tablespoons minced garlic",
    "2 tablespoons olive oil",
    "½ teaspoon salt",
    "2 tablespoon  cornstarch",
    "¼ cup cold water"
  ],
  "Instructions": [
    "Spray the inside of the slow cooker with non-stick cooking spray. Place 2-3 pounds boneless pork roastr in the slow cooker.",
    "In a small bowl, whisk together  ⅔ cup grated Parmesan cheese, ½ cup honey, 3 tablespoons soy sauce, 2 tablespoons dried basil, 2 tablespoons minced garlic, 2 tablespoons olive oil, and ½ teaspoon salt. Pour the sauce mixture over the pork roast.",
    "Cover and cook on LOW for 6-7 hours or HIGH for 4-5 hours until a meat thermometer inserted in the middle of the roast reads 160 degrees Fahrenheit.",
    "After the meat is cooked remove it from the slow cooker and set aside on a serving platter.",
    "Skim the fat from the cooking juices and transfer to a small saucepan. Bring the liquid to a boil over medium-high heat.",
    "Whisk together 2 tablespoon  cornstarch and ¼ cup cold water. Whisk it into the liquid until smooth. Bring the mixture to a boil and cook and stir for 2 minutes or until thickened.",
    "Slice the roast and serve the meat smothered in the gravy!"
  ],
  "Nutrition": [
    "Calories: 401kcal",
    "Carbohydrates: 29g",
    "Protein: 40g",
    "Fat: 14g",
    "Saturated Fat: 4g",
    "Cholesterol: 105mg",
    "Sodium: 944mg",
    "Potassium: 668mg",
    "Fiber: 1g",
    "Sugar: 24g",
    "Vitamin A: 106IU",
    "Vitamin C: 2mg",
    "Calcium: 173mg",
    "Iron: 3mg"
  ],
  "Comments": [
    "Jenna says:Made this today and it was SO good! The flavor was amazing, it was so easy, the pork was so tender, and everyone raved about it! Definitely going to be on repeat!",
    "gary says:I added mini potatos, carrots and celery to the pot and it was YUMMY!!",
    "Sergio García says:Thanks for the recipe.",
    "Traci Kenworth says:Looks yummy!",
    "Jenny says:Do you use parmesan cheese in the jar or fresh?",
    "michelle says:We had this for dinner tonight. It was deelish! Thanks for the recipe.",
    "Christina says:Just made this recipe today. 5 stars!!! Really good! Wouldn’t change a thing!"
  ]
}