{
  "URL": "https://therecipecritic.com/smashed-brussels-sprouts/",
  "Summary": "Irresistibly crispy Smashed Brussels Sprouts are simple to make, loaded with delicious flavor, and have the best crunchy texture. These pair well with almost any protein and will definitely upgrade your side dish game!",
  "Metadata": [
    "Prep Time:  20minutes",
    "Cook Time:  50minutes",
    "Total Time:    1hour10minutes",
    "Servings:  4servings"
  ],
  "Ingredients": [
    "1 pound cleaned and trimmed whole Brussels sprouts",
    "¼ cup olive oil",
    "flakey salt, to taste",
    "black pepper, to taste"
  ],
  "Instructions": [
    "Preheat the oven to 425 degrees Fahrenheit and bring a large pot of salted water to a rolling boil over high heat.",
    "Par-cook the 1 pound cleaned and trimmed whole Brussels sprouts by adding them to the water and boil for 15-18 minutes. Strain the Brussels sprouts from the water and drain them in the colander for 5-10 minutes.",
    "Spread the Brussels sprouts in a single layer on a large baking sheet, drizzle with ¼ cup olive oil, and sprinkle with a couple of generous pinches of flakey salt, and freshly ground black pepper,. Toss until all the Brussels sprouts are evenly coated.",
    "Use a flat-bottomed glass or measuring cup to smash each Brussels sprout flat against the baking sheet.",
    "Roast the Brussels sprouts for 10-15 minutes. Once the underside is crispy, flip them all over and roast for another 10-15 minutes until both sides are crisp. Serve immediately."
  ],
  "Nutrition": [
    "Calories: 168kcal",
    "Carbohydrates: 10g",
    "Protein: 4g",
    "Fat: 14g",
    "Saturated Fat: 2g",
    "Polyunsaturated Fat: 2g",
    "Monounsaturated Fat: 10g",
    "Sodium: 29mg",
    "Potassium: 441mg",
    "Fiber: 4g",
    "Sugar: 2g",
    "Vitamin A: 855IU",
    "Vitamin C: 96mg",
    "Calcium: 48mg",
    "Iron: 2mg",
    ""
  ],
  "Comments": [
    "SOOTHI HORTON says:wow, it is a great dish. I will try it again and again",
    "MariJo Pollmann says:Great recipe"
  ]
}