{
  "URL": "https://therecipecritic.com/smash-burgers/",
  "Summary": "I love a good burger! Smash burgers are easy to prepare and come together so fast. If ever I'm craving a good old-fashioned burger, these smash burgers are my go-to recipe!",
  "Metadata": [
    "Prep Time:  10minutes",
    "Cook Time:  6minutes",
    "Total Time:  16minutes",
    "Servings: 4"
  ],
  "Ingredients": [
    "1.5 lbs Ground Beef (80/20)",
    "Salt and Pepper to taste",
    "4 slices American Cheese",
    "1 Tomato, sliced",
    "4 Leaves Butter Lettuce",
    "4 Brioche Buns",
    "4 tbsp Butter"
  ],
  "Instructions": [
    "Divide the ground beef evenly into 3-ounce portions and form into balls.  Cover and place in the refrigerator while you prepare the rest of the ingredients.",
    "Slice the tomato, wash the lettuce, and prepare any other ingredients that you would like on your hamburger.",
    "Butter both sides of each bun.  Toast the inside of each bun on a griddle or skillet for about 20 seconds or under golden brown.  Set aside.",
    "Heat your griddle or cast iron skillet to 400° Farhenheit.",
    "Place two balls of beef on the hot griddle or skillet.  You can cook all of the hamburgers at the same time if your griddle will fit them all.  Just work quickly because the meat cooks fast.",
    "Press the ball of meat down with a large flat metal spatula.  Get the patty as flat and thin as you can.  You'll be doubling up the patties, so don't be nervous about a thin patty.  It helps to cover the meat with a piece of parchment paper to prevent the meat from sticking to the spatula.",
    "Season with salt and pepper and cook for 2 minutes.",
    "Flip both patties with a metal spatula making sure to scrape up the crusty layer that has formed on the burger underneath.",
    "Place a slice of cheese on top of one of the patties.",
    "Cook for 1-2 more minutes.  Once the meat is cooked through, place the patty without cheese on top of the patty with cheese.   The melted cheese will be sandwiched between both patties.",
    "Prepare your hamburger by taking the bottom toasted bun and layering on your favorite condiments, followed by lettuce, tomato, and onion.",
    "Lastly, place your smashed burger on top of the layered vegetables.  The meat will help keep everything from sliding out when you eat it!  Top it with the other half of your toasted bun and enjoy!"
  ],
  "Nutrition": [
    "Serving: 1hamburger",
    "Calories: 977kcal",
    "Carbohydrates: 41g",
    "Protein: 43g",
    "Fat: 71g",
    "Saturated Fat: 35g",
    "Polyunsaturated Fat: 2g",
    "Monounsaturated Fat: 20g",
    "Trans Fat: 3g",
    "Cholesterol: 316mg",
    "Sodium: 941mg",
    "Potassium: 574mg",
    "Fiber: 0.5g",
    "Sugar: 1g",
    "Vitamin A: 1564IU",
    "Vitamin C: 4mg",
    "Calcium: 306mg",
    "Iron: 4mg"
  ],
  "Comments": [
    "Agnes says:The recipe calls for 1 lb of beef and says to divide the meet into 3-oz portions.  This would make 5 patties.  Do we not need 10 patties if we are making 5 burgers at 2 patties per burger?",
    "Alyssa Rivers says:That was a typo! I edited the recipe card, it should be 1.5 lbs to serve 4. 🙂",
    "Kasey says:These were absolutely delicious! They come together super fast and are just so easy. Thank you for another great recipe!"
  ]
}