{
  "URL": "https://therecipecritic.com/smoked-turkey/",
  "Summary": "Just in time for Thanksgiving, this perfect smoked turkey is juicy and tender with a subtle smoky flavor. A simple brine and fresh herbs make each bite burst with flavor!",
  "Metadata": [
    "Prep Time:  10minutes",
    "Cook Time:  4hours",
    "Total Time:    4hours10minutes",
    "Servings:  8people"
  ],
  "Ingredients": [
    "1 Turkey Brine Recipe optional",
    "12-15 pound whole turkey giblets and neck removed",
    "1 Tablespoon Paprika",
    "1 Tablespoon Garlic Powder",
    "1 Tablespoon Italian Seasoning",
    "1 teaspoon onion powder",
    "1 teaspoon salt",
    "1/2 teaspoon pepper",
    "1 Apple quartered",
    "1 onion quartered",
    "1 lemon sliced",
    "Fresh Rosemary"
  ],
  "Instructions": [
    "Remove the turkey from the brine and pat dry with a paper towel. *see notes",
    "Preheat the smoker to 225 degrees. In a small bowl combine the paprika, garlic powder, Italian seasoning, onion powder, salt, and pepper. Rub generously on the entire turkey.",
    "Stuff the cavity of the turkey with the apple, onion, lemon, and rosemary.",
    "Place the turkey in the smoker and smoke for 30 minutes per pound. Put the meat thermometer into the thigh without touching the bone, or about an inch into the thickest part of the breast. **see notes. Smoke until the temperature is 165 degrees.",
    "Once the turkey has reached the temperature, remove it from the smoker and let rest 10-15 minutes before carving."
  ],
  "Nutrition": [
    "Calories: 706kcal",
    "Carbohydrates: 6g",
    "Protein: 105g",
    "Fat: 27g",
    "Saturated Fat: 7g",
    "Polyunsaturated Fat: 7g",
    "Monounsaturated Fat: 9g",
    "Trans Fat: 0.3g",
    "Cholesterol: 348mg",
    "Sodium: 834mg",
    "Potassium: 1170mg",
    "Fiber: 2g",
    "Sugar: 3g",
    "Vitamin A: 728IU",
    "Vitamin C: 8mg",
    "Calcium: 73mg",
    "Iron: 5mg",
    ""
  ],
  "Comments": [
    "Taryn says:Brined for one day and smoked at 225 for 6.5 hours (13lb turkey). Made as the recipe said. Mine didn’t look like yours when it came out, the skin still looked pale, but was crispy. Turkey was super moist with a slight smokey flavor. Everyone said “this turkey slaps.” I’ll make this next year, too. Thanks for a great recipe!",
    "Laura says:I don’t have a smoker can this be cooked in the oven and for how long?",
    "Alyssa Rivers says:I would recommend this oven-baked herb turkey instead!",
    "Eric R says:Looking forward to trying this recipe!  The turkey is already in the brine as we speak!  Question about smoking…what type of wood/smoking chips do you recommend to use with this recipe?",
    "Linda says:Alyssa, thank you for the awesome recipe. I can’t wait to try it. My question is do I thaw my turkey for four days then brine it for three additional days before I smoke it?",
    "Alyssa Rivers says:Hi Linda! Yes, you’ll need to need to make sure your turkey is completely thawed before you brine it.",
    "Wayne Downs says:I used the Brine recipe and this was the beat tasting turkey I ever had. The people who visited told me it was the best ever. It did cook quicker then the recipe stated. A 19 pound turkey was doen in 6 hours",
    "Chris says:Thank you Alyssa, the turkey was amazing!  It was so smoky and flavorful,  for days after Thanksgiving too!  Question: I have a pellet grill and used Traeger Turkey Pellets. What other flavor of pellets do you recommend if I cannot get my hands on more Turkey pellets?",
    "Steve says:I used this recipe today for my firstvsmkoed turkey, and it was so good! It was really moist and delicious. I highly recommend it. Thanks Alyssa!",
    "Alyssa Rivers says:Isn’t it the best?? So happy you liked it, Steve!",
    "Dana says:This was by far the best turkey we’ve ever had. So tender and full of flavor.",
    "Rachel says:This Smoked Turkey recipe was wonderful. It was my first time smoking a turkey so I was a little nervous, but it was probably the most moist and tender turkey that I’ve ever had. Seasoning was just right. Highly recommend!"
  ]
}