{
  "URL": "https://therecipecritic.com/smoked-queso-dip/",
  "Summary": "Bring this easy and flavorful smoked queso dip to your next party or game day! Add the cheeses chorizo, Rotel, cilantro, garlic, onion, and salsa verde all into the same pan, then let the Traeger do the rest. You'll love the hint of smokiness that enhances the Mexican flavors in this dip.",
  "Metadata": [
    "Prep Time:  10minutes",
    "Cook Time:  2hours",
    "Total Time:    2hours10minutes",
    "Servings: 8"
  ],
  "Ingredients": [
    "1 pound chorizo or sausage, cooked and crumbled",
    "16 ounces Velveeta cheese, cubed",
    "8 ounces pepper jack cheese, cubed",
    "10 ounces Rotel",
    "1/2 cup red onion, finely diced",
    "2 teaspoons garlic, minced",
    "1 Jalapeno, diced (optional)",
    "1/2 bunch cilantro, finely chopped",
    "1/2 cup salsa verde",
    "milk, if needing to thin the dip",
    "tortilla chips for serving"
  ],
  "Instructions": [
    "Preheat the smoker to 250 degrees Fahrenheit.",
    "Cook 1 pound chorizo or sausage, in a skillet over medium-high heat until no longer pink.",
    "Add the cooked meat, 16 ounces Velveeta cheese, cubed, 8 ounces pepper jack cheese,, 10 ounces Rotel , 1/2 cup red onion, finely diced, 2 teaspoons garlic,1/2 bunch cilantro, finely chopped, 1 Jalapeno, diced, and 1/2 cup salsa verde to a 13X9-inch disposable aluminum pan.",
    "Cook for 1 hour, then stir the ingredients together once the cheese melts. Continue to smoke for an additional hour.",
    "After 2 hours, stir well and add milk, as needed to thin it out to your desired consistency.",
    "Serve warm with tortilla chips and enjoy!"
  ],
  "Nutrition": [
    "Serving: 0.25cup",
    "Calories: 412kcal",
    "Carbohydrates: 10g",
    "Protein: 28g",
    "Fat: 28g",
    "Saturated Fat: 15g",
    "Polyunsaturated Fat: 0.3g",
    "Monounsaturated Fat: 2g",
    "Cholesterol: 84mg",
    "Sodium: 1176mg",
    "Potassium: 336mg",
    "Fiber: 1g",
    "Sugar: 7g",
    "Vitamin A: 1135IU",
    "Vitamin C: 7mg",
    "Calcium: 552mg",
    "Iron: 2mg",
    ""
  ],
  "Comments": []
}