{
  "URL": "https://therecipecritic.com/smoky-bacon-cheddar-cheese-ball/",
  "Summary": "A delicious cheddar cheese ball packed with smoky bacon and tons of yummy flavors!",
  "Metadata": [
    "Prep Time:  15minutes",
    "Total Time:  15minutes",
    "Servings:  12Servings"
  ],
  "Ingredients": [
    "1 (8-ounce) package cream cheese, softened",
    "2 cups grated sharp cheddar cheese",
    "½ teaspoon seasoning salt",
    "½ teaspoon onion powder",
    "½ teaspoon garlic powder",
    "1 teaspoon Worcestershire sauce",
    "½ cup cooked and crumbled hickory smoked bacon",
    "⅓ cup sliced almonds"
  ],
  "Instructions": [
    "In a large mixing bowl, add 1 (8-ounce) package cream cheese, 2 cups grated sharp cheddar cheese, ½ teaspoon seasoning salt, ½ teaspoon onion powder, ½ teaspoon garlic powder, and 1 teaspoon Worcestershire sauce. Using a hand mixer, mix until well blended.",
    "Fold in ½ cup cooked and crumbled hickory smoked bacon.",
    "Form the cream cheese mixture into a ball using saran wrap.",
    "Place ⅓ cup sliced almonds on a plate then roll the cheese ball over almonds to coat the outside.",
    "Refrigerate until serving. Enjoy with crackers!"
  ],
  "Nutrition": [
    "Calories: 210kcal",
    "Carbohydrates: 2g",
    "Protein: 8g",
    "Fat: 19g",
    "Saturated Fat: 9g",
    "Cholesterol: 48mg",
    "Sodium: 352mg",
    "Potassium: 98mg",
    "Fiber: 1g",
    "Sugar: 1g",
    "Vitamin A: 443IU",
    "Calcium: 165mg",
    "Iron: 1mg",
    ""
  ],
  "Comments": [
    "Alice says:Sounds great! Can you make it ahead of time like 2 days ahead ? Will the bacon become soggy ? Thanks",
    "Ashley@blondegirlcravings says:I made the bacon ranch cheese ball for christmas, it was fantastic!",
    "Sandy_of_WV says:Is it “teaspoon” or “Tablespoon” Worcestershire sauce?Confused on the capital T with teaspoon typed.Could you make the correction.Thanks   🙂",
    "Alyssa says:Tablespoon. 🙂",
    "Michelle says:Capital T usually means tablespoon just food for thought for the future."
  ]
}