{
  "URL": "https://therecipecritic.com/smores-crack/",
  "Summary": "S'mores crack is a quick way to enjoy the classic s'more experience without a campfire. This treat will quickly become a family favorite, featuring a buttery graham cracker crust, rich melted chocolate, and toasted marshmallows.",
  "Metadata": [
    "Prep Time:  10minutes",
    "Cook Time:  6minutes",
    "Total Time:  16minutes",
    "Servings:  20people"
  ],
  "Ingredients": [
    "10 full-size graham crackers",
    "1 cup salted butter",
    "1 cup light brown sugar, packed",
    "3 chocolate bars, broken into pieces",
    "1 cup mini marshmallows"
  ],
  "Instructions": [
    "Preheat oven to 350 degrees Fahrenheit.",
    "In a 9×13 pan lined with parchment, place 10 full-size graham crackers in a single layer along the bottom, ensuring the pan is fully lined by breaking crackers if necessary.",
    "Add 1 cup salted butter and 1 cup light brown sugar, packed in a medium saucepan over medium-high heat. Stir constantly until the butter has melted. Let the mixture boil for 3-4 minutes until it starts to thicken.",
    "Pour caramel mixture evenly over the graham crackers and bake for 6-8 minutes.",
    "Remove the pan from the oven, sprinkle with the broken 3 chocolate bars, pieces, and then 1 cup mini marshmallows.",
    "Turn the oven to broil then place the pan back into the oven until the marshmallows start to get golden, about 1-2 minutes. Watch it CLOSELY, this happens very quickly because every oven is different.",
    "Allow the bars to cool and slightly harden then cut into pieces and serve."
  ],
  "Nutrition": [
    "Calories: 178kcal",
    "Carbohydrates: 18g",
    "Protein: 1g",
    "Fat: 12g",
    "Saturated Fat: 7g",
    "Polyunsaturated Fat: 0.4g",
    "Monounsaturated Fat: 3g",
    "Trans Fat: 0.4g",
    "Cholesterol: 25mg",
    "Sodium: 123mg",
    "Potassium: 60mg",
    "Fiber: 1g",
    "Sugar: 13g",
    "Vitamin A: 285IU",
    "Calcium: 20mg",
    "Iron: 1mg"
  ],
  "Comments": [
    "Brenda Beighley says:My family and my husbands family have told me I am not allowed to come to gatherings if I don’t bring these and your cream cheese snickerdoodles.",
    "Maureen says:These look so Yummy.",
    "Alyssa Rivers says:Literally, they are so good!",
    "Lesley Fitzpatrick says:Looks Easy Enough, Something My GrandKiddo’s Would Love."
  ]
}