{
  "URL": "https://therecipecritic.com/smores-bars/",
  "Summary": "Ooey Gooey S'mores Bars are a delicious treat inspired by campfire s'mores with melty marshmallow, a buttery graham cracker crust, and a rich-sweet chocolate.  These satisfying and easy to make bars are irresistible!",
  "Metadata": [
    "Prep Time:  10minutes",
    "Cook Time:  35minutes",
    "Total Time:  45minutes",
    "Servings:  12Pieces"
  ],
  "Ingredients": [
    "9 sheets graham crackers",
    "1 cup + 2 tablespoons all-purpose flour",
    "½ teaspoon salt",
    "1 cup softened butter",
    "⅔ cup brown sugar",
    "1 teaspoon vanilla extract",
    "3 ½ Hershey's chocolate bars",
    "3 ½ ounces marshmallow fluff, ½ of a jar"
  ],
  "Instructions": [
    "Preheat the oven to 350 degrees Fahrenheit. Line an 8x8-inch pan with aluminum foil or parchment paper.",
    "In a food processor, pulse the 9 sheets graham crackers until finely ground without any lumps. Combine the crumbs with the 1 cup + 2 tablespoons all-purpose flour and ½ teaspoon salt and set aside.",
    "Whisk the 1 cup softened butter and ⅔ cup brown sugar until light and fluffy, then add the 1 teaspoon vanilla extract.",
    "Add the graham cracker and flour mixture to the butter mixture and mix until incorporated.",
    "Press ⅔ of the dough into the bottom of the 8x8-inch pan and lay the 3 ½ Hershey's chocolate bars evenly across the crust.",
    "Using a small spoon, dollop the 3 ½ ounces marshmallow fluff, evenly on top of the chocolate layer. Crumble the remaining dough on top, lightly patting the dough flat to spread and flatten. Some of the marshmallow will peek through.",
    "Bake for 30-35 minutes until the top is golden brown and toothpick comes out clean. Let them completely cool before cutting. They can still be a little warm and are amazing!"
  ],
  "Nutrition": [
    "Calories: 340kcal",
    "Carbohydrates: 39g",
    "Protein: 3g",
    "Fat: 20g",
    "Saturated Fat: 12g",
    "Polyunsaturated Fat: 1g",
    "Monounsaturated Fat: 5g",
    "Trans Fat: 1g",
    "Cholesterol: 41mg",
    "Sodium: 293mg",
    "Potassium: 109mg",
    "Fiber: 2g",
    "Sugar: 21g",
    "Vitamin A: 476IU",
    "Calcium: 31mg",
    "Iron: 2mg"
  ],
  "Comments": [
    "Tina says:What size Hershey bars did you use? Regular or XL? Thank you.",
    "Alyssa Rivers says:Just regular sized Hershey bars.",
    "Katie says:SO GOOD! I have made this recipe several times and love it. I’m 34 weeks pregnant now, do you think I could make in advance and freeze? Would love to have some easy treats on maternity leave when I don’t have time for anything ❤️",
    "Alyssa Rivers says:Congratulations! Delicious snacks are a must after you have a baby! You can totally freeze these s’mores. Store them in a freezer-safe container and when you are ready to eat them, just let them thaw at room temperature. They will last about 3 months in the freezer!",
    "Sally says:Can we substitute Graham Cracker Crumbs for the flats ? If so, how much of the cracker crumbs would we need ?Can’t wait to make these !!Thank you in advance,Sally Hitchcock",
    "Alyssa Rivers says:Yes, it is about 2 cups.",
    "Jon H Klapper says:Can I just use the pre-crushed graham cracker crumbs?  If so, how many ounces?  Thanks",
    "Alyssa Rivers says:Yes, that will work great too. It is about 2 cups.",
    "Anne says:SOO good! Easy to make (my kids had fun helping!) and everyone loved. Really rich and good warm or room temp!",
    "Kristen says:Looks so delicious!! What would the crushed graham cracker amount be? I have crushed graham crackers already, and no food processor 🙁",
    "Debbie Fahnestock says:Hi Alyssa,I just got your recipe for the ooey gooey s’mores bars, and immediately pulled out all the ingredients from the cupboard to make them.  HOWEVER….I have an unopened 13.5 oz box of graham cracker crumbs, plus some left from another box, but NO whole graham crackers!    Do you know how many cups/ounces/ or grams (I live in Switzerland – so I can’t just run out to buy some more!!!) that the 9 sheets of graham crackers equals once they have been ground up in the food processor?   I’m salivating and practically drooling from wanting to make them!      I look forward to hearing back from you soon!",
    "Alyssa Rivers says:Hi in Switzerland! It is 9 sheets but even a little more will work. It is about 2 cups give or take. Hope that helps!"
  ]
}