{
  "URL": "https://therecipecritic.com/smores-dip/",
  "Summary": "S'mores Dip is an easy way to get all the ooey gooey goodness from a s'more without the roasting! This is such a fun sweet treat that everyone can enjoy without building a hot fire. ",
  "Metadata": [
    "Prep Time:  10minutes",
    "Total Time:  10minutes",
    "Servings:  10Servings"
  ],
  "Ingredients": [
    "1 (14-ounce) can sweetened condensed milk",
    "1 ½ cups chocolate chips",
    "½ cup marshmallow cream",
    "graham crackers for serving"
  ],
  "Instructions": [
    "In a microwave-safe bowl, melt 1 (14-ounce) can sweetened condensed milk and 1 ½ cups chocolate chips together, stirring every 30 seconds.",
    "Once melted, add ½ cup marshmallow cream by the spoonful and put in the microwave for another 20 seconds until the marshmallow is softened and swirl the marshmallow cream throughout, creating a marbled look.",
    "Serve immediately with graham crackers and enjoy!"
  ],
  "Nutrition": [
    "Calories: 282kcal",
    "Carbohydrates: 44g",
    "Protein: 3g",
    "Fat: 11g",
    "Saturated Fat: 7g",
    "Polyunsaturated Fat: 0.1g",
    "Monounsaturated Fat: 1g",
    "Cholesterol: 13mg",
    "Sodium: 50mg",
    "Potassium: 224mg",
    "Sugar: 41g",
    "Vitamin A: 106IU",
    "Vitamin C: 1mg",
    "Calcium: 132mg",
    "Iron: 0.1mg",
    ""
  ],
  "Comments": [
    "Jules says:One more dipping idea… just give me a spoon! 😀",
    "crystal says:Sorry, but this one is a miss.  It doesn’t taste anything like campfire s’mores, it tastes just like any other chocolate and marshmallow dessert.  It needs the caramelization of the sugar mixed with a hint of smoke flavor, that is what makes s’mores s’mores, without that, it’s just a marshmallow dessert dip.  It’s a good marshmallow dessert dip, but s’mores dip it isn’t.",
    "Mallory says:This dip was amazing! Paired with Stacys cinnamon sugar Pita chips. It was a hit at work!",
    "Melissa says:This looks amazing! Could it be kept warm in a little dippers crockpot?",
    "Jazzy says:I am trying this for the 4th of July! I’m going to cook it on stove though because I love using my stove lol! I have to make a big batch of it because I got 3 kids and a husband and father who would eat it all up!",
    "yasmin says:yummy",
    "earlene says:Had to make myself not lick the screen."
  ]
}