{
  "URL": "https://therecipecritic.com/smores-charcuterie-board/",
  "Summary": "Just in time for summer barbecues and camping trips, this s'mores charcuterie board is here to sweeten things up! It features a mix of different types of chocolate, crackers, marshmallows, and spreads so everyone in your family can create their own perfect sweet treat.",
  "Metadata": [
    "Prep Time:  20minutes",
    "Total Time:  20minutes",
    "Servings: 20"
  ],
  "Ingredients": [
    "marshmallow cream",
    "peanut butter",
    "nutella",
    "Hershey’s milk chocolate",
    "Hershey’s cookies and cream chocolate",
    "Ghiradelli caramel milk chocolate squares",
    "Resess peanut butter cups",
    "Hershey’s special dark chocolate",
    "honey graham crackers",
    "chocolate graham crackers",
    "waffle cookies",
    "Samoas cookies",
    "Keebler fudge stripes cookies",
    "Chips Ahoy chewy chocolate chip cookies",
    "marshmallows",
    "Jet-puffed s'more marshmallows or stacker mallows",
    "toasted coconut marshmallows",
    "strawberries"
  ],
  "Instructions": [
    "On a large wooden board add the bowls of dips and spreads. Arrange them evenly throughout the board.",
    "Add the cookies, graham crackers, and chocolates to the board. Evenly space the ingredients for variety.",
    "Fill in the spaces with all the marshmallows and strawberries.",
    "Serve to your guests and enjoy!"
  ],
  "Nutrition": [
    "Serving: 1s’more",
    "Calories: 200kcal",
    "Carbohydrates: 1g",
    "Protein: 0.1g",
    "Fat: 1g",
    "Saturated Fat: 1g",
    "Sodium: 1mg",
    "Potassium: 8mg",
    "Fiber: 0.1g",
    "Sugar: 1g",
    "Vitamin A: 0.1IU",
    "Calcium: 2mg",
    "Iron: 0.1mg",
    ""
  ],
  "Comments": [
    "Vanessa says:Ohhhh, I like where you are going with the Nutella strawberry chocolate marshmallow s’more!! Yum"
  ]
}