{
  "URL": "https://therecipecritic.com/smothered-pork-chops/",
  "Summary": "Smothered Pork Chops are tender, savory, and satisfyingly covered in a creamy mushroom gravy.  This one-pan dinner is the perfect comforting dinner at home that your family will love!",
  "Metadata": [
    "Prep Time:  15minutes",
    "Cook Time:  15minutes",
    "Total Time:  30minutes",
    "Servings:  4People"
  ],
  "Ingredients": [
    "2 Tablespoons Olive Oil",
    "salt and pepper for seasoning the pork chops",
    "4 pork chops",
    "6 ounces sliced mushrooms",
    "4 Tablespoons butter",
    "3 Tablespoons flour",
    "2 cups beef broth",
    "1 cup heavy cream",
    "1 Tablespoon Worcestershire sauce",
    "1 teaspoons Dijon mustard"
  ],
  "Instructions": [
    "In a medium sized skillet over medium high heat add the olive oil.  Salt and pepper the pork chops and add to the sauce pan.  Cook on each side for 4-5 minutes on each side until cooked through and golden.  Remove and set aside on a plate.",
    "Add the mushrooms and sauté for 2-3 minutes or until tender.  Set aside on plate with pork chops.",
    "Add 4 Tablespoons butter and flour to skillet and whisk until it turns brown. Slowly stir in beef broth and heavy cream. Add Worcestershire sauce and dijon mustard and bring to a simmer until sauce starts to thicken. Salt and pepper to taste.",
    "Add the pork chops and mushrooms back to the skillet and let simmer for a couple of minutes.  Serve over mashed potatoes if desired."
  ],
  "Nutrition": [
    "Calories: 670kcal",
    "Carbohydrates: 12g",
    "Protein: 34g",
    "Fat: 54g",
    "Saturated Fat: 28g",
    "Cholesterol: 211mg",
    "Sodium: 723mg",
    "Potassium: 790mg",
    "Fiber: 1g",
    "Sugar: 1g",
    "Vitamin A: 1336IU",
    "Vitamin C: 2mg",
    "Calcium: 64mg",
    "Iron: 2mg"
  ],
  "Comments": [
    "Kathy says:This was absolutely delicious! My husband who usuallly does not like creamy recipes loved it. Thank you for all your recipes & ideas!",
    "Darlene Mendoza says:Can I substitute the heavy cream with something else? I am all out of heavy cream and I am dying to make this! I am sure it won’t taste the same without it, but is there anything else I can use?",
    "Alyssa Rivers says:You can replace the amount of cream with more beef broth, it just won’t be creamy. Let me know how it turns out!",
    "julie says:I over cooked my pork (Booo!) but followed to a T and this was FANTASTIC!!!  def make again. and watch my pork more carefully.",
    "Patricia Sprinkle says:I have not tried this recipe yet. I’m wondering if you could use bone in pork chops.Thank you!",
    "Alyssa Rivers says:Hi Patricia, thank you for your question! You can use bone-in pork chops! Increase the cook time 1-2 minutes, or until the center of the chops reach 145 degrees Fahrenheit.You may want to be sure to trim any excess fat off the chops before cooking them, as bone-in pork chops tend to have more fat left on them. Let me know how it turns out!",
    "Nanda says:Just made this recipe and it was amazing and super easy and quick to make! Thank you for sharing!",
    "Melissa says:More like a 30 minute recipe, but really good.  And I measured the Dijon with my heart (meaning way more) and it was perfect.  Very easy recipe.  Thanks!"
  ]
}