{
  "URL": "https://therecipecritic.com/snickerdoodle-blondies/",
  "Summary": "We are {obsessed} with snickerdoodles of any form and these snickerdoodle blondies sounded like heaven.",
  "Metadata": [
    "Prep Time:  15minutes",
    "Cook Time:  25minutes",
    "Total Time:  40minutes",
    "Servings:  16Servings"
  ],
  "Ingredients": [
    "2 ⅔ cups all-purpose flour",
    "2 teaspoons baking powder",
    "1 teaspoon salt",
    "2 cups brown sugar, packed",
    "1 cup butter, room temperature",
    "2 eggs, room temperature",
    "1 tablespoon vanilla",
    "2 tablespoons white sugar",
    "2 teaspoons ground cinnamon"
  ],
  "Instructions": [
    "Preheat the oven to 350 degrees Fahrenheit and prepare a 9x13-inch baking dish by spraying it with cooking spray.",
    "In a mixing bowl, whisk the flour, baking powder, and salt. Set aside.",
    "In a separate bowl whisk the butter, eggs, brown sugar, and vanilla.",
    "Combine the flour mixture with the butter mixture. The batter will be thick almost like a cookie mixture.",
    "Spread the batter into the prepared baking dish. Combine the cinnamon topping ingredients and sprinkle over the top.",
    "Bake for 25-30 minutes or until the top springs back when pressed.",
    "Remove from heat and cool for at least 10 minutes before cutting and serving."
  ],
  "Nutrition": [
    "Calories: 299kcal",
    "Carbohydrates: 45g",
    "Protein: 3g",
    "Fat: 12g",
    "Saturated Fat: 7g",
    "Cholesterol: 51mg",
    "Sodium: 263mg",
    "Potassium: 133mg",
    "Fiber: 1g",
    "Sugar: 28g",
    "Vitamin A: 384IU",
    "Calcium: 63mg",
    "Iron: 1mg",
    ""
  ],
  "Comments": [
    "Tracy says:These are absolutely delicious! And even better, they are super easy to make and there are no weird ingredients. My 11-year old daughter made these for us last night and I wanted to eat the whole pan 🙂",
    "Rebecca says:I just came across this recipe and decided to give it a try, it came out amazingly!  I only had one egg in my fridge, so I subbed 1/4 cup of applesauce for the second egg.  The applesauce I had happened to be cinnamon flavor, so I think it just made these snickerdoodles taste even better!  I will probably be making them that way again the next time I decide to whip up a batch of these.  I was in an extra sweet mood and decided to add some chocolate chips into the batter as well.  It was heavenly",
    "Shannon says:THESE. ARE. PERFECTION. I’ve made them so many times in the last year – I should feel bad but I don’t! Simple and delicious – anyone can make this 🙂 Great recipe!",
    "Summer Blizzard says:Thank you for sharing this recipe. I made these a few months ago and have been asked many times to make them again. Got a little crazy at Valentine’s Day and used red sugar… not a good idea. Wasn’t as pretty after it baked. My 7 year old thinks they are the best.",
    "Holly Lefevre says:Oh man…how delicious. I have never made a snickedoodle or a blondie…I need to make these so I can cross that off my baking bucket list!",
    "Courtney B says:I just had a baby and really should be dieting to get my body back…. but oh well! I’m making these tomorrow 🙂And now for the creepy part of the comment 🙂 I was on Facebook and writing Happy Birthday to a dear neighbor of my parents, when I noticed a comment just below mine. That neighbor is totally your uncle 🙂 Small world! And I promise I’m not a creeper! I just recognized your name since I always read your blog 🙂",
    "Alyssa Rivers says:Oh my heck I just went and stalked you on my Uncles wall and I have been stalking your blog forever now!  I have been following even before you were preggo.  Dang maybe we are on FB friend request status now!  I feel like I know you!  Lol  Congrats on that gorgeous baby girl!!",
    "Aimee Shugarman says:Oh yum, I love snickerdoodles, and even better when they are in bar form. It’s a perfect marriage between the snickerdoodle and blondie!!",
    "vicki says:No cream of tartar?  Thought it was mandatory with Snickerdoodles."
  ]
}