{
  "URL": "https://therecipecritic.com/snickerdoodle-muddy-buddies/",
  "Summary": "Churro Chex Mix uses cinnamon and sugar mixed with white chocolate to coat the crunchy cereal! It's the perfect snack for game day, road trips, or when that sweet tooth hits!",
  "Metadata": [
    "Prep Time:  10minutes",
    "Total Time:  10minutes",
    "Servings:  12people"
  ],
  "Ingredients": [
    "4 cups rice Chex cereal",
    "4 cups cinnamon Chex cereal",
    "1 (11-ounce) package white chocolate chips",
    "½ cup unsalted butter",
    "1 cup powdered sugar",
    "½ cup granulated sugar",
    "3 teaspoons ground cinnamon"
  ],
  "Instructions": [
    "Add 4 cups rice Chex cereal and 4 cups cinnamon Chex cereal into a large bowl. Gently stir to combine the two flavors and set aside.",
    "Add 1 cup powdered sugar, ½ cup granulated sugar, and 3 teaspoons ground cinnamon to a small bowl. Stir to combine and set aside.",
    "Add ½ cup unsalted butter into a medium-sized saucepan over low heat. Once the butter starts to melt, stir in 1 (11-ounce) package white chocolate chips. Stir continuously until the mixture is melted and smooth. Be careful not to burn the chocolate!",
    "Pour the chocolate mixture over the cereal in the bowl. Gently stir until the cereal is evenly coated. Transfer the coated cereal to a large Ziplock bag.",
    "Sprinkle the powdered sugar mixture over the coated cereal in the bag. Seal the bag and shake to coat the cereal well. Store the Chex mix in a Ziplock bag before serving and enjoying!"
  ],
  "Nutrition": [
    "Calories: 208kcal",
    "Carbohydrates: 34g",
    "Protein: 1g",
    "Fat: 8g",
    "Saturated Fat: 5g",
    "Polyunsaturated Fat: 0.4g",
    "Monounsaturated Fat: 2g",
    "Trans Fat: 0.3g",
    "Cholesterol: 20mg",
    "Sodium: 147mg",
    "Potassium: 39mg",
    "Fiber: 1g",
    "Sugar: 20g",
    "Vitamin A: 571IU",
    "Vitamin C: 4mg",
    "Calcium: 74mg",
    "Iron: 6mg",
    ""
  ],
  "Comments": []
}