{
  "URL": "https://therecipecritic.com/snickerdoodle-cobbler/",
  "Summary": "Snickerdoodle cobbler is loaded with cinnamon and creates its own caramel sauce while it bakes! It's soft, sweet and so delicious. It makes the perfect fall dessert that all of your guests will be dying to try! ",
  "Metadata": [
    "Prep Time:  10minutes",
    "Cook Time:  45minutes",
    "Total Time:  55minutes",
    "Servings: 9"
  ],
  "Ingredients": [
    "1 cup all purpose flour",
    "1 1/2 teaspoons baking powder",
    "1/2 teaspoon salt",
    "1 teaspoon ground cinnamon",
    "3/4 cup light brown sugar",
    "1/2 cup whole milk",
    "2 tablespoons unsalted butter melted",
    "1 teaspoon vanilla extract",
    "3/4 cup light brown sugar",
    "1/4 teaspoon salt",
    "1 teaspoon ground cinnamon",
    "1 cup hot water"
  ],
  "Instructions": [
    "Preheat oven to 350 degrees. Grease an 8×8 baking dish and set aside.",
    "In a medium mixing bowl add the flour, baking powder, salt, ground cinnamon, light brown sugar. Stir with a fork or whisk to mix.",
    "Pour in milk, butter, and vanilla extract. Stir to combine.",
    "Pour the batter into the prepared baking dish.",
    "In a small bowl combine the topping ingredients: light brown sugar, salt, and ground cinnamon. Mix with fork until combined. Sprinkle the sugar mixture over the top of the cake batter.",
    "Pour hot water over the entire cake, make sure you are covering the entire cake evenly.",
    "Bake for 40-45 minutes. Allow to cool for about 5 minutes. Serve warm with ice cream and enjoy!"
  ],
  "Nutrition": [
    "Calories: 223kcal",
    "Carbohydrates: 48g",
    "Protein: 2g",
    "Fat: 3g",
    "Saturated Fat: 2g",
    "Cholesterol: 8mg",
    "Sodium: 211mg",
    "Potassium: 82mg",
    "Fiber: 1g",
    "Sugar: 36g",
    "Vitamin A: 100IU",
    "Calcium: 52mg",
    "Iron: 1mg",
    ""
  ],
  "Comments": [
    "Anthony says:Is it worth making? Yes. Is it a cobler? No. It is a cinnamon bread with gooey cinnamon underneath. Doesn’t sound bad right? It is very good as long as you know upfront it won’t be a cobler. I think it would be great as a breakfast. We enjoyed it and if I make again would be repurposed as a breakfast rather than a dessert. I followed exactly as written.",
    "Nicole says:Made this tonight and it was delicious! Followed the recipe exactly as it was written! Will be making again for dessert and breakfast!",
    "Karen says:So easy and so good!",
    "Caroline Beth says:I am about to make this recipe and I’m stuck. Some comments say it’s runny and add less water. Others say it’s perfect and was delicious. If you have had made this recipe please let me know what I should do. Thanks!!",
    "Dayzjanay Biscos says:Just made this dessert tonight. Followed the recipe exactly as it was stated! Turned out fluffy and delicious! What a PERFECT dessert recipe and VERY easy! Will be making this again soon! Thank you for this wonderful recipe!",
    "Tracy Schwartz says:HI-  I am baking this right now and even though the toothpick inserted in the middle came out dry, it looks like its sloshing around just under the surface – i’m not sure if I should let it bake more, or if it’s done?  It smells great and looks like the picture but I don’t know how it’s going to come out……… stay tuned!",
    "Denise says:So delicious! I was nervous after reading the reviews that said it is runny, but I followed the recipe exactly & the sauce at the bottom was thick, rich & a perfect buttery consistency.  I did let it cool about 15-20 minutes (while we ate dinner) before serving. Thanks for sharing your recipe!",
    "Carissa says:I cut the water in half and did 2/3 cup of milk instead of 1/2.  This ultimately turned out to be very tasty.  The cobbler itself doesn’t have a very strong cinnamon flavor, but I like it that way.  All in all, a big hit with the family.",
    "Emma P says:This was AMAZING. A number of commenters said the proportions seemed off, and it did seem like there was hardly any batter and a ton of water, but I stuck it out and it turned out PERFECTLY. Sadly we did not have ice cream in the house but poured some half and half over it…oh my. Will be replicating this again tonight!",
    "Susie says:Yowza! That was the weirdest recipe ever, but SOOOOOO GOOOOOD!",
    "Allison Blackman says:Followed all the instructions and added one apple (diced). It was soooooo bomb!!",
    "Joy says:Can i make this in advance? This sounds amazing!",
    "Alyssa Rivers says:I am not sure how far in advance you are wanting to make this but the morning of or the night before may be best. The fresher the better with this cobbler. XOXO",
    "Fgutz12 says:Followed the recipe to the t, with one exception; I shifted the dry ingredients before adding milk and vanilla. I beat the mixture until just combined and that seemed to do the trick for a little looser batter. Cake came out moist and the caramel was spot on delicious!",
    "Alyssa Rivers says:That is so great to hear!! I love this! Thanks for sharing! XOXO",
    "Mountain says:This recipe is a good idea but the proportions are way off.  The batter is VERY thick, needs a bit more milk.  And there is WAY too much hot water poured on top.  Seemed wrong when I was doing it and I should have listened to my gut.  When it was done cooking there was a solid inch of thin, watery “caramel” sauce under a half inch of dense cake. Halve the water, add a bit more milk to the batter and you have a winner.",
    "C. Mullican says:It’s tasty, but the proportions seem off somehow.  The cobbler part is thinner than it looks in your picture — about half as thick — and there seems to be a lot of sauce, which is very thin. The batter was very thick, too; more a “spread” than a “pour”.",
    "Ro Gibson says:No eggs?"
  ]
}