{
  "URL": "https://therecipecritic.com/snickers-caramel-apple-salad/",
  "Summary": "Snickers salad is perfect for any potluck! It's a mixture of snickers bites and apples, all covered in a vanilla cool whip and topped with chocolate and caramel sauce.  This perfectly sweet and salty salad is so delicious and surprisingly easy to make!",
  "Metadata": [
    "Prep Time:  20minutes",
    "Chill:  1hour",
    "Total Time:    1hour20minutes",
    "Servings:  10Servings"
  ],
  "Ingredients": [
    "2 green apples chopped into 1-inch pieces",
    "2 red apples chopped into 1-inch pieces",
    "6 king size Snickers bars  OR 12 snack size Snickers bars",
    "1 container instant vanilla pudding mix 5 ounces, not prepared",
    "12 ounces cool whip thawed",
    "1/3 cup caramel ice cream topping",
    "1/4 cup peanuts chopped",
    "2 tablespoons chocolate syrup"
  ],
  "Instructions": [
    "Mix together cool whip and pudding mix until smooth.",
    "Chop the snickers and apples up into bite-sized pieces. Add them to whipped topping mixture and stir in.",
    "Drizzle with caramel sauce and chocolate syrup and sprinkle with chopped peanuts. Chill at least 1 hour before serving. Enjoy!"
  ],
  "Nutrition": [
    "Calories: 470kcal",
    "Carbohydrates: 68g",
    "Protein: 7g",
    "Fat: 20g",
    "Saturated Fat: 7g",
    "Polyunsaturated Fat: 3g",
    "Monounsaturated Fat: 7g",
    "Trans Fat: 0.3g",
    "Cholesterol: 14mg",
    "Sodium: 217mg",
    "Potassium: 375mg",
    "Fiber: 4g",
    "Sugar: 54g",
    "Vitamin A: 215IU",
    "Vitamin C: 4mg",
    "Calcium: 112mg",
    "Iron: 1mg",
    ""
  ],
  "Comments": [
    "Sabrina says:this is certainly different, at least for me, thank you, and very nice",
    "Jenelle says:Needs twice the amount of cool whip listed.",
    "Annetta Whitt says:Perfect dessert. I am pretty sure that is really delicious. I love you putted some chocolate and caramel, that is my favorite. Thank you.",
    "Ashton says:One of my faves!! Pinned 🙂"
  ]
}