{
  "URL": "https://therecipecritic.com/snickers-brownies/",
  "Summary": "An amazing fudgy brownie that is layered with caramel, peanuts, and nougat and tastes exactly like a Snickers!!",
  "Metadata": [
    "Prep Time:  20minutes",
    "Cook Time:  15minutes",
    "Total Time:  35minutes",
    "Servings:  16Brownies"
  ],
  "Ingredients": [
    "3 ounces unsweetened chocolate, chopped",
    "½ cup unsalted butter",
    "⅔ cup all-purpose flour",
    "¼ teaspoon baking soda",
    "¼ teaspoon salt",
    "2 ¼ cups granulated sugar, divided",
    "2 large eggs",
    "1 teaspoon vanilla extract",
    "1 (12-ounce) bag Kraft Caramels",
    "⅔ cup evaporated milk, divided",
    "1 cup salted peanuts, chopped",
    "⅓ cup unsalted butter",
    "1 (7-ounce) container marshmallow creme",
    "¼ cup creamy peanut butter",
    "1 (12-ounce) package milk chocolate chips 12 oz.",
    "¼ cup butter",
    "¼ cup heavy cream"
  ],
  "Instructions": [
    "Preheat oven to 350 degrees Fahrenheit. Line a 9x13-inch pan with aluminum foil or parchment paper and spray lightly with cooking spray. Set aside.",
    "In a microwave-safe bowl, combine ½ cup butter and the coarsely chopped unsweetened chocolate.",
    "Melt the chocolate in 30-second increments stirring after each time until it is melted and smooth. Set aside and allow to cool slightly.",
    "In a medium sized mixing bowl, whisk together flour, baking soda, and salt. Stir 1 cup of sugar into the melted chocolate, then stir in eggs and vanilla.",
    "Combine the chocolate mixture with the flour mixture and mix until it just comes together.",
    "Pour the batter into the prepared pan and spread evenly. Bake for 15- 17 minutes. Cool Completely.",
    "In a microwave-safe bowl add the caramels and 2 tablespoons of evaporated milk. Microwave on high stirring every 30 seconds until melted and smooth.",
    "Stir in the chopped peanuts. Spread the caramel nut mixture over the cooled brownies. Put in the freezer to let it set before putting the nougat layer on.",
    "Add 1 ¼ cup sugar, the remaining evaporated milk (½ cup plus 2 tsp), and ⅓ cup butter to a saucepan. Turn the heat to medium-high and bring the mixture to a boil, stirring frequently, then reduce heat to medium.",
    "Simmer uncovered for 5 minutes without stirring. Remove from heat and stir in the marshmallow cream and peanut butter. r.",
    "Remove your pan from the freezer and spread the nougat layer on top of the caramel layer. Place the pan back in the freeze",
    "In a microwave-safe bowl combine chocolate chips, butter, and heavy cream. Heat in 30-second increments stirring every time until melted and smooth. Spread evenly over the nougat layer.",
    "Put the pan back into the freezer to let the chocolate layer set up. Cut into squares and store in the refrigerator."
  ],
  "Nutrition": [
    "Calories: 545kcal",
    "Carbohydrates: 64g",
    "Protein: 8g",
    "Fat: 31g",
    "Saturated Fat: 16g",
    "Cholesterol: 66mg",
    "Sodium: 216mg",
    "Potassium: 223mg",
    "Fiber: 3g",
    "Sugar: 53g",
    "Vitamin A: 548IU",
    "Vitamin C: 1mg",
    "Calcium: 101mg",
    "Iron: 2mg"
  ],
  "Comments": [
    "carol says:These look amazing.  What size jar of marshmellow creme do you use?",
    "Alyssa says:7 ounce.",
    "Julie @ Lovely Little Kitchen says:Oh those layers!  These are so dreamy.  I would have to give them away too!",
    "Matt Robinson says:Absolutely awesome, these look incredible! Great pics.",
    "Heather @ Shards of Lavender says:These brownies look perfect with all their layers!  We love snickers, so will be trying these soon.  Is the jar of marshmallow crème a small one?  Thank you!",
    "Jenn@eatcakefordinner says:Ummm. . . yes, please 🙂  I want these now.",
    "JenG says:Silly question. Around here I can get two sizes of containers for marshmallow cream/fluff: small (7oz) and large (13oz). To which size is the recipe referring? I’m assuming it’s the former, but please confirm. Thanks! 🙂",
    "Alyssa says:I used the 7 ounce. 🙂"
  ]
}