{
  "URL": "https://therecipecritic.com/snickers-cheesecake-bars/",
  "Summary": "With a rich Oreo crust and Snickers-filled cheesecake topping, these Snickers cheesecake bars are one of the best desserts out there! They're creamy, chocolatey, and sure to be loved by everyone! This is your sign to make a double batch.",
  "Metadata": [
    "Prep Time:  15minutes",
    "Cook Time:  40minutes",
    "Refrigerate Time:  3hours",
    "Total Time:    3hours55minutes",
    "Servings:  16Bars"
  ],
  "Ingredients": [
    "25 Oreos about 2 1/2 cups crushed Oreos",
    "1/4 cup butter melted",
    "16 ounces cream cheese softened to room temperature",
    "1/4 cup  sour cream",
    "1 large egg",
    "1/4 cup sugar",
    "1 teaspoon vanilla extract",
    "6 ounces snicker bars chopped (about 1.5 cups total)",
    "1/2 cup milk chocolate chips"
  ],
  "Instructions": [
    "Preheat oven to 350 degrees. Prepare a 8×8 baking pan by lining it with aluminum foil allowing the sides to overhang for easy removal.",
    "In a food processor add the Oreos and pulse until they are a fine crumb.  In a mixing bowl combine crushed oreos and butter.  Press into the bottom of your pan and bake for 8 minutes.  Remove from the oven and let cool.",
    "In a medium sized mixing bowl, Beat the cream cheese, sour cream, egg, sugar and vanilla together until combined and smooth.",
    "Fold in the chopped snickers and spread over the crust. Top with chocolate chips and bake it doe 30-35 minutes or until cheesecake is set.",
    "You have to cool completely in the refrigerator for 3 hours. The waiting is the hardest part. Once cooled, lift the foil out of the pan and cut into small squares. Enjoy!"
  ],
  "Nutrition": [
    "Calories: 445kcal",
    "Carbohydrates: 44g",
    "Protein: 6g",
    "Fat: 28g",
    "Saturated Fat: 13g",
    "Cholesterol: 57mg",
    "Sodium: 300mg",
    "Potassium: 213mg",
    "Fiber: 2g",
    "Sugar: 34g",
    "Vitamin A: 582IU",
    "Vitamin C: 1mg",
    "Calcium: 78mg",
    "Iron: 2mg"
  ],
  "Comments": [
    "PAM says:I actually made these last night and they were a huge success.  They were gone by tonight, so,  I made them again.  Now that I’ve tasted them your right waiting is the hardest  part.  Thank you !!",
    "Calandra says:I just made these, they are in the oven as I type. I’m SO excited to try them!!!",
    "Hailee says:Do you think you could use the greek yogurt cream cheese or Neufchatel  in place of regular cream cheese?",
    "Mikah Lawrence says:EXCELLENT",
    "Eleni says:I just made this the other day and it was delicious! I couldn’t find the snack size snickers so I chopped up 3 regular sized snickers bars which seemed to be a good equivalent to the mini ones.",
    "Eleni says:I just made this the other day and ot was delicious! I couldn’t find the snack size snickers so I chopped up 3 regular sized snickers bars which seemed to be a good equivalent to the mini ones.",
    "Jess P. says:Alyssa, thank you so much for sharing your wonderful blog with the world! I am thrilled to have found this site! I love trying new recipes, especially desserts, so your blog has been my new go-to place. So far I’ve tried the caramel brownies and the cheesecake bars pictured above. Oh my goodness! So delicious and easy! Besides singing your praises, I did have one question about the cheesecake bars. When they are completely done cooking, it says to let them set in the fridge for three hours. How long do you wait before putting the bars in the fridge? Do you let them cool to room temperature first or place them in still warm? I’ve never made any type of cheesecake these before so sorry if this is a silly question. When I made them, I put the bars in the fridge when they were quite warm. They turned out great, but I’m still interested to get your take on this. Thanks again for your wonderful blog!",
    "Trish - Mom On Timeout says:Oh girl!  These look outrageously delicious!",
    "Liz Fourez says:Yeah, I definitely just gained 5 pounds! These look SO worth it though!!",
    "Ashley @CenterCutCook says:OMG… these look incredible! And yes, I do think I just gained 10 pounds looking at these images! 😉",
    "TiffanyAzure@CremedelaCrumb says:Pulling out the fat jeans, thanks Alyssa. . .   ;). Dang woman,  you’ve outdone yourself, these are screaming of deliciousness!!",
    "Christina @ The Beautiful Balance says:Holy sugar coma, I need this in my life!  This looks amazing!",
    "Averie @Averie Cooks says:I’ve always wanted to make this recipe of Sally’s. Her bars always look so good! What a perfect summertime treat!",
    "Jessica@AKitchenAddiction says:These look incredible! Snickers cheesecake is my husband’s favorite, I’ll have to make these for him soon!",
    "sally @ sallys baking addiction says:So glad you made my recipe! These are one of the most popular cheesecake bars I have in my recipe archive. I love Snickers! What did you end up adapting?",
    "melissa says:i made this ones but instead of oreos i made it  with  a layer of chewie brownies"
  ]
}