{
  "URL": "https://therecipecritic.com/snickerdoodle-cookies/",
  "Summary": "These snickerdoodle are delightfully soft and full of delicious cinnamon flavor! They are SOO GOOD and you won't be able to stop at just one! ",
  "Metadata": [
    "Prep Time:  45minutes",
    "Cook Time:  10minutes",
    "Total Time:  55minutes",
    "Servings:  30Cookies"
  ],
  "Ingredients": [
    "3 cups all-purpose flour",
    "2 teaspoons cream of tartar",
    "1 teaspoon baking soda",
    "½ teaspoon salt",
    "1 cup unsalted butter softened, but not too soft",
    "1 ½ cups granulated sugar",
    "2 large eggs",
    "1 tablespoon vanilla extract",
    "⅓ cup granulated sugar",
    "1 ½ tablespoons ground cinnamon"
  ],
  "Instructions": [
    "Preheat the oven to 375 degrees Fahrenheit and line a baking sheet with parchment paper.",
    "In a medium-sized bowl, whisk together 3 cups all-purpose flour, 2 teaspoons cream of tartar, 1 teaspoon baking soda, and ½ teaspoon salt. Set aside.",
    "In another medium-sized bowl, add 1 cup unsalted butter and 1 ½ cups granulated sugar. Using a hand mixer, mix together until pale and fluffy, about 4-5 minutes. Add 2 large eggs and 1 tablespoon vanilla extract and mix for another 2 minutes. Be sure to scrape down the sides of the bowl to make sure everything is well combined.",
    "Add the flour mixture into the butter mixture and mix until fully combined. Cover the bowl with plastic wrap and chill for 30 minutes.",
    "While the dough chills, combine ⅓ cup granulated sugar and 1 ½ tablespoons ground cinnamon in a small bowl.",
    "Form the dough into equal 1-inch sized balls. Roll in the cinnamon sugar and coat evenly. Place the coated balls on the prepared baking sheet keeping about 2 inches between them.",
    "Bake for 10 minutes. The cookies will look quite underbaked, but that's how they should look! Allow to cool for a few minutes on the pan before transferring to a cooling rack."
  ],
  "Nutrition": [
    "Calories: 155kcal",
    "Carbohydrates: 22g",
    "Protein: 2g",
    "Fat: 7g",
    "Saturated Fat: 4g",
    "Polyunsaturated Fat: 1g",
    "Monounsaturated Fat: 2g",
    "Trans Fat: 1g",
    "Cholesterol: 29mg",
    "Sodium: 81mg",
    "Potassium: 55mg",
    "Fiber: 1g",
    "Sugar: 12g",
    "Vitamin A: 208IU",
    "Vitamin C: 1mg",
    "Calcium: 10mg",
    "Iron: 1mg",
    ""
  ],
  "Comments": [
    "Erica says:So fantastic! Made these months ago and just found the recipe again so I can make them today!",
    "Olivia Mosher says:The cookies were good… but dry. I under cooked them and they were still dry and crumbly.",
    "Susan says:Try reducing the flour to 2 2/3 cups and swapping out 1/2 cup of the white sugar with light brown sugar. Makes a more moist and chewy cookie. Bake at 350 instead of 375. For a softer cookie, bake 9 mins. For a crispier, chewy cookie, 11 mins. Hope you give it another try and it turns out better for you.",
    "Kathy Thomas says:Truly the best Snickerdoodles I’ve ever tasted!!!  My family loved them!!!"
  ]
}