{
  "URL": "https://therecipecritic.com/snow-kiss-cookies/",
  "Summary": "Snow Kiss Cookies are buttery cookies with walnuts that just melt in your mouth.  They get dusted in powdered sugar and are are such an amazing classic cookie! ",
  "Metadata": [
    "Prep Time:  15minutes",
    "Cook Time:  10minutes",
    "Total Time:  25minutes",
    "Servings:  24Cookies"
  ],
  "Ingredients": [
    "1 cup unsalted butter",
    "½ cup granulated sugar",
    "1 teaspoon vanilla extract",
    "½ teaspoon salt",
    "¼ cup walnuts",
    "1¾ cup all-purpose flour",
    "½ cup powdered sugar for coating your cookies"
  ],
  "Instructions": [
    "In a medium sized mixing bowl add 1 cup unsalted butter, ½ cup granulated sugar, 1 teaspoon vanilla extract and  ½ teaspoon salt together in bowl. Beat until it is fluffy and incorporated 1-2 minutes.",
    "Place ¼ cup walnuts in a food processor and pulse until fine crumbs. Add this mixture to the butter, sugar, and salt.  Add 1¾ cup all-purpose flour slowly to the mixture and mix until combined.",
    "Wrap the dough in seran wrap and put it in the fridge for 1-2 hours to chill.",
    "After chilled, preheat oven to 325 degrees Fahrenheit. Drop the dough by small scoops onto parchment lined cookie sheets.",
    "Bake for 10 minutes. Take them out and let them cool on a cooling rack. Once cooled, roll them in ½ cup powdered sugar. Enjoy!"
  ],
  "Nutrition": [
    "Calories: 58kcal",
    "Carbohydrates: 11g",
    "Protein: 1g",
    "Fat: 1g",
    "Saturated Fat: 1g",
    "Cholesterol: 1mg",
    "Sodium: 49mg",
    "Potassium: 15mg",
    "Fiber: 1g",
    "Sugar: 4g",
    "Calcium: 3mg",
    "Iron: 1mg"
  ],
  "Comments": [
    "Jean says:Could I use crushed pecans instead of walnuts?",
    "Alyssa Rivers says:You definitely can!",
    "Patricia says:Have made these for years everyone loves them",
    "Elena says:Can I use Diamond Finely Diced Walnuts ?",
    "Alyssa Rivers says:Sure! That sounds delicious!",
    "Nadia Nasirat says:I really love your recipes, one thing I would like to ask is if it’s possible to write the weight of ingredients. Thank you for what you do, you’re great.",
    "Shirley says:Recipe calls for 2 sticks of butter.What would the measurement be in cups? Our butter is not sold in sticks. It is 1lb. blocks. Thank you in advance for your quick response. I would like to make these before Xmas next week.",
    "Alyssa Rivers says:That would be one cup of butter!",
    "Deanna Michaud says:So delicious! I substituted roasted salted almonds for the roasted walnuts.  Wonderful and no difference in salt taste from previous time I made them with the unsalted walnuts.",
    "tom says:Do you put raw chicken or cooked chicken in your slow cooker chicken and mushroom stroganoff?",
    "Cheer says:These are always a must do for our holiday, but the recipe I have used most of the time uses powdered sugar in the dough.  I see you used regular granulated sugar.  I wonder if that will create more of sandy mouth feel with the cookie, something more along the lines of shortbread.  I think I will try your recipe and see what the difference in texture might be.  It may not affect them at all, have you ever used powdered sugar in the dough?  Thanks for sharing!",
    "Alyssa Rivers says:The powered sugar may leave it more crumbly and also a different texture. Let me know how it turns out! XOXO",
    "Joe says:I made these cookies but no way are they done in 10 mins. in the oven…more like 20mins. at 325 degreesF"
  ]
}