{
  "URL": "https://therecipecritic.com/sock-it-to-me-cake/",
  "Summary": "This Sock It to Me Cake is a moist, buttery Southern bundt cake with a delicious cinnamon-sugar pecan layer swirled through the middle. ",
  "Metadata": [
    "Prep Time:  30minutes",
    "Cook Time:    1hour20minutes",
    "Total Time:    1hour50minutes",
    "Servings:  12servings"
  ],
  "Ingredients": [
    "3 cups all-purpose flour",
    "½ teaspoon baking soda",
    "½ teaspoon salt",
    "3 cups granulated sugar",
    "1 cup unsalted butter",
    "6 large eggs",
    "1 cup sour cream",
    "1 tablespoon vanilla extract",
    "1 cup chopped pecans",
    "½ cup packed brown sugar",
    "2 teaspoons ground cinnamon",
    "1 cup powdered sugar",
    "3 tablespoons milk"
  ],
  "Instructions": [
    "Preheat the oven to 325 degrees Fahrenheit. Prepare a bundt pan by using a paper towel to coat the inside with melted shortening and a light dusting of flour (or granulated sugar) over that, tapping out the excess. You may alternatively use a baking spray that has flour in it.",
    "Sift together 3 cups all-purpose flour, ½ teaspoon baking soda, and ½ teaspoon salt in a medium bowl and set aside.",
    "In a stand mixer, beat 3 cups granulated sugar and 1 cup unsalted butter until light and fluffy, scraping down the sides and bottom of the bowl as needed.",
    "Add 6 large eggs one at a time and beat well after each addition, followed by 1 cup sour cream and 1 tablespoon vanilla extract. Scrape down the bottom and sides of the bowl.",
    "On low speed, gradually add in the flour mixture until fully combined.",
    "Combine 1 cup chopped pecans, ½ cup packed brown sugar, and 2 teaspoons ground cinnamon in a small bowl.",
    "Pour half of the batter into the prepared bundt pan and spread it out evenly.",
    "Sprinkle the pecan mixture evenly over the batter before topping with the remaining batter and smooth it over the top.",
    "Bake for about 80 minutes, or until a toothpick comes out nearly completely clean from the center of the cake, with only a few crumbs clinging to it. Let the cake cool in the pan for only 5 minutes before inverting it onto a cooling rack and removing the pan to let it cool completely.",
    "Once the cake has cooled, make the glaze by whisking 1 cup powdered sugar and 3 tablespoons milk together in a small bowl until smooth. Drizzle over the top of the cake."
  ],
  "Nutrition": [
    "Calories: 654kcal",
    "Carbohydrates: 96g",
    "Protein: 8g",
    "Fat: 28g",
    "Saturated Fat: 13g",
    "Polyunsaturated Fat: 3g",
    "Monounsaturated Fat: 9g",
    "Trans Fat: 1g",
    "Cholesterol: 134mg",
    "Sodium: 187mg",
    "Potassium: 152mg",
    "Fiber: 2g",
    "Sugar: 70g",
    "Vitamin A: 723IU",
    "Vitamin C: 0.3mg",
    "Calcium: 64mg",
    "Iron: 2mg",
    ""
  ],
  "Comments": [
    "JH says:What can you replace the eggs with?",
    "Alyssa Rivers says:The best substitute I have found is the flaxseed method, mixing one tablespoon of ground flaxseed with three tablespoons of water that is to replace 1 egg. You let them soak and become gooey. Let me know how it turns out!",
    "Sandi says:Wow Alyssa- I remember this Duncan Hines cake! (Showing my age here, lol). Grateful for the recipe post- I’ll be making it soon and let you know how it turned out. 🙂",
    "Alyssa Rivers says:Sandi, thank you for commenting and letting me know you remember! That seriously just made my day! Please make it and let me know if it tastes like how you remember!"
  ]
}