{
  "URL": "https://therecipecritic.com/soda-bread/",
  "Summary": "This traditional no yeast bread recipe is a crumbly dense bread with a slightly sweet taste. With only a few pantry and refrigerator staples required, this delicious traditional soda bread can be made easily and is one everyone will enjoy.",
  "Metadata": [
    "Prep Time:  15minutes",
    "Cook Time:  45minutes",
    "Resting Time:  10minutes",
    "Total Time:    1hour10minutes",
    "Servings:  12Slices"
  ],
  "Ingredients": [
    "1 ¾ Cup Buttermilk",
    "1 Large Egg",
    "4 ¼ Cup all-purpose flour",
    "2 Tablespoons Granulated Sugar",
    "1 Teaspoon Baking Soda",
    "1 Teaspoon Salt",
    "5 Tablespoons Unsalted Butter chilled and cubed",
    "1 Cup Currants or Raisins optional"
  ],
  "Instructions": [
    "Preheat the oven to 400°. Get out a 10 to 12-inch cast-iron skillet or line a baking sheet with parchment paper. Alternatively, you can use a 9-10 inch cake pan that has been lightly greased.",
    "In a small bowl, beat the buttermilk and egg together until combined and set aside.",
    "In a large bowl whisk together the flour, sugar, baking soda, and salt until combined. Add the cubed butter to the flour mixture and cut in using a pastry cutter or fork. Work the butter into the flour until it becomes crumbly. Stir in currants or raisins.",
    "Pour the buttermilk mixture into the flour mixture and fold using a spatula until the dough becomes thick. Lightly flour your hands and remove the dough from the bowl onto a floured surface. Gently knead the dough for about 1 minute until all the flour has been incorporated.",
    "Place the dough onto the cast iron skillet or prepared pan and use a very sharp knife to cut an X on top.",
    "Bake for 45 minutes until the bread becomes a nice golden-brown color all over. If it begins to brown too quickly, place a loose tent of foil over the top. The internal temperature should be 190-200F.",
    "Remove from the oven and let cool for at least 10 minutes before slicing."
  ],
  "Nutrition": [
    "Serving: 1slice",
    "Calories: 238kcal",
    "Carbohydrates: 38g",
    "Protein: 6g",
    "Fat: 7g",
    "Saturated Fat: 4g",
    "Polyunsaturated Fat: 1g",
    "Monounsaturated Fat: 2g",
    "Trans Fat: 1g",
    "Cholesterol: 30mg",
    "Sodium: 328mg",
    "Potassium: 101mg",
    "Fiber: 1g",
    "Sugar: 4g",
    "Vitamin A: 223IU",
    "Calcium: 50mg",
    "Iron: 2mg",
    ""
  ],
  "Comments": [
    "Tracy says:Made it just now. Smells delicious. Can’t wait to try it!",
    "Alyssa Rivers says:Oooh, I wish I were there to eat some! It’s so good!"
  ]
}