{
  "URL": "https://therecipecritic.com/soft-peanut-butter-cookies/",
  "Summary": "Perfectly Soft Peanut Butter Cookies are such a classic recipe!  This recipe makes the most perfect and soft peanut butter cookies.  This will be the only recipe you ever need! ",
  "Metadata": [
    "Prep Time:  5minutes",
    "Cook Time:  10minutes",
    "Total Time:  15minutes",
    "Servings: 36"
  ],
  "Ingredients": [
    "1 cup creamy peanut butter",
    "1 cup granulated white sugar",
    "1 cup packed light brown sugar",
    "1 cup softened unsalted butter",
    "2 large eggs",
    "1 teaspoon baking soda",
    "1 teaspoon baking powder",
    "1 teaspoon vanilla extract",
    "2 ½ cups all-purpose flour",
    "¼ cup granulated white sugar for rolling if desired"
  ],
  "Instructions": [
    "Preheat oven to 350 degrees Fahrenheit. In a stand mixer or using a hand mixer, cream together 1 cup creamy peanut butter, 1 cup granulated white sugar, 1 cup packed light brown sugar, and 1 cup softened unsalted butter. Add in 2 large eggs and beat until combined.",
    "Add 1 teaspoon baking soda, 1 teaspoon baking powder and 1 teaspoon vanilla extract. Add 2 ½ cups all-purpose flour  and mix until incorporated.",
    "Roll the cookies into 2 inch balls and roll in ¼ cup granulated white sugar. Flatten the center with a fork making a criss cross pattern.",
    "Bake on an ungreased cookie sheet for 6-7 minutes or until slightly brown on the edges."
  ],
  "Nutrition": [
    "Calories: 118kcal",
    "Carbohydrates: 8g",
    "Protein: 2g",
    "Fat: 9g",
    "Saturated Fat: 4g",
    "Cholesterol: 23mg",
    "Sodium: 112mg",
    "Potassium: 63mg",
    "Fiber: 1g",
    "Sugar: 8g",
    "Vitamin A: 170IU",
    "Calcium: 11mg",
    "Iron: 0.2mg",
    ""
  ],
  "Comments": [
    "Chip fortune says:Cookies turned out perfect but I baked mine 15 min I made mine twice as big They are great thank you !",
    "Michelle says:These were a big hit! Love them! Traditionally peanut butter cookies tends to harden & dry out after a couples days. These do not! The only thing I did different is combine the flour, baking powder, & baking soda in a separate bowl–only because I’ve always done this with every other recipe when baking.",
    "Susan says:I had to bake mine for 20minutes. It came out delicious!! Will be saving this recipe",
    "Sharon says:Best peanut butter cookie recipe ever!",
    "JamesDor says:These cookies are soooo soft and delicious! They re like eating a warm and sweet peanut butter sandwich. Great cookies! I should let them cool a bit before devouring! Thanks for sharing!",
    "Alyssa Rivers says:Hello!Thanks for the great comment.  I love to hear this.  I love these cookies as well.  Thanks for following along with me!",
    "Tara Turner says:Hello!! To make these gluten free , is a different type of food easily ‘substitutable’? Thank you!! ☺️",
    "Alyssa Rivers says:Anything that you use regularly as a substitute should work on these cookies. Hope you enjoy them gluten free! Let me know what you used! XOXO",
    "Jenn says:These look yummy.  Do you use salted butter?  I noticed there wasn’t any salt in the recipe and the type of butter wasn’t specified.",
    "Alyssa Rivers says:I prefer unsalted butter. It is more of a preference for this recipe. There is enough taste in these cookies you will not need the added salt. XOXO",
    "Iri says:Thanks for the recipe but…I made the cookies 100% following instructions just added some some on the top before baking. As a result cookies appeared too sweet (too much sugar even some salt on the top could balance the taste) and too soft (cooking time 12 min in my case). Its one of the worst cookies recipe i followed so far."
  ]
}