{
  "URL": "https://therecipecritic.com/souffle-pancakes/",
  "Summary": "Get ready to meet your new favorite breakfast- soufflé pancakes! A classic Japanese sweet treat, these pancakes are super soft and pillowy thanks to the fluffy egg mixture added to the batter! Trust me, you won't want them any other way.",
  "Metadata": [
    "Prep Time:  15minutes",
    "Cook Time:  10minutes",
    "Total Time:  25minutes",
    "Servings:  6pancakes"
  ],
  "Ingredients": [
    "4 large eggs separated",
    "3 tablespoons milk",
    "2 teaspoons vanilla extract",
    "½ cup all purpose flour",
    "2 teaspoons baking powder",
    "½ teaspoon salt",
    "½ teaspoon white vinegar",
    "4 tablespoons granulated sugar",
    "Oil for cooking"
  ],
  "Instructions": [
    "Separate your egg whites and yolks into separate bowls. Place your egg whites in the fridge until you are ready to use them. Add your milk and vanilla into the bowl with the egg yolks, whisk to combine.",
    "In a small bowl, sift together your flour, baking powder, and salt. Add your flour to your egg yolks and mix until all the flour is absorbed. Set aside.",
    "Take your bowl of egg whites out of the fridge and add in your vinegar, using a hand mixer, beat the egg whites until they become frothy but not yet stiff.",
    "Add your sugar to the egg whites 1 tablespoon at a time, whisking continually as you do. Continue to whisk your egg whites and sugar until stiff peaks form. Do not overmix your egg whites or your pancakes won’t be fluffy.",
    "Gently fold your egg white mixture into your egg yolk mixture, being careful not to deflate the egg whites.",
    "Heat a large skillet over medium low heat, be sure to use a skillet that has a lid, lightly oil your heated skillet.",
    "Using a piping bag with a round tip, or a scoop, place some batter into your skillet to make 3 pancakes. Keep the batter piled as high as you can, cover your pancakes and cook for 6-8 minutes, until the bottom becomes a light golden brown.",
    "Carefully flip your pancakes, cover and cook for an additional 3-6 minutes.",
    "Remove the pancakes from the skillet and enjoy fresh with your favorite pancake toppings!"
  ],
  "Nutrition": [
    "Calories: 120kcal",
    "Carbohydrates: 17g",
    "Protein: 5g",
    "Fat: 3g",
    "Saturated Fat: 1g",
    "Polyunsaturated Fat: 1g",
    "Monounsaturated Fat: 1g",
    "Trans Fat: 0.01g",
    "Cholesterol: 110mg",
    "Sodium: 240mg",
    "Potassium: 200mg",
    "Fiber: 0.3g",
    "Sugar: 9g",
    "Vitamin A: 171IU",
    "Calcium: 85mg",
    "Iron: 1mg"
  ],
  "Comments": [
    "Franklin Wulf says:Alyssa, please Join me in my quest to create a German  pancake recipe that doesn’t sink when removed from oven .I’m thinking merengue,I’m thinking ricotta, baking soda and sour cream or some combination, I’m going to use a glass 13×9, I will let you know what I figure out.",
    "Sabrina says:thank you, what a fun pancake recipe, hadn’t heard of this Japanese version before so much appreciated!"
  ]
}