{
  "URL": "https://therecipecritic.com/soup-dumplings/",
  "Summary": "Chinese soup dumplings are delicious homemade wrappers filled with perfectly seasoned pork and soup. Yes, these dumplings are FILLED with soup! How do you get soup inside of a dumpling? It's like magic! This recipe is simple, delicious, and something everyone will enjoy.",
  "Metadata": [
    "Prep Time:    1hour30minutes",
    "Cook Time:  20minutes",
    "Total Time:    1hour50minutes",
    "Servings:  30dumplings"
  ],
  "Ingredients": [
    "¼ cup hot water",
    "¼ cup hot chicken stock",
    "2 tablespoons soy sauce",
    "2 teaspoons unflavored gelatin powder",
    "2 cups all purpose flour",
    "¾ cup warm water",
    "1 teaspoon salt",
    "½ pound ground pork",
    "1 teaspoon sesame oil",
    "1 teaspoons soy sauce",
    "1 teaspoon ginger freshly grated",
    "1 teaspoon sugar",
    "½ teaspoon salt",
    "½ teaspoon pepper",
    "2 teaspoons rice vinegar",
    "1 tablespoon green onion finely chopped",
    "Chinese black vinegar for serving"
  ],
  "Instructions": [
    "In a medium bowl, add your water and chicken stock and heat in the microwave for about 1 minute. Add in your soy sauce and gelatin and mix until all the gelatin has dissolved.",
    "Pour your gelatin mixture into a shallow tray, about an 8X8 baking sheet, and cool in the fridge until the gelatin has set, about an hour.",
    "When the gelatin has set, remove it from the fridge and fluff/ break it up with a fork. Set aside.",
    "In a medium bowl, add your flour, water and salt. Mix well using a spoon. Once dough has begun to come together, knead it with your hands until it is a smooth dough. Cover and allow the dough to rest for 30 minutes.",
    "In a large bowl, add in your ground pork, sesame oil, soy sauce, ginger, sugar, salt, pepper, rice vinegar, and green onion. Mix until well combined.",
    "On a lightly floured surface, roll your dough into a log and cut into 30 even pieces. Roll each piece of dough out into a thin round disk.",
    "Take a prepared rolled out disk and fill it with about a tablespoon of your pork filling and 1 teaspoon of soup gelatin.",
    "To fold the dumpling, place it in the palm of your hand and fold the edges of the dumpling wrapper in on itself into pleats until it is all joined at the top of the dumpling. Pinch tightly to secure the wrapper closed, you don’t want any of your soup to leak out while they are cooking.",
    "In an instant pot with a steamer basket sprayed with nonstick cooking spray, set the instant pot to steam for 8  minutes. Allow the steaming time to finish and do a quick steam release to take the dumplings out.",
    "Enjoy fresh with Chinese black vinegar!"
  ],
  "Nutrition": [
    "Calories: 55kcal",
    "Carbohydrates: 7g",
    "Protein: 3g",
    "Fat: 2g",
    "Saturated Fat: 1g",
    "Polyunsaturated Fat: 0.2g",
    "Monounsaturated Fat: 1g",
    "Cholesterol: 6mg",
    "Sodium: 203mg",
    "Potassium: 37mg",
    "Fiber: 0.3g",
    "Sugar: 0.2g",
    "Vitamin A: 3IU",
    "Vitamin C: 0.1mg",
    "Calcium: 3mg",
    "Iron: 1mg"
  ],
  "Comments": [
    "TerryLynn Fiorentino says:Thank you for sharing your wonderful recipes!"
  ]
}