{
  "URL": "https://therecipecritic.com/sour-cream-banana-bread/",
  "Summary": "Make your homemade banana bread even more tender and delicious by adding in sour cream! This recipe is the best you’ll try, and you won’t be able to stop at one piece!",
  "Metadata": [
    "Prep Time:  15minutes",
    "Cook Time:  1hour",
    "Total Time:    1hour15minutes",
    "Servings:  2loaves"
  ],
  "Ingredients": [
    "⅓ cup vegetable oil",
    "1 cup granulated sugar",
    "2 eggs lightly beaten",
    "1 ½ cups mashed bananas about 3 large overripe bananas",
    "1 cup sour cream",
    "1 ½ teaspoon vanilla extract",
    "2 ½ cup flour",
    "2 teaspoons baking soda",
    "½ teaspoon salt",
    "1 cup chopped walnuts optional"
  ],
  "Instructions": [
    "Preheat the oven to 325 degrees Fahrenheit and spray two 9×5 bread pans with pan spray.",
    "In a large bowl, beat ⅓ cup vegetable oil and 1 cup granulated sugar together with a hand mixer until combined. Add in 2 eggs and beat until light and fluffy, about 2 minutes.",
    "Beat in 1 ½ cups mashed bananas, 1 cup sour cream, and 1 ½ teaspoon vanilla extract. Add in 2 ½ cup flour, 2 teaspoons baking soda, and ½ teaspoon salt. Mix on low until just combined. Stir in 1 cup chopped walnuts by hand, if desired.",
    "Separate the batter evenly into the two prepared pans and bake for 50-60 minutes or until a toothpick comes out clean. Let the loaves cool for 30 minutes before slicing."
  ],
  "Nutrition": [
    "Calories: 1786kcal",
    "Carbohydrates: 271g",
    "Protein: 35g",
    "Fat: 67g",
    "Saturated Fat: 17g",
    "Polyunsaturated Fat: 30g",
    "Monounsaturated Fat: 12g",
    "Trans Fat: 0.01g",
    "Cholesterol: 232mg",
    "Sodium: 1781mg",
    "Potassium: 1240mg",
    "Fiber: 13g",
    "Sugar: 127g",
    "Vitamin A: 1074IU",
    "Vitamin C: 16mg",
    "Calcium: 232mg",
    "Iron: 10mg",
    ""
  ],
  "Comments": [
    "Christe says:Can I use applesauce instead of sugar?",
    "Alyssa Rivers says:Yes, that should work great!",
    "Sonya says:I always go to this site for recipes, they are fantastic and have not failed me yet?",
    "Yona Gindi says:Can u make into muffins? Without changing?",
    "Alyssa Rivers says:Muffins should work. You may just need to cut down on the cooking time by a minute or two.",
    "Melissa Schmidt says:Moist banana bread.  I added 2 tsp. Pumpkin pie spice, it is wonderful.",
    "Neva Kitts says:Really looking forward to making this!",
    "Eleni says:Can we substitute Greek yogurt for the sour cream?",
    "Alyssa Rivers says:Yes that will work too!"
  ]
}