{
  "URL": "https://therecipecritic.com/sour-cream-and-onion-dip/",
  "Summary": "This sour cream and onion dip is a staple at all of our family get togethers. It's the perfect appetizer, even the kids cant get enough!",
  "Metadata": [
    "Prep Time:  5minutes",
    "Refrigerate:  30minutes",
    "Total Time:  35minutes",
    "Servings:  6servings"
  ],
  "Ingredients": [
    "1 ½ cups sour cream",
    "½ cup mayonnaise",
    "4 teaspoons dried minced onion",
    "2 teaspoons onion powder",
    "2 teaspoons Dijon mustard",
    "1 teaspoon garlic powder",
    "1 teaspoon salt",
    "½ teaspoon pepper",
    "4 tablespoons minced chives, divided"
  ],
  "Instructions": [
    "In a medium bowl, combine 1 ½ cups sour cream, ½ cup mayonnaise, 4 teaspoons dried minced onion, 2 teaspoons onion powder, 2 teaspoons Dijon mustard, 1 teaspoon garlic powder, 1 teaspoon salt, ½ teaspoon pepper, and 3 of the 4 tablespoons minced chives,.",
    "Whisk the dip ingredients together until smooth and combined.",
    "Cover the dip and refrigerate for 30 minutes before serving. Top with the remaining tablespoon of minced chives and garnish with additional dried minced onion, if desired. Serve with chips, veggies, or crackers!"
  ],
  "Nutrition": [
    "Serving: 1ounce",
    "Calories: 97kcal",
    "Carbohydrates: 2g",
    "Protein: 1g",
    "Fat: 9g",
    "Saturated Fat: 3g",
    "Polyunsaturated Fat: 3g",
    "Monounsaturated Fat: 2g",
    "Trans Fat: 0.01g",
    "Cholesterol: 16mg",
    "Sodium: 204mg",
    "Potassium: 55mg",
    "Fiber: 0.2g",
    "Sugar: 1g",
    "Vitamin A: 140IU",
    "Vitamin C: 1mg",
    "Calcium: 27mg",
    "Iron: 0.1mg"
  ],
  "Comments": []
}