{
  "URL": "https://therecipecritic.com/sour-cream-pound-cake/",
  "Summary": "Rich, buttery pound cake made extra moist and tender with the addition of sour cream! Great for any occasion!",
  "Metadata": [
    "Prep Time:  25minutes",
    "Cook Time:    1hour20minutes",
    "Total Time:    1hour45minutes",
    "Servings:  12servings"
  ],
  "Ingredients": [
    "3 cups all-purpose flour",
    "½ teaspoon baking soda",
    "1 teaspoon salt",
    "1 cup softened unsalted butter",
    "3 cups granulated sugar",
    "6 large eggs room temperature",
    "1 cup sour cream",
    "1 tablespoon vanilla extract"
  ],
  "Instructions": [
    "Preheat the oven to 325 degrees Fahrenheit. Prepare a 12-cup bundt pan by using a paper towel to coat the inside well with shortening. Dust the inside of the pan well with flour before gently tapping the excess.",
    "Sift 3 cups all-purpose flour, ½ teaspoon baking soda, and 1 teaspoon salt together in a medium bowl and set aside.",
    "Add 1 cup softened unsalted butter and 3 cups granulated sugar to the bowl of a stand mixer and beat on medium-high speed with the paddle attachment until light and fluffy, about 4 minutes. Add 6 large eggs, one egg at a time, beating well after each addition.",
    "On low speed, add in the flour mixture and 1 cup sour cream in a few additions, alternating between the two until completely absorbed . Add 1 tablespoon vanilla extract and mix until just barely combined.",
    "Pour the batter into the prepared bundt pan and bake for about 80 to 85 minutes, or until a toothpick comes out nearly completely clean, with minimal crumbs on it.",
    "Let the cake cool for about 20 minutes before inverting the cake onto a cooling rack. Wait 5-8 minutes before trying to lift the pan up off the cake. Allow to cool completely before slicing.",
    "Dust with powdered sugar and the toppings of your choice, and enjoy."
  ],
  "Nutrition": [
    "Calories: 519kcal",
    "Carbohydrates: 75g",
    "Protein: 7g",
    "Fat: 22g",
    "Saturated Fat: 12g",
    "Polyunsaturated Fat: 1g",
    "Monounsaturated Fat: 6g",
    "Trans Fat: 1g",
    "Cholesterol: 145mg",
    "Sodium: 284mg",
    "Potassium: 99mg",
    "Fiber: 1g",
    "Sugar: 51g",
    "Vitamin A: 727IU",
    "Vitamin C: 0.2mg",
    "Calcium: 43mg",
    "Iron: 2mg",
    ""
  ],
  "Comments": [
    "Stephanie says:Thank you for a great recipe!  Easy to follow directions helped me make a delicious pound cake for my Son’s birthday.   We’ll be surprising him with it tomorrow.   Can’t wait for his reaction!He has never liked fancy, frosted birthday cakes.",
    "Tanya Liggins says:I tried your sour cream pound cake and my family and friends love it thank you so very much",
    "Steve. says:Just made this.. Love it!  I added 10 g of dried/ground tangerine peel and a 2 t. of almond extract as well.  This is unbelievably delicious.  The cake is so moist.  I had a bit of a difficult time releasing the cake from the pan.. my fault.. LOTS more cooking spray and sugar would help.  I will make this again and have already incorporated this recipe in my “make again” recipe files.  Thank you for sharing this!",
    "Sharon says:So I just finished making it and WOW, so didn’t have white sugar but used light brown sugar instead ??? don’t use regular salt only Himalayan pink salt.  To make sure the oven temp was correct I put an oven thermometer on the rack and checked the dial reading with it ??. Also I pulled it out of the oven at 75 minutes.Thx, the recipe critic",
    "Linda says:MAKE THIS CAKE! Moist, yummy goodness.  Texture is iconic!! I’ve tried sour cream cakes before and it always falls. NOT THIS ONE.  I did have to leave in oven longer but I didn’t rush the process. Glad I tried this recipe.",
    "Cindy says:Looking forward to making. Any recommendations for high altitude baking?",
    "Alyssa Rivers says:Hi Cindy! This recipe was made and tested in a high altitude location, so you don’t need to adjust anything.",
    "Brandee says:Amazing!  Make this and keep the recipe.  You will not be disappointed!!",
    "Mary Border says:Can I add cocoa powder to this recipe?",
    "Mary Border says:Made this pound cake today and my family loved it! Great recipe.",
    "Ginny Mcdonald says:This is the best pound cake ever.  Sometimes I put half vanilla and half almond flavor.  Also I add some poppy seed to the batter.",
    "Gloria B says:You are awesome!!! My grandkids absolutely loved it, they didn’t believe I made, someone searched the trash for the bakery box…lol",
    "Sabrina says:pound cake is one of my downfalls, in a good way and only when I save it for the weekend and can share the calories, thank you!"
  ]
}