{
  "URL": "https://therecipecritic.com/sour-cream-noodle-bake/",
  "Summary": "This flavorful Sour Cream Noodle Bake takes pasta to a whole new level! Using sour cream, cottage cheese, ground beef, tomato sauce, noodles and plenty of mozzarella, this recipe will have you coming back for seconds and even thirds!",
  "Metadata": [
    "Prep Time:  30minutes",
    "Cook Time:  35minutes",
    "Total Time:    1hour5minutes",
    "Servings:  6people"
  ],
  "Ingredients": [
    "1 pound lean ground beef",
    "½ cup diced yellow onion, about ½ medium onion",
    "2 teaspoons minced garlic, about 2 cloves",
    "1 (15-ounce) can tomato sauce",
    "salt and pepper to taste",
    "12 ounces egg noodles",
    "1 cup sour cream",
    "1 ¼ cup cottage cheese",
    "1 teaspoon salt",
    "1 teaspoon onion powder",
    "½ teaspoon garlic powder",
    "½ teaspoon black pepper",
    "1 cup shredded mozzarella cheese",
    "sliced green onions for garnish"
  ],
  "Instructions": [
    "Preheat the oven to 350 degrees Fahrenheit and spray a 9×13-inch baking dish with cooking spray.",
    "In a large skillet, sauté the 1 pound lean ground beefand ½ cup diced yellow onion, over medium-high heat. Cook until all the beef is browned, 8-10 minutes. Add in 2 teaspoons minced garlic, and sauté another minute.",
    "Add in 1 (15-ounce) can tomato sauce and salt and pepper to taste, sauté for another 5 minutes, stirring continually. Remove from heat and set aside.",
    "Cook the 12 ounces egg noodles according to package directions, drain, and set aside.",
    "In a separate bowl, mix together 1 cup sour cream, 1 ¼ cup cottage cheese, 1 teaspoon salt, 1 teaspoon onion powder, ½ teaspoon garlic powder, and ½ teaspoon black pepper.",
    "Mix the egg noodles into the sour cream mixture and pour half of the noodle mixture into the baking dish. Pour half of the meat mixture on top of the noodles.",
    "Repeat one more layer of noodles, then meat sauce, and top it with 1 cup shredded mozzarella cheese. Bake the casserole for 30-35 minutes or until the cheese is bubbly and golden.",
    "Remove from the oven and allow it to rest for 10 minutes before topping with sliced green onions for garnish and serving."
  ],
  "Nutrition": [
    "Serving: 1serving",
    "Calories: 523kcal",
    "Carbohydrates: 50g",
    "Protein: 35g",
    "Fat: 20g",
    "Saturated Fat: 9g",
    "Polyunsaturated Fat: 2g",
    "Monounsaturated Fat: 6g",
    "Trans Fat: 0.3g",
    "Cholesterol: 139mg",
    "Sodium: 1076mg",
    "Potassium: 761mg",
    "Fiber: 3g",
    "Sugar: 7g",
    "Vitamin A: 790IU",
    "Vitamin C: 7mg",
    "Calcium: 214mg",
    "Iron: 4mg"
  ],
  "Comments": [
    "John M. says:I halved the recipe for an 8×8 baking dish, and it turned out wonderfully. Real comfort food.  I added 1/2 tsp. of Italian seasoning and was glad I did. Next time I will use 3/4 lb. of ground beef and 12 oz. of tomato sauce for the meat sauce.Thanks a lot, Alyssa. This one’s a keeper.",
    "Terri says:I have made this recipe twice now.  The second time I added an additional 8oz can of tomato sauce plus 2 T. of tomato paste because the first time I felt the sauce ran short.  I also added some dried oregano to the sour cream mixture.  I do find the measurements for salt and pepper a little confusing – since the ingredients are mentioned both for meat sauce and sour cream mixture.  I just took a guess on them. Otherwise, it is super simple to make and is becoming a family favorite. Thank you for sharing your recipe!",
    "Jasmine Thornberg says:Omg, this was so delicious and easy to make! Definitely lasagna vibes which I loved.",
    "Nina says:I made this recipe! It reminded me of an easy lasagna! When I make it again, I will probably add more lasagna type seasonings to the sour cream mixture. But very good!",
    "Leann says:Loved this one! Truly comfort food on a cold and rainy day. I added a half a can of diced tomatoes and chopped up some spinach and threw them in just because I had them left over from a previous meal. Turned out delicious.  I’m sure the leftovers will be even better.",
    "Christine says:This recipe is absolutely delicious!! You are right,  you don’t even know the Cottage cheese or the sour cream is in here, it just adds all the creaminess you want in a pasta bake!!Thank you for such a flavourful & delicious meal!!",
    "Melissa says:Can I sub ricotta cheese for the cottage cheese?",
    "Alyssa Rivers says:Yes, that will work just fine!",
    "Jo Brooks says:Flat out HATE cottage cheese – period! Is there a way to make this w/o it – 2 cups sour cream, maybe?",
    "Alyssa Rivers says:Yes! You could double up on the sour cream or use plain Greek yogurt instead of the cottage cheese.",
    "Sharon says:If I used 1.3 # of ground beef, would I add more tomato sauce? or more sour cream/cottage cheese to make it more saucy?  I wouldn’t want this bake to be dry.",
    "Alyssa Rivers says:I would add a little extra sauce or cheese for moisture, but not too much that it affects the cooking time. ?",
    "Barb says:If I make this ahead of time, without baking, will the pasta absorb too much moisture",
    "Alyssa Rivers says:It should still be good if you prepare it the night before! Any longer than that though, and the noodles may get soggy."
  ]
}