{
  "URL": "https://therecipecritic.com/sour-cream-pancakes/",
  "Summary": "These sour cream pancakes are perfectly fluffy and soft. Their delightful taste pairs perfectly with any syrup that you love and your entire family will go crazy over these!",
  "Metadata": [
    "Prep Time:  10minutes",
    "Cook Time:  10minutes",
    "Total Time:  20minutes",
    "Servings: 10"
  ],
  "Ingredients": [
    "2 cups All-purpose Flour",
    "1/4 cup Granulated Sugar",
    "4 tsp Baking Powder",
    "1/2 tsp Salt",
    "1 large Egg",
    "1 1/2 cups Milk",
    "1/2 cup Sour Cream",
    "1/2 cup Oil (Canola or Vegetable)",
    "1 tsp Vanilla Extract"
  ],
  "Instructions": [
    "In a large bowl combine the flour, sugar, baking powder, and salt.",
    "Make a well in the middle of the dry ingredients, and add in the milk, sour cream, egg, oil, and vanilla.  Whisk together until it is just moistened.",
    "On a greased griddle or skillet over medium-low heat, add ¼ cup of the batter per pancake. When small bubbles appear at the surface, flip the pancake and cook the other side until golden brown.  Serve with syrup and enjoy!"
  ],
  "Nutrition": [
    "Serving: 2pancakes",
    "Calories: 264kcal",
    "Carbohydrates: 27g",
    "Protein: 5g",
    "Fat: 15g",
    "Saturated Fat: 3g",
    "Polyunsaturated Fat: 3g",
    "Monounsaturated Fat: 8g",
    "Trans Fat: 1g",
    "Cholesterol: 30mg",
    "Sodium: 143mg",
    "Potassium: 265mg",
    "Fiber: 1g",
    "Sugar: 7g",
    "Vitamin A: 158IU",
    "Vitamin C: 1mg",
    "Calcium: 133mg",
    "Iron: 1mg"
  ],
  "Comments": [
    "Alyssa Koehn says:Excellent!",
    "Anna says:Excellent!",
    "Tia says:What syrup is pictured here?",
    "Alyssa Rivers says:My coconut syrup! Here is the link: Coconut Syrup"
  ]
}