{
  "URL": "https://therecipecritic.com/southwest-grilled-chicken-salad-candied-bacon/",
  "Summary": "Southwest Grilled Chicken Salad with Candied Bacon. This salad is loaded with grilled chicken, fresh juicy tomato, creamy avocado, crunchy tortilla strips, black beans, cheddar cheese, and sweet and salty candied bacon. All drizzled with a homemade salsa ranch that is truly addicting!",
  "Metadata": [
    "Prep Time:  10minutes",
    "Cook Time:  25minutes",
    "Total Time:  35minutes",
    "Servings:  2Servings"
  ],
  "Ingredients": [
    "½ cup mayonnaise",
    "½ cup sour cream",
    "¼ cup milk",
    "½ cup salsa",
    "1 teaspoon dried parsley",
    "1 teaspoon dried dill",
    "¼ teaspoon salt",
    "⅛ teaspoon ground black pepper",
    "¾ teaspoon garlic powder",
    "¾ teaspoon onion powder",
    "1 tablespoon lemon juice",
    "4 Slices thick-cut bacon",
    "¼ cup maple syrup",
    "¼ cup light brown sugar",
    "1 boneless skinless chicken breast",
    "¼ teaspoon salt",
    "⅛ teaspoon ground black pepper",
    "½ tablespoon olive oil",
    "3 cups chopped romaine",
    "¼ cup black beans",
    "¼ cup shredded or cubed cheddar cheese",
    "1 diced tomato",
    "1 diced avocado",
    "¼ cup tortilla strips"
  ],
  "Instructions": [
    "To prepare the salsa ranch, in a food processor or blender add ½ cup mayonnaise, ½ cup sour cream, ¼ cup milk, ½ cup salsa, 1 teaspoon dried parsley, 1 teaspoon dried dill, ¼ teaspoon salt, ⅛ teaspoon ground black pepper, ¾ teaspoon garlic powder, ¾ teaspoon onion powder, and 1 tablespoon lemon juice. Blend for about 20 seconds or until all the ingredients are combined. Set aside. Store in the refrigerator in a sealed container.",
    "To prepare the candied bacon preheat oven to 400 degrees Fahrenheit. Line a large baking sheet with foil and place a wire rack on top. Place 4 Slices thick-cut bacon on the wire rack.",
    "Brush the tops with half of the maple syrup and sprinkle with half of the brown sugar. Bake for about 15 minutes.",
    "Turn the bacon strips over, brush the tops with the remaining maple syrup, and sprinkle with the remaining brown sugar. Bake for an additional 10 minutes or until desired doneness.",
    "Remove the bacon strips to cool on a plate lined with paper towels. The bacon will crisp and harden as it cools. Once slightly cooled, dice into small pieces and set aside for the salad.",
    "To prepare the grilled chicken, season 1 boneless skinless chicken breast with ¼ teaspoon salt, and ⅛ teaspoon ground black pepper.  Pour ½ tablespoon olive oil into a small skillet over medium heat. Once the oil is heated, add chicken and cook for about 6-7 minutes then turn the chicken over to continue cooking on the other side. Once the chicken is cooked through, and no longer pink on the inside, remove the chicken to a cutting board and allow it to cool for about 5 minutes prior to slicing.",
    "To assemble the salad, lay 3 cups chopped romaine down, and top with the grilled chicken, candied bacon, 1 diced tomato , ¼ cup black beans, 1 diced avocado , ¼ cup tortilla strips, and ¼ cup shredded or cubed cheddar cheese.",
    "Drizzle with the salsa ranch and serve immediately. Enjoy!"
  ],
  "Nutrition": [
    "Calories: 1500kcal",
    "Carbohydrates: 87g",
    "Protein: 46g",
    "Fat: 110g",
    "Saturated Fat: 29g",
    "Polyunsaturated Fat: 33g",
    "Monounsaturated Fat: 39g",
    "Trans Fat: 0.2g",
    "Cholesterol: 195mg",
    "Sodium: 2136mg",
    "Potassium: 1930mg",
    "Fiber: 12g",
    "Sugar: 60g",
    "Vitamin A: 7791IU",
    "Vitamin C: 28mg",
    "Calcium: 357mg",
    "Iron: 4mg",
    ""
  ],
  "Comments": [
    "Heather Jones says:This is the most delicious salad I’ve ever had. So many wonderful flavours. It is a family favourite!",
    "Alyssa says:That is SO good to hear! I am happy it was a great recipe for you! Thanks for sharing! XoYour Recipe Critic,Alyssa",
    "Shawnna Griffin says:Hey girl – This looks oh so delish!"
  ]
}