{
  "URL": "https://therecipecritic.com/southwest-dressing/",
  "Summary": "This creamy Southwest dressing is packed with zesty lime and bold spices, ready to upgrade your favorite bowl of greens! It takes less than 10 minutes and only a few pantry staples to make.",
  "Metadata": [
    "Prep Time:  10minutes",
    "Total Time:  10minutes",
    "Servings:  12ounces"
  ],
  "Ingredients": [
    "½ cup sour cream",
    "½ cup mayonnaise",
    "½ cup milk",
    "2 teaspoons cilantro, minced",
    "3 tablespoons lime juice",
    "3 tablespoons Southwest Seasoning",
    "Salt and pepper to taste"
  ],
  "Instructions": [
    "In a medium bowl whisk together the½ cup sour cream, ½ cup mayonnaise, ½ cup milk, 2 teaspoons cilantro, 3 tablespoons lime juice, 3 tablespoons Southwest Seasoning, and Salt and pepper to taste.",
    "Pour over your favorite salad and enjoy!"
  ],
  "Nutrition": [
    "Serving: 1ounce",
    "Calories: 89kcal",
    "Carbohydrates: 1g",
    "Protein: 1g",
    "Fat: 9g",
    "Saturated Fat: 2g",
    "Polyunsaturated Fat: 4g",
    "Monounsaturated Fat: 2g",
    "Trans Fat: 0.02g",
    "Cholesterol: 11mg",
    "Sodium: 66mg",
    "Potassium: 34mg",
    "Fiber: 0.02g",
    "Sugar: 1g",
    "Vitamin A: 85IU",
    "Vitamin C: 1mg",
    "Calcium: 23mg",
    "Iron: 0.03mg"
  ],
  "Comments": []
}