{
  "URL": "https://therecipecritic.com/southwest-orzo-salad-with-cilantro-lime-ranch-dressing/",
  "Summary": "Orzo pasta that is filled with corn, black beans, cilantro, avocado and cherry tomatoes.  The cilantro lime ranch dressing on top is incredible!  ",
  "Metadata": [
    "Prep Time:  10minutes",
    "Cook Time:  10minutes",
    "Total Time:  20minutes",
    "Servings:  6Servings"
  ],
  "Ingredients": [
    "1 ½ cups uncooked orzo",
    "1 (15-ounce) can corn, drained",
    "1 (15-ounce) can black beans, drained and rinsed",
    "1 pint cherry tomatoes,  halved",
    "2 diced avocados",
    "¼ cup chopped cilantro",
    "¼ cup mayonnaise",
    "¼ cup Greek yogurt",
    "3 tablespoons milk",
    "1 tablespoon lime juice",
    "2 tablespoons cilantro",
    "1 clove minced garlic",
    "⅛ teaspoon salt",
    "⅛ teaspoon pepper"
  ],
  "Instructions": [
    "Cook 1 ½ cups uncooked orzo according to package directions. Rinse in cold water and place into a large bowl.",
    "Add 1 (15-ounce) can corn, 1 (15-ounce) can black beans, 1 pint cherry tomatoes,  2 diced avocados, and ¼ cup chopped cilantro.  Toss to combine.",
    "In a food processor or blender, add the¼ cup mayonnaise, ¼ cup Greek yogurt, 3 tablespoons milk, 1 tablespoon lime juice, 2 tablespoons cilantro, 1 clove minced garlic, and ⅛ teaspoon salt and ⅛ teaspoon pepper. Pulse until blended.",
    "Pour the dressing over the orzo salad and toss until coated. Enjoy!"
  ],
  "Nutrition": [
    "Calories: 400kcal",
    "Carbohydrates: 50g",
    "Protein: 13g",
    "Fat: 18g",
    "Saturated Fat: 3g",
    "Polyunsaturated Fat: 6g",
    "Monounsaturated Fat: 8g",
    "Trans Fat: 0.02g",
    "Cholesterol: 5mg",
    "Sodium: 402mg",
    "Potassium: 833mg",
    "Fiber: 11g",
    "Sugar: 4g",
    "Vitamin A: 560IU",
    "Vitamin C: 28mg",
    "Calcium: 71mg",
    "Iron: 3mg",
    ""
  ],
  "Comments": [
    "pix says:looks lovelyBut where is the ranch flavor in the lime ranch? I am in need of a ranch recipe! This is just a creamy dressing.",
    "Alyssa Rivers says:Here are the ingredients:Cilantro Lime Ranch:1/4 cup mayonnaise1/4 cup greek yogurt3 Tablespoons milk1 Tablespoon Lime Juice2 Tablespoons Cilantro1 garlic clove, minced1/8 teaspoon salt1/8 teaspoon pepper",
    "Mona says:OMG! Your Recipes Rock!!!! Love Orzo, Cilantro & Lime, All together? WOW, cannot wait to make this! And your Mizithra Spaghetti!!! The Only thing I ever ordered at the Ole Spaghetti Factory! But… I have not been there in 20 years. I’ve got to find the cheese, just can’t wait to make it. Love, Love your Recipes!",
    "Alyssa says:Thank you so much for your sweet comment!  I am so glad you love the recipes! 🙂",
    "Lori says:Looks delicious! Can this be made in advance? Will the avocado be okay if the salad is made several hours before its served?",
    "Alyssa says:You could make everything else before hand, just add the avocado in right before serving. 🙂",
    "Fareeha says:Looks refreshingly cool and delicious. I love the colors in the salad. Gotta try this asap, I am sure I would fall in love it too.",
    "Cindi says:Looks  like a great recipe….but I don’t see any lime in the ingredients.",
    "Alyssa says:Haha!  Sorry thats what I get for typing up the recipe at 1 am!  It is 1 Tablespoon!",
    "Carol says:Hello Allyssa. This looks lovely and I would like to make it tomorrow, but I have a question on your lime dressing.  There isn’t lime listed in the ingredients list,  is that a mistake or is it made without? Thanks kindly and I love and make your recipes.  🙂 Carol",
    "Lara says:Sounds delicious but where’s the lime in the recipe?",
    "Chelsea@TableForOne says:I love orzo pasta! It is such a nice change from your typical pasta salad. This recipe looks so tasty and perfect for this crazy, hot weather. I feel ya with the heat. I am definitely bunkered down in my air conditioned house for now."
  ]
}