{
  "URL": "https://therecipecritic.com/southwest-chickpea-salad/",
  "Summary": "Southwest Chickpea Salad is a delicious and fresh chick pea salad filled so many delicious flavors and textures!  This salad is fresh and healthy and easy to make!",
  "Metadata": [
    "Prep Time:  10minutes",
    "Total Time:  10minutes",
    "Servings:  8servings"
  ],
  "Ingredients": [
    "1 (15-ounce) can rinsed & drained black beans",
    "1 (15-ounce) can rinsed & drained chickpeas",
    "1 (15-ounce) can corn",
    "1 pint halved cherry tomatoes",
    "2 ½ cups diced avocado about 2 medium avocados",
    "1 (4.25-ounce) can diced olives",
    "2 tablespoons lime juice",
    "2 tablespoons extra virgin olive oil",
    "1 teaspoon cumin",
    "¼ teaspoon chili powder",
    "¼ teaspoon salt",
    "¼ cup chopped fresh cilantro",
    "¼ cup crumbled feta cheese"
  ],
  "Instructions": [
    "In a large bowl combine 1 (15-ounce) can rinsed & drained black beans, 1 (15-ounce) can rinsed & drained chickpeas, 1 (15-ounce) can corn, 1 pint halved cherry tomatoes, 2 ½ cups diced avocado, and 1 (4.25-ounce) can diced olives.",
    "In a small bowl whisk together 2 tablespoons lime juice, 2 tablespoons extra virgin olive oil, 1 teaspoon cumin, ¼ teaspoon chili powder, ¼ teaspoon salt, and ¼ cup chopped fresh cilantro.",
    "Pour the dressing over the salad and toss until combined. Garnish with ¼ cup crumbled feta cheese and serve immediately."
  ],
  "Nutrition": [
    "Calories: 361kcal",
    "Carbohydrates: 46g",
    "Protein: 14g",
    "Fat: 16g",
    "Saturated Fat: 3g",
    "Polyunsaturated Fat: 3g",
    "Monounsaturated Fat: 10g",
    "Cholesterol: 4mg",
    "Sodium: 377mg",
    "Potassium: 838mg",
    "Fiber: 14g",
    "Sugar: 7g",
    "Vitamin A: 651IU",
    "Vitamin C: 23mg",
    "Calcium: 89mg",
    "Iron: 4mg"
  ],
  "Comments": [
    "Seven says:Added red onions & apple cider vinegar was delicious.  Will add chopped jalapenos also next time.  Delicious!4 days max, the juices by 4th day make the flavor less vibrant but still eatable.",
    "Ashley says:This is amazing. I tweaked for our preferences. I subbed low fat sour cream for the olive oil and blended it with the avocado as the dressing. Also swapped out the feta for Cotija cheese because I had it on hand. Fantastic for a quick healthy lunch!",
    "Crissy says:So fresh!  All day I was looking forward to making it for dinner. So yummy!  I will be adding it to my meal rotation.",
    "Christy Sullivan says:HI, Does it work well to make this the night berfore? Thank you!",
    "Alyssa Rivers says:Hi Christy!It does work best to make it the day of serving.  You can put prepare the ingredients the night before then just mix the day of the serving to make sure that it tastes as fresh as possible.  Thanks for commenting and for following along with me!  xoxo",
    "Christy Sullivan says:HI Hi,",
    "nioma says:I made this sslad quite a few times now. we absolutely Love it!! i use fresh lemon instead of lime. took out olives cilantro and feta  bcuz we dont like them.  added extra cumin and chilli powder. even my picky son enjoyed it!! Love it",
    "Carolyn Jones says:Love this salad.  I added diced onion, red pepper flakes and a few dashes of hot sauce.  Will definitely be making it again.",
    "Britney L. says:Wow, I really can’t be too honest about this recipe and that’s why I can’t give it 5 stars. But I attempted to make it and I lacked a few of the ingredients (tomatoes, feta, and cumin seasoning) it was still a hit in my house. My 4 and a half year old even enjoyed it, and most kids are so picky. This left me full and satisfied. I also made this with dry beans instead. Absolutely delicious!!!",
    "Alyssa Rivers says:That is awesome to hear! I am so glad that your family enjoyed it! Thanks so much for sharing! XOXO",
    "Renee Shelstad says:what is the serving size, I came up with a heck of a lot of calories per serving.  I am trying to determine what that size is.",
    "Cindy says:Making this tonight! It looks fantastic. Do you know the serving size? Thanks so much.",
    "franckharter.fr says:Ϲhic discussion malheureusemᥱnt, je ne suis pas affect solution questiоnner la soⅼution ici",
    "Shawnna says:hey girl this looks so delish!"
  ]
}