{
  "URL": "https://therecipecritic.com/southwest-egg-rolls/",
  "Summary": "These are the BEST Southwest chicken egg rolls! It's a colorful combination of corn, black beans, fresh veggies, shredded cheese, and chicken. This tasty mixture is flavored in savory southwest seasonings then fried in a crispy egg roll wrapper. These won't last long at your next party!",
  "Metadata": [
    "Prep Time:  10minutes",
    "Cook Time:  5minutes",
    "Total Time:  15minutes",
    "Servings:  12people"
  ],
  "Ingredients": [
    "1 ½ cups cooked and cubed chicken",
    "1 cup drained and rinsed black beans",
    "1 cup drained and rinsed corn",
    "1 cup chopped red bell pepper",
    "¼ cup sliced green onions",
    "2 seeded and finely chopped jalapeños",
    "½ cup chopped spinach",
    "1 tablespoon chili powder",
    "1 teaspoon cumin",
    "1 teaspoon garlic powder",
    "½ teaspoon salt",
    "¼ teaspoon pepper",
    "2 cups shredded Monterey Jack cheese,",
    "oil for frying",
    "egg roll wrappers, about 20",
    "cilantro ranch dressing, for serving"
  ],
  "Instructions": [
    "In a medium-sized mixing bowl, combine 1 ½ cups cooked and cubed chicken 1 cup drained and rinsed black beans 1 cup drained and rinsed corn 1 cup chopped red bell pepper ¼ cup sliced green onions 2 seeded and finely chopped jalapeños and ½ cup chopped spinach.",
    "Add 1 tablespoon chili powder, 1 teaspoon cumin, 1 teaspoon garlic powder, ½ teaspoon salt, ¼ teaspoon pepper, and shredded 2 cups shredded Monterey Jack cheese,. Mix until incorporated.",
    "Place one of the egg roll wrappers, on a clean surface so that it is a diamond.  Spoon about two tablespoons of the mixture into the center.  Wet the sides of the wrapper with a little bit of water.  Fold up the bottom half and then tightly fold in the sides and roll up.  Repeat until you have used all of the egg roll wrappers.",
    "In a large skillet, add the oil for frying until it is about an inch up the side of the pan and heat to medium-high. Add the egg rolls and fry for about 1-2 minutes. Flip and cook the egg rolls until they are golden brown.",
    "Serve with your favorite dipping sauce like cilantro ranch dressing,."
  ],
  "Nutrition": [
    "Calories: 128kcal",
    "Carbohydrates: 9g",
    "Protein: 8g",
    "Fat: 7g",
    "Saturated Fat: 4g",
    "Cholesterol: 22mg",
    "Sodium: 221mg",
    "Potassium: 164mg",
    "Fiber: 2g",
    "Sugar: 1g",
    "Vitamin A: 820IU",
    "Vitamin C: 20mg",
    "Calcium: 150mg",
    "Iron: 1mg"
  ],
  "Comments": [
    "Dawn says:Can you do these in the air fryer?",
    "Alyssa Rivers says:Yes! Here is how I cook egg rolls in the air fryer: Crispy Air Fryer Egg Rolls",
    "Ashley says:Delicious! I only had a half-pack of egg roll wrappers so I used the leftover filling to make quesadillas the next day. Also great!",
    "Lenona says:How do you know how much of the ingredients do you use? I never see it listed               Thanks",
    "Alyssa Rivers says:All of the ingredients, measurements and instructions are on the recipe card at the bottom of the post!",
    "Erica says:Pretty good. It would be nice if measurements weren’t buried at the bottom of the page.",
    "Alan Crowder says:Just eyeball it. You know what ingredients you like more or less of so just adapt it to your own taste. And most recipes have a jump to recipe link at the top.",
    "Brittani says:Wow! I had a craving for southwest egg rolls from chili’s but I’m trying to cook more at home. These eggs rolls were delicious! I’m new to frying and they were so easy and I’m thrilled to make this over and over again. Thanks for the recipe!",
    "Lillian says:I added extra everything and used 2 1/2 cups of very packed spinach!! The dressing is amazing I just added a little more cilantro then what it called for. Very yummy!!"
  ]
}