{
  "URL": "https://therecipecritic.com/spaetzle/",
  "Summary": "A traditional German side dish, Spaetzle is a simple homemade pasta that's perfect for topping with all of your favorite sauces! It takes less than 30 minutes to whip up and is so soft and delicious!",
  "Metadata": [
    "Prep Time:  15minutes",
    "Cook Time:  10minutes",
    "Total Time:  25minutes",
    "Servings:  6people"
  ],
  "Ingredients": [
    "2 cups all-purpose flour",
    "1 teaspoon salt",
    "2 large eggs",
    "⅔-1 cup whole milk or water I used milk"
  ],
  "Instructions": [
    "In a large bowl, whisk together flour and salt. Add in your eggs and mix well.",
    "Starting with 2/3 cup milk or water, begin to add your liquid stirring constantly until you have a smooth, not too thick, not too thin dough.",
    "Allow the batter to sit, covered for about 10 minutes.",
    "The dough should stay together well but not be solid. It needs to be able to squeeze through the spaetzle maker smoothly, not run through it to take too much effort to get it through the holes.",
    "Bring a large pot of salted water to a boil.",
    "Press the spaetzle dough through the spaetzle maker straight into the boiling water, you may want to work in batches to cook the noodles evenly.",
    "Cook the noodles until they float to the surface, about 3 minutes. Remove the cooked noodles with a skimmer spoon and keep working with the remaining dough.",
    "Once the noodles are done cooking you can serve them immediately with your sauce of choice, plain with some parsley, or fry them up a bit in a skillet with butter, until they have begun to crisp."
  ],
  "Nutrition": [
    "Calories: 173kcal",
    "Carbohydrates: 32g",
    "Protein: 6g",
    "Fat: 2g",
    "Saturated Fat: 1g",
    "Polyunsaturated Fat: 0.5g",
    "Monounsaturated Fat: 1g",
    "Trans Fat: 0.01g",
    "Cholesterol: 55mg",
    "Sodium: 409mg",
    "Potassium: 65mg",
    "Fiber: 1g",
    "Sugar: 0.2g",
    "Vitamin A: 79IU",
    "Calcium: 15mg",
    "Iron: 2mg"
  ],
  "Comments": [
    "Erin says:If you do not have a spaetzle maker. You can always use a colander to push dough through, then trim the little pieces that push through over the pot.",
    "Julie says:Love Spaetzle and have a Spaetzle maker but prefer them cut off the edge of a board the way my Grandma made them. I use similar amounts with only one egg but may try two next time.",
    "Barb says:Love your recipes!Where can I find a Spaetzel maker",
    "Alyssa Rivers says:Here is a link for a spaetzle maker:  Spaetzle Maker",
    "George says:These small dumplings are common in Eastern half of Europe, including all the German speaking people and Hungarian and Balkan countries. The spaetzl maker is not common in every household, since you can use a teaspoon to scoop batter and drop it in boiling water. Makes larger and more palatable dumplings. A pinch of baking powder added to the flour makes the dumplings fluffier. I believe one egg would suffice to prevent over hardening of boiled dumplings.",
    "Sabrina says:yummy, love Spaetzle and homemade is always best, or at least a good option in the US, so thank you!"
  ]
}