{
  "URL": "https://therecipecritic.com/spaghetti-pie/",
  "Summary": "This tasty baked dish is super easy, cheesy, and flavorful! For adding a little Italian goodness to busy weeknights, spaghetti pie is the answer!",
  "Metadata": [
    "Prep Time:  15minutes",
    "Cook Time:  25minutes",
    "Total Time:  40minutes",
    "Servings:  8slices"
  ],
  "Ingredients": [
    "6 ounce spaghetti noodles",
    "2 tablespoons butter",
    "1 large egg",
    "1/4 cup grated parmesan cheese",
    "6 ounce ricotta cheese",
    "1 teaspoon Italian seasoning",
    "1/2 pound lean ground beef",
    "24 ounce jar marinara sauce or homemade marinara",
    "2 cups shredded mozzarella cheese",
    "fresh chopped basil"
  ],
  "Instructions": [
    "Preheat oven to 350 degrees. Spray a 9-inch pie dish with cooking spray and set aside. Cook the pasta according to package directions and drain. Toss with the butter until melted. Add in the egg and parmesan cheese and stir until combined. Press into the bottom and sides of your pie dish.",
    "Combine the ricotta cheese and the Italian seasoning. Spread on top of the pasta.",
    "In a medium-sized skillet over medium-high heat add the ground beef and cook and crumble until no longer pink. Add in the marinara sauce. Spread on top of the cheese layer.",
    "Top with shredded cheese and bake for 20-25 minutes or until golden and bubbly. Serve with chopped basil if desired."
  ],
  "Nutrition": [
    "Calories: 307kcal",
    "Carbohydrates: 22g",
    "Protein: 21g",
    "Fat: 15g",
    "Saturated Fat: 9g",
    "Polyunsaturated Fat: 1g",
    "Monounsaturated Fat: 5g",
    "Trans Fat: 1g",
    "Cholesterol: 84mg",
    "Sodium: 741mg",
    "Potassium: 487mg",
    "Fiber: 2g",
    "Sugar: 5g",
    "Vitamin A: 805IU",
    "Vitamin C: 6mg",
    "Calcium: 246mg",
    "Iron: 2mg",
    ""
  ],
  "Comments": [
    "Gisele says:This recipe is the best. I didn’t have hamburger so I used chicken breast that I cooked on the stove. My husband loves spaghetti but he said this is the best. Thanks for the recipe. Oh so easy too.",
    "Mary says:How much sauce do you add to the meat mixture ?  It’s not clear in the recipeThank you",
    "Alyssa Rivers says:24 ounces. The measurements are all listed at the bottom of the post on the recipe card! Let me know if you have any more questions!",
    "Cindy Moushey says:I made this last night for dinner. Easy. Quick and delicious!  My husband and I loved it and are having leftovers leftovers for dinner tonight with a salad. Thanks for sharing this recipe!",
    "Bonnie says:Looks fabulous! Can I prepare ahead of time and refrigerate until ready to bake? I would take out of refrigerator while pre heating oven to warm up a little. Thank you for sharing your great recipes?",
    "Alyssa Rivers says:Yes, that will work great! Enjoy your dinner!",
    "Elveda Pitts says:Your recipes and homemade seasonings are fabulous"
  ]
}