{
  "URL": "https://therecipecritic.com/spaghetti-aglio-e-olio/",
  "Summary": "Spaghetti Aglio e Olio uses simple ingredients to create a dish bursting with flavor and is ready in less than 30 minutes. ",
  "Metadata": [
    "Prep Time:  20minutes",
    "Cook Time:  10minutes",
    "Total Time:  30minutes",
    "Servings:  6people"
  ],
  "Ingredients": [
    "16 ounces spaghetti",
    "½ cup olive oil",
    "8 cloves garlic, minced, about 1 ½ tablespoons",
    "½ teaspoon red pepper flakes, or to taste",
    "Salt and pepper to taste",
    "Shredded parmesan cheese"
  ],
  "Instructions": [
    "Cook the pasta in salted water according to the package directions until al dente. Drain the pasta, reserving ½ cup of the pasta cooking water. Set aside.",
    "Heat the oil in a large skillet over medium-high heat. Add the garlic and red pepper flakes, cook, and stir for just a minute.",
    "Carefully whisk the pasta water into the oil and garlic sauce on the stove until they are well mixed.",
    "Add the cooked pasta to the sauce, stir, and cook for 3-5 minutes until the pasta has absorbed some of the liquid.",
    "Remove from heat, season with salt, and pepper, and top with parmesan cheese, and parsley if desired."
  ],
  "Nutrition": [
    "Calories: 446kcal",
    "Carbohydrates: 58g",
    "Protein: 10g",
    "Fat: 19g",
    "Saturated Fat: 3g",
    "Polyunsaturated Fat: 2g",
    "Monounsaturated Fat: 13g",
    "Sodium: 8mg",
    "Potassium: 188mg",
    "Fiber: 3g",
    "Sugar: 2g",
    "Vitamin A: 50IU",
    "Vitamin C: 1mg",
    "Calcium: 24mg",
    "Iron: 1mg",
    ""
  ],
  "Comments": [
    "Matt Peterson says:Would love to try this! For the pasta water, how much of it do you use, all of it? Thanks!",
    "Alyssa Rivers says:Hey Matt, you just need 1/2 cup of the pasta water! Let me know how it turns out!",
    "Deborah Lawal says:I like spaghetti. Spaghetti is good. It’s very easy to cook. Very delicious meal."
  ]
}