{
  "URL": "https://therecipecritic.com/spaghetti-margherita/",
  "Summary": "Fresh tomatoes, basil, and mozzarella come together in this light, flavorful twist on spaghetti. Simple, satisfying, and so easy to make.",
  "Metadata": [
    "Prep Time:  10minutes",
    "Cook Time:  25minutes",
    "Total Time:  35minutes",
    "Servings:  6servings"
  ],
  "Ingredients": [
    "12 ounces uncooked spaghetti noodles",
    "⅓ cup extra virgin olive oil",
    "2 tablespoons minced garlic about 5-6 cloves",
    "4 cups halved grape or cherry tomatoes about 2 pounds",
    "1 ½ teaspoons granulated sugar",
    "1 teaspoon salt more or less to taste",
    "½ teaspoon ground black pepper more or less to taste",
    "½ cup chopped fresh basil additional for garnish, if desired",
    "1 ½ cups freshly grated mozzarella cheese or fresh mozzarella pearls",
    "⅔ cup freshly grated parmesan cheese additional for garnish, if desired"
  ],
  "Instructions": [
    "Cook 12 ounces uncooked spaghetti noodles according to the instructions on the package until al dente. Drain and set aside.",
    "Meanwhile, add ⅓ cup extra virgin olive oil to a large 14-inch skillet and heat over medium-low heat. Once the oil is shimmering but not smoking, add 2 tablespoons minced garlic and cook for about 1 minute, until fragrant and sizzling, but not yet browning.",
    "Add 4 cups halved grape or cherry tomatoes, 1 ½ teaspoons granulated sugar, 1 teaspoon salt, and ½ teaspoon ground black pepper and stir to combine. Cover and cook for 10-15 minutes, until the tomatoes are soft and can be easily smashed with the back of a spoon.",
    "Add ½ cup chopped fresh basil and the cooked spaghetti noodles to the skillet and stir until the noodles are fully coated and heated through.",
    "Remove the skillet from the heat and stir in 1 ½ cups freshly grated mozzarella cheese and ⅔ cup freshly grated parmesan cheese.  Top with additional parmesan cheese, fresh basil, and a crack of black pepper before serving"
  ],
  "Nutrition": [
    "Calories: 471kcal",
    "Carbohydrates: 49g",
    "Protein: 19g",
    "Fat: 22g",
    "Saturated Fat: 7g",
    "Polyunsaturated Fat: 2g",
    "Monounsaturated Fat: 12g",
    "Cholesterol: 30mg",
    "Sodium: 750mg",
    "Potassium: 412mg",
    "Fiber: 3g",
    "Sugar: 6g",
    "Vitamin A: 1210IU",
    "Vitamin C: 15mg",
    "Calcium: 304mg",
    "Iron: 1mg"
  ],
  "Comments": [
    "Cindy says:Can’t wait to try this!!",
    "Kathy Maisenbacher says:i can’t wait to try this i can almost smell it through this page yummmmmmm thankyou.",
    "Gwenlyn Smith says:Excellent and easy",
    "Kathy says:Oh man! Sooo good! Unfortunately, all I had was spaghettini (I hadn’t realized and I’d JUST been to the grocery store). However, it worked just fine, although I think it would have been better with spaghetti. Nevertheless, I really recommend it. Plus, it’s easy to make. Warning:  you’d better love cheese! 😂",
    "Elise G says:Just made this for the first time – my husband and I both loved it. So easy and yet so tasty. Already thinking about when I can make it again!",
    "Joan says:This was absolutely amazing and so easy to make! Thank you!",
    "Patricia Reed says:Made this for supper tonight. Very easy and it was a huge hit! I’ll be making this on a regular basis. Perfect for company with a loaf of French bread. I didn’t have fresh parmesan so I used the grated in a can. Worked beautifully and melted easily which the fresh often doesn’t do. I’ll certainly be trying more of your recipes. Thank you so much for sharing!"
  ]
}