{
  "URL": "https://therecipecritic.com/spanish-paella/",
  "Summary": "This chicken and shrimp paella is the perfect comfort food! Rich in flavor this paella is so delicious that you won't be able to stop yourself from coming back for seconds! ",
  "Metadata": [
    "Prep Time:  20minutes",
    "Cook Time:  20minutes",
    "Total Time:  40minutes",
    "Servings:  6people"
  ],
  "Ingredients": [
    "4 chicken thighs (boneless, skinless)",
    "2 Tablespoons olive oil",
    "1 small onion, chopped (Vidalia or white)",
    "2 cloves garlic, minced",
    "1 cup red pepper, chopped",
    "1 cup mushrooms, sliced",
    "14 ounces canned diced tomatoes, drained",
    "1 teaspoon kosher salt",
    "1 teaspoon Spanish smoked paprika",
    "5 1/2 cups chicken broth, hot",
    "1/4 teaspoon Saffron threads (loosely packed) microwave for 15 seconds to help toast saffron",
    "2 Tablespoon soy sauce",
    "2 cups short grain rice (Rice options: Paella, Bomba, Aborio, sushi, short grain)",
    "1 pound large shrimp (peeled & deveined) (fresh or frozen-thawed)",
    "1/2 cup frozen peas",
    "1-2  lemons, cut into wedges (for garnish)",
    "1/4 cup chopped parsley (for garnish)",
    "1/4 cup green onion (for garnish)"
  ],
  "Instructions": [
    "Season chicken thighs with salt, pepper, and smoked paprika. Add the olive oil to a large 10-12 inch skillet pan. Heat oil over medium-high heat. Fry the chicken on both sides and cook until golden for about 10 minutes. Remove chicken from pan and set aside.",
    "In the same pan, add the chopped onion and red pepper, and sauté until translucent for about 4 minutes. Add an additional tablespoon of olive oil if needed. Add garlic and cook for 1 minute.",
    "Add mushrooms, diced tomatoes, salt, smoked paprika, and sauté for an additional 2 minutes.",
    "Stir in the hot chicken broth, saffron threads, and soy sauce, and heat to bring to a boil.",
    "Add the rice, and place the browned chicken on top of the rice.  Do not move the chicken or stir the rice. It all cooks in one place. Return to a boil for 15 minutes.",
    "Add shrimp and peas on top of the rice, and heat for an additional 5 minutes.",
    "Cover skillet with a lid and let rest for 5 minutes.",
    "Serve and garnish with lemon wedges, green onion, and chopped parsley."
  ],
  "Nutrition": [
    "Calories: 501kcal",
    "Carbohydrates: 63g",
    "Protein: 20g",
    "Fat: 18g",
    "Saturated Fat: 4g",
    "Polyunsaturated Fat: 3g",
    "Monounsaturated Fat: 9g",
    "Trans Fat: 1g",
    "Cholesterol: 74mg",
    "Sodium: 1581mg",
    "Potassium: 692mg",
    "Fiber: 4g",
    "Sugar: 5g",
    "Vitamin A: 1221IU",
    "Vitamin C: 63mg",
    "Calcium: 58mg",
    "Iron: 5mg",
    ""
  ],
  "Comments": [
    "Amber Akers says:Are you cutting up the chicken before you cook it?",
    "Alyssa Rivers says:No, I left the chicken thighs whole.",
    "Amber says:So you don’t put a lid on it after you add the rice?",
    "Alyssa Rivers says:Correct, the lid is not placed on the skillet until after the shrimp and peas are added.",
    "Craig says:This recipe turned out great. I followed the recipe fairly exact this time.  I’ll make it again and try adding some andoule sausage.I also recommend using a fairly deep pan.  Mine almost overflowed."
  ]
}