{
  "URL": "https://therecipecritic.com/sparkling-pomegranate-lemonade/",
  "Summary": "Sparkling pomegranate lemonade is the perfect sweet and tangy holiday beverage!",
  "Metadata": [
    "Prep Time:  10minutes",
    "Total Time:  10minutes",
    "Servings:  6drinks"
  ],
  "Ingredients": [
    "4 cups water",
    "½-1 cup white granulated sugar*",
    "1 cup freshly squeezed lemon juice, 4-6 large lemons",
    "1 cup unsweetened pomegranate-cranberry juice",
    "1 ½ cups sparkling lemon-flavored water",
    "pomegranate arils",
    "lemon slices",
    "fresh mint"
  ],
  "Instructions": [
    "Combine 4 cups water and the ½-1 cup white granulated sugar* in a medium saucepan over medium heat. Heat until the sugar is dissolved, then cool to room temperature.",
    "In a large pitcher, combine the cooled sugar water, 1 cup freshly squeezed lemon juice, and 1 cup unsweetened pomegranate-cranberry juice. Stir to combine.",
    "Just before serving, stir in the 1 ½ cups sparkling lemon-flavored water. Fill glasses with ice and pour the sparkling pomegranate lemonade into glasses.",
    "Add a small handful of pomegranate arils, and garnish glasses with lemon slices and fresh mint as desired."
  ],
  "Nutrition": [
    "Calories: 160kcal",
    "Carbohydrates: 41g",
    "Protein: 0.2g",
    "Fat: 0.3g",
    "Saturated Fat: 0.05g",
    "Polyunsaturated Fat: 0.03g",
    "Monounsaturated Fat: 0.03g",
    "Sodium: 25mg",
    "Potassium: 133mg",
    "Fiber: 0.2g",
    "Sugar: 40g",
    "Vitamin A: 2IU",
    "Vitamin C: 16mg",
    "Calcium: 15mg",
    "Iron: 0.1mg",
    ""
  ],
  "Comments": [
    "Femke says:I really want to try this, it looks so good! Healthy as well!",
    "Denise Balzum says:Would this work for a brunch?  Maybe add a little vodka?",
    "Alyssa Rivers says:haha! You are welcome to make this how you like! I am not an alcohol drinker so I am not sure if vodka will do the trick or not.",
    "Goldengirl50 says:In response to your question regarding lemons and limes, I think the answer is quite simple.  I haven’t been to Brazil but in Jamaica and Mexico they do not have lemons, they have only limes and pronounce it “lemōns”. They have absolutely no idea what lemons are and I suspect the same is in Brazil.  I hope this explanation helps."
  ]
}