{
  "URL": "https://therecipecritic.com/spatchcock-turkey/",
  "Summary": "A Spatchcock Turkey cooks faster and more evenly, and will be the most tender and juicy turkey you've ever cooked! Roasted or smoked, this turkey will wow your guests come Thanksgiving day.",
  "Metadata": [
    "Prep Time:  30minutes",
    "Cook Time:  2hours",
    "Resting Time:  10minutes",
    "Total Time:    2hours40minutes",
    "Servings: 8"
  ],
  "Ingredients": [
    "12-14 pound turkey, neck and giblet bag removed",
    "1 recipe Turkey Seasoning (1/3 Cup)",
    "Optional Garnishes: Rosemary, Parsley, Orange Slices, Cranberries"
  ],
  "Instructions": [
    "Pat dry the turkey with a paper towel.",
    "Set the turkey breast side down on a baking sheet with a wire rack.  Using very sharp kitchen shears, cut along the backbone from the tail to the neck.  Cut along each side until it is removed.  Discard the backbone or save it to make a stock.",
    "Flip the turkey over  and use your hands to press firmly to flatten the ribs.  Make sure the turkey is completely flat and put the thighs out on the baking sheet.",
    "Rub the turkey generously with the turkey seasoning.",
    "Preheat oven to 425 degrees.  Bake the turkey for 20 minutes.  Reduce oven temperature and cook at 400 degrees for about 1 1/2 hours or until the thickest part reaches 165 degrees.",
    "Remove turkey from the oven and tent with foil.  Let rest for 10-20 minutes.  Carve and serve.",
    "Preheat your smoker to 240 degrees F.",
    "Place the spatchcocked turkey in the smoker skin side up.  Smoke for 4 hours or until the thickest part reaches 165 degrees."
  ],
  "Nutrition": [
    "Calories: 681kcal",
    "Carbohydrates: 0.1g",
    "Protein: 105g",
    "Fat: 27g",
    "Saturated Fat: 7g",
    "Polyunsaturated Fat: 7g",
    "Monounsaturated Fat: 9g",
    "Trans Fat: 0.3g",
    "Cholesterol: 348mg",
    "Sodium: 541mg",
    "Potassium: 1084mg",
    "Fiber: 0.1g",
    "Sugar: 0.3g",
    "Vitamin A: 273IU",
    "Vitamin C: 0.003mg",
    "Calcium: 55mg",
    "Iron: 4mg",
    ""
  ],
  "Comments": []
}