{
  "URL": "https://therecipecritic.com/spatchcock-chicken/",
  "Summary": "Spatchcock chicken is the secret to the most tender chicken and this method locks in all the juicy flavors. Seasoned with a delicious rub and oven-roasted to perfection this will be your new favorite way of cooking a chicken.",
  "Metadata": [
    "Prep Time:  15minutes",
    "Cook Time:  1hour",
    "Total Time:    1hour15minutes",
    "Servings:  8people"
  ],
  "Ingredients": [
    "1 whole chicken 4-5 pounds",
    "⅓ cup homemade chicken seasoning",
    "1 pound yellow baby potatoes, halved",
    "4 whole carrots, peeled and cut into 3-inch pieces",
    "2 tablespoons olive oil",
    "Kosher salt and pepper, to taste",
    "rosemary and parsley for garnish"
  ],
  "Instructions": [
    "Pat dry the chicken with a paper towel.",
    "Set the chicken breast side down on a baking sheet with a wire rack. Using very sharp kitchen shears, cut along the backbone from the tail to the neck. Cut along each side until it is removed. Discard the backbone or save it to make a stock.",
    "Flip the chicken over and use your hands to press firmly to flatten the ribs. Make sure the chicken is completely flat and position the thighs out on the baking sheet.",
    "Rub the chicken generously with the chicken seasoning",
    "To season the vegetables, toss them with olive oil and salt and pepper to taste.",
    "Preheat the oven to 425 degrees Fahrenheit.",
    "Place the chicken in the middle of a large baking sheet pan. Make sure it is skin-side up. Scatter the vegetables around the chicken.",
    "Bake the spatchcocked chicken and veggies for 15 minutes. Reduce oven temperature and cook at 400 degrees Fahrenheit for about 1 hour or until the thickest part reaches 165 degrees.",
    "Remove the chicken from the oven and tent it with foil. Let rest for 10-20 minutes. Carve and serve.",
    "Preheat your smoker to 240 degrees Fahrenheit.",
    "Place the chicken in the middle of a large baking sheet pan. Make sure it is skin-side up and that your pan is smoker-safe. Scatter the vegetables around the chicken.",
    "Place the spatchcocked chicken and veggies in the smoker. Smoke for 3-4  hours or until the thickest part reaches 165 degrees Fahrenheit.",
    "Alternatively, you can cook the vegetables separately, but I personally love cooking them in the smoker! Sometimes I'll place the vegetables in their own smoker-safe pan and pull them out if they get done sooner.",
    "Remove the chicken from the oven and tent it with foil. Let rest for 10-20 minutes. Carve and serve."
  ],
  "Nutrition": [
    "Calories: 288kcal",
    "Carbohydrates: 12g",
    "Protein: 19g",
    "Fat: 18g",
    "Saturated Fat: 5g",
    "Polyunsaturated Fat: 4g",
    "Monounsaturated Fat: 9g",
    "Trans Fat: 0.1g",
    "Cholesterol: 71mg",
    "Sodium: 71mg",
    "Potassium: 440mg",
    "Fiber: 2g",
    "Sugar: 1g",
    "Vitamin A: 295IU",
    "Vitamin C: 13mg",
    "Calcium: 47mg",
    "Iron: 2mg",
    ""
  ],
  "Comments": [
    "Karen says:Is the chicken roasted on the wire rack?  Or is that only used to flatten it out then removed?",
    "Matt Simonar says:What about the vegetables??? When do those get added????",
    "Alyssa Rivers says:You add the seasoned veggies to the pan at the same time as the chicken."
  ]
}