{
  "URL": "https://therecipecritic.com/special-k-bars/",
  "Summary": "These Special K Bars are a delicious combination of smooth peanut butter, crispy Special K cereal, and a rich chocolate-butterscotch topping. This quick and easy recipe is a sweet treat that will leave you craving more. ",
  "Metadata": [
    "Prep Time:  15minutes",
    "Total Time:  15minutes",
    "Servings:  16Bars"
  ],
  "Ingredients": [
    "1 cup smooth peanut butter",
    "1 cup granulated sugar",
    "1 cup light corn syrup",
    "1 teaspoon vanilla extract",
    "¼ teaspoon salt",
    "5-6 cups Special K cereal",
    "1 cup semi-sweet chocolate chips",
    "1 cup butterscotch chips"
  ],
  "Instructions": [
    "To a large microwave-safe bowl, add the peanut butter, sugar, and corn syrup and heat in 30 second increments. Stir after each 30 second increment until smooth.",
    "Add the vanilla extract and salt and stir until smooth.",
    "Add the Special K and fold in until evenly coated. Pour into a parchment line 9×13 baking dish and gently press until even.",
    "Add the chocolate chips and the butterscotch chips to a microwave-safe bowl and heat in 30 second increments, stirring after each one, until smooth.",
    "Pour the chocolate mixture over the cereal and smooth evenly across the top.",
    "Let the bars chill for an hour or so, until the chocolate is set, before removing from the pan and slicing into bars."
  ],
  "Nutrition": [
    "Calories: 334kcal",
    "Carbohydrates: 53g",
    "Protein: 5g",
    "Fat: 13g",
    "Saturated Fat: 4g",
    "Polyunsaturated Fat: 2g",
    "Monounsaturated Fat: 5g",
    "Trans Fat: 0.01g",
    "Cholesterol: 2mg",
    "Sodium: 162mg",
    "Potassium: 163mg",
    "Fiber: 2g",
    "Sugar: 43g",
    "Vitamin A: 16IU",
    "Calcium: 19mg",
    "Iron: 1mg"
  ],
  "Comments": []
}