{
  "URL": "https://therecipecritic.com/spicy-chicken-rigatoni/",
  "Summary": "The flavor of the sauce combined with alfredo and marinara was divine! The family loved it. This is definitely a keeper!",
  "Metadata": [
    "Prep Time:  10minutes",
    "Cook Time:  20minutes",
    "Total Time:  30minutes",
    "Servings:  6people"
  ],
  "Ingredients": [
    "2 boneless skinless chicken breasts, cut into thin strips, about 1.5 pounds",
    "1 tablespoon minced garlic, about 3-4 cloves",
    "1 tablespoon crushed red pepper flake, more for garnish",
    "½ teaspoon black pepper",
    "¼ teaspoon salt",
    "3-4 tablespoons olive oil",
    "2 cups heavy cream",
    "2 cups marinara sauce",
    "½ cup peas",
    "1 pound rigatoni noodles,  cooked al dente",
    "2 tablespoons unsalted butter",
    "fresh grated parmesan cheese, for garnish"
  ],
  "Instructions": [
    "In a large skillet heat two tablespoons of olive oil over medium-high heat. Add the garlic, red pepper flake, and coarse black pepper to the pan and cook for 2-3 minutes.",
    "Add in thin strips of chicken breast, and salt, and cook until chicken is fully cooked, 3-4 minutes.",
    "First pour the marinara sauce over the chicken and stir, then add in heavy cream and stir to combine. Let the sauce simmer for about 10 minutes.",
    "Add in the butter and peas and stir until the butter melts.",
    "Mix the cooked pasta into the sauce and garnish with fresh parmesan cheese and a pinch or two of red pepper flakes before serving."
  ],
  "Nutrition": [
    "Calories: 604kcal",
    "Carbohydrates: 67g",
    "Protein: 23g",
    "Fat: 27g",
    "Saturated Fat: 11g",
    "Cholesterol: 88mg",
    "Sodium: 1185mg",
    "Potassium: 634mg",
    "Fiber: 5g",
    "Sugar: 8g",
    "Vitamin A: 969IU",
    "Vitamin C: 11mg",
    "Calcium: 38mg",
    "Iron: 2mg"
  ],
  "Comments": [
    "Jack says:Delicious and easy to make, excellent. Left the peas out because my girlfriend is not a fan, but we didn’t miss them. Perfect level of spice.",
    "Janet Miller says:Amazing! My family of five loved it! Thank you for a wonderful, easy dinner.",
    "Juli says:Made this tonight and everyone loved it. I did delete the peas and butter. I put in 1 tsp of red pepper flakes in the chicken and was perfect amount of heat!  Will be making again",
    "Dena Xie says:I love this recipe and was going to ask if it could be modified for a crockpot but someone beat me to it!! Thanks ladies I will def be trying this out in my sc.",
    "muffinsandmocha says:So happy to have found your blog ! planning to try this one soon too!",
    "Michelle's Tasty Creations says:Alyssa,This looks delicious and contains two of my favorite ingredients pasta and chicken 🙂  Thanks so much for linking up to Creative Thursday.  Can’t wait to see what you share this week!  Have a wonderful week.Michelle",
    "Jenn says:I made a similar dish with alfredo sauce and tomato sauce instead of the marinara and it was amazing. I’ll have to try adding peas next time!",
    "Melissa Beckley says:I only had frozen chicken and didn’t want to go to the store, so I am trying this as a crockpot recipe! I’ll let you know how it works out!",
    "Melissa Beckley says:So the verdict is…. We will definitely make this again. I didn’t give it to my two youngest (2.5 yr and 20 months) it was a little too spicy for me to want to serve it to them, but My husband, oldest 2 (9 and 8) and I loved it! I just used the frozen chicken breast, made the sauce and poured it over the chicken and cooked it on low for 8 hours. It was SO good!",
    "Dena Xie says:Did you use the same amount of sauce as the recipe calls for or did you have to add more?",
    "Alyssa Rivers says:I would have made mine in the crockpot but didn’t get to the store until the afternoon!  And how did the sauce turn out in the crockpot??  And I didn’t add the red pepper to mine because it would have been too spicy for the little ones, I just sprinkled on top of the adults…. We LOVED it too!  Thanks for letting me know on that!  You ROCK!"
  ]
}