{
  "URL": "https://therecipecritic.com/spicy-lime-shrimp-creamy-avocado-cilantro-sauce/",
  "Summary": "Grilled Spicy Lime Shrimp with Creamy Avocado Cilantro Sauce has a simple but full of flavor and spice marinade. The creamy avocado cilantro sauce is the perfect cool and creamy dipping sauce.",
  "Metadata": [
    "Prep Time:  20minutes",
    "Cook Time:  5minutes",
    "marinating time:  30minutes",
    "Total Time:  55minutes",
    "Servings:  8servings"
  ],
  "Ingredients": [
    "1 pound peeled and deveined shrimp",
    "2 tablespoons lime juice",
    "3 tablespoons olive oil",
    "2 teaspoons minced garlic",
    "2 teaspoons chili powder",
    "½ teaspoon ground cumin",
    "¼ teaspoon paprika",
    "½ teaspoon salt",
    "¼ teaspoon ground black pepper",
    "¼ teaspoon red pepper flakes",
    "1 large pitted and diced avocado",
    "½ cup greek yogurt",
    "1 teaspoon minced garlic",
    "2 tablespoons  lime juice",
    "2 tablespoons chopped cilantro",
    "salt, to taste",
    "ground black pepper, to taste"
  ],
  "Instructions": [
    "In a small bowl whisk together 2 tablespoons lime juice, 3 tablespoons olive oil, 2 teaspoons minced garlic, 2 teaspoons chili powder, ½ teaspoon ground cumin, ¼ teaspoon paprika, ½ teaspoon salt, ¼ teaspoon ground black pepper, and ¼ teaspoon red pepper flakes.",
    "Pour into a large ziplock bag and add the shrimp. Close the bag and toss to coat. Refrigerate for 30 minutes-1 hours to marinate the shrimp.",
    "Preheat the grill to medium heat. Put the shrimp on skewers and place them on the grill. Grill on each side for about two minutes or until cooked and pink throughout.",
    "To make the sauce, add 1 large pitted and diced avocado , ½ cup greek yogurt, 1 teaspoon minced garlic, 2 tablespoons  lime juice, and 2 tablespoons chopped cilantro to a blender or food processor. Pulse until smooth. Season with salt and pepper to taste. Serve alongside the shrimp as a dipping sauce."
  ],
  "Nutrition": [
    "Calories: 140kcal",
    "Carbohydrates: 5g",
    "Protein: 10g",
    "Fat: 10g",
    "Saturated Fat: 1g",
    "Polyunsaturated Fat: 1g",
    "Monounsaturated Fat: 6g",
    "Trans Fat: 0.01g",
    "Cholesterol: 72mg",
    "Sodium: 482mg",
    "Potassium: 233mg",
    "Fiber: 2g",
    "Sugar: 1g",
    "Vitamin A: 349IU",
    "Vitamin C: 5mg",
    "Calcium: 54mg",
    "Iron: 1mg",
    ""
  ],
  "Comments": [
    "Kathy says:Can you eat this cold?",
    "Alyssa Rivers says:I don’t see why not!",
    "Kim says:Made the grilled Spicy lime shrimp. Delicious! We had it with my home made fruit salsa. We’ll be making this again.",
    "I have a weird name says:Hi there! Can I make the sauce ahead of time?",
    "Alyssa Rivers says:Yes, you totally can! Just store it in the fridge until you are ready to use it.",
    "Tom says:This is the best recipe for shrimp i have found. Make it just like it says its awesome",
    "Tamara Johnson says:Awesome receipe …the avocado sauce just adds the perfect taste with the shrimp",
    "Marsha says:Question how spicy is the shrimp?Mild medium hot.",
    "Linda says:Made this as an appetizer for tonight’s dinner.  Easy to make, so delicious and there were none leftover.  The shrimp has so much flavor, the right amount of spice and the dipping sauce is the perfect compliment to this dish.  This is an awesome recipe.  Thank you for sharing!",
    "Anne says:Superb!  Made this yesterday for the bajillionth time!  We love it paired with an albariño.",
    "Amber says:I made this tonight and just put the sauce lightly in lettuce, and it was amazing!",
    "Bill_MT says:Absolutely fantastic, both recipes equally brilliant.  Simple, quick, very forgiving.  Too much snow to grill so I just cut up the shrimp, 21-25s, into 5 or 6 pcs and sauted them over high heat, a bit of olive oil and some garlic too……….Just a couple of mins.  Save every drop of the oil/marinade left in the pan, drizzle it over the shrimp.  I added a bit of chili de arbol, chipotle and chiltepin to goose it a bit……it did too.  I used the little street taco tortillas.  Just for fun I served a few with caramelized onions and chopped bacon.  That was a big hit too.  Because the shrimp and sauce are so flavorful I just put half a dozen corn tortillas on a plate, cover with 1/2 of a dampened paper towel covered with plastic wrap….nuke for about 40 secs.  To me these are foundation recipes as both of them let one take some liberties and more often than not come out ahead.  As is both are super great recipes, have fun and enjoy bigtime!!!",
    "Rich Christensen says:Great recipe!  Only problem I had was keeping my wife out of the sauce before the shrimp shrimp were grilled.  Must admit it was great on a Tostito shell.",
    "Anne-Marie says:Made this tonight – my husband and I both loved it! Will definitely make again. I used sour cream instead of the yogurt in the sauce – it was so delicious. I will use that sauce for lots of other things. My lunch tomorrow is the leftover shrimp with bacon and cheese – and of course the sauce!",
    "Jen says:Do you have a suggestion for a cilantro substitution that would taste great?  Excited to try this recipe!",
    "Alyssa Rivers says:Cilantro/Coriander Leaf Substitute. Replace the coriander called for in your recipe with an equal amount of fresh parsley, tarragon, dill or a combination of the three. For maximum flavor, add the herbs to the dish just before serving it. Cooking diminishes the flavor of the spices significantly (cilantro included). Hope that helps! Enjoy!",
    "Corey says:I’m wondering if it is possible to make these on a cast iron skillet without the skewers or grill?",
    "Alyssa Rivers says:Yes, that sounds great! That will taste delicious! Enjoy!",
    "Larry says:Lose the cumin.  Otherwise, a simple,  quick marinade."
  ]
}