{
  "URL": "https://therecipecritic.com/spiced-rub-brown-sugar-pineapple-glazed-ham/",
  "Summary": "Spiced Rub Brown Sugar Pineapple Glazed Ham is coated with a sweet and tangy spiced glaze that caramelizes on the edge of the ham. This will be the star at your holiday dinner table!",
  "Metadata": [
    "Prep Time:  10minutes",
    "Cook Time:    1hour5minutes",
    "Total Time:    1hour15minutes",
    "Servings:  10people"
  ],
  "Ingredients": [
    "1 (5-7 pound) fully cooked boneless ham",
    "¼ cup brown sugar",
    "1 teaspoon coriander",
    "1 teaspoon cinnamon",
    "½ teaspoon cumin",
    "¼ teaspoon allspice",
    "¼ teaspoon pepper",
    "1 (20-ounce) can drained pineapple rings",
    "¼ cup drained maraschino cherries",
    "toothpicks",
    "¼ cup water",
    "½ cup pineapple juice",
    "½ cup brown sugar",
    "¼ cup Dijon mustard",
    "1 tablespoon Worcestershire sauce"
  ],
  "Instructions": [
    "Adjust the oven rack in the lower 3rd of the oven then preheat the oven to 325 degrees Fahrenheit. Prepare the roasting pan by inserting a roasting rack inside the pan. Place 1 (5-7 pound) fully cooked boneless ham inside the roasting pan on the rack.",
    "Mix ¼ cup brown sugar, 1 teaspoon coriander, 1 teaspoon cinnamon, ½ teaspoon cumin, ¼ teaspoon allspice, and ¼ teaspoon pepper in a small bowl.",
    "Place the ham inside the roasting pan on the rack then rub the spice mixture thoroughly over the ham.",
    "In a small saucepan whisk the ½ cup pineapple juice, ¼ cup Dijon mustard, ½ cup brown sugar, and 1 tablespoon Worcestershire sauce. Heat over medium-high heat until the mixture melts and slightly thickens.",
    "Baste half of the pineapple glaze all over the ham. Set aside the remaining glaze for later.",
    "Place pineapples from 1 (20-ounce) can drained pineapple rings on top of the glazed pineapple. The pineapple will stick to the glaze, but you can use toothpicks to help secure the pineapple. Use a toothpick to secure a cherry from ¼ cup drained maraschino cherries in the middle of each pineapple ring.",
    "Pour ¼ cup water into the bottom of the pan. Bake uncovered for 1 hour or until the internal temperature of the ham reaches 140 degrees Fahrenheit. The ham is already fully cooked, you just want it to be warmed through.",
    "Take the ham out of the oven and brush it with the remaining pineapple glaze. Set the oven to broil and place the ham back in the oven. Broil the ham for 2-4 minutes or until the glaze caramelizes on top. Remove the ham from the oven and let it rest for a few minutes before serving."
  ],
  "Nutrition": [
    "Calories: 85kcal",
    "Carbohydrates: 21g",
    "Protein: 0.4g",
    "Fat: 0.3g",
    "Saturated Fat: 0.03g",
    "Polyunsaturated Fat: 0.1g",
    "Monounsaturated Fat: 0.2g",
    "Trans Fat: 0.001g",
    "Cholesterol: 0.1mg",
    "Sodium: 97mg",
    "Potassium: 66mg",
    "Fiber: 1g",
    "Sugar: 20g",
    "Vitamin A: 12IU",
    "Vitamin C: 2mg",
    "Calcium: 28mg",
    "Iron: 0.5mg",
    ""
  ],
  "Comments": [
    "Carol says:Dear Alyssa thank you your recipes look amazing l will be trying all of the recipesCarol   Merry xmas",
    "Alyssa Rivers says:AWE! Thanks Carol! That is so sweet of you! Merry Christmas! XOXO"
  ]
}