{
  "URL": "https://therecipecritic.com/spinach-feta-turkey-burgers/",
  "Summary": "Spinach Feta Turkey Burgers with fresh spinach, salty crumbled feta cheese.",
  "Metadata": [
    "Prep Time:  20minutes",
    "Cook Time:  10minutes",
    "Total Time:  30minutes",
    "Servings:  4servings"
  ],
  "Ingredients": [
    "1 cup chopped fresh spinach",
    "1 teaspoon minced garlic",
    "½ cup grated yellow onion",
    "1 teaspoon dried oregano",
    "½ teaspoon kosher salt",
    "¼ teaspoon ground black pepper",
    "6 ounces crumbled feta",
    "1 pound ground turkey",
    "½ cup plain Greek yogurt",
    "2 tablespoons fresh lemon juice",
    "¼ teaspoon kosher salt",
    "2 pinches ground black pepper",
    "4 hamburger buns",
    "green leaf lettuce for topping",
    "sliced tomato for topping"
  ],
  "Instructions": [
    "In a large bowl, combine 1 cup chopped fresh spinach, 1 teaspoon minced garlic, ½ cup grated yellow onion, 1 teaspoon dried oregano, ½ teaspoon kosher salt, ¼ teaspoon ground black pepper, 6 ounces crumbled feta , and 1 pound ground turkey until just combined.",
    "Divide the turkey mixture into 4 equal portions and shape each one into a 1-inch thick patty.",
    "Heat a heavy skillet or cast-iron pan over medium-high heat. Add the patties to the hot pan and cook for 4-5 minutes on each side, only flipping them once.",
    "While the patties cook, combine ½ cup plain Greek yogurt, 2 tablespoons fresh lemon juice, ¼ teaspoon kosher salt, and 2 pinches ground black pepper in a small bowl.",
    "Lightly toast 4 hamburger buns, if desired. Add the sauce to the buns, followed by the green leaf lettuce, sliced tomato, and turkey patties. Serve warm."
  ],
  "Nutrition": [
    "Calories: 390kcal",
    "Carbohydrates: 28g",
    "Protein: 40g",
    "Fat: 13g",
    "Saturated Fat: 7g",
    "Polyunsaturated Fat: 2g",
    "Monounsaturated Fat: 3g",
    "Trans Fat: 0.02g",
    "Cholesterol: 101mg",
    "Sodium: 1207mg",
    "Potassium: 545mg",
    "Fiber: 2g",
    "Sugar: 5g",
    "Vitamin A: 925IU",
    "Vitamin C: 7mg",
    "Calcium: 328mg",
    "Iron: 3mg",
    ""
  ],
  "Comments": [
    "Emma says:Love this recipe! Do you think it would be okay to form into meatballs without adding and egg?",
    "Alyssa Rivers says:Hi Emma, thank you! Yes, you should be able to make them into meatballs without an egg.",
    "Carol Blevins says:Thank you!  Made the burgers with no modifications.  I did not put these on any bread.  I made a tzatziki sauce in lieu of the lemon yogurt sauce, and had a Greek peasant salad with the burger.  Thank you for sharing!",
    "Amy says:Can you use 99% fat free turkey, or will they be too crumbly?",
    "Alyssa Rivers says:I like to use higher fat for burgers so that they don’t dry out!"
  ]
}