{
  "URL": "https://therecipecritic.com/spinach-artichoke-pasta/",
  "Summary": "Spinach artichoke pasta is the perfect marriage of hearty and fresh! These ingredients complement each other and blend together so seamlessly that you will be asking for seconds in no time! ",
  "Metadata": [
    "Prep Time:  25minutes",
    "Cook Time:  20minutes",
    "Total Time:  45minutes",
    "Servings:  8Servings"
  ],
  "Ingredients": [
    "2 Tablespoons Butter",
    "3 Tablespoons Flour",
    "4 cloves Garlic  (minced)",
    "3 cups Whole Milk",
    "1/4 teaspoon Cayenne Pepper",
    "Salt And Pepper (to taste)",
    "1/2 cup Parmesan Cheese  (grated)",
    "1 1/2 cups Mozzarella Or Monterey Jack Cheese  (grated)",
    "1/2 cup Low Sodium Chicken Broth",
    "3 cups Baby Spinach",
    "2 cans Artichoke Hearts  (drained and halved)",
    "12 ounces Penne (cooked Al Dente)",
    "1/2 cup Italian Panko Breadcrumbs",
    "Crushed Red Pepper (to taste)"
  ],
  "Instructions": [
    "In a large skillet over medium high heat, melt 2 Tablespoons butter. Once it is melted, whisk the flour into the butter. Pour in milk and whisk to combine.",
    "Add parmesan, mozzarella/monterey jack, salt and pepper, and cayenne pepper. Depending on how thick it is, slowly add the chicken broth, up to 1/2 cup depending on desired thickness.",
    "Add artichokes and pasta to the sauce, tossing gently to coat. Fold in spinach, then pour the pasta into a serving bowl.",
    "Sprinkle panko crumbs on top for added crunch and sprinkle crushed red pepper."
  ],
  "Nutrition": [
    "Calories: 515kcal",
    "Carbohydrates: 47g",
    "Protein: 18g",
    "Fat: 28g",
    "Saturated Fat: 12g",
    "Cholesterol: 53mg",
    "Sodium: 757mg",
    "Potassium: 263mg",
    "Fiber: 4g",
    "Sugar: 7g",
    "Vitamin A: 1641IU",
    "Vitamin C: 21mg",
    "Calcium: 324mg",
    "Iron: 2mg"
  ],
  "Comments": [
    "51 club login says:This spinach artichoke pasta looks amazing! I love how creamy and delicious it seems. Can’t wait to try the recipe this weekend! Thanks for sharing!",
    "Jalwa lottery Game says:This Spinach Artichoke Pasta looks absolutely delicious! I love how creamy and flavorful it seems. Can’t wait to try this recipe for my next family dinner!",
    "RB says:Made this for dinner tonight. It was ok. The flavor needed a punch.After most of the ingredients were cooking together, I started to read the comments. Noticed that someone had asked when to add the garlic. Duh, I then realized that I forgot to add the garlic!Wish the directions were changed up top since it was a concern previously.Maybe fresh garlic would have made the difference and not the powdered garlic that I instead added? Who knows?",
    "Marti Klinger says:When do you add the garlic? Normally I would guess after the butter, but that’s for the rogue.",
    "Alyssa Rivers says:Yes, add the garlic in after the butter and before the flour!",
    "Linda says:Thank you for asking this question.  I was confused, too.",
    "Jaime says:I am in South Korea. How many grams or ounces is the spinach and artichokes?",
    "Karen says:This looks really yummy!  Does anyone know the fat grams / calories on this?  I’m not expecting this to be a diet food or anything, but knowing that info. would help determine how MUCH of this to eat!!! 🙂The picture makes me DROOL!!!!",
    "Michelle says:Changes I made: swapped half and half for the milk. Also, it says to let it cool, but I  actually heated up the milk and whisked the cheeses in a bit at a time. After it as fully melted, THEN I turned down the stove to low and let it cool.It was overall a tasty recipe. It serves 4-6, so I would have halved the recipe next time.",
    "Katie Adams says:Yummy!  Can I put my order in for a plate of this.  It looks delicious!",
    "Katie says:Has anyone had any problems with the cheese curdling on this recipe?",
    "Brittni hess says:Not curdling but it won’t melt very well, more like clumps.",
    "Linda Freeman says:Thinking of adding shredded chicken breast.  My husband is a meat eater and this is too good to be just a side dish.",
    "Chels R. says:That’s one of my fave things to order from a restaurant too! This looks fantastic!",
    "Christina @ The Beautiful Balance says:Love the idea of spinach dip in pasta form!"
  ]
}