{
  "URL": "https://therecipecritic.com/spinach-stuffed-chicken-breast/",
  "Summary": "Tender chicken breasts stuffed with creamy spinach and cheese—your new favorite weeknight dinner!",
  "Metadata": [
    "Prep Time:  20minutes",
    "Cook Time:  45minutes",
    "Total Time:    1hour5minutes",
    "Servings:  4people"
  ],
  "Ingredients": [
    "4 boneless skinless chicken breasts",
    "1 tablespoon olive oil",
    "2 minced shallots",
    "2 cloves minced garlic",
    "3 cups chopped spinach",
    "1 teaspoon oregano",
    "1 teaspoon thyme",
    "½ teaspoon salt",
    "½ teaspoon ground black pepper",
    "½ teaspoon red pepper flakes",
    "4 ounces softened cream cheese",
    "1 cup freshly grated parmesan cheese",
    "2  tablespoons olive oil"
  ],
  "Instructions": [
    "Preheat the oven to 375 degrees Fahrenheit, and prepare the 4 boneless skinless chicken breasts by patting them off and cutting a pocket into each one. Set aside.",
    "Heat 1 tablespoon olive oil in a skillet over medium-high heat, add the 2 minced shallots, and cook for 3 minutes, stirring frequently. Add the 2 cloves minced garlic and 3 cups chopped spinach, and cook until the spinach has wilted. Remove from heat.",
    "In a small bowl, mix the 1 teaspoon oregano, 1 teaspoon thyme, ½ teaspoon salt, ½ teaspoon ground black pepper, and ½ teaspoon red pepper flakes. Divide this mixture in half.",
    "In a medium bowl, add the 4 ounces softened cream cheese, 1 cup freshly grated parmesan cheese, cooked spinach and shallots, and half of the spice mix. Mix well to combine.",
    "Rub the 2  tablespoons olive oil onto each chicken breast and season them with the remaining spice mix. Stuff each chicken evenly with the spinach and cream cheese mixture until it has all been used.",
    "Place the stuffed breasts onto a 9X13 inch baking dish. Bake uncovered for 30-45 minutes, or until the chicken is cooked through and there is a nice brown crust on the top of each one.",
    "Remove the chicken from the oven and serve fresh!"
  ],
  "Nutrition": [
    "Calories: 438kcal",
    "Carbohydrates: 7g",
    "Protein: 36g",
    "Fat: 30g",
    "Saturated Fat: 12g",
    "Polyunsaturated Fat: 2g",
    "Monounsaturated Fat: 13g",
    "Trans Fat: 0.01g",
    "Cholesterol: 118mg",
    "Sodium: 935mg",
    "Potassium: 670mg",
    "Fiber: 1g",
    "Sugar: 2g",
    "Vitamin A: 2828IU",
    "Vitamin C: 10mg",
    "Calcium: 371mg",
    "Iron: 2mg",
    ""
  ],
  "Comments": [
    "Tina says:Excellent recipe! I tone down the garlic & shallots a bit. But It’s so yummy ?",
    "Linda says:It was so amazing, th best I have made. Thankyou!!",
    "Marianna Lombardo says:What can I substitute cream cheese with?",
    "Alyssa Rivers says:Hi Marianna, are you looking for a dairy free option? Or what do you need the cream cheese substituted for? That will help me know what you are looking for.",
    "Peggy Esposito says:My husband does not like cream cheese …just add more shredded cheese?",
    "Ann Bent says:Excellent and so easy .",
    "Carine dajani says:I did exactly what is the recipe but i added fresh cut mushrooms, i put paprika black  pepper and garlic powder on chicken it turned out veery yummy?",
    "Joseph Kotansky says:I download and try a lot of recipes online. This one just made my top 3. Made it this week and leftovers today. This is so delicious! Chicken comes out do tender and juicy. The stuffing is awesome. The seasoning is perfect both in the stuffing and on top. Long grain and wild rice( uncle bens of course) made a great side. 2 thumbs and 5 stars!",
    "Alyssa Rivers says:Wow Joseph, this made my week! Thank you so much for trying my recipe and for coming back to rate and comment! It means so much to me!"
  ]
}