{
  "URL": "https://therecipecritic.com/spinach-sausage-gnocchi-sage/",
  "Summary": "Spinach and Sausage Gnocchi with Sage is a quick and easy dinner that is filled with sausage, gnocchi, diced tomatoes, spinach, spices, and sage.  This is a flavorful and comforting meal!",
  "Metadata": [
    "Prep Time:  10minutes",
    "Cook Time:  40minutes",
    "Total Time:  50minutes",
    "Servings:  5servings"
  ],
  "Ingredients": [
    "1 tablespoon olive oil",
    "1 ½ cups chopped onion about 1 medium onion",
    "2 teaspoons minced garlic",
    "1 (13-ounce) package smoked sausage",
    "½ cup chicken stock",
    "1 (14.5-ounce) can fire-roasted diced tomatoes",
    "1 teaspoon ground thyme",
    "½ teaspoon dried rosemary",
    "½ teaspoon rubbed sage",
    "½ dried parsley",
    "½ teaspoon garlic powder",
    "seasoned salt,  to taste",
    "ground black pepper, to taste",
    "1 (16-ounce) package uncooked gnocchi",
    "1 cup fresh spinach",
    "½ cup grated mozzarella cheese",
    "¼ cup grated parmesan cheese"
  ],
  "Instructions": [
    "Preheat the oven to 425 degrees Fahrenheit and move a rack into the upper third of the oven. Heat a large oven-safe skillet on the stove over medium-high heat.",
    "Slice 1 (13-ounce) package smoked sausage into ¼-inch thick coins and add it to the skillet. Cook over high heat until lightly browned or about 4-6 minutes.",
    "Reduce the heat to medium-high and add 1 tablespoon olive oil. Add 1 ½ cups chopped onion and cook for about 4 minutes until it begins to turn translucent. Add 2 teaspoons minced garlic and cook and stir for another 30 seconds.",
    "Add ½ cup chicken stock, 1 (14.5-ounce) can fire-roasted diced tomatoes, 1 teaspoon ground thyme, ½ teaspoon dried rosemary, ½ teaspoon rubbed sage, ½ dried parsley, ½ teaspoon garlic powder, seasoned salt,  ground black pepper, and 1 (16-ounce) package uncooked gnocchi. Stir until everything is well combined. Gently stir in 1 cup fresh spinach and make sure everything is covered with liquid.",
    "Top with ½ cup grated mozzarella cheese and ¼ cup grated parmesan cheese, then place the skillet in the oven. Bake for 17-22 minutes. If desired, turn on the broiler at the end and broil for another 2-3 minutes to get the cheese topping extra browned and delicious.",
    "Remove the skillet from the oven and top with a sprinkle of additional salt, pepper, and chopped fresh thyme if desired. Serve immediately."
  ],
  "Nutrition": [
    "Calories: 113kcal",
    "Carbohydrates: 7g",
    "Protein: 5g",
    "Fat: 7g",
    "Saturated Fat: 3g",
    "Polyunsaturated Fat: 1g",
    "Monounsaturated Fat: 3g",
    "Cholesterol: 14mg",
    "Sodium: 202mg",
    "Potassium: 160mg",
    "Fiber: 1g",
    "Sugar: 3g",
    "Vitamin A: 695IU",
    "Vitamin C: 6mg",
    "Calcium: 126mg",
    "Iron: 1mg"
  ],
  "Comments": [
    "Therese says:Chose this recipe to use with my first homemade batch of gnocchi.  It was so good!  The combination and quantities of the herbs was perfect.  I’d use this recipe again using regular pasta as well.",
    "Cathy H says:Made this tonight for dinner and it was very good.  I had two boneless chicken breasts left over from last night, so I browned and added.  I did follow the recipe as written with exception to adding the chicken. This was a very hearty meal with French bread.  The husband is not a fan of on one-pot meals, but this one will go in the rotation.  Thanks for the great recipe!",
    "Deeksha says:This Looks so tasty. Thank you for the recipe.",
    "Tara says:This was EXCEPTIONAL!!!",
    "Ashley says:Can frozen spinach be used in place of fresh?",
    "Alyssa Rivers says:Yes, be sure to let it thaw and using a paper towel squeeze out the water. Hope that helps!",
    "Dawn says:Looks great! How many does this serve please?",
    "Alyssa Rivers says:This serves about 4-6 people depending on your serving sizes.",
    "Janelle Hatteroth says:Made this as is and it was excellent!! Will be making again.",
    "Rebekah says:The ingredients call for fire roasted tomatoes and the directions calls for Italian tomatoes. Which one do you recommend?",
    "Alyssa Rivers says:I like either but the original recipe is fire roasted tomatoes. If you would not like the spiciness then Italian roasted tomatoes are best.",
    "Melissa says:We made this dish tonight. It was absolutely delicious. The only thing off for us was the amount of gnocchi. I’ll definitely cut that in half. We try not to eat a lot of white. This is the 3rd or 4th dish we’ve tried from your site!  Thank you,  thank you,  thank you!",
    "Heather says:I’m so excited to have found this recipe! My family is going to love it!By uncooked gnocchi, do you mean dry gnocchi in a box or fresh gnocchi in the refrigerated section of the pasta aisle?Also, did you use a cast iron pan? I’m knew to those as well…Do I need to add olive oil to the pan before cooking?Thank you in advance!",
    "Marisa Franca @ All Our Way says:Ooooooohhhhh!! This recipe has my name all over it! I love the colors and my gosh the flavors that are going on!! WOW!! I am definitely saving this recipe to make at a later date!!",
    "GG says:How many people does this recope serve?",
    "Alyssa Rivers says:4-6 happy people;)"
  ]
}