{
  "URL": "https://therecipecritic.com/spinach-pie/",
  "Summary": "This savory spinach pie is packed with spinach and baked in a flaky crust. It's loaded with three kinds of cheeses, onion, garlic, eggs, and seasoned with tons of flavor! Enjoy it warm or cold, and any time of day.",
  "Metadata": [
    "Prep Time:  30minutes",
    "Cook Time:  50minutes",
    "Total Time:    1hour20minutes",
    "Servings:  8people"
  ],
  "Ingredients": [
    "1 refrigerated pie crust, or homemade",
    "3 tablespoons olive oil",
    "⅔ cup yellow onion, minced",
    "3 cloves garlic, minced",
    "20 ounces spinach, stems removed and chopped",
    "¼ cup fresh parsley, chopped",
    "3 tablespoons dried dill",
    "1 cup crumbled feta cheese",
    "1 cup ricotta cheese",
    "1 cup shredded parmesan cheese",
    "1 teaspoon salt",
    "1 teaspoon pepper",
    "3 large eggs, beaten"
  ],
  "Instructions": [
    "Preheat the oven to 350 degrees Fahrenheit then line a 9-inch pie dish with 1 refrigerated pie crust,. Place it in the refrigerator to keep the pie crust cold while you prepare the filling.",
    "In a large skillet over medium-high heat, saute ⅔ cup yellow onion, in the 3 tablespoons olive oil until the onion is tender. Add 20 ounces spinach, and 3 cloves garlic, and saute until the spinach has wilted down. Remove the spinach and onion from the heat and set aside.",
    "In a large bowl, whisk together ¼ cup fresh parsley, 3 tablespoons dried dill, 1 cup crumbled feta cheese, 1 cup ricotta cheese, 1 cup shredded parmesan cheese, 1 teaspoon salt, 1 teaspoon pepper, and 3 large eggs,.",
    "Add the spinach mixture to the bowl and mix thoroughly.",
    "Remove the pie crust and pan from the fridge and fill it with the spinach filling.",
    "Bake the pie for 45-50 minutes, the top of the pie should start to turn golden brown.",
    "Remove from the oven and allow it to rest for at least 5 minutes before serving."
  ],
  "Nutrition": [
    "Calories: 363kcal",
    "Carbohydrates: 21g",
    "Protein: 18g",
    "Fat: 24g",
    "Saturated Fat: 10g",
    "Polyunsaturated Fat: 2g",
    "Monounsaturated Fat: 10g",
    "Trans Fat: 0.01g",
    "Cholesterol: 102mg",
    "Sodium: 914mg",
    "Potassium: 777mg",
    "Fiber: 3g",
    "Sugar: 1g",
    "Vitamin A: 7642IU",
    "Vitamin C: 27mg",
    "Calcium: 529mg",
    "Iron: 7mg",
    ""
  ],
  "Comments": [
    "Barbara says:I’ve made this probably 3 times so far and it always comes out amazing!!! Love the flavors and the recipe. Thank you!",
    "Tracy says:The directions were very easy to follow and the pie came out fine.  I feel it needs something like lemon juice or something creamier.  Also, in the opening paragraph it called for a 12” pie crust. I searched everywhere for that size crust and couldn’t find one.  Then when I went to make it the recipe says a 9”in pie plate.  I ended up using a 9.5” pan.",
    "Richard Boyle says:Is it possible to make this in a casserole dish without the pie crust. Less carbs ?",
    "GS says:1/4 cup of dried dill? That seems like an awful lot. More than a whole bottle.",
    "Alyssa Rivers says:Hello! Thank you so much for catching that! 1/4 cup of fresh dill will work in this recipe but if you use dried dill, I would use 2-3 tablespoons. Let me know what you think!"
  ]
}