{
  "URL": "https://therecipecritic.com/spinach-dip/",
  "Summary": "Spinach dip is a classic appetizer known for its creamy and comforting flavors.  The combination of spinach, cheeses, and seasonings creates a delicious dip you'll want to bring to all of your gatherings!",
  "Metadata": [
    "Prep Time:  10minutes",
    "Cook Time:  15minutes",
    "Total Time:  25minutes",
    "Servings: 12"
  ],
  "Ingredients": [
    "8 ounce cream cheese,  softened",
    "3/4 cup sour cream",
    "2 teaspoons garlic, minced",
    "1 teaspoon onion powder",
    "1 cup mozzarella cheese, shredded",
    "1 cup Parmesan cheese, grated",
    "10 ounces frozen spinach, thawed and drained",
    "1/4 teaspoon kosher salt",
    "1/8 teaspoon black pepper"
  ],
  "Instructions": [
    "Preheat the oven to 400 degrees Fahrenheit.  Spray a 1-quart baking dish with non-stick cooking spray and set aside.",
    "In a medium-sized bowl add the cream cheese and sour cream.  Mix with a hand mixer and blend until smooth.",
    "Add the garlic, onion powder, mozzarella cheese, parmesan cheese, and salt and pepper.  Fold in the spinach until combined.",
    "Spread the mixture evenly into the prepared baking dish.  Bake for 15-20 minutes or until it is heated throughout and bubbly.",
    "Serve warm with sliced bread, a baguette, or crackers."
  ],
  "Nutrition": [
    "Calories: 163kcal",
    "Carbohydrates: 3g",
    "Protein: 7g",
    "Fat: 14g",
    "Saturated Fat: 8g",
    "Polyunsaturated Fat: 1g",
    "Monounsaturated Fat: 4g",
    "Cholesterol: 41mg",
    "Sodium: 322mg",
    "Potassium: 143mg",
    "Fiber: 1g",
    "Sugar: 2g",
    "Vitamin A: 3242IU",
    "Vitamin C: 2mg",
    "Calcium: 211mg",
    "Iron: 1mg"
  ],
  "Comments": [
    "Tiranga 91 says:This creamy spinach dip looks absolutely delicious! I can’t wait to try making it for my next gathering. Thanks for sharing the recipe!",
    "51 club says:I just made this creamy spinach dip for a gathering, and it was a huge hit! The flavors are amazing, and it’s so easy to prepare. Thanks for the great recipe!",
    "rejekibet says:This creamy spinach dip looks absolutely delicious! Can’t wait to try this recipe for my next gathering. Love how simple the ingredients are too! 🌿🧀",
    "Donna says:can this be made ahead of time and re-heated in the microwave?  Or can it just be served cold?  Thanks in advance for a speedy reply!",
    "Eric says:Great spinach dip reciep! So creamy"
  ]
}