{
  "URL": "https://therecipecritic.com/spinach-bacon-stuffed-pork-tenderloin/",
  "Summary": "Spinach Bacon Stuffed Pork Tenderloin in just 35 minutes. The perfect dinner party recipe with hardly any effort needed.",
  "Metadata": [
    "Prep Time:  15minutes",
    "Cook Time:  40minutes",
    "Total Time:  55minutes",
    "Servings:  6servings"
  ],
  "Ingredients": [
    "2 pounds pork tenderloin one average-sized tenderloin",
    "1 teaspoon kosher salt",
    "½ teaspoon ground black pepper",
    "1 cup fresh spinach leaves",
    "¼ cup cooked and crumbled bacon",
    "¼ cup shredded parmesan cheese",
    "2 teaspoons minced garlic",
    "2 tablespoons softened unsalted butter"
  ],
  "Instructions": [
    "Slice 2 pounds pork tenderloin lengthwise about ⅔ of the way through, keeping it intact on one side. Use 1 teaspoon kosher salt and ½ teaspoon ground black pepper to season the pork inside and out.",
    "Carefully stuff 1 cup fresh spinach leaves, ¼ cup cooked and crumbled bacon, ¼ cup shredded parmesan cheese, and 2 teaspoons minced garlic evenly down the slit in the pork, then close the tenderloin back up as best you can.",
    "Wrap the tenderloin tightly with kitchen twine (also called butcher's twine) to prevent it from opening up while it roasts. You can tie off the end or simply tuck the end of the twine securely into itself.",
    "Rub the outside of the pork with 2 tablespoons softened unsalted butter and cook for 35-40 minutes, until the center of it reaches an internal temperature of 145 degrees Fahrenheit.",
    "Let the pork rest for five minutes before removing the twine, slicing, and serving."
  ],
  "Nutrition": [
    "Calories: 275kcal",
    "Carbohydrates: 1g",
    "Protein: 34g",
    "Fat: 14g",
    "Saturated Fat: 6g",
    "Polyunsaturated Fat: 2g",
    "Monounsaturated Fat: 5g",
    "Trans Fat: 0.2g",
    "Cholesterol: 118mg",
    "Sodium: 603mg",
    "Potassium: 653mg",
    "Fiber: 0.2g",
    "Sugar: 0.1g",
    "Vitamin A: 626IU",
    "Vitamin C: 2mg",
    "Calcium: 68mg",
    "Iron: 2mg",
    ""
  ],
  "Comments": [
    "Megan says:How big pork loin did you use",
    "Alyssa Rivers says:For this recipe Sabrina used a 3-5 pound tenderloin. You can find them wrapped in plastic wrap in a tube-like shape. Hope that helps! XOXO",
    "Barbara says:Could you add nutritional values to your recipes?",
    "Nancy says:The bacon spinach Parmesan cheese stuffed pork tenderloin omits in the recipe how much cheese and how and when to use it.  Please help with that.",
    "Alyssa Rivers says:Spinach Artichoke Stuffed Pork Tenderloin: 2 cups spinach, provolone cheese, 1/2 cup chopped artichoke hearts, garlic.Sun Dried Tomatoes and Spinach: 2 cups spinach, Romano cheese, 1/2 cup chopped sun dried tomatoes, garlic.Mushroom Herb Stuffed Pork Tenderloin: 8 ounces of mushrooms cooked in butter with salt and pepper until caramelized, garlic, fresh thyme.For more information on this recipe Sabrina put her instrucions a little above the ingredients and recipe listing. Hope that helps and you make the one you love! Thanks so much for following along with us! XOXO",
    "Karin B says:Great recipe and I will be making this but I don’t see any parmesan in the ingredients or instructions?",
    "Louise gagnon says:How long do you Cook it at 375 degrees?"
  ]
}