{
  "URL": "https://therecipecritic.com/split-pea-soup/",
  "Summary": "Split Pea Soup with ham is the perfect comfort food for any occasion. Full of vegetables, flavored with ham and cooked to perfection, you and your family are going to LOVE this soup.",
  "Metadata": [
    "Prep Time:  20minutes",
    "Cook Time:    1hour30minutes",
    "Total Time:    1hour50minutes",
    "Servings:  8People"
  ],
  "Ingredients": [
    "2 Tablespoons butter",
    "1 small onion chopped",
    "3 large carrots diced",
    "3 celery stalks diced",
    "3 cloves garlic minced",
    "1 pound dried split peas",
    "6 cups chicken broth more if needed",
    "1 1/2 - 2 pound ham bone",
    "1/2 teaspoon salt",
    "1/4 teaspoon pepper",
    "1 teaspoon fresh thyme",
    "1 cup chopped ham for garnish"
  ],
  "Instructions": [
    "In a large pot over medium high heat add the butter and let it melt.  Add the onion, carrots, celery, and garlic.  Sauté until tender.",
    "Add in the split peas and chicken broth.  Add in the ham bone.  Bring to a boil and simmer uncovered for 60-90 minutes stirring occasionally.  Cook until the peas split and the soup has thickened.",
    "Remove the ham bone and shred the ham.  Add it back to the soup.  Add salt, pepper, and thyme.  Garnish with additional ham if needed."
  ],
  "Nutrition": [
    "Calories: 259kcal",
    "Carbohydrates: 39g",
    "Protein: 18g",
    "Fat: 4g",
    "Saturated Fat: 2g",
    "Trans Fat: 1g",
    "Cholesterol: 15mg",
    "Sodium: 1030mg",
    "Potassium: 808mg",
    "Fiber: 15g",
    "Sugar: 6g",
    "Vitamin A: 4705IU",
    "Vitamin C: 16mg",
    "Calcium: 58mg",
    "Iron: 3mg",
    ""
  ],
  "Comments": [
    "Debra says:Tried all of the soups above the box, excellent taste and texture!",
    "Margaret says:Can you also make it in a slow cooker ?",
    "Alyssa Rivers says:Hello! I haven’t tried that with this specific recipe before but I think it would do fine in the slow cooker.",
    "Liz M says:Wondering is this would do well keeping warm in a crockpot? Or will the starches cause it to dry up?",
    "Alyssa Rivers says:I think using a crockpot to keep it warm would work great!",
    "Meg Hassenpflug says:My first time making this soup. I followed the recipe exactly. I think it is perfect.",
    "Kristie says:This is so easy and turned out fabulous! Love the fresh thyme in it. Warm and cozy MMM MMM MMMMM",
    "Gwen says:Do you really cook this uncovered? You state it twice in the instructions (which is unusual for soups), but then later when talking about thickening you say to have a thicker soup to cook uncovered for the last 25-30 minutes.Any new cooks would be confused by this. I have been cooking for 40+ years, so I would cook the soups covered.",
    "Alyssa Rivers says:I cook this split pea soup uncovered!",
    "Karyn says:I added potatoes…delicious!!",
    "Adrianne says:I have never liked split pea soup, but my husband and son love it so I always end up making it at least once a winter for them. I stumbled upon this recipe and would you know – I even ate a bowl and enjoyed it. I didn’t have any thyme on hand, so I used a bay leaf instead. This was fantastic – I’ll be pinning this so I can make it again, and not have to wonder if it will turn out again. Thanks for sharing!",
    "dan cassidy says:better with smoked ham hocks-mmmmmmmmmmmmmmmmm",
    "Bette B. says:Do you think Lentils would work for this recipe. Some in my family don’t like peas in general. Was just wondering if anyone would know.",
    "Alyssa Rivers says:That would be a great substitute. Let me know how you changed and what you did different!",
    "Ellen Fortune says:Can you use a ham hock for this?",
    "Alyssa Rivers says:Yes, that will work great!",
    "Angelina says:i can’t find yellow split peas any where (anymore).  They make a pretty soup, ’cause you can easily see the carrots, etc. floating around, & I like the little bit of a milder flavor.  Yours looks amazing!  I only make pea soup when I have a ham bone left, but I always make sure it still has a good amt. of meat attached to it.  Good old fashioned winter comfort food.  Your recipe is perfect ?",
    "Joan L. says:This soup reminds me of the Split Pea (or lentil) Soup that my Mom used to make. Though she never had a recipe for it & our whole family loved it. I did manage to make her Lentil soup once by asking her how she made it & it did turn out great. But, I forgot to write down the ingredients and directions. I do remember her putting the carrots & potatoes in it like you state in the variations. I can’t wait to try making this. It will bring back many fond memories of my Mom. So, thank you.",
    "Susan R Murphy says:If you don’t have a ham bone and want to use the pre-packaged chopped ham, when would you put the ham in the soup?",
    "Alyssa Rivers says:Towards the end of the soup would be best depending on how thick the ham is. It is nice to have it sit in the soup and soak in the flavor but you also do not want it to be too soft and mushy."
  ]
}