{
  "URL": "https://therecipecritic.com/spritz-cookies/",
  "Summary": "Spritz cookies are buttery and delicious, made with a cookie press to create festive shapes! Perfect for adding to any holiday dessert spread.",
  "Metadata": [
    "Prep Time:  40minutes",
    "Cook Time:  8minutes",
    "Total Time:  48minutes",
    "Servings:  6dozen cookies"
  ],
  "Ingredients": [
    "1 ½ cup unsalted butter softened",
    "1 cup granulated sugar",
    "¾ teaspoon salt",
    "2 large eggs room temperature",
    "1 ½ teaspoon vanilla extract",
    "½ teaspoon almond extract",
    "4 cups all-purpose flour"
  ],
  "Instructions": [
    "Preheat the oven to 400 degrees Fahrenheit and place two baking sheets in the freezer.",
    "In the bowl of a stand mixer, add 1 ½ cup unsalted butter, 1 cup granulated sugar, and ¾ teaspoon salt. Beat with the paddle attachment until light and fluffy, about 3-4 minutes. Scrape down the sides and bottom of the bowl as needed.",
    "Add 2 large eggs, 1 ½ teaspoon vanilla extract, and ½ teaspoon almond extract and beat until well combined. You will likely need to scrape down the bowl two or three times to make sure everything is completely incorporated.",
    "Add 4 cups all-purpose flourin 2-3 additions, scraping down the bowl as needed, until completely incorporated.",
    "Assemble the cookie press with the desired disc. Fill the press with the dough. Place the press flat against one of the chilled baking sheets and press the cookie press for 1 click. Hold for 2-3 seconds before pulling away. If the cookie doesn’t stick to the baking sheet, you can use a small silicone spatula to carefully peel it away from the press and let it fall onto the baking sheet. They can be moved as needed, so long as you are very gentle with them to not ruin the shape.",
    "If desired, sprinkle with sanding sugar or sprinkles. Bake for 7-8 minutes, rotating the pan halfway through. Let cool completely before serving."
  ],
  "Nutrition": [
    "Calories: 863kcal",
    "Carbohydrates: 97g",
    "Protein: 11g",
    "Fat: 48g",
    "Saturated Fat: 30g",
    "Polyunsaturated Fat: 2g",
    "Monounsaturated Fat: 13g",
    "Trans Fat: 2g",
    "Cholesterol: 177mg",
    "Sodium: 320mg",
    "Potassium: 126mg",
    "Fiber: 2g",
    "Sugar: 34g",
    "Vitamin A: 1497IU",
    "Calcium: 35mg",
    "Iron: 4mg"
  ],
  "Comments": [
    "Andrea says:What cookie press do you use?   I have my mother’s old screw drive press, and I’ve been having quite a bit of trouble using it."
  ]
}