{
  "URL": "https://therecipecritic.com/sprinkle-cookies/",
  "Summary": "Sprinkle cookies are colorful, fun, AND delicious! Baked to perfection, these cookies will be a hit at any party with all of your family and friends! They are a favorite tried and true recipe and everyone will go crazy over them! ",
  "Metadata": [
    "Prep Time:  15minutes",
    "Cook Time:  12minutes",
    "Total Time:  27minutes",
    "Servings:  12Cookies"
  ],
  "Ingredients": [
    "1 ½ Cup All Purpose Flour",
    "1 ½ Teaspoon Baking Powder",
    "¼ Teaspoon Salt",
    "½ Teaspoon Cornstarch",
    "¾ Teaspoon Cream Of Tartar",
    "½ Cup Unsalted Butter softened",
    "¾ Cup Granulated Sugar",
    "1 large Egg",
    "1 Teaspoon Vanilla Extract",
    "¼ Teaspoon Almond Extract",
    "1/2 Cup Sprinkles"
  ],
  "Instructions": [
    "Preheat oven to 350°. Line two baking sheets with parchment paper and set aside.",
    "In a large bowl whisk together the flour, baking powder, salt, cornstarch, and cream of tartar. Set aside.",
    "In another bowl or in the bowl of a stand mixer beat the butter and sugar together until smooth. Add in the egg and extracts and mix until combined.",
    "Add the dry ingredients to the sugar mixture and mix until combined. Mix in 1/3 cup of the sprinkles by hand. Use a cookie scoop to scoop the dough and press the tops of each ball of dough in the remaining sprinkles.",
    "Place on a cookie sheet leaving 2 inches between cookies. Bake for 10-12 minutes. The middle should still be gooey when removed from the oven. Allow them to cool on the tray. They will finish cooking there. Store in an airtight container."
  ],
  "Nutrition": [
    "Calories: 210kcal",
    "Carbohydrates: 31g",
    "Protein: 2g",
    "Fat: 9g",
    "Saturated Fat: 5g",
    "Polyunsaturated Fat: 1g",
    "Monounsaturated Fat: 2g",
    "Trans Fat: 1g",
    "Cholesterol: 36mg",
    "Sodium: 56mg",
    "Potassium: 107mg",
    "Fiber: 1g",
    "Sugar: 19g",
    "Vitamin A: 259IU",
    "Calcium: 29mg",
    "Iron: 1mg"
  ],
  "Comments": [
    "Faye mali says:In your recipe for sprinkle cookies, you mention  half a teaspoon of corn starch.  Is this correct.  Half a tsp won’t make any difference… maybe should be half a cup??",
    "Alyssa Rivers says:It’s a very small amount and the difference in texture is subtle, but it’s correct."
  ]
}