{
  "URL": "https://therecipecritic.com/squash-casserole/",
  "Summary": "This recipe is the best way to use up that yellow summer squash! Squash casserole is a great way to use up fresh squash from your garden. Easy to make with a creamy, cheesy filling and a crispy, buttery topping!",
  "Metadata": [
    "Prep Time:  25minutes",
    "Cook Time:  25minutes",
    "Total Time:  50minutes",
    "Servings:  8servings"
  ],
  "Ingredients": [
    "3 lbs yellow squash sliced ¼” thin",
    "¾ cup sour cream",
    "2 large eggs lightly beaten",
    "1 ½ cups shredded cheddar cheese",
    "½ cup grated parmesan cheese",
    "1/2 teaspoon  onion powder",
    "¼ teaspoon garlic powder",
    "Salt and pepper to taste",
    "2 sleeves Ritz crackers crushed",
    "1/4  cup butter melted"
  ],
  "Instructions": [
    "Preheat oven to 350F.",
    "Slice the squash to be 1/4 inch thick and pat dry with a paper towel.",
    "In a large bowl, stir together sour cream, eggs, cheeses, onion powder, garlic powder, and salt and pepper until well-combined.",
    "Add squash and mix well.",
    "Evenly pour ingredients into an 11×7” baking dish and prepare your topping.",
    "In a medium-sized bowl, combine crushed Ritz crackers and melted butter. Stir until well-combined.",
    "Sprinkle cracker crumbs evenly over squash mixture in casserole dish.",
    "Transfer to 350F oven and bake 25-30 minutes.",
    "Serve warm. Enjoy!"
  ],
  "Nutrition": [
    "Calories: 256kcal",
    "Carbohydrates: 9g",
    "Protein: 11g",
    "Fat: 21g",
    "Saturated Fat: 11g",
    "Polyunsaturated Fat: 1g",
    "Monounsaturated Fat: 5g",
    "Trans Fat: 0.2g",
    "Cholesterol: 101mg",
    "Sodium: 328mg",
    "Potassium: 523mg",
    "Fiber: 2g",
    "Sugar: 5g",
    "Vitamin A: 986IU",
    "Vitamin C: 29mg",
    "Calcium: 263mg",
    "Iron: 1mg",
    ""
  ],
  "Comments": [
    "GP says:Can I substitute the sour cream with hummus, yogurt  or camembert cheese?",
    "Alyssa Rivers says:Yes! I would try it with yogurt.",
    "Mary says:Can I use light sour cream?",
    "Alyssa Rivers says:Yes, you definitely can!",
    "Betty says:I have a big yellow squash that I have been looking to use up somehow, and this looks so good! Would I be able to sub panko coated in butter for the Ritz crackers (we never buy them) ?",
    "Alyssa RIvers says:It will have a slightly different texture but it should work!",
    "Mary says:You say “it cooks in the skillet” but the instructions don’t list that.Do you need to sauté squash in a skillet?",
    "Alyssa Rivers says:That was a typo! It doesn’t need to be cooked in a skillet. It will soften as it bakes in the casserole. Thanks for noticing that! It’s been fixed 🙂",
    "Diane says:Can I substitute marscapone for the sour cream? I can’t eat sour cream or yogurt. TIA",
    "Alyssa Rivers says:Yes! The mascarpone might be a little bit thicker than sour cream, so I might try thinning it out a tiny bit with some milk and lemon juice until it’s a similar consistency to sour cream!",
    "Alex Bunker says:Sooo creamy and delicious, even got my kids to eat squash! I used a mix of yellow squash and zucchini, and only used one sleeve of Ritz. I will definitely be making this again!",
    "Shirley J Oehling says:I made this recipe today and for my taste, two sleeves of Ritz crackers was way too much.  I would say maybe a half dozen crackers would be about right."
  ]
}