{
  "URL": "https://therecipecritic.com/sriracha-sauce/",
  "Summary": "Sriracha sauce is a popular condiment that adds a burst of delicious spice to any dish. Try making it from scratch so it tastes just the way you like it!",
  "Metadata": [
    "Prep Time:  5minutes",
    "Cook Time:  15minutes",
    "Total Time:  20minutes",
    "Servings: 8"
  ],
  "Ingredients": [
    "2 cups Thai Chili peppers* (or hot chili pepper of choice) chopped",
    "1 tablespoon fresh lemon juice, or lime juice",
    "1/4 cup white vinegar, or apple cider vinegar",
    "3 garlic cloves",
    "3 tablespoons brown sugar",
    "2 teaspoons salt"
  ],
  "Instructions": [
    "Remove the stems and chop 2 cups Thai Chili peppers* (or hot chili pepper of choice), including the seeds.",
    "Add the chilies, 1 tablespoon fresh lemon juice, 3 garlic cloves, 3 tablespoons brown sugar, 2 teaspoons salt, and 1/4 cup white vinegar, to your food processor and or blender and blend until smooth.",
    "Strain the sriracha sauce into a saucepan. Bring to a boil and simmer for 15 minutes. The sauce will thicken as it cools.",
    "Store in an airtight container in the refrigerator for up to one month."
  ],
  "Nutrition": [
    "Serving: 1tablespoon",
    "Calories: 36kcal",
    "Carbohydrates: 8g",
    "Protein: 1g",
    "Fat: 0.2g",
    "Saturated Fat: 0.02g",
    "Polyunsaturated Fat: 0.1g",
    "Monounsaturated Fat: 0.01g",
    "Sodium: 586mg",
    "Potassium: 133mg",
    "Fiber: 1g",
    "Sugar: 6g",
    "Vitamin A: 357IU",
    "Vitamin C: 55mg",
    "Calcium: 12mg",
    "Iron: 0.4mg"
  ],
  "Comments": [
    "judi vines says:can this be canned in a waterbath? half pints. how long? I’ll use acidic  acid",
    "Alyssa Rivers says:I wish I could help more with canning questions, but it’s just not something I’ve personally tested or have expertise in. Canning can be tricky and if it’s not done just right, it can actually be unsafe. I always point people to the National Center for Home Food Preservation because they’re the real experts when it comes to doing it safely and correctly.",
    "Bill Trankle says:Classic Sriracha recipe…BUT, the O.G. Huy Fong Sriracha sauce is FERMENTED after pulverizing the peppers, garlic, salt & sugar for 2 (or so) weeks then blended once more with some additional fresh garlic, vinegar & either citric acid or fresh lemon juice.",
    "Antoinette Griffin says:Absolutely incredible….I did add extra brown sugar.I used thai, cherry and Serrano peppers….Love this recipe",
    "Kelly Lepinski says:Can you please tell me if this can be canned?I have a lot of peppers coming in now but I have lots Tabasco peppers and some Thai peppers I see they can be switched upI’d like to try canning mine.Thank you",
    "Alyssa Rivers says:I am sure this can be canned with the proper techniques and equipment. However, I haven’t tried it with this recipe.",
    "Ann Marie says:Can this sauce be canned or water bath for longer lasting and not refrigerated. Thank you",
    "Alyssa Rivers says:I haven’t tried that before with this sauce.",
    "Nancy Semeniuk says:How much does this make? I’m looking for appropriate bottles to store in. It will make great gifts.Thanks! Nancy",
    "Alyssa Rivers says:This recipe makes 1/2 cup!",
    "Walter Thomas Gibson ww says:Good simple recipe and easy to follow",
    "Sabrina says:nice, thank you for another homemade sauce, and this one especially, always prefer to store bought, at least for the lack of fillers, etc, so appreciate that"
  ]
}