{
  "URL": "https://therecipecritic.com/sriracha-mayo/",
  "Summary": "Sriracha mayo is the condiment you’re going to want to put on everything! It’s creamy and savory, with spice that packs a punch!",
  "Metadata": [
    "Prep Time:  5minutes",
    "Total Time:  5minutes",
    "Servings: 8"
  ],
  "Ingredients": [
    "3/4 cup mayonnaise",
    "4 tablespoons Sriracha sauce",
    "2 teaspoons honey or agave, optional",
    "1 tablespoon lemon juice or lime juice",
    "1 clove garlic pressed or minced",
    "1/4 teaspoon cayenne pepper or chili powder"
  ],
  "Instructions": [
    "Add the mayonnaise, sriracha sauce, lemon juice, honey, garlic, and cayenne pepper to a medium-sized bowl.",
    "Whisk to combine until all of the ingredients are well blended.",
    "Store in an airtight container in the refrigerator until ready to use.",
    "Enjoy as a dipping sauce for anything fried, or pair it with sushi, fish, or any Asian-inspired dish!"
  ],
  "Nutrition": [
    "Serving: 2tablespoons",
    "Calories: 150kcal",
    "Carbohydrates: 2g",
    "Protein: 0.3g",
    "Fat: 16g",
    "Saturated Fat: 2g",
    "Polyunsaturated Fat: 9g",
    "Monounsaturated Fat: 4g",
    "Trans Fat: 0.04g",
    "Cholesterol: 9mg",
    "Sodium: 305mg",
    "Potassium: 19mg",
    "Fiber: 0.1g",
    "Sugar: 2g",
    "Vitamin A: 50IU",
    "Vitamin C: 6mg",
    "Calcium: 3mg",
    "Iron: 0.1mg"
  ],
  "Comments": [
    "AltChickinDallas20 says:Wonderful blend of fresh flavors! Loved using fresh lime and the addition of honey that most recipes don’t. Yours is over and above."
  ]
}