{
  "URL": "https://therecipecritic.com/stabilized-whipped-cream/",
  "Summary": "Stabilized whipped cream is fluffy and sturdy enough to keep its shape! Thicker than regular whipped cream, it's perfect for piping and frosting desserts. It's way better than Cool Whip!",
  "Metadata": [
    "Prep Time:  5minutes",
    "Total Time:  5minutes",
    "Servings:  2cups whipped cream"
  ],
  "Ingredients": [
    "1 cup heavy whipping cream, chilled",
    "2 tablespoons instant vanilla pudding powder",
    "2-3 tablespoons powdered sugar, if desired for sweetness"
  ],
  "Instructions": [
    "Add 1 cup heavy whipping cream, 2 tablespoons instant vanilla pudding powder, and 2-3 tablespoons powdered sugar, (if you want it sweeter) to a large bowl.",
    "Use a stand mixer fitted with the whisk attachment or a hand mixer to beat it on high speed until medium-soft peaks form.",
    "Use to top cakes, cupcakes, pies, and other various desserts."
  ],
  "Nutrition": [
    "Serving: 0.25cup",
    "Calories: 489kcal",
    "Carbohydrates: 24g",
    "Protein: 3g",
    "Fat: 43g",
    "Saturated Fat: 27g",
    "Polyunsaturated Fat: 2g",
    "Monounsaturated Fat: 11g",
    "Cholesterol: 134mg",
    "Sodium: 666mg",
    "Potassium: 113mg",
    "Sugar: 11g",
    "Vitamin A: 1749IU",
    "Vitamin C: 1mg",
    "Calcium: 79mg",
    "Iron: 0.1mg"
  ],
  "Comments": [
    "Niikki says:My new favorite go to recipe! Its so easy and whips up way quicker than the dissolved gelatin recipes do and most important, I did not break it.",
    "Michelle says:I should have tripled this recipe. I literally could have eaten half of it straight out of the bowl hahaha. This is DELICIOUS. I loved it, my husband loved it. It was perfect on my lemon cake with lemon curd filling. Perfection. Make extra, you’ll need it!!",
    "Alyssa Rivers says:I’m so glad you liked it!",
    "Paula says:Have not made. Making for a party tomorrow. Can I make this today and still look good on my coconut cream pie tomorrow at dinner early?",
    "Alyssa Rivers says:Hi Paula, I would store the whole frosted cake in the fridge but I would store the frosting and top the cake fresh when you are ready to serve it. I hope this helps!"
  ]
}