{
  "URL": "https://therecipecritic.com/starbucks-cream-cheese-danish/",
  "Summary": "This easy copycat Starbucks recipe uses flaky puff pastry and a sweet, creamy cheese filling for a treat that’s just as delicious, maybe even better!",
  "Metadata": [
    "Prep Time:  10minutes",
    "Cook Time:  12minutes",
    "Total Time:  22minutes",
    "Servings:  8danishes"
  ],
  "Ingredients": [
    "1 sheet puff pastry, thawed",
    "1 (8-ounce) box cream cheese,  softened",
    "⅓ cup powdered sugar",
    "1 teaspoon vanilla extract",
    "1 egg",
    "2 tablespoons water"
  ],
  "Instructions": [
    "Preheat oven to 400 degrees Fahrenheit and line a baking sheet with parchment paper.",
    "Gently roll the 1 sheet puff pastry, out onto a lightly floured surface to about 9×10.5 inches. Cut the pastry into 8 equal rectangles, and place them on the baking sheet.",
    "In a bowl whisk together the 1 (8-ounce) box cream cheese,  ⅓ cup powdered sugar, and 1 teaspoon vanilla extract until smooth. Spoon the mixture into a ziplock bag and snip the tip of one end off.",
    "Pipe some of the cream cheese mixture onto each rectangle of pastry, leaving a small border of uncovered puff pastry exposed.",
    "In a small bowl whisk together the 1 egg and 2 tablespoons water, and brush the mixture onto the exposed puff pastry.",
    "Bake the danishes for about 10-12 minutes until the pastry has puffed up and become golden in color. Let the danishes cool and serve fresh."
  ],
  "Nutrition": [
    "Calories: 198kcal",
    "Carbohydrates: 19g",
    "Protein: 3g",
    "Fat: 12g",
    "Saturated Fat: 3g",
    "Polyunsaturated Fat: 2g",
    "Monounsaturated Fat: 7g",
    "Trans Fat: 0.003g",
    "Cholesterol: 21mg",
    "Sodium: 85mg",
    "Potassium: 27mg",
    "Fiber: 0.5g",
    "Sugar: 5g",
    "Vitamin A: 32IU",
    "Calcium: 6mg",
    "Iron: 1mg"
  ],
  "Comments": [
    "K. Harfield says:The Starbucks cheese danish is made with crescent dough. Made this recipe and bought one from Starbucks it is crescent dough straight from the coffees mouth.",
    "Mandy Anderson says:What do you mean by puff pastry? Like the pillsbury crescent roll tubes? Or the phyllo dough? We are in Canada so I’m not sure if we have it.",
    "Alyssa Rivers says:I used these puff pastry sheets from Target. I hope you can find something similar!"
  ]
}