{
  "URL": "https://therecipecritic.com/star-bread/",
  "Summary": "Star Bread is a visually stunning, decadent tasting sweet bread, that will be the talk of the table. Whether it's for the holidays or a special occasion this eye-pleasing, mouth-watering bread is the way to go.",
  "Metadata": [
    "Prep Time:  45minutes",
    "Cook Time:  30minutes",
    "Resting time:    1hour20minutes",
    "Total Time:    2hours35minutes",
    "Servings:  12Servings"
  ],
  "Ingredients": [
    "1 cup whole milk",
    "4 tablespoons cubed unsalted butter",
    "2 teaspoon instant yeast",
    "2 ½ cups all-purpose flour plus extra for rolling",
    "¼ cup granulated sugar",
    "1 teaspoon kosher salt",
    "6 tablespoons apple butter",
    "1 large egg for egg wash",
    "1 tablespoon milk for egg wash",
    "powdered sugar for dusting"
  ],
  "Instructions": [
    "Add 1 cup whole milk to a small saucepan and bring to a simmer over medium heat, stirring occasionally. Turn off the heat and add 4 tablespoons cubed unsalted butter to the hot milk, stirring until the butter melts completely. Pour the hot milk mixture into a stand mixer bowl and set it aside to cool to below 110 degrees Fahrenheit.",
    "When the milk mixture is cool enough, stir in 2 teaspoon instant yeast and let it sit for 5 minutes.",
    "Add 2 ½ cups all-purpose flour, ¼ cup granulated sugar, and 1 teaspoon kosher salt to a medium bowl and whisk to combine.. Transfer the flour mixture to the stand mixer bowl with the milk mixture, and knead with the dough hook on speed 2 for about 7 – 10 minutes. The dough should start pulling away from the side of the bowl.",
    "Oil a glass bowl and your hands. Scrape the dough out of the mixing bowl and shape it into a ball, then place it in the oiled bowl. Cover the bowl and let rise in a warm place for 1 – 2 hours until the dough has doubled in size.",
    "Preheat the oven to 350 degrees Fahrenheit. Line a large baking sheet with parchment paper.",
    "Turn the dough out onto a lightly floured surface and cut it into 4 equal portions. Shape into balls.",
    "Roll one dough ball out into a circle about 9-10 inches in diameter. Place it on the prepared baking sheet and spread 2 tablespoons of the 6 tablespoons apple butter evenly over it. Roll another dough ball out to the same size as the first one and place it on top, spread another 2 tablespoons of apple butter over it. Repeat for the 3rd and 4th dough balls, leaving the top free of apple butter. You should end up with 4 layers of dough and 3 layers of apple butter.",
    "Mark a 3-inch circle in the middle with the back of a round cookie cutter or a cup. Cut the dough into 16 sections, leaving the 3-inch circle in the middle untouched.",
    "Twist two sections away from each other and press the end together to form the star point. You should end up with 8-star points. Cover and let rise for about 20 minutes.",
    "Make an egg wash by beating 1 large egg with 1 tablespoon milk in a small bowl. Lightly brush the egg wash over the top of the bread with a pastry brush. Bake for 30 minutes, or until golden brown.",
    "Remove the bread from the oven and let it cool completely on a wire rack. Dust with powdered sugar before serving."
  ],
  "Nutrition": [
    "Calories: 184kcal",
    "Carbohydrates: 29g",
    "Protein: 5g",
    "Fat: 5g",
    "Saturated Fat: 3g",
    "Polyunsaturated Fat: 0.4g",
    "Monounsaturated Fat: 1g",
    "Trans Fat: 0.2g",
    "Cholesterol: 28mg",
    "Sodium: 211mg",
    "Potassium: 94mg",
    "Fiber: 1g",
    "Sugar: 8g",
    "Vitamin A: 176IU",
    "Vitamin C: 0.1mg",
    "Calcium: 36mg",
    "Iron: 1mg",
    ""
  ],
  "Comments": [
    "Robin Cook says:This Star of Christmas looks to beautiful to eat. I wish I could remember what kind of preservative I use to use. My aunt and I back in the 70’s world make the small loafs of bread and place the preservative on them a couple times it would usually take 2 nights or until they were dry so they wouldn’t go moldy or soft and we would place them on the a small cutting board and decorate them and they came out cute with dried flowers and ribbon and sell them. If I could remember how to do it this Christmas star would look  beautiful decorated and hung as a wreath one the door or mantel.Does anyone remember making the little breads? If you do then you’ll know what I’m talking about and these would be beautiful like that.. I’m going to try and figure it out again! Google may know. I have the picture of it right in my head!",
    "Eileen says:Must be me, but I’m confused about how to form the star, #6 on the instructions. I think I’m a visual learner. Would love a video. Looks beautiful!",
    "Alyssa Rivers says:Hi Eileen! I am in the process of making one to hopefully help with all the steps. On step 6 you are layering the dough and the sauce. It is similar to lasagna. You will roll out the dough then layer it on top of the apple sauce or any filling of your choice. Hopefully that helps in the meantime!",
    "Sabrina says:yummy, wow, love the apple butter filling, thank you!",
    "Sohbet says:looks great and must be really tasty"
  ]
}