{
  "URL": "https://therecipecritic.com/starbucks-egg-bites/",
  "Summary": "These fluffy, protein-packed egg bites taste just like Starbucks, but better! Easy to customize, budget-friendly, and perfect for meal prep.",
  "Metadata": [
    "Prep Time:  10minutes",
    "Cook Time:  35minutes",
    "Total Time:  45minutes",
    "Servings:  12egg bites"
  ],
  "Ingredients": [
    "8 large eggs",
    "⅔ cup whole fat cottage cheese",
    "¼ teaspoon salt",
    "3-4 pinches ground black pepper",
    "1 ½ cups shredded gruyère cheese",
    "⅓ cup chopped cooked bacon about 5-6 slices"
  ],
  "Instructions": [
    "Preheat the oven to 300 degrees Fahrenheit with the rack placed in the center of the oven. Place a second rack just beneath it and add an empty baking sheet. Fill the empty baking sheet with water to create steam in the oven. Spray a muffin pan well with nonstick cooking spray and set aside.",
    "Add 8 large eggs, ⅔ cup whole fat cottage cheese, ¼ teaspoon salt, and 3-4 pinches ground black pepper to a blender and blend for 15-20 seconds until smooth.",
    "Transfer the egg mixture to a large bowl and stir in 1 ½ cups shredded gruyère cheese. Use a ladle or a measuring cup to scoop the egg mixture into the wells of the muffin tin, filling them no more than ⅔ of the way full. Try to disperse the cheese evenly throughout the muffin wells while filling them.",
    "Sprinkle ⅓ cup chopped cooked bacon evenly over the tops of the egg mixture in the wells.",
    "Place the muffin tin on the middle rack of the oven and bake for 30-35 minutes or until the center of the egg bites is set. Remove from the oven and let them cool completely before removing from the pan. You can loosen the sides from the pan by running a small silicone spatula around the edges before gently lifting them."
  ],
  "Nutrition": [
    "Calories: 143kcal",
    "Carbohydrates: 1g",
    "Protein: 12g",
    "Fat: 10g",
    "Saturated Fat: 5g",
    "Polyunsaturated Fat: 1g",
    "Monounsaturated Fat: 3g",
    "Trans Fat: 0.02g",
    "Cholesterol: 147mg",
    "Sodium: 303mg",
    "Potassium: 90mg",
    "Fiber: 0.1g",
    "Sugar: 0.5g",
    "Vitamin A: 355IU",
    "Calcium: 196mg",
    "Iron: 1mg"
  ],
  "Comments": [
    "Diana Short says:If not into bacon bits top with sliced mushroom or tomato. Yummy!",
    "Cheryl Walker says:Tastes soooo good!  What size muffin tin should I use?  I think I used the wrong size.",
    "Mary J. says:Can you cook the egg  bites in cupcake papers?",
    "Alyssa Rivers says:You could use paper liners, but be sure to spray the insides of them with nonstick cooking spray to help prevent the eggs from sticking to the paper. Using parchment paper liners would work even better since they’re less prone to sticking, but would still need to be sprayed.I have reusable silicone muffin liners that would work great for these, so if you are planning on making these egg bites again and again, it might be worth it for you to invest in some silicone liners or a silicone muffin pan.",
    "Susie Goebel says:Is 1 egg bite 11gramd of protein or 2 egg bites?",
    "Alyssa Rivers says:Hi Susie, it would be 11 grams of protein for 1 egg bite.",
    "Diana L Drobnica says:This is our favorite egg bite recipe.  We make it often.  Thank you",
    "Jason R says:Way too short of a cook time and temp on the receipt. Had to almost double the cook time and increased the oven temp to 360 to get them to cook all the way through. I think the water in the pan slows the cooking time",
    "Grace H. says:Finally, a recipe that cooks the egg thoroughly- yet keeps them soft and delicious like the fast food options. I’ve been using this weekly for a few months as breakfast meal prep! Love it. Im not sure if it’s an exact copycat, but it’s never going to be exact without additives and preservatives! Plus, in my opinion, these taste better than starbucks. The bacon ones from starbucks always have chewy inedible bacon bits."
  ]
}