{
  "URL": "https://therecipecritic.com/steak-fajitas/",
  "Summary": "Amazing Steak Fajitas have tender marinated, juicy steak with colorful bell peppers wrapped in a soft shell tortilla topped with all your favorites. A complete dinner in 45 minutes!",
  "Metadata": [
    "Prep Time:  10minutes",
    "Cook Time:  15minutes",
    "marinating time:  30minutes",
    "Total Time:  55minutes",
    "Servings:  6servings"
  ],
  "Ingredients": [
    "1 pound flank steak",
    "3 tablespoons olive oil",
    "1 tablespoon chili powder",
    "½ teaspoon paprika",
    "½ teaspoon garlic powder",
    "¼ teaspoon cumin",
    "¼ teaspoon red pepper flakes",
    "½ teaspoon salt",
    "¼ teaspoon ground black pepper",
    "2 tablespoons finely chopped fresh cilantro",
    "1 cup sliced onion about 1 small onion",
    "1 cup sliced red bell pepper about 1 whole pepper",
    "1 cup sliced yellow bell pepper about 1 whole pepper",
    "1 cup sliced green bell pepper about 1 whole pepper"
  ],
  "Instructions": [
    "Add 2 of the 3 tablespoons olive oil, 1 tablespoon chili powder, ½ teaspoon paprika, ½ teaspoon garlic powder, ¼ teaspoon cumin, ¼ teaspoon red pepper flakes, ½ teaspoon salt, and ¼ teaspoon ground black pepper to a large ziplock bag and mix to combine. Add 1 pound flank steak and ensure the steak is fully coated in the marinade. Close the back and let the steak marinate for at least 30 minutes.",
    "Add the remaining 1 tablespoon of olive oil to a large skillet and heat over medium heat. Add 1 cup sliced onion, 1 cup sliced onion, 1 cup sliced red bell pepper, 1 cup sliced yellow bell pepper, and 1 cup sliced green bell pepper to the skillet and cook for about 2-3 minutes.",
    "Turn the skillet to high heat and add the marinated steak. Cook each side for 2-3 minutes per side until it gets a golden brown crust. Continue to cook until the steak reaches your desired doneness, I cooked mine to an internal temperature of 130 degrees Fahrenheit for medium-rare.",
    "Remove the steak from the pan and set it aside to rest for at least 5 minutes before slicing it into ¼-inch thick strips across the grain. Serve with the cooked peppers and onions and garnish with 2 tablespoons finely chopped fresh cilantro and desired toppings."
  ],
  "Nutrition": [
    "Calories: 190kcal",
    "Carbohydrates: 6g",
    "Protein: 17g",
    "Fat: 11g",
    "Saturated Fat: 3g",
    "Polyunsaturated Fat: 1g",
    "Monounsaturated Fat: 7g",
    "Cholesterol: 45mg",
    "Sodium: 259mg",
    "Potassium: 401mg",
    "Fiber: 1g",
    "Sugar: 1g",
    "Vitamin A: 581IU",
    "Vitamin C: 59mg",
    "Calcium: 32mg",
    "Iron: 2mg"
  ],
  "Comments": [
    "Patti says:Your recipes will not pin onto anything. I signed up to your to get your recipes and they won’t pin onto Pinterest or anywhere else. I’ll try a couple more if I can’t pin them I don’t want them and will unsubscribe to your websites.",
    "Alyssa Rivers says:Hi! I’m so sorry it’s not working for you! At the top of all of my recipe pages, there is a button that says “pin”. If you click that then it pops open a Pinterest pop up and you just choose the board that you would like to pin it to! Let me know if you need some more help!"
  ]
}