{
  "URL": "https://therecipecritic.com/steak-salad/",
  "Summary": "Juicy skirt steak, fresh veggies, and feta cheese- all tossed in a delicious tangy glaze. Steak salad with honey balsamic dressing is a mouthwatering meal infused with bold, savory flavor!",
  "Metadata": [
    "Prep Time:  15minutes",
    "Cook Time:  30minutes",
    "Total Time:  45minutes",
    "Servings:  4people"
  ],
  "Ingredients": [
    "2 cups romaine lettuce chopped",
    "2 roma tomatoes chopped",
    "1 avocado sliced",
    "Half a red onion sliced",
    "1 corn on the cob",
    "1 lime sliced",
    "1/4 cup feta cheese crumbled",
    "2 cups skirt steak sliced",
    "1/2 cup balsamic vinegar",
    "2 teaspoons minced garlic",
    "1/3 cup sugar",
    "4 Tablespoons olive oil",
    "1 Tablespoon Honey",
    "1 teaspoon salt"
  ],
  "Instructions": [
    "In a large bowl add the romaine, Roma tomatoes, avocado, onion, corn, lime, feta and skirt steak.",
    "To make the dressing: Whisk the balsamic, garlic, sugar, olive oil, honey and salt."
  ],
  "Nutrition": [
    "Calories: 556kcal",
    "Carbohydrates: 40g",
    "Protein: 30g",
    "Fat: 33g",
    "Saturated Fat: 8g",
    "Polyunsaturated Fat: 3g",
    "Monounsaturated Fat: 19g",
    "Trans Fat: 1g",
    "Cholesterol: 83mg",
    "Sodium: 783mg",
    "Potassium: 853mg",
    "Fiber: 5g",
    "Sugar: 29g",
    "Vitamin A: 2478IU",
    "Vitamin C: 17mg",
    "Calcium: 90mg",
    "Iron: 3mg",
    ""
  ],
  "Comments": [
    "Kristin says:Delicious! A squirt of fresh lime puts it over the top.",
    "socrates says:amazing reciepe honestly.",
    "FAizan KHan says:THank You for sharing this recipe",
    "Gaming Gadget says:Nice post",
    "WHAT IS BLOG COMMENTING IN SEO says:thank you so much"
  ]
}