{
  "URL": "https://therecipecritic.com/steak-fajita-salad-with-avocado-dressing/",
  "Summary": "A delicious salad using fresh ingredients and topped with perfect avocado dressing.",
  "Metadata": [
    "Prep Time:  15minutes",
    "Grill Time:  15minutes",
    "Total Time:  30minutes",
    "Servings:  6Servings"
  ],
  "Ingredients": [
    "2-3 pounds flank steak",
    "1½ cups cooked rice (we add a little fajita seasoning in while it's warm for more flavor)",
    "lettuce, chopped",
    "corn",
    "peppers and onions, sliced and sauteed",
    "tortillas",
    "shredded cheddar cheese",
    "½ medium  avocado",
    "1 lemon lemon, juiced",
    "1 teaspoon minced garlic",
    "2 tablespoons mayonnaise",
    "2 tablespoons honey",
    "¼ teaspoon cumin"
  ],
  "Instructions": [
    "Heat a grill to medium-high heat and sprinkle the steak with salt and pepper on each side.",
    "Cook for 6 to 8 minutes on each side. Remove the steak from the grill and allow it to rest for 2-3 minutes before slicing thin on the diagonal.",
    "To make the dressing, add the dressing ingredients to a blender and blend until smooth. Set aside.",
    "Sprinkle a little cheese on a tortilla then place it on a skillet over medium heat to melt the cheese. Place the cheese tortilla in a shallow bowl. Top with rice, steak, corn, peppers and onions, and chopped lettuce. Drizzle with the dressing and enjoy!"
  ],
  "Nutrition": [
    "Calories: 340kcal",
    "Carbohydrates: 19g",
    "Protein: 34g",
    "Fat: 14g",
    "Saturated Fat: 4g",
    "Polyunsaturated Fat: 3g",
    "Monounsaturated Fat: 5g",
    "Trans Fat: 0.01g",
    "Cholesterol: 93mg",
    "Sodium: 112mg",
    "Potassium: 620mg",
    "Fiber: 1g",
    "Sugar: 6g",
    "Vitamin A: 29IU",
    "Vitamin C: 2mg",
    "Calcium: 40mg",
    "Iron: 3mg",
    ""
  ],
  "Comments": [
    "Kailash Sahu says:. The service is unique and makes you feel very special. It may take time for the server to get to you, but they put a personal touch to their service. I have a great time there.",
    "raspberry ketones says:hello there and thank you for your info – I’ve certainly picked up something new from right here. I did however expertise several technical points using this web site, since I experienced to reload the website many times previous to I could get it to load properly. I had been wondering if your hosting is OK? Not that I’m complaining, but slow loading instances timeswill often affect your placement in google and can damage yourhigh-quality score if ads and marketing with Adwords. Anyway I am adding this RSS to my e-mail and can look out for much more of your respective intriguingcontent. Make sure you update this again soon.",
    "Alyssa says:Hi!  I just had my site tested and it is loading in 4 seconds which is ideal. It probably is your Internet connection. 🙂",
    "Chung-Ah | Damn Delicious says:Great guest post! I absolutely adore Carrian. And this salad is just phenomenal. I can’t resist anything with avocado!",
    "Rachel Chou says:Holy Yum! I love steak salads. So healthy, crisp and yummy — especially on this hot Texas day!",
    "carrian says:Oh my gosh, funny story. I came to check out your newest post, saw that colorful plate and though, oooohhh I have that plate too! bahahaha. Well my darlin’ thanks for the guest post. love ya!",
    "Alyssa says:Bahaha and then you realized that the photography is mind blowing??  😀  Thanks for the amazing recipe!!"
  ]
}