{
  "URL": "https://therecipecritic.com/steak-fajita-roll-ups/",
  "Summary": "Steak fajita roll ups are fun and festive for the whole family and look extra special sautéed with bright colored bell peppers and fresh asparagus seasoned with my homemade fajita seasoning then rolled up in the flank steak. This makes for a light and delicious dinner!",
  "Metadata": [
    "Prep Time:  10minutes",
    "Cook Time:  10minutes",
    "Total Time:  20minutes",
    "Servings:  8Roll Ups"
  ],
  "Ingredients": [
    "2 tablespoons olive oil",
    "1 red bell pepper cut into strips",
    "1 green bell pepper cut into strips",
    "1 yellow bell pepper cut into strips",
    "1/2 onion cut into strips",
    "1 bunch asparagus cut in half",
    "1 fajita seasoning recipe",
    "1 flank steak sliced in half"
  ],
  "Instructions": [
    "In a large skillet on medium high heat add the olive oil and place bell peppers, onion and asparagus inside.  Add 1 tablespoon fajita seasoning into the veggies.  Sauté until almost tender.  Remove from heat and set aside.",
    "Pound the flank steak until 1/4 inch thick.  Slice in half lengthwise and divide equally.  Add the vegetables into the center and roll up and secure with a toothpick.",
    "Heat the skillet to medium high heat.  Season the steak roll ups with fajita seasoning. Add them into the skillet.  Cook on each side for 2-3 minutes or until steak is cooked throughout."
  ],
  "Nutrition": [
    "Calories: 84kcal",
    "Carbohydrates: 3g",
    "Protein: 7g",
    "Fat: 5g",
    "Saturated Fat: 1g",
    "Cholesterol: 17mg",
    "Sodium: 17mg",
    "Potassium: 195mg",
    "Fiber: 1g",
    "Sugar: 1g",
    "Vitamin A: 566IU",
    "Vitamin C: 59mg",
    "Calcium: 11mg",
    "Iron: 1mg"
  ],
  "Comments": [
    "Amy says:I marinade mine first for a couple hours with a teriyaki style sauce. Then after assembled put mine in the oven instead of on in a skillet.",
    "Marne Holstein says:I made these tonight. I was in a rush so I used premade Fajita powder. (I know me bad). The dinner was sadly lacking in flavor. 2 T. of the powder wasn’t nearly enough. Also, salt was sadly lacking. The flank steak, was difficult to flatten, and it needsto be cut in much thinnner strips then shown. Aside from that it’s a winner.",
    "Melanie says:Do you think these could be made with thinly sliced beef which is the kind used to make steak subs?"
  ]
}