{
  "URL": "https://therecipecritic.com/steak-frites/",
  "Summary": "Steak Frites is a classic French bistro dish that combines perfectly seared, juicy steak with crispy, golden fries. It's a simple yet delicious meal that is filled with rich flavors and satisfying crunch. ",
  "Metadata": [
    "Prep Time:  15minutes",
    "Cook Time:  20minutes",
    "resting time:  30minutes",
    "Total Time:    1hour5minutes",
    "Servings:  2people"
  ],
  "Ingredients": [
    "2 New York steaks",
    "salt and pepper",
    "2 tablespoons olive oil",
    "½ cup unsalted butter",
    "8  cloves garlic, smashed",
    "fresh rosemary and thyme springs",
    "3 russet potatoes",
    "water",
    "frying oil",
    "salt and pepper to taste"
  ],
  "Instructions": [
    "Let 2 New York steaks rest for 30 minutes and come to room temperature. Season with salt and pepper on both sides.",
    "In a medium-sized skillet over medium-high heat, add 2 tablespoons olive oil. Once it starts to smoke, add the steaks to the skillet. Sear the steak on all of the sides until they have a golden brown crust. Add ½ cup unsalted butter and let it melt in the skillet. Add in the 8  cloves garlic, fresh rosemary and thyme springs.",
    "Reduce the heat to medium and let them cook until they reach the desired internal temperature. Spoon the butter over the steaks while they are cooking.",
    "Scrub the 3 russet potatoes and cut them into ¼-inch thick sticks.",
    "Soak the cut potatoes in a large bowl of cold water  for 30 minutes. Drain the fries and pat them dry with a paper towel.",
    "Heat at least 2 inches of frying oil in a pot or deep fryer to about 350 degrees Fahrenheit. Test the oil with a thermometer or by dipping a wooden skewer in the hot oil. Bubbles should quickly and gradually form around the skewer.",
    "Slowly submerge the prepared fries into the hot oil and cook for 8-10 minutes or until they are golden in color and tender.",
    "Remove the fries from the oil and place them on a paper towel-lined plate to drain. Season with salt and pepper to taste and serve on the side with the steak."
  ],
  "Nutrition": [
    "Calories: 1271kcal",
    "Carbohydrates: 62g",
    "Protein: 54g",
    "Fat: 92g",
    "Saturated Fat: 45g",
    "Polyunsaturated Fat: 5g",
    "Monounsaturated Fat: 37g",
    "Trans Fat: 2g",
    "Cholesterol: 260mg",
    "Sodium: 142mg",
    "Potassium: 2000mg",
    "Fiber: 4g",
    "Sugar: 2g",
    "Vitamin A: 1456IU",
    "Vitamin C: 22mg",
    "Calcium: 93mg",
    "Iron: 7mg",
    ""
  ],
  "Comments": []
}