{
  "URL": "https://therecipecritic.com/steak-diane/",
  "Summary": "Juicy and succulent Steak Diane is the perfect dinner for any occasion. Diane refers to the delicious cream sauce made that includes mustard, Worcestershire sauce, and Cognac. The steak is flattened and seared in butter, and couldn't be more flavorful!",
  "Metadata": [
    "Prep Time:  10minutes",
    "Cook Time:  15minutes",
    "Total Time:  25minutes",
    "Servings:  4people"
  ],
  "Ingredients": [
    "2 tablespoons olive oil",
    "1 tablespoon  butter",
    "(4) 4 ounce beef tenderloin steaks, pounded to 1-inch thick",
    "1 shallot, minced",
    "2 cups button mushrooms, sliced",
    "1/2 cup cognac or brandy",
    "1 cup beef broth",
    "3/4 cup heavy cream",
    "1 teaspoon Worcestershire sauce",
    "1 teaspoon Dijon mustard",
    "1 teaspoon dried Italian seasonings",
    "Kosher salt and cracked black pepper, to taste"
  ],
  "Instructions": [
    "Pound the steaks down to 1-inch thickness with a kitchen mallet then season both sides of each steak with salt and pepper.",
    "Heat the butter and oil in a large skillet over medium-high heat.  Add the steaks to the skillet and cook for about 4-5 minutes on each side. Cook to the desired doneness. Medium-rare steak is cooked to 135 degrees Fahrenheit, but you can cook it longer if you like it more well done. Transfer the cooked steaks to a plate and tent with foil.",
    "In the same skillet cook the sliced mushrooms for 3-5 minutes, or until softened. Remove from the skillet and set aside.",
    "Again, in the same skillet sauté the shallot over medium heat for 1-2 minutes, until softened. Add additional olive oil if needed.",
    "Add the cognac and cook for 1 minute until the alcohol is almost evaporated. Use a spatula to scrape any browned bits from the bottom of the skillet. You can substitute the alcohol with beef broth if you prefer to leave it out.",
    "Stir in the beef broth and bring to a boil over high heat. Cook until thickened, about 2 minutes.",
    "Stir in the cream, dijon mustard, and Worcestershire sauce.  Cook for 2-3 minutes.",
    "Add the cooked mushrooms back into the sauce.",
    "Season with dried Italian seasonings, salt, and pepper.",
    "Return the steaks to the sauce in the skillet. Spoon the sauce over the steaks and heat through until warm.",
    "Season with additional salt and pepper if needed. Garnish with fresh herbs and enjoy!"
  ],
  "Nutrition": [
    "Calories: 332kcal",
    "Carbohydrates: 5g",
    "Protein: 4g",
    "Fat: 26g",
    "Saturated Fat: 13g",
    "Polyunsaturated Fat: 2g",
    "Monounsaturated Fat: 10g",
    "Trans Fat: 0.1g",
    "Cholesterol: 59mg",
    "Sodium: 295mg",
    "Potassium: 274mg",
    "Fiber: 1g",
    "Sugar: 3g",
    "Vitamin A: 754IU",
    "Vitamin C: 2mg",
    "Calcium: 48mg",
    "Iron: 1mg",
    ""
  ],
  "Comments": [
    "Mira Busko says:This recipe sounds delicious. I’m not clear on what cut of meat to use. You said it doesn’t have to be too pricey since it is being tenderized, but you specify tenderloin in the ingredient list. The recipe then says to pound the meat – but it seems odd to pound tenderloin. It’s not clear to me. I will definitely try even if I don’t hear from you. I’m thinking I’ll try boneless sirloin- pound and continue the recipe.",
    "Cie Patterson says:I used top sirloin pounded down – but not super thin. It was delicious. I’ve made this recipe several times with several different cuts of steak, EXCEPT tenderloin since I agree with you, I wouldn’t pound tenderloin either 🙂",
    "Tracey says:Fantastic easy recipe to follow….added 2 cloves minced garlic, next time will add more mushrooms,( I love mushrooms?) otherwise followed it exactly. My husband is eating leftovers right and still raving about how good it is.",
    "Sabrina says:love all of this, the mushrooms and cognac too! I know I’ve had this but can’t remember, love all of the ingredients though, thank you, a wonderful dish!"
  ]
}