{
  "URL": "https://therecipecritic.com/sticky-asian-glazed-chicken/",
  "Summary": "Sweet, savory, and boldly flavorful—this Sticky Asian Glazed Chicken is a quick, go-to dinner with an irresistible caramelized glaze.",
  "Metadata": [
    "Prep Time:  5minutes",
    "Cook Time:  20minutes",
    "Total Time:  25minutes",
    "Servings:  4people"
  ],
  "Ingredients": [
    "1 pound boneless chicken thighs",
    "1 tablespoon olive oil",
    "salt and pepper to taste",
    "½ cup brown sugar",
    "⅓ cup low-sodium soy sauce",
    "2 tablespoons hoisin sauce",
    "1 tablespoon sweet chili sauce",
    "1 tablespoon freshly grated ginger",
    "1 teaspoon minced garlic",
    "juice of one lime",
    "dried red pepper flakes to taste"
  ],
  "Instructions": [
    "Heat the 1 tablespoon olive oil in a large skillet over medium-high heat. Season the 1 pound boneless chicken thighs with salt and pepper to taste and add it to the skillet.",
    "Cook the chicken for 4-5 minutes on each side until the internal temperature is 165 degrees Fahrenheit. Set the chicken aside.",
    "In the skillet, whisk together ½ cup brown sugar, ⅓ cup low-sodium soy sauce, 2 tablespoons hoisin sauce, 1 tablespoon sweet chili sauce, 1 tablespoon freshly grated ginger, 1 teaspoon minced garlic, juice of one lime, and dried red pepper flakes to taste. Bring the sauce to a boil, then reduce the heat to low.",
    "Add chicken back to the pan with the sauce and coat each side with the sauce. Simmer the chicken in the sauce until it thickens.",
    "Remove the pan from heat and garnish with sesame seeds and chopped green onions."
  ],
  "Nutrition": [
    "Calories: 425kcal",
    "Carbohydrates: 35g",
    "Protein: 21g",
    "Fat: 23g",
    "Saturated Fat: 6g",
    "Polyunsaturated Fat: 4g",
    "Monounsaturated Fat: 10g",
    "Trans Fat: 0.1g",
    "Cholesterol: 111mg",
    "Sodium: 1033mg",
    "Potassium: 364mg",
    "Fiber: 0.5g",
    "Sugar: 31g",
    "Vitamin A: 89IU",
    "Vitamin C: 0.4mg",
    "Calcium: 43mg",
    "Iron: 1mg",
    ""
  ],
  "Comments": [
    "Heather says:Can I use an orange or lemon in place of the lime? I don’t have a lime nor a bottle of lime juice.",
    "Alyssa Rivers says:Heather, yes lemon juice would work well! Orange would also work, but I would use lemon before orange. Let me know how it turns out!",
    "Marshall Berman says:Dear Alyssa..I’ve been prinitng and preparing many of your recipes for almost as long as you’ve been publishing ..I keep your “link” at the top of my “list of recipes” and often refer to it when I’m either stuck for something quick and rewarding or when I want to lean on your shoulders, as inspiration for a something that I am “making up” purely out of my own fantasy.As as professional photographer who in the past has shot many cook book covers as well as contents, I compliment you on not only your photography, but the styling as well.Your site all fantastic (but then I’m not telling you anything you don’t already know).Marshall Berman",
    "Andrew says:Why salt when you already have soya sauce. Does not make sense.",
    "Alyssa Rivers says:Hi Andrew, you are welcome to leave out the salt!"
  ]
}