{
  "URL": "https://therecipecritic.com/sticky-buns/",
  "Summary": "Sticky Buns are gooey, caramel-infused, breakfast rolls that are so delicious, you won't be able to stop at just one! Simple and quick to throw together, these are going to become a go-to for your family breakfast.",
  "Metadata": [
    "Prep Time:  5minutes",
    "Cook Time:  25minutes",
    "Overnight:  1day",
    "Total Time:    1day30minutes",
    "Servings:  10Buns"
  ],
  "Ingredients": [
    "1/2 cup chopped pecans  optional",
    "20 frozen Rhodes Rolls",
    "1  3.5 ounce package cook and serve regular butterscotch pudding (Not Instant)",
    "1 teaspoon cinnamon",
    "1/2 cup brown sugar",
    "1/2 cup unsalted butter"
  ],
  "Instructions": [
    "Grease a bundt pan. Add chopped nuts if using.  Place the 20 rhodes rolls in pan.",
    "Sprinkle 1/2 package Jello Butterscotch pudding on top. Sprinkle the cinnamon on top.",
    "Melt the butter and mix with the brown sugar. Drizzle over rolls.",
    "Cover with a damp cloth and raise overnight. Bake at 350 for 25 minutes. Cook for about 10 minutes and then cover with aluminum foil. The top browns fast! The aluminum foil will help them to cook throughout and not brown the top quite as fast."
  ],
  "Nutrition": [
    "Calories: 470kcal",
    "Carbohydrates: 76g",
    "Protein: 11g",
    "Fat: 14g",
    "Saturated Fat: 6g",
    "Cholesterol: 24mg",
    "Sodium: 669mg",
    "Potassium: 15mg",
    "Fiber: 2g",
    "Sugar: 19g",
    "Vitamin A: 284IU",
    "Calcium: 27mg",
    "Iron: 21mg",
    ""
  ],
  "Comments": [
    "Wanda says:I tried  making theses with Splenda blend brown sugar mix, because I’m a diabetic. The buns came out good but the cinnamon mix came out very running. Any suggestions?",
    "Alyssa Rivers says:Hi Wanda, I don’t have much experience with Splenda, but I think that adding a teaspoon or two of cornstarch to the sugar mixture could help it thicken up as it bakes!",
    "Audrey says:To the person who mentioned that his overpoofed and were unusable. Mine over poofed too all I did was press down on the top and took the air out, and it turned out wonderfully.",
    "Peter says:Tried this for Christmas. But it together @9 pm. Woke up at 8 am and it proofed over the Bundt pan and was unusable  I’d say maybe keep in refrigerator and pull in the morning to proof darn, these looked so good for Christmas Breakfast.",
    "Audrey says:Mine over poofed too all I did was press down on the top and took the air out, and it turned out wonderfully.",
    "Joseph Rolfes says:I purchased Rhodes soft white rolls that are partially baked and in the frozen food section, I hope they turn out.I should have bought unbaked frozen rolls I guess.",
    "Jan says:Do they taste like butter scotch from pudding flavoring? Not sure butter scotch will be a fam favorite any options?",
    "Alyssa Rivers says:They do have a slight butterscotch flavor. You could use any flavor of pudding if you want to swap that out!",
    "Cristina says:I can’t find the butterscotch. Is there a substitute ??",
    "Alyssa Rivers says:You could use caramel instead!",
    "Rae Woodrum says:How much butter and brown sugar do you use.w",
    "Alyssa Rivers says:1/2 cup butter and 1/2 cup of sugar! You can scroll to the bottom of the post and all of the ingredients and measurements!",
    "Angie says:Do still raise overnight when using a 9×13 pan.",
    "Alyssa Rivers says:Yes!",
    "Melissa S Hoffman says:Anxious to try this recipe – I’m ready and then I realize you didn’t mention what size of pudding package….",
    "Alyssa Rivers says:Thank you for letting me know. It is 3.5 ounce. I just added it to the recipe card for reference.",
    "Millie Leader says:I made these for Christmas morning. Everyone loved them. So simple and yet tasted delicious. I added more cinnamon as it is a favorite flavor of ours. They are all gone now, and my husband has requested more. YUMMY!",
    "Carolyn Baron says:Do we make the pudding up as directed on package or sprinkle the dry pudding on top",
    "Alyssa Rivers says:You will just sprinkle half of it on top! Enjoy! XOXO",
    "Wonda says:I’m excited to try these. What’s the best way to serve them? Right out of the pan or do you flip them onto a serving tray?",
    "Alyssa Rivers says:I always like to serve them on a serving tray but you are welcome to serve them right out of the pan. It is totally up to you! They are delicious either way! XOXO",
    "Sherrie McCann says:Why not instant pudding??",
    "Michelle Howell says:What do you do with the other half of the pudding pack?",
    "Alyssa says:I save it for future use. 🙂",
    "Deb says:It must be a Canadian thing, but we always add raisins to things like this. Cinnamon buns, sticky buns etc. I you like raisin, try adding some. I thing you’ll love it!!",
    "Rhonda says:I sprinkle chopped pecans on these and that makes them extra yummy !",
    "Alyssa says:I tried that this year and it was AMAZING!!"
  ]
}