{
  "URL": "https://therecipecritic.com/sticky-honey-garlic-butter-shrimp/",
  "Summary": "Sticky Honey Garlic Butter Shrimp are coated in the most amazing sticky honey garlic butter soy sauce. This is a quick 20 minute meal that you will make again and again!",
  "Metadata": [
    "Prep Time:  5minutes",
    "Cook Time:  15minutes",
    "Total Time:  20minutes",
    "Servings:  4People"
  ],
  "Ingredients": [
    "1 pound large peeled and deveined shrimp",
    "½ cup honey",
    "¼ cup soy sauce",
    "3 cloves minced garlic",
    "1 juice of one lemon",
    "2 tablespoons unsalted butter",
    "chopped green onions"
  ],
  "Instructions": [
    "In a small bowl, whisk together the ½ cup honey, ¼ cup soy sauce, 3 cloves minced garlic, and 1 juice of one lemon. Add the mixture to a sealable container with the 1 pound large peeled and deveined shrimp and let it marinate for 30 minutes.",
    "In a medium-sized skillet, add the 2 tablespoons unsalted butter and shrimp, and save the marinade. Season the shrimp with salt and pepper.",
    "Turn the heat to medium-high and cook the shrimp until it turns pink, 2 minutes each side.",
    "Remove the cooked shrimp from the skillet and reserve on a plate. Add the reserved marinade to the skillet and cook over medium-high heat for 2-4 minutes until thickened. Add the shrimp back to the skillet and stir to coat. Garnish with chopped green onions and serve."
  ],
  "Nutrition": [
    "Serving: 4people",
    "Calories: 295kcal",
    "Carbohydrates: 39g",
    "Protein: 25g",
    "Fat: 6g",
    "Saturated Fat: 4g",
    "Polyunsaturated Fat: 0.4g",
    "Monounsaturated Fat: 2g",
    "Trans Fat: 0.2g",
    "Cholesterol: 198mg",
    "Sodium: 948mg",
    "Potassium: 400mg",
    "Fiber: 1g",
    "Sugar: 36g",
    "Vitamin A: 181IU",
    "Vitamin C: 15mg",
    "Calcium: 91mg",
    "Iron: 1mg"
  ],
  "Comments": [
    "Marilyn says:the directions need to be  corrected to state that the marinade used on the shrimp should be discarded and the saved half should be used to cook.",
    "Alyssa Rivers says:Hi Marilyn, I understand where your concern is coming from. But by taking the marinade and cooking it over the stove top, is safe to use for the sauce because the heat is high enough to kill any bacteria. There is not a separate marinade that is reserved for the end.",
    "Adelle says:Too sweet. I would cut the amount of honey listed. Otherwise, it was quick, easy and delish. I served this dish over white rice.",
    "Alyssa Marie Lawton says:Amazing!!! I’ve used so many of your recipes and they come out incredible!",
    "Dave Krowiak says:Sorry   the lemon juice was too much from my small Lemon,  An actual measurement is always advised.   Soy sauce added too much sodium.  Honey, and  garlic and butter would have been a far nicer glaze",
    "Fran Boyle says:Love the recipe, wondering if leftovers can be reheated?",
    "Alyssa Rivers says:Yes they can! I recommend reheating them over medium heat on the stove.",
    "Teri Grubbs says:I wanted to love this so much…..but I didn’t. Hoping for answers here. The sauce never thickened up and the result was overcooked shrimp and runny sauce. I want to try it again, but shrimp isn’t cheap and I don’t want to be disappointed again. Any advice?",
    "Phill W says:Try cooking the shrimp first then transfer it to the plate and then add the marinade, letting it thicken first before adding the cooked shrimp back and immediately serve",
    "Adelle says:I noticed that myself and decided to remove the shrimp so that I could cook the sauce more.  It never thickened so I’ll have to tweak it next time.  I added the shrimp back and then added green onions and served over white rice.",
    "Alicia says:The meal was delicious and will end up in the regular meal rotation for my family. Super easy to cook, but instructions weren’t the best. It doesn’t tell you to take the shrimp out of the pan before reducing down the sauce, which you need to do to avoid overcooking the shrimp. The sauce also took forever to thicken, but just keep cooking it on low and stirring continuously until it’s sticky.",
    "Donna Sorenson says:I have used your recipes quite often( Sticky shrimp, shrimp Alfredo) and they are delicious. I always download them to my email. I like your website a lot.",
    "Christine says:Mine came out great! My husband loved it and I’m about to make it for the 2nd time. There are some small changes I want to make to keep the water content down, like using 100%pure honey. This is the best recipe I’ve found online in a while. Thank you very much Alyssa.",
    "Michael Garcia says:Will NOT be making this again. I followed recipe exactly. I even drained the marinade before I added the shrimp and there was NO STICKY whatsoever!!! WAY to liquidy. What a waste!!!",
    "Carol says:Mine came out so watery! Not sticky at all! I followed the recipe as noted.",
    "Michael Garcia says:Hi Carol,Mine turned out just like yours. I followed the recipe exactly. I did give it 2 stars simply because the sauce had a good taste but NOT sticky at all. Won’t be making this again.",
    "Edie says:Is there a printed list of Ingredients with instructions. ???",
    "Alyssa Rivers says:Yes! Scroll to the bottom of the post and there is a printable recipe card with all of the ingredients and instructions! 🙂",
    "Bethany says:made this for birthday dinner   was enjoyed by all.  I doubled to serve 6  was just the right amountThanks for your answering my question on marinade",
    "Bethany says:instructions say discard marinade   in recipe you print it says to save it  which is correct",
    "Alyssa Rivers says:You use half of the sauce recipe as a marinade for the shrimp. You discard it after you have let the shrimp sit in it for 30 minutes. You use the other half of that marinade as the sauce after you cook the shrimp. The instructions explain it all if that’s confusing! Let me know if you make it and how you like it! 🙂",
    "Nancy Daigle says:The shrimp is done at 2 minutes or less side. Either take it out and then pour in the 1/2 sauce to thicken or thicken it in a separate pan. You can’t continue to cook the shrimp in the sauce until the sauce thickens. Yes, definitely discard any marinade after removing the shrimp.",
    "Grimalkine says:It was not clear at all in the recipe, and I found your comment way too late. I also used the marinade, maybe that’s why mine is not thickening right now.",
    "Allison says:Added carrot and broccoli at the end it looked and tasted great."
  ]
}