{
  "URL": "https://therecipecritic.com/sticky-banana-walnut-toffee-pudding-cake/",
  "Summary": "Sticky Banana Walnut Toffee Pudding Cake is a perfectly baked banana walnut pudding cake topped with the most amazing toffee caramel sauce.  This will be one of the best desserts you ever did eat!",
  "Metadata": [
    "Prep Time:  15minutes",
    "Cook Time:  35minutes",
    "Servings: 8"
  ],
  "Ingredients": [
    "1 3/4 cup all-purpose flour",
    "1/2 tablespoon baking powder",
    "1/4 teaspoon salt",
    "3/4 cup 1 1/2 sticks butter",
    "2/3 cup brown sugar",
    "2 large eggs",
    "1 cup mashed ripe bananas",
    "2/3 cup butterscotch chips",
    "1/2 cup chopped walnuts",
    "Toffee caramel sauce:",
    "1/2 cup unsalted butter",
    "1/2 cup heavy cream",
    "1 cup packed light brown sugar",
    "1 cup heavy cream whipped for topping",
    "sliced bananas for topping"
  ],
  "Instructions": [
    "Preheat the oven to 350 degrees. Line a 8 x 8-inch baking pan with parchment paper. In a medium bowl, whisk the flour, baking powder, and salt together. Set aside.",
    "In the bowl of your stand-type mixer, cream the butter and sugar together. Beat in the eggs and then the bananas and flavor.",
    "Add the flour mixture and beat until just well combined, scraping down the sides of the bowl. Add the chips and walnuts.",
    "Scrape the batter into the prepared pan. Bake for 25 minutes or until the cake tests done with a toothpick stuck in the center of the cake. Let cool on a rack in the pan.",
    "Make the caramel sauce: Combine the butter, heavy cream and brown sugar in a small heavy saucepan; heat to boiling, stirring constantly. Boil gently over medium low heat until mixture is thickened, about 8 minutes. Preheat broiler. Spoon about 1/3 cup of the sauce over the pudding. Spread evenly on top. Place pudding under the broiler until the topping is bubbly, about 1 minute. Serve immediately spooned into dessert bowls. Drizzle with toffee sauce and top with sliced bananas and spoonful of whipped cream."
  ],
  "Nutrition": [
    "Calories: 545kcal",
    "Carbohydrates: 54g",
    "Protein: 6g",
    "Fat: 35g",
    "Saturated Fat: 19g",
    "Cholesterol: 134mg",
    "Sodium: 169mg",
    "Potassium: 210mg",
    "Fiber: 1g",
    "Sugar: 30g",
    "Vitamin A: 1085IU",
    "Vitamin C: 0.2mg",
    "Calcium: 98mg",
    "Iron: 1.9mg"
  ],
  "Comments": [
    "Jackie says:I’m redoing my comment cuz I didn’t mean to give it 3 stars! I wish I could delete my previous review. While my statement on what I have found on several of the recipes on this site, this particular recipe is actually really good. My husband loved it and I have made it twice. Once I didn’t even have all the ingredients and he still loved it. So it deserves 5 stars and I will make it again. I will be sharing the recipe with others.",
    "Jackie says:So it says “add flavors” but no flavors listed. It says butterscotch then it says toffee. The  “toffee sauce” has no toffee. I find a lot of recipes in this site are missing key pieces of information and even when brought to the attention by comments it is never corrected in the posted recipe. You have to read the comments to figure it out.",
    "Brandi Smith says:This was absolutely the best!! So delicious and moist! Will certainly make again but may try adding a little rum…not that it needs it but I’ve been searching for a good rum cake recipe and this will certainly do in the meantime."
  ]
}