{
  "URL": "https://therecipecritic.com/sticky-sesame-garlic-shrimp/",
  "Summary": "Sticky Sesame Garlic Shrimp is coated in the most amazing sticky Asian sauce and topped with green onions and sesame seeds!  This is a quick and easy 30-minute meal that you will make again and again!",
  "Metadata": [
    "Prep Time:  5minutes",
    "Cook Time:  15minutes",
    "Total Time:  20minutes",
    "Servings: 4"
  ],
  "Ingredients": [
    "1 pound peeled and deveined large shrimp",
    "¼ cup soy sauce",
    "3 minced garlic cloves",
    "1 tablespoon light brown sugar",
    "2 tablespoons rice wine vinegar",
    "1 tablespoon olive oil",
    "chopped green onion for garnish",
    "sesame seeds for garnish"
  ],
  "Instructions": [
    "In a medium sized bow,  add 1 pound peeled and deveined large shrimp, ¼ cup soy sauce, 3 minced garlic cloves, 1 tablespoon light brown sugar, and 2 tablespoons rice wine vinegar. Stir until mixed and shrimp is coated evenly. Cover and let sit in the fridge for at least 30 minutes.",
    "In a medium-sized skillet over medium high heat, add 1 tablespoon olive oil. Remove the shrimp with a slotted spoon and add to the skillet. Cook for 2-3 minutes until shrimp is pink. Remove the shrimp and set aside on a plate.",
    "Add the marinade to the skillet and let it simmer until it is thick and looks like a syrup. Add the shrimp back to the skillet and toss in the sauce. Serve with chopped green onion for garnish  and sesame seeds for garnish if desired."
  ],
  "Nutrition": [
    "Calories: 200kcal",
    "Carbohydrates: 4g",
    "Protein: 25g",
    "Fat: 9g",
    "Saturated Fat: 1g",
    "Cholesterol: 286mg",
    "Sodium: 1693mg",
    "Potassium: 130mg",
    "Fiber: 1g",
    "Sugar: 3g",
    "Vitamin C: 5.4mg",
    "Calcium: 171mg",
    "Iron: 2.8mg",
    ""
  ],
  "Comments": [
    "Sarah says:Tried this tonight. I did add about 1 t of chili flakes to the hot oil to give it some kick, and since I didn’t have quite a pound of shrimp, I did chop up a red pepper and some onion and stir fried those in before throwing in the shrimp. Sauce was on point and we have no leftovers! Thank you for publishing this!",
    "esther says:https://therecipecritic.com/sticky-sesame-garlic-shrimp/#comment-271287",
    "esther says:Sticky Sesame Garlic Shrimp looks great for lunch",
    "Bob says:Some lovely recipes here, can’t wait ti get started on them!",
    "Gary R. Beyer says:Do you have nutritional chart for recipes?  ie Sticky Honey Garlic Butter Shrimp",
    "Alyssa Rivers says:I like to use skinnytaste.com or myfitnesspal.com for any nutritional questions! Thanks for following along with me! XOXO",
    "The Modern Proper says:This looks yummy and easy! Your kids must love shrimp. I need to give it to mine more. How do you deal with picky eaters while making food for your blog?"
  ]
}