{
  "URL": "https://therecipecritic.com/strawberry-frozen-yogurt-pie/",
  "Summary": "No Bake Frozen Strawberry Yogurt Pie! This frozen pie is perfect for warmer weather! No baking needed, and the pie itself is a creamy cool strawberry and cream flavor. Made with greek yogurt, real cream, and fresh strawberry puree! All on top of a pretzel crust.",
  "Metadata": [
    "Prep Time:  20minutes",
    "Cook Time:  10minutes",
    "freezing time:  8hours",
    "Total Time:    8hours30minutes",
    "Servings:  8servings"
  ],
  "Ingredients": [
    "1 cup graham cracker crumbs",
    "1 cup pretzel crumbs",
    "⅓ cup packed light brown sugar",
    "½ cup melted unsalted butter",
    "2 cups diced strawberries",
    "1 cup granulated sugar",
    "8 ounces room temperature cream cheese",
    "½ cup powdered sugar",
    "16 ounces vanilla Greek yogurt",
    "1 cup heavy whipping cream"
  ],
  "Instructions": [
    "Prepare a 9-inch springform pan by lining the bottom with parchment paper and spraying the parchment and sides of the pan with nonstick cooking spray. Set aside.",
    "Add 1 cup graham cracker crumbs, 1 cup pretzel crumbs, and ⅓ cup packed light brown sugar to a medium bowl and mix to combine. Drizzle with ½ cup melted unsalted butter and stir until combined.",
    "Pour the crumb mixture into the springform pan and press the crumbs down into an even layer on the bottom of the pan. You can bake the crust at 350 degrees Fahrenheit for 10 minutes if desired, which will make the crust slightly sturdier however, it isn't necessary. Allow the crust to cool while preparing the filling.",
    "Add 2 cups diced strawberries  and 1 cup granulated sugar to a blender or food processor and blend for about 1 minute until the sugar dissolves.",
    "In a large bowl, 8 ounces room temperature cream cheese and beat with a hand mixer until smooth and creamy. Add ½ cup powdered sugar and 16 ounces vanilla Greek yogurt. Mix until smooth and combined. Stir in the strawberry mixture until evenly combined.",
    "Add 1 cup heavy whipping cream to a medium bowl and beat until it reaches stiff peaks. Fold into the cream cheese mixture until no streaks of white remain.",
    "Pour the filling into the prepared crust.",
    "Place the pie into the freezer and allow it to freeze overnight. Before serving, set the pie on the counter to thaw for about 5 minutes before slicing and serving."
  ],
  "Nutrition": [
    "Calories: 610kcal",
    "Carbohydrates: 69g",
    "Protein: 10g",
    "Fat: 34g",
    "Saturated Fat: 21g",
    "Polyunsaturated Fat: 2g",
    "Monounsaturated Fat: 9g",
    "Trans Fat: 0.5g",
    "Cholesterol: 97mg",
    "Sodium: 312mg",
    "Potassium: 178mg",
    "Fiber: 2g",
    "Sugar: 52g",
    "Vitamin A: 1215IU",
    "Vitamin C: 22mg",
    "Calcium: 132mg",
    "Iron: 1mg",
    ""
  ],
  "Comments": [
    "Barb Roy says:Can you use a different flavor yogurt ? Lemon for example ?",
    "Alyssa Rivers says:I haven’t tried that before but it sounds amazing!",
    "Amanda Joost says:This pie looks great! How long do you think it could sit out at room temperature before it starts to melt? I’d like to take it to a baby shower. Thank you !"
  ]
}