{
  "URL": "https://therecipecritic.com/strawberry-spinach-salad-with-glazed-walnuts-and-feta-cheese/",
  "Summary": "My strawberry spinach salad has sweet strawberries, crunchy glazed walnuts, and salty feta tossed with fresh greens, drizzled with the best poppyseed dressing! ",
  "Metadata": [
    "Prep Time:  15minutes",
    "Total Time:  15minutes",
    "Servings:  4Servings"
  ],
  "Ingredients": [
    "1 (6-ounce) package baby spinach",
    "1 (5-ounce) package spring mix salad greens",
    "1 pound sliced fresh strawberries",
    "1 (7-ounce) package candied or glazed walnuts",
    "⅓ cup crumbled feta cheese",
    "⅓ cup mayonnaise",
    "¼ cup milk",
    "¼ cup granulated sugar",
    "4 teaspoons apple cider vinegar",
    "2 teaspoons poppyseeds"
  ],
  "Instructions": [
    "In a large bowl, combine 1 (6-ounce) package baby spinach, 1 (5-ounce) package spring mix salad greens, 1 pound sliced fresh strawberries, 1 (7-ounce) package candied or glazed walnuts, and ⅓ cup crumbled feta cheese.",
    "In a small bowl, add ⅓ cup mayonnaise, ¼ cup milk, ¼ cup granulated sugar, 4 teaspoons apple cider vinegar, and 2 teaspoons poppyseeds.",
    "Whisk the dressing until smooth and combined. Pour the dressing over the salad and gently toss to coat. Serve immediately and enjoy!"
  ],
  "Nutrition": [
    "Calories: 264kcal",
    "Carbohydrates: 23g",
    "Protein: 4g",
    "Fat: 18g",
    "Saturated Fat: 4g",
    "Polyunsaturated Fat: 9g",
    "Monounsaturated Fat: 4g",
    "Trans Fat: 0.04g",
    "Cholesterol: 21mg",
    "Sodium: 270mg",
    "Potassium: 224mg",
    "Fiber: 3g",
    "Sugar: 19g",
    "Vitamin A: 129IU",
    "Vitamin C: 67mg",
    "Calcium: 122mg",
    "Iron: 1mg",
    ""
  ],
  "Comments": [
    "Barbara says:Title was strawberry spinach salad with glazed walnuts and FETA.  Why were spring greens added and no mention of feta in your recipe?",
    "Alyssa Rivers says:Sorry, that was a typo! I would use 1/2 cup -1 cup of crumbled feta cheese (depending on how much you like) in this salad! Thanks for catching that!",
    "Carole says:Great that you linked in.  Thanks.  Have a good one",
    "Carole says:Hi there.  How about linking this in to Food on Friday: Berries?  Cheers"
  ]
}