{
  "URL": "https://therecipecritic.com/strawberry-smoothie/",
  "Summary": "Strawberry Smoothie is creamy, refreshing, and the perfect way to satisfy your sweet tooth! It tastes just like a milkshake, but more nutritious!",
  "Metadata": [
    "Prep Time:  10minutes",
    "Total Time:  10minutes",
    "Servings:  2Smoothies"
  ],
  "Ingredients": [
    "3 cups frozen strawberries",
    "1/4 cup greek yogurt",
    "1 Tablespoon Honey",
    "1- 1/2 cup apple juice"
  ],
  "Instructions": [
    "In a blender add the frozen strawberries yogurt, honey and apple juice.  Blend until smooth."
  ],
  "Nutrition": [
    "Calories: 201kcal",
    "Carbohydrates: 47g",
    "Protein: 4g",
    "Fat: 1g",
    "Saturated Fat: 1g",
    "Cholesterol: 1mg",
    "Sodium: 19mg",
    "Potassium: 559mg",
    "Fiber: 5g",
    "Sugar: 38g",
    "Vitamin A: 29IU",
    "Vitamin C: 129mg",
    "Calcium: 78mg",
    "Iron: 1mg"
  ],
  "Comments": [
    "Maureen says:Can these be made the night before and would they be stored in the refrigerator or freezer?  Thanks!",
    "Alyssa Rivers says:I don’t recommend making them the night before. You want the frozen berries to come straight out of the freezer to make the rich creamy texture. You could have everything portioned out so that in the morning you can just add your honey, yogurt and juice to the frozen strawberries and blend.",
    "Abby says:I made these smoothies and they were delicious and refreshing, especially in the summer."
  ]
}