{
  "URL": "https://therecipecritic.com/strawberry-milkshake/",
  "Summary": "This strawberry milkshake is thick, creamy, and everything that you would hope a milkshake would be! Made with delicious strawberries, this classic dessert is sure to be loved by all! ",
  "Metadata": [
    "Prep Time:  5minutes",
    "Total Time:  5minutes",
    "Servings: 2"
  ],
  "Ingredients": [
    "3 cups vanilla ice cream",
    "1/2 cup frozen sliced strawberries, sweetened (mostly thawed)",
    "1/2 cup milk",
    "1/4 cup whipped topping"
  ],
  "Instructions": [
    "Place the ice cream in a blender.  Pour in the milk and sweetened strawberries.",
    "Blend on high until the ingredients are smooth and incorporated.",
    "Top with whipped topping and enjoy!"
  ],
  "Nutrition": [
    "Serving: 1cup",
    "Calories: 479kcal",
    "Carbohydrates: 55g",
    "Protein: 9g",
    "Fat: 25g",
    "Saturated Fat: 16g",
    "Polyunsaturated Fat: 1g",
    "Monounsaturated Fat: 6g",
    "Cholesterol: 95mg",
    "Sodium: 189mg",
    "Potassium: 550mg",
    "Fiber: 2g",
    "Sugar: 49g",
    "Vitamin A: 944IU",
    "Vitamin C: 22mg",
    "Calcium: 341mg",
    "Iron: 1mg",
    ""
  ],
  "Comments": [
    "Sheyanne Mooney says:It was so good I love it",
    "June Sione says:I really love your recipe!!! I used your Strawberry Milkshake recipe to make my milkshake taste good and it’s also easy to make.Plus I enjoy viewing your other delicious desserts and I have added to my favorites!!!",
    "Jordan M. says:I doubled this for a quick and delicious summer dessert for my family of 5! I also used strawberry milk for some extra flavor!"
  ]
}