{
  "URL": "https://therecipecritic.com/strawberry-cream-cheese-coffee-cake/",
  "Summary": "Delicious coffee cake with a cream cheese and strawberry center!",
  "Metadata": [
    "Prep Time:  20minutes",
    "Cook Time:  50minutes",
    "Total Time:    1hour10minutes",
    "Servings:  8Servings"
  ],
  "Ingredients": [
    "2 cups all-purpose flour",
    "¾ cup sugar",
    "½ cup butter cold and cut into chunks",
    "½ teaspoon baking soda",
    "½ teaspoon baking powder",
    "¼ teaspoon salt",
    "¾ cup sour cream",
    "1 large egg",
    "1 teaspoon vanilla extract",
    "1  (8-ounce) package cream cheese room temperature",
    "¼ cup granulated sugar",
    "1 large egg",
    "1 ½ cups fresh strawberries, hulled and chopped",
    "3 tablespoons granulated sugar",
    "3 teaspoons water",
    "1 ½ teaspoons cornstarch"
  ],
  "Instructions": [
    "In a medium saucepan combine 1 ½ cups fresh strawberries, and 3 tablespoons granulated sugar Cook on medium-low until the strawberries release their juices.",
    "In a small bowl combine the 3 teaspoons water and 1 ½ teaspoons cornstarch until it makes a slurry and add it to the strawberries. Continue to cook for about 5 minutes until it thickens. Remove from heat.",
    "Beat the 1  (8-ounce) package cream cheese until it is smooth. Add the ¼ cup granulated sugar, and 1 large egg until it is combined. Set aside.",
    "Preheat the oven to 350 degrees Fahrenheit. Spray a 9-inch springform pan with non-stick cooking spray.",
    "Combine 2 cups all-purpose flour and ¾ cup sugar in a large bowl. Add the ½ cup butter pieces and cut into the flour mixture using a pastry cutter or two forks. Mix until it resembles coarse crumbs. Measure ¾ cup of the mixture and set aside to use for the crumb topping.",
    "Add ½ teaspoon baking soda, ½ teaspoon baking powder, and ¼ teaspoon salt to the remaining flour mixture.",
    "In a separate bowl, beat ¾ cup sour cream, 1 large egg, and 1 teaspoon vanilla extract until it is well blended. Gently stir this into the flour mixture until incorporated. The dough will be lumpy and thick.",
    "Spread the batter into the bottom of the prepared pan. Spread the batter 1 inch up the sides of the pan. Pour the cream cheese mixture into the center of the pan. Spread until it is about 1 inch from the sides of the pan.",
    "Spread the strawberry filling on top of the cream cheese layer. Sprinkle the ¾ cup reserved crumbs on top.",
    "Bake for for 50-55 minutes. Cool in the pan on a wire rack for about 20 minutes before serving."
  ],
  "Nutrition": [
    "Calories: 508kcal",
    "Carbohydrates: 58g",
    "Protein: 7g",
    "Fat: 28g",
    "Saturated Fat: 16g",
    "Cholesterol: 118mg",
    "Sodium: 390mg",
    "Potassium: 196mg",
    "Fiber: 1g",
    "Sugar: 33g",
    "Vitamin A: 977IU",
    "Vitamin C: 16mg",
    "Calcium: 87mg",
    "Iron: 2mg"
  ],
  "Comments": [
    "Shannon says:I want to make this tonight for tomorrow morning…do I bake tonight or do I pre assemble and bake in the morning?I don’t want to wake up at 4 am to bake if I can avoid it.(My in-laws are staying with us tonight and this looks like an absolute crowd pleaser!)Thank you 🙂",
    "MARIE LALL says:I made this cake in the summer, it was the best cake ever.  Every one loved it and not a grain was left over.  Thank you.  Do you have a similar recipe for a pumpkin cake (using sour cream & cream cheese like this one)?I would love to make this kind of cake with pumpkin for Thanksgiving.  If you have such a recipe, kindly publish it soon.Tks. Marie",
    "Renee @ Two in the Kitchen says:This coffee cake looks AMAZING!!  I am drooling at all that strawberry, cream cheese goodness!!!",
    "Melanie | Melanie Makes says:This looks absolutely delicious!  I’m afraid I wouldn’t want to share a single bite with my family!"
  ]
}