{
  "URL": "https://therecipecritic.com/strawberry-swirl-cheesecake-oatmeal-cookie-bars/",
  "Summary": "Creamy and delicious cheesecake bars swirled with strawberry and baked on top of an oatmeal cookie crust!  A delicious dessert bar that the entire family will love!",
  "Metadata": [
    "Prep Time:  15minutes",
    "Cook Time:  40minutes",
    "Total Time:  55minutes",
    "Servings:  12Bars"
  ],
  "Ingredients": [
    "1 ⅓ cups all-purpose flour",
    "½ teaspoon salt",
    "1 teaspoon baking powder",
    "1 cup steel-cut quick oats",
    "½ cup softened unsalted butter",
    "1 cup light brown sugar",
    "1 large egg",
    "1 teaspoon vanilla extract",
    "2 (8-ounce) packages cream cheese",
    "½ cup granulated sugar",
    "1 large egg",
    "1 teaspoon vanilla extract",
    "½ cup strawberry jam"
  ],
  "Instructions": [
    "Preheat the oven to 350 degrees Fahrenheit. Line a 13 x 9 x 2-inch pan with parchment paper and spray with non-stick cooking spray. Set aside.",
    "In a large bowl, combine 1 ⅓ cups all-purpose flour, ½ teaspoon salt, and 1 teaspoon baking powder. Set aside.",
    "Add ½ cup softened unsalted butter and 1 cup light brown sugar to a large bowl. Use an electric hand mixer to cream together the butter and sugar. Add 1 large egg and 1 teaspoon vanilla extract  and mix until blended.",
    "Slowly mix in the flour mixture until incorporated. Add in 1 cup steel-cut quick oats until mixed throughout.",
    "Press the cookie mixture into the bottom of the prepared pan. Bake for 10 minutes then remove the pan from the oven. Reduce the oven temperature to 325 degrees Fahrenheit.",
    "In a large bowl, add 2 (8-ounce) packages cream cheese, ½ cup granulated sugar, 1 large egg, and 1 teaspoon vanilla extract. Mix together until smooth and creamy, about 3 minutes. Spread the cheesecake mixture on top of the warm cookie crust.",
    "Drop ½ cup strawberry jam in large spoonfuls on top of the cheesecake layer. Swirl the strawberry into the cheesecake layer with a knife.",
    "Bake for 25-30 minutes until the cheesecake layer has set up. Remove it from the oven and allow to completely cool.",
    "Chill in the fridge for at least 3 hours before slicing and serving."
  ],
  "Nutrition": [
    "Calories: 347kcal",
    "Carbohydrates: 59g",
    "Protein: 6g",
    "Fat: 10g",
    "Saturated Fat: 5g",
    "Polyunsaturated Fat: 1g",
    "Monounsaturated Fat: 2g",
    "Trans Fat: 0.3g",
    "Cholesterol: 52mg",
    "Sodium: 121mg",
    "Potassium: 99mg",
    "Fiber: 3g",
    "Sugar: 33g",
    "Vitamin A: 284IU",
    "Vitamin C: 1mg",
    "Calcium: 51mg",
    "Iron: 2mg",
    ""
  ],
  "Comments": [
    "Pam Torres says:No stars. The crust stuck to the foil. It was a waste of time and ingredients. This is  the first bad review I have ever written….and I do a lot of baking",
    "Joyce Koster says:Yummy things to make!",
    "Jon says:This looks like a great recipe. I’m bookmarking it and will be making it soon.",
    "Susan Hooker says:what a great recipe !!!",
    "Carol says:I am anxious to try this recipe.  Headed out right now to get the “fixings.”",
    "Kris says:I soooo want these, like YESTERDAY! I couldn’t stop staring at the pictures. I love cheesecake and I’ve been craving oatmeal lately. I wish someone could just make these and send them to me. Pretty please? 🙂",
    "Mary W says:I tweeted: https://twitter.com/cowladydeland/status/584108533463052288"
  ]
}