{
  "URL": "https://therecipecritic.com/strawberry-brownies/",
  "Summary": "These 2 INGREDIENT Strawberry Brownies are perfect for strawberry season! Made with cake mix and fresh strawberries, they are dense and chewy with a light strawberry glaze.",
  "Metadata": [
    "Prep Time:  10minutes",
    "Cook Time:  25minutes",
    "Total Time:  35minutes",
    "Servings:  16brownies"
  ],
  "Ingredients": [
    "1 pound hulled, washed, and chopped strawberries",
    "1 (15.25-ounce) vanilla cake mix",
    "⅓ cup powdered sugar",
    "2 ½ teaspoons milk"
  ],
  "Instructions": [
    "Preheat the oven to 350 degrees Fahrenheit. Line a 9 x 9 x 12-inch pan with parchment paper and light spray it with nonstick cooking spray.",
    "Add 1 pound hulled, washed, and chopped strawberries to a blender or food processor and blend until they are completely pureed. Pour the puree through a fine mesh strainer to remove any seeds.",
    "Add 1 (15.25-ounce) vanilla cake mix and ¾ cup of the strawberry puree (discard or save any remaining puree for another recipe or use) to a large bowl and mix with a sturdy spoon or hand mixer. The batter will be very thick, almost like cookie dough.",
    "Spread the batter evenly into the prepared pan. Bake for 23-27 minutes, until it is fully set in the middle with no jiggle.",
    "Remove the brownies from the oven and let them cool completely.",
    "Once the brownies are fully cooled, whisk ⅓ cup powdered sugar and 2 ½ teaspoons milk together in a small bowl and pour evenly over the top of them.",
    "You may serve the brownies right after they have been glazed, or you can chill them for 2-3 hours before serving to get the cleanest cuts."
  ],
  "Nutrition": [
    "Calories: 120kcal",
    "Carbohydrates: 27g",
    "Protein: 1g",
    "Fat: 1g",
    "Saturated Fat: 1g",
    "Polyunsaturated Fat: 0.2g",
    "Monounsaturated Fat: 0.3g",
    "Trans Fat: 0.1g",
    "Cholesterol: 0.1mg",
    "Sodium: 188mg",
    "Potassium: 61mg",
    "Fiber: 1g",
    "Sugar: 15g",
    "Vitamin A: 5IU",
    "Vitamin C: 17mg",
    "Calcium: 65mg",
    "Iron: 1mg",
    ""
  ],
  "Comments": [
    "Bridget says:These brownies don’t include the actual wet ingredients (eggs, milk, oil) of the cake mix directions, right?",
    "Alyssa Rivers says:That’s right! Just follow the recipe card, no other ingredients needed. 🙂",
    "Sandra says:What happens to the remainder of the pureed strawberries?  Do you use strawberry puree in the glaze?",
    "Alyssa Rivers says:You can discard the pureed strawberries or make another batch even! The glaze is with powdered sugar and milk.",
    "Mysterei says:Made these for my girlfriend! I made them in a 8×8 aluminum pan, and they were done in about 20 minutes. They smell really good."
  ]
}