{
  "URL": "https://therecipecritic.com/strawberries-cream-dessert-squares/",
  "Summary": "I make this dessert all of the time. I usually just use my homemade strawberry jam for the topping, but was out of it when I made it this time. It is great either way, but I liked using up some of my awesome jam. This recipe is definitely a keeper!",
  "Metadata": [
    "Prep Time:  20minutes",
    "Cook Time:  15minutes",
    "Total Time:  35minutes",
    "Servings:  16Squares"
  ],
  "Ingredients": [
    "1 (17.5-ounce) box Betty Crocker Sugar Cookie Mix, and ingredients called for on the box",
    "½ cup butter",
    "1 egg",
    "1 cup white vanilla baking chips",
    "1  (8-ounce) package cream cheese, softened",
    "3 cups sliced strawberries",
    "½ cup granulated sugar",
    "2 tablespoons cornstarch",
    "⅓ cup water"
  ],
  "Instructions": [
    "Preheat oven to 350 degrees Fahrenheit. Spray a 15x10x1 or 9x13-inch baking dish with cooking spray.",
    "Make the sugar cookie dough according to package directions. (Should call for butter and egg.)  Press the dough down in the prepared pan evenly.",
    "Bake for 15-20 minutes or until the edges are lightly golden brown. Cool completely.",
    "Melt the white chocolate baking chips in the microwave in 30-second intervals, stirring well each time until the chocolate is all smooth.",
    "In a mixer over medium speed, whisk together the cream cheese and melted baking chips.",
    "Spread the cream cheese mixture over the cookie crust and refrigerate while making the topping.",
    "Crush 1 cup of the strawberries in a small bowl. In a medium saucepan, mix together the sugar and cornstarch. Add the crushed strawberries and water to the saucepan.",
    "Cook the strawberry mixture over medium heat, stirring constantly until the mixture starts to thicken and comes to a gentle boil. Remove from heat and let it cool for 10 minutes.",
    "Gently stir the remaining 2 cups of sliced strawberries into the strawberry mixture and spread this over the top of the cookie crust and cream cheese layer.",
    "Refrigerate for 1 hour or until set. Serve within 4 hours, or store in the refrigerator."
  ],
  "Nutrition": [
    "Calories: 314kcal",
    "Carbohydrates: 42g",
    "Protein: 3g",
    "Fat: 16g",
    "Saturated Fat: 9g",
    "Cholesterol: 41mg",
    "Sodium: 189mg",
    "Potassium: 65mg",
    "Fiber: 1g",
    "Sugar: 22g",
    "Vitamin A: 385IU",
    "Vitamin C: 16mg",
    "Calcium: 21mg",
    "Iron: 1mg"
  ],
  "Comments": [
    "Rebecca says:What store brand strawberry jam would you use?then either mixing or just placing strawberries on top",
    "Judy H says:Looks delicious!  Thanks!",
    "Monica Cheng says:Looks delicious! Strawberries are my favorite in dessert. Also, your blog is beautiful (:",
    "Loretta E. says:It looks like you spent so much time on it! So beautiful…",
    "teenagecakeland says:These are too cute! I have a very similar idea of heaven hahaha",
    "Tanya-Lemonsforlulu.com says:What a fantastic summer time dessert!  We eat so many strawberries in this house!  I’ll have to set some aside to try this, it’s gorgeous!",
    "Liz says:That’s how I picture heaven too!  But, then my husband bursts my bubble and says we won’t need food in heaven!  Well, maybe he won’t need food but I will! 🙂",
    "Michelle says:This is wonderful, I am going to feature it tonight!! Thanks for sharing and I am a new follower! Hope you had a great day!Michelle http://www.delicateconstruction.com",
    "Winnie says:Supper delicious dessert!",
    "Six Sisters says:Your site is great! And so are the recipes! Thanks for linking up to “Strut Your Stuff Saturday!” We hope to see you again! -The Sisters",
    "Sarah Carletti says:This looks really yummy! I love stuff like this. You have a great site and I’d love if you would link up to Thursday food Fest at http://www.theeaseoffreeze.com. Have a great weekend!"
  ]
}