{
  "URL": "https://therecipecritic.com/strawberry-apple-and-pear-spinach-salad/",
  "Summary": "Strawberry, Apple, and Pear Spinach Salad is an easy to make spinach salad with crisp apples, pears and strawberries hidden throughout.  Topped with feta cheese, crunchy pecans and tossed in a delicious apple cider dressing!",
  "Metadata": [
    "Prep Time:  15minutes",
    "Total Time:  15minutes",
    "Servings: 4"
  ],
  "Ingredients": [
    "4 cups spinach",
    "1 cup sliced strawberries",
    "1 sliced apple I used honey crisp",
    "1 sliced pear",
    "½ cup apple cider",
    "2 tablespoons olive oil",
    "1 tablespoon apple cider vinegar",
    "1 tablespoon honey",
    "1 teaspoon poppyseeds",
    "¼ cup feta cheese",
    "¼ cup chopped pecans"
  ],
  "Instructions": [
    "In a large bowl, combine 4 cups spinach, 1 cup sliced strawberries, 1 sliced apple, and 1 sliced pear.",
    "In a small bowl, whisk together the ½ cup apple cider, 2 tablespoons olive oil, 1 tablespoon apple cider vinegar, 1 tablespoon honey, and 1 teaspoon poppyseeds. Pour over salad and toss.",
    "Top with ¼ cup feta cheese and ¼ cup chopped pecans."
  ],
  "Nutrition": [
    "Calories: 235kcal",
    "Carbohydrates: 26g",
    "Protein: 4g",
    "Fat: 15g",
    "Saturated Fat: 3g",
    "Cholesterol: 8mg",
    "Sodium: 131mg",
    "Potassium: 381mg",
    "Fiber: 5g",
    "Sugar: 19g",
    "Vitamin A: 2875IU",
    "Vitamin C: 33.9mg",
    "Calcium: 104mg",
    "Iron: 1.4mg"
  ],
  "Comments": [
    "kathy says:This was good. But I DID NOT use the apple cider. #1) it just didnt make sense to use it in my brain. #2) 1/2 cup seemed like an awful lot.  The dressing was fantastic without it. I used walnut oil rather then olive oil as well.  I tossed in a few raspberries and blackberries as well just for fun.",
    "Marianne says:Can you tell my what kind of apple cider you use for this dressing? I’veNever bought apple cider other than the stuff that is in pkgs that you add water to and it has lots of sugar in it.",
    "Loren says:The recipe calls for apple cider and apple cider vinegar. Is there a typo error here? (in your response to Marianne Jan 17, 2023)",
    "Alyssa Rivers says:Hi Loren, thank you for the question. There is actually both. I realized I hadn’t added when you need to add the apple cider vinegar. I hope this helps!",
    "Teen Mom says:My husband and teenaged daughter enjoyed this. My daughter and I used the homemade dressing. My husband used Italian dressing instead. I didn’t have pecans but subbed toasted walnuts instead. Very healthy and versatile.",
    "Van says:Thumbs up to this salad. It’s so colourful and delicious. I’ll definitely try it out but will it be okay if I eat this for dinner? It’s sour though. Thank you for sharing.",
    "The Modern Proper says:I think maintaining after having kids is harder! It’s almost as if when you need to lose, it just makes sense to deprive yourself of all the sweets but when you are in maintaining mode, you can splurge sometimes so long as you don’t let it overtake your life! A salad like this is GREAT to have on repeat!!!",
    "Sabrina says:very nice balance of flavors with sweet, sour, creamy etc, and really nice pairing of feta and strawberries! Thank you!",
    "Francine Summa says:Love the recipes you post. I have tried and enjoyed several of them.",
    "Terry says:I love this salad.   Fresh apples, pears and strawberries w/ wonderful dressing!  Thank u!!!!"
  ]
}