{
  "URL": "https://therecipecritic.com/strawberry-rhubarb-pie/",
  "Summary": "A sweet, tart fruit filling and golden, flaky crust make this Strawberry Rhubarb Pie the dessert of the summer. With a pie this fresh and decadent, you won't want store-bought again!",
  "Metadata": [
    "Prep Time:  20minutes",
    "Cook Time:  50minutes",
    "Total Time:    1hour10minutes",
    "Servings:  12slices of pie"
  ],
  "Ingredients": [
    "2 homemade pie crust or store bought 9 inch pie crusts",
    "3 cups fresh rhubarb chopped",
    "3 cups fresh strawberries hulled and cut into large pieces",
    "½ cup granulated sugar",
    "¾ cup brown sugar",
    "¼ cup cornstarch",
    "Pinch of salt",
    "½ teaspoon vanilla extract",
    "1 teaspoon lemon zest",
    "1-2 teaspoon lemon juice",
    "3 Tablespoon salted butter",
    "1 egg yolk",
    "2 Tablespoon water"
  ],
  "Instructions": [
    "Preheat oven to 425.",
    "In a 9 inch pie pan, place one of your pie crusts evenly in the pan and press it into the pan. Set aside in the fridge until the filling is ready.",
    "In a medium bowl, add your chopped rhubarb and strawberries. In a smaller bowl, mix the granulated sugar, brown sugar, cornstarch and salt together.",
    "Pour over the fruit and mix. Add the vanilla, lemon zest and lemon juice and mix again. Pour the filling in the prepared pie shell and dot with butter.",
    "Place the top crust over the filled pie and crimp the edges together. Cut a few vents in the tip crust to allow steam to escape. Use a fork to mix the egg yolk and water together and with a pastry brush, brush it evenly across the top crust. You may sprinkle some granulated sugar or coarse sugar crystals over the top for added texture and sweetness.",
    "Place pie on a baking sheet lined with parchment (this will prevent spills in your oven if the pie bubbles over) and bake on the middle rack for about 45-50 minutes, until the filling is bubbling and the top crust is very golden brown. If the crust is getting too dark before the time is up, cover it gently with foil to avoid burning the top crust while the bottom crust bakes through.",
    "Allow to cool at least 30 minutes before serving."
  ],
  "Nutrition": [
    "Calories: 138kcal",
    "Carbohydrates: 27g",
    "Protein: 1g",
    "Fat: 3g",
    "Saturated Fat: 2g",
    "Polyunsaturated Fat: 1g",
    "Monounsaturated Fat: 1g",
    "Trans Fat: 1g",
    "Cholesterol: 24mg",
    "Sodium: 30mg",
    "Potassium: 78mg",
    "Fiber: 1g",
    "Sugar: 23g",
    "Vitamin A: 114IU",
    "Vitamin C: 22mg",
    "Calcium: 21mg",
    "Iron: 1mg",
    ""
  ],
  "Comments": [
    "Linda says:This pie is absolutely delicious! I followed the direction exactly as written. I baked for 30 minutes and then put a crust guard on top and baked an additional 10 minutes. Will make again!!",
    "Dianne says:Can you use frozen rhubarb and strawberries instead of fresh?",
    "Alyssa Rivers says:Frozen fruit typically has excess water in it, which can change the consistency of the filling. I would use fresh if possible!",
    "shwetal chaudhari says:Thanks for such such delicious recipe",
    "knowlathon says:Thanks for sharing. its good",
    "Vinsys says:Wow, Looks Very Delicious!",
    "Infosec Train says:Wow! amazing, Thanks for sharing."
  ]
}