{
  "URL": "https://therecipecritic.com/strawberry-cinnamon-rolls-lemon-cream-cheese-glaze/",
  "Summary": "These delicious strawberry cinnamon rolls are made with pie filling and a quick and easy dough. The flavor is out of this world amazing!",
  "Metadata": [
    "Prep Time:  40minutes",
    "Cook Time:  30minutes",
    "Total Time:    1hour10minutes",
    "Servings:  12Servings"
  ],
  "Ingredients": [
    "¾ cup milk",
    "⅓ cup softened unsalted butter",
    "2 ¼ cups all-purpose flour,",
    "2 teaspoons instant yeast",
    "¼ cup granulated sugar",
    "½ teaspoon salt",
    "1 large egg",
    "¼ cup water",
    "1 cup all-purpose flour +2 tablespoons if the dough is very sticky",
    "1 (21-ounce) can strawberry pie filling",
    "2 teaspoons ground cinnamon",
    "½ teaspoon granulated sugar",
    "4 ounce cream cheese softened",
    "3 Tablespoons salted butter softened",
    "1 cup powdered sugar",
    "2 tablespoons freeze-dried strawberries crushed into powder about .5-ounces freeze-dried strawberries",
    "3 tablespoons half & half",
    "2 teaspoons lemon juice",
    "1 tablespoon lemon zest about 1 large lemon"
  ],
  "Instructions": [
    "In a small saucepan over medium-low heat, add ¾ cup milk and ⅓ cup softened unsalted butter. Stir until the butter has melted and remove from heat. Let stand until lukewarm temperature.",
    "In a large bowl or the bowl of a stand mixer, whisk together 2 ¼ cups all-purpose flour, 2 teaspoons instant yeast, ¼ cup granulated sugar, and ½ teaspoon salt.",
    "Add 1 large egg and ¼ cup water and use a stand mixer fitted with the dough hook attachment to mix until combined.",
    "Slowly add the milk mixture and 1 cup all-purpose flour to the dough until combined.",
    "Knead on medium speed for 6-7 minutes or until the dough is smooth and pulls away from the sides of the bowl. If the dough is very sticky and won’t pull away from the sides even after 6-7 minutes, add 1-2 tablespoons of flour and knead again for 2-3 minutes. You can alternatively make the dough by hand. Stir all the ingredients together in a large bowl before kneading it on a lightly floured surface until smooth, about 10 minutes or so.",
    "Form the dough into a ball and place it back into the bowl. Set it aside to let it rest for about 10 minutes.",
    "On a lightly floured surface, roll the dough into a large 9 x 15-inch rectangle that is about ¼-½ inch thick.",
    "Spread the 1 (21-ounce) can strawberry pie filling over the dough. Combine the 2 teaspoons ground cinnamon and ½ teaspoon granulated sugar in a small bowl, then sprinkle it evenly on top of the strawberry filling.",
    "Roll up the 15-inch side into a log and pinch the seams. To avoid the filling squeezing out the other side, try lifting up the rolled side and placing it down on top of the filling before pulling it back towards you to make the roll tiger. Repeat this for the entire process of rolling the dough to prevent losing all the filling.",
    "Use a very sharp knife to slice the rolled dough into 12 even rolls. I recommend using a clean kitchen towel or several paper towels to wipe the knife clean between each cut.",
    "Place the rolls in a 9 x 13 x 2-inch baking pan, cover with a damp cloth, and set them aside to rise in a warm place for 30 minutes.",
    "While the rolls rise, preheat the oven to 375 degrees Fahrenheit. Bake for 30 minutes or until just golden brown on the tops.",
    "In a medium bowl, combine 4 ounce cream cheese softened, 3 Tablespoons salted butter softened, and 1 cup powdered sugar until smooth. Add 3 tablespoons half & half, 2 teaspoons lemon juice, 1 tablespoon lemon zest, and 2 tablespoons freeze-dried strawberries crushed into powder and mix until combined. Spread over the warm rolls after they cool for 10 minutes or so."
  ],
  "Nutrition": [
    "Calories: 383kcal",
    "Carbohydrates: 60g",
    "Protein: 6g",
    "Fat: 13g",
    "Saturated Fat: 8g",
    "Polyunsaturated Fat: 1g",
    "Monounsaturated Fat: 3g",
    "Trans Fat: 0.3g",
    "Cholesterol: 47mg",
    "Sodium: 177mg",
    "Potassium: 139mg",
    "Fiber: 3g",
    "Sugar: 28g",
    "Vitamin A: 431IU",
    "Vitamin C: 42mg",
    "Calcium: 59mg",
    "Iron: 2mg",
    ""
  ],
  "Comments": [
    "Erika Rasmussen says:The BEST rolls I’ve ever had, much less made. This frosting belongs on EVERYTHING. About to make another batch because I can’t stop thinking about how good they are!",
    "danielle weeks says:Can I use puff pastry or pie crust instead?",
    "Alyssa Rivers says:Hi Danielle, thanks for the question. Hmm, both of those doughs are different than cinnamon roll dough, but if you want to try one, I’d say use the puff pastry. It won’t turn out the same but I think it will still taste good! Let me know how it turns out!",
    "Natasha Traphagan says:Does it matter if the butter is salted or unsalted ?",
    "Alyssa Rivers says:You can use either, just adjust the amount of added salt if you end up using salted butter. ?",
    "Mignon says:Does this recipe freeze well before you cook them?",
    "Alyssa Rivers says:Yes! You can freeze them after they rise. As long as you’ve covered them with plastic wrap, you can keep them in the freezer for a month or two. From there, just let them thaw and then pop them in the oven as normal!",
    "Joni Hilton says:Could these be frozen before baking to make later?",
    "Gloria says:Would homemade freezer jam work as a pie filling sub?",
    "Alyssa Rivers says:I haven’t tried that before with this recipe. It might be a little but runny but if you try it, let me know how it goes!",
    "Amanda Runyan says:I found this receipe the other day and could not get them off my mind so I decided to just go for it. This is my first attempt at cinnamon rolls from scratch or even a dough from scratch. They were messy to cut but the turned out beautifully.",
    "Chua says:Is it 2 1/4 or 3 1/4 cups of flour? You listed 2 different measurements on your ingredients and make instructions.Thank you.",
    "Alyssa Rivers says:Hi! If you read all of step 2, you will see that you start by adding 2 1/4 cups of flour and then you add in the additional 1 cup after the egg and water. Let me know if you have any other questions!",
    "European says:Any chance you could share the weight of the ingredients in grams? Followed the recipe with what Google says is a “cup” (120g) and the dough came out way to liquid 🙁",
    "Francie Carder says:What if you don’t like cream cheese can you replace it with something else",
    "Alyssa Rivers says:You could try using Greek yogurt or mascarpone instead!",
    "Jilly says:Could I use homemade strawberry Pie filling??",
    "Alyssa Rivers says:Sure! That sounds delicious!",
    "Shelby says:Can I premake these and put them in the fridge to bake in the AM?",
    "Alyssa Rivers says:That works!",
    "Trina C says:My pie filling fell out when I cut them. What was I doing incorrect?",
    "Alyssa Rivers says:I would just spread it a little thinner. It should bake up into the cinnamon rolls just fine!",
    "Jenna says:These are so delicious! I make these for Easter every year and they never disappoint. I also use the same recipe to make caramel apple cinnamon rolls. I use apple pie filling instead of strawberry and drizzle with caramel syrup after. They are so delicious! I am currently making these for a bake sale. Thank you!",
    "Angela says:Hello! Question for you. How should these be stored? I am making these to sell. Thanks! These sound delicious!",
    "Alyssa Rivers says:Just store them in an airtight container at room temperature! They should last 3-4 days.",
    "Darren says:Made these 2 times now and both times didn’t rise and was way to sticky.",
    "Tasha says:Bummer! Bad yeast?"
  ]
}