{
  "URL": "https://therecipecritic.com/strawberry-mousse/",
  "Summary": "Deliciously sweet and creamy, this Strawberry Mousse is a dessert that looks impressive, yet is so easy to make. It tastes amazing, bursting with fruity flavor, and would be the perfect treat for any occasion!",
  "Metadata": [
    "Prep Time:  40minutes",
    "chill time:  3hours",
    "Total Time:    3hours40minutes",
    "Servings:  44-ounce servings"
  ],
  "Ingredients": [
    "1 pound fresh strawberries, 1 ½ cups puree, strained",
    "¼ cup granulated sugar",
    "2 teaspoons fresh lemon juice",
    "1 pinch kosher salt",
    "1 packet unflavored gelatin",
    "1 tablespoon freeze-dried strawberry powder, about ⅓ cup freeze-dried sliced strawberries ground in the blender",
    "1  cup heavy whipping cream, chilled"
  ],
  "Instructions": [
    "In a blender, blend 1 pound fresh strawberries, with ¼ cup granulated sugar, 1 pinch kosher salt, and 2 teaspoons fresh lemon juice until pureed. Strain through a fine mesh strainer.",
    "Add the strawberry mixture to a small saucepan and bring to a simmer over medium heat. Simmer for 5 minutes before whisking in 1 tablespoon freeze-dried strawberry powder,.",
    "Meanwhile, bloom 1 packet unflavored gelatin in ¼ cup cold water by adding the water to a small bowl and sprinkling the gelatin over the top of it. Let it sit for 5 minutes.",
    "Add the gelatin to the strawberry purée and cook over low heat for 2 minutes or until the gelatin is completely melted and the mixture thickens. Remove from the heat and transfer to a medium bowl. Cover and chill for at least 1 hour.",
    "When the strawberry mixture is done chilling, add 1  cup heavy whipping cream, to a large bowl and beat with a hand mixer or a stand mixer fitted with the whisk attachment until you reach stiff peaks.",
    "Fold the strawberry mixture into the whipped cream until fully combined and no streaks of white whipped cream remain. Spoon or pipe the mouse into cups or bowls. Cover and chill for at least 2 hours.",
    "Top the chilled mousse with sweetened whipped cream, fresh strawberries, and a dusting of powder from freeze-dried strawberries if desired."
  ],
  "Nutrition": [
    "Serving: 1serving",
    "Calories: 302kcal",
    "Carbohydrates: 26g",
    "Protein: 3g",
    "Fat: 22g",
    "Saturated Fat: 14g",
    "Polyunsaturated Fat: 1g",
    "Monounsaturated Fat: 5g",
    "Cholesterol: 67mg",
    "Sodium: 28mg",
    "Potassium: 282mg",
    "Fiber: 3g",
    "Sugar: 22g",
    "Vitamin A: 888IU",
    "Vitamin C: 113mg",
    "Calcium: 59mg",
    "Iron: 1mg",
    ""
  ],
  "Comments": [
    "Sarah says:Can you leave out the powder. Had job stolen and no income.??",
    "Alyssa Rivers says:I am so sorry to hear that. Which powder are you asking about? The gelatin or the freeze dried strawberry powder?",
    "Sarah says:Did not work. What went wrong.Did not take out pulp feel that is waste of money and expensive (5 years of….) . What about GELATINE??",
    "Alyssa Rivers says:The freeze dried strawberries are mostly for flavor, but they also help absorb a little bit of the moisture. If you omitted that and added the pulp from the strawberries, then there was likely way too much moisture and would need more gelatin to set."
  ]
}