{
  "URL": "https://therecipecritic.com/strawberry-cheesecake-dip/",
  "Summary": "Strawberry cheesecake dip is an irresistible treat that tastes just like the classic but in a fun, dip form! Whip it up in just 5 minutes!",
  "Metadata": [
    "Prep Time:  5minutes",
    "Total Time:  5minutes",
    "Servings:  6servings"
  ],
  "Ingredients": [
    "8 ounces cream cheese",
    "⅓ cup powdered sugar",
    "½ cup heavy whipping cream",
    "½ teaspoon vanilla extract",
    "⅓ cup strawberry jam"
  ],
  "Instructions": [
    "Add 8 ounces cream cheese to a large bowl and beat with a hand mixer until smooth.",
    "Add ⅓ cup powdered sugar, ½ cup heavy whipping cream, and ½ teaspoon vanilla extract and beat with a hand mixer until smooth.",
    "Transfer the cream cheese mixture into a serving bowl and top with ⅓ cup strawberry jam. If desired, swirl the jam into it with a spoon or the back of a butter knife."
  ],
  "Nutrition": [
    "Calories: 279kcal",
    "Carbohydrates: 22g",
    "Protein: 3g",
    "Fat: 20g",
    "Saturated Fat: 12g",
    "Polyunsaturated Fat: 1g",
    "Monounsaturated Fat: 5g",
    "Cholesterol: 61mg",
    "Sodium: 130mg",
    "Potassium: 84mg",
    "Fiber: 0.2g",
    "Sugar: 18g",
    "Vitamin A: 799IU",
    "Vitamin C: 2mg",
    "Calcium: 54mg",
    "Iron: 0.2mg"
  ],
  "Comments": []
}