{
  "URL": "https://therecipecritic.com/strawberry-cheesecake-brownies/",
  "Summary": "Strawberry Cheesecake Brownies. These homemade brownies are loaded up with a layer of creamy cheesecake then swirled with a sweet strawberry sauce for a pop of color and flavor! Spoon the extra strawberry sauce over the top for an extra special dessert!",
  "Metadata": [
    "Prep Time:  30minutes",
    "Cook Time:  35minutes",
    "chill time:    3hours20minutes",
    "Total Time:    4hours25minutes",
    "Servings:  9brownies"
  ],
  "Ingredients": [
    "½ cup room-temperature unsalted butter",
    "½ cup granulated sugar",
    "½ cup lightly packed light brown sugar",
    "2 large eggs",
    "1 teaspoon vanilla extract",
    "¼ cup all-purpose flour",
    "¾ cup unsweetened cocoa powder",
    "¼ teaspoon salt",
    "8 ounces room-temperature cream cheese",
    "¼ cup granulated sugar",
    "1 large egg",
    "½ teaspoon vanilla extract",
    "2 tablespoons strawberry sauce, or strawberry jam"
  ],
  "Instructions": [
    "Preheat the oven to 350 degrees Fahrenheit. Line an 8 x 8 x 2-inch baking pan with parchment paper, leaving a 1-inch overhang on either side, and spray with nonstick cooking spray. Set aside.",
    "In large bowl, add ½ cup room-temperature unsalted butter , ½ cup granulated sugar, and ½ cup lightly packed light brown sugar and beat with a hand mixer or a stand mixer fitted with the paddle attachment until light and fluffy, about 3 minutes.",
    "Add 2 large eggs and 1 teaspoon vanilla extract and mix until combined.",
    "Add ¼ cup all-purpose flour, ¼ teaspoon salt, and ¾ cup unsweetened cocoa powder and mix until smooth and combined.",
    "Add the brownie batter to the prepared baking pan and bake for 12-15 minutes, until the brownies are mostly set.",
    "While the brownies bake, prepare the cheesecake layer by adding 8 ounces room-temperature cream cheese and ¼ cup granulated sugar to a medium bowl. Beat with a hand mixer until smooth and creamy, scraping down the sides and bottom of the bowl as needed to ensure all of the cream cheese is incorporated and no lumps remain.",
    "Add 1 large egg and ½ teaspoon vanilla extract and mix again until smooth and fully combined.",
    "Spoon the cheesecake mixture on top of the pre-cooked brownies and carefully smooth out with a rubber spatula. Be gentle so you don't pull at the delicate brownie layer beneath it.",
    "Drizzle 2 tablespoons strawberry sauce, on top of the cheesecake layer. Use the very tip of a butter knife to gently swirl the strawberry sauce into the cheesecake, again being careful not to disturb the brownies beneath the cheesecake layer.",
    "Return the pan to the oven and bake for another 20 minutes.",
    "Allow the brownies to cool for about 20 minutes on the counter before placing the pan in the fridge to chill for 2-3 hours before cutting and serving."
  ],
  "Nutrition": [
    "Calories: 355kcal",
    "Carbohydrates: 40g",
    "Protein: 6g",
    "Fat: 22g",
    "Saturated Fat: 13g",
    "Polyunsaturated Fat: 1g",
    "Monounsaturated Fat: 6g",
    "Trans Fat: 0.4g",
    "Cholesterol: 115mg",
    "Sodium: 175mg",
    "Potassium: 192mg",
    "Fiber: 3g",
    "Sugar: 31g",
    "Vitamin A: 744IU",
    "Vitamin C: 1mg",
    "Calcium: 57mg",
    "Iron: 2mg",
    ""
  ],
  "Comments": [
    "ethan says:Thank you to this very nice post",
    "puzzle jigsaw says:They look so fascinating, thank you very much",
    "Krista says:This recipe got RAVE reviews from my whole family, including my boyfriend who claims to not be a chocolate lover!  Perfect balance with the fudgy brownies, creamy cheesecake, and bright pop of the jam.  The only thing I did different was swirling about 3 TB of strawberry blackberry preserves in (instead of the smaller amount and adding extra sauce on top later.)  My mom requested that I make these again for Thanksgiving and maybe Christmas, too!",
    "lee cox says:Made your Strawberry Cheesecake Brownies but my cheesecake part in no way looked like yoursmy cheesecake layer was very thin possible needed two 8 0z cream cheese to look as thick as your picture.",
    "Alyssa Rivers says:OH no! I am so sorry! I use the exact recipes that you see. I apologize for it not being as thick. I hope it still tasted good for you! Thanks for following along with me! XOXO",
    "Cathy says:The same thing happened to me. I followed the directions and the cheesecake filling wasn’t there. I also added extra strawberry filling which made it look delicious.",
    "abcya says:A great and new dish from the familiar ingredients. Most importantly, you teach very detailed and easy to understand. Thanks a lot. I will cook for my family.",
    "Alyssa Rivers says:AWE! Thanks so much! That means a lot! Thanks for following along with me! I am glad you have found recipes that you like! XOXO",
    "Driving Directions says:Awesome, it looks so beautiful and delicious. I will try to make rely on your recipe. Thanks for sharing it!",
    "Chrissy G. says:Do these need to be refrigerated?",
    "Shawnna Griffin says:Hey girl- these look so yummy!",
    "Annie says:Hello perfect Valentines Day dessert! I am madly in love with these!"
  ]
}