{
  "URL": "https://therecipecritic.com/strawberry-vinaigrette/",
  "Summary": "This strawberry vinaigrette is a delicious combination of sweet and tart all at the same time. It's the perfect way to brighten up any meal and it's so flavorful that you'll find yourself putting it on everything!",
  "Metadata": [
    "Prep Time:  10minutes",
    "Total Time:  10minutes",
    "Servings:  8servings"
  ],
  "Ingredients": [
    "1 cup strawberries",
    "1/4 cup apple cider vinegar (or balsamic)",
    "1/4 cup extra-virgin olive oil",
    "1 tablespoon Dijon mustard",
    "1 clove garlic",
    "1 tablespoon granulated sugar",
    "1/4 tsp salt",
    "1/4 tsp pepper"
  ],
  "Instructions": [
    "In a food processor or blender, pulse the strawberries, apple cider vinegar, olive oil, dijon mustard, garlic, sugar, salt, and pepper until smooth."
  ],
  "Nutrition": [
    "Calories: 75kcal",
    "Carbohydrates: 3g",
    "Protein: 0.2g",
    "Fat: 7g",
    "Saturated Fat: 1g",
    "Polyunsaturated Fat: 1g",
    "Monounsaturated Fat: 5g",
    "Sodium: 94mg",
    "Potassium: 38mg",
    "Fiber: 0.5g",
    "Sugar: 2g",
    "Vitamin A: 4IU",
    "Vitamin C: 11mg",
    "Calcium: 6mg",
    "Iron: 0.2mg",
    ""
  ],
  "Comments": []
}