{
  "URL": "https://therecipecritic.com/strawberry-cobbler/",
  "Summary": "This easy-to-make strawberry cobbler is loaded up with fresh strawberries and topped with a sweet vanilla cake. It's a crisp crust on the outside and is soft and buttery on the inside. Top with some vanilla ice cream for the ultimate treat!",
  "Metadata": [
    "Prep Time:  10minutes",
    "Cook Time:  35minutes",
    "Servings: 6"
  ],
  "Ingredients": [
    "1 lb strawberries diced",
    "1/2 cup sugar",
    "1 teaspoon cornstarch",
    "1 teaspoon lemon juice",
    "1/2 cup sugar",
    "1 cup all purpose flour",
    "1/2 teaspoon salt",
    "1 tablespoon baking powder",
    "1 tablespoon vanilla extract",
    "3/4 cup milk",
    "4 tablespoons butter melted"
  ],
  "Instructions": [
    "Preheat the oven to 375 degrees Fahrenheit.",
    "Add the diced strawberries to a two-quart ceramic baking dish or a deep pie dish. Then, add the sugar, cornstarch, and lemon juice. Stir to coat the strawberries in the mixture. Let sit while preparing the cake topping.",
    "In a medium size mixing bowl, add the sugar, flour, salt, and baking powder. Stir to combine.",
    "Pour in the milk, vanilla extract, and melted butter.",
    "Spoon the batter over the top of the strawberries.",
    "Bake at 375 degrees Fahrenheit for 35 minutes until the top is crispy and golden brown.",
    "Serve cobbler warm or room temperature. Top with ice cream for a special treat!"
  ],
  "Nutrition": [
    "Calories: 323kcal",
    "Carbohydrates: 58g",
    "Protein: 4g",
    "Fat: 9g",
    "Saturated Fat: 5g",
    "Polyunsaturated Fat: 1g",
    "Monounsaturated Fat: 2g",
    "Trans Fat: 0.3g",
    "Cholesterol: 24mg",
    "Sodium: 269mg",
    "Potassium: 393mg",
    "Fiber: 2g",
    "Sugar: 39g",
    "Vitamin A: 292IU",
    "Vitamin C: 45mg",
    "Calcium: 142mg",
    "Iron: 1mg",
    ""
  ],
  "Comments": [
    "Lindsey says:Delicious ? for a Friday night dessert win!",
    "San says:This is a fantastic recipe! I made it exactly as written and it turned out perfectly. It is especially delicious still warm when the cake edges are still a little crispy. Thank you for sharing!",
    "Krista says:Soo good especially with whipped cream or ice cream!"
  ]
}