{
  "URL": "https://therecipecritic.com/strawberry-salsa/",
  "Summary": "This easy strawberry salsa recipe combines sweet strawberries with a hint of spice and is delicious and ready in less than 10 minutes!",
  "Metadata": [
    "Prep Time:  10minutes",
    "Total Time:  10minutes",
    "Servings:  6people"
  ],
  "Ingredients": [
    "3 cups strawberries, hulled and diced",
    "2 jalapenos, deseeded and diced",
    "1/4 cup red onion diced",
    "1/2 cup fresh cilantro chopped",
    "juice and zest of 1 lime",
    "salt to taste, optional"
  ],
  "Instructions": [
    "Prepare the salsa ingredients by washing and cutting the strawberries, jalapeno, red onion, and cilantro.",
    "Add 3 cups strawberries, 2 jalapenos, 1/4 cup red onion, 1/2 cup fresh cilantro, juice and zest of 1 lime and salt to taste, together in a large bowl and toss to combine.",
    "Serve with chips!"
  ],
  "Nutrition": [
    "Calories: 27kcal",
    "Carbohydrates: 7g",
    "Protein: 1g",
    "Fat: 0.2g",
    "Saturated Fat: 0.02g",
    "Polyunsaturated Fat: 0.1g",
    "Monounsaturated Fat: 0.04g",
    "Sodium: 2mg",
    "Potassium: 138mg",
    "Fiber: 2g",
    "Sugar: 4g",
    "Vitamin A: 149IU",
    "Vitamin C: 49mg",
    "Calcium: 15mg",
    "Iron: 0.3mg",
    ""
  ],
  "Comments": []
}