{
  "URL": "https://therecipecritic.com/strawberry-spinach-salad/",
  "Summary": "Strawberry spinach salad is a perfect combination of fresh spinach, juicy strawberries, crunchy onions, and soft feta cheese; all tossed together with a creamy poppyseed dressing! All the flavor, texture, and deliciousness in one bowl!",
  "Metadata": [
    "Prep Time:  10minutes",
    "Total Time:  10minutes",
    "Servings: 6"
  ],
  "Ingredients": [
    "1 (6 ounce) package spinach",
    "1 (16 ounce)  package strawberries",
    "1/2 cup sliced almonds",
    "1/2 red onion (sliced)",
    "1 cup feta cheese",
    "1 cup craisins",
    "1/3  cup mayonnaise",
    "1/4  cup milk",
    "3  tablespoons sugar",
    "4  teaspoons apple cider vinegar",
    "2 teaspoons poppyseeds"
  ],
  "Instructions": [
    "In a large bowl combine spinach, strawberries, sliced almonds, red onion, feta cheese, and craisins and toss.",
    "To make the creamy poppyseed dressing:  In a small bowl whisk together mayonnaise, milk, sugar, cider vinegar, and poppyseeds.  Pour over the salad and use as desired."
  ],
  "Nutrition": [
    "Calories: 321kcal",
    "Carbohydrates: 28g",
    "Protein: 7g",
    "Fat: 22g",
    "Saturated Fat: 5g",
    "Polyunsaturated Fat: 8g",
    "Monounsaturated Fat: 7g",
    "Trans Fat: 0.03g",
    "Cholesterol: 29mg",
    "Sodium: 370mg",
    "Potassium: 155mg",
    "Fiber: 3g",
    "Sugar: 22g",
    "Vitamin A: 146IU",
    "Vitamin C: 1mg",
    "Calcium: 188mg",
    "Iron: 1mg",
    ""
  ],
  "Comments": [
    "Candy Mc says:This is the prettiest and most delicious version of strawberry salad!The dressing matches perfectly ?Five stars",
    "Rose Ann lunkwicz says:I would love to try this salad, love spinach and love strawberries never thought of combining them, do you slice the strawberries I can’t wait to try this",
    "SCV says:This was a wonderful salad and I also made your Strawberry Balsamic Dressing and that really good too. Thanks again. 🙂",
    "Debbie says:Easy and delicious!",
    "Wendy Craig says:This is such a tasty salad! The dressing is light and delicious. I used Swerve in place of the sugar. I also toasted the sliced almonds. So good!",
    "Chelle says:Great idea to toast the almond slices. I made this salad with walnuts and almonds. honestly the sliced almonds are better. I’m making this again next week and I’m going to toast, almonds slices, thank you",
    "Mary says:Way too much sugar…natural sugar in berries and cranberries so no need to add sugar to dressing.   Otherwise looks delicious and will give it a go…cutting the cranberries down too for a sugar reduced healthy salad.",
    "SCV says:Try it before you criticize, I think it was perfect just the way she made it.",
    "Joe says:Delicious and easy.  Showcases the season’s bounty very well!",
    "Karen Stewart says:This salad and dressing are amazing. In the dressing I did use the greek yogurt and also maple syrup pin place of the sugar and it was delicious. I served this with Chicken Shawarma and oh man it was fantastic.",
    "Heather says:Excellent salad! Loved it.",
    "Terry Cooligan says:Amazing and my kids love it",
    "Rachel says:I was looking for a salad recipe to change things up and this one delivered. I remember this salad being big in the late ’80s or early ’90s. However it still delivers now. Love the sweet of the strawberry with the bite of the red onion. I find poppy seed dressing too sweet most of the time so I cut back to 2 T of sugar and it was just right.I took it to my church picnic today and it was fully eaten by attendees, which doesn’t happen very often. Note that the dressing is very thin. It wasn’t a problem, but that wasn’t what I expected."
  ]
}