{
  "URL": "https://therecipecritic.com/strawberry-tart/",
  "Summary": "A perfectly summery strawberry tart made with a buttery crust, smooth cream cheese-based filling, and fresh summer berries!",
  "Metadata": [
    "Prep Time:    1hour10minutes",
    "Cook Time:  25minutes",
    "Total Time:    1hour35minutes",
    "Servings: 8"
  ],
  "Ingredients": [
    "1 1/2 cups all-purpose flour",
    "¼ cup sugar",
    "½ teaspoon salt",
    "8 tablespoons cold butter cut into pieces",
    "6 oz cream cheese softened",
    "1/3 cup powdered sugar",
    "1 teaspoon vanilla extract",
    "1 dash salt",
    "2/3 cup heavy cream",
    "1 1/2 lbs strawberries hulled and sliced"
  ],
  "Instructions": [
    "Combine flour, sugar, and salt in the bowl of a food processor and pulse to blend.",
    "Scatter butter pieces overtop the flour mixture and pulse until mixture is just beginning to cling together.",
    "Remove from food processor and form into a disk. Cover in plastic wrap and chill for 30 minutes.",
    "Once dough is finished chilling, remove from refrigerator and roll into about a 10-11″ circle. Form into a 9″ tart pan and use a fork to poke holes into the side and bottom of the dough.",
    "Transfer pan to freezer and freeze for at least 30 minutes.",
    "Preheat oven to 350F, and once oven is preheated and dough has chilled, bake on 350F for 25 minutes or until just beginning to turn golden brown. Allow tart crust to cool before filling.",
    "combine cream cheese, powdered sugar, vanilla extract, and salt in a bowl and use an electric mixer to beat until smooth and well-combined. Set aside.",
    "In a separate, clean, bowl, use an electric mixer to beat heavy cream to stiff peaks",
    "Fold the whipped cream into your cream cheese mixture until well-combined — the resulting mixture should be thick and fluffy.",
    "Spread evenly into cooled tart crust.",
    "Arrange sliced strawberries on top."
  ],
  "Nutrition": [
    "Calories: 1883kcal",
    "Carbohydrates: 310g",
    "Protein: 27g",
    "Fat: 63g",
    "Saturated Fat: 37g",
    "Cholesterol: 217mg",
    "Sodium: 1526mg",
    "Potassium: 1361mg",
    "Fiber: 19g",
    "Sugar: 143g",
    "Vitamin A: 2415IU",
    "Vitamin C: 401mg",
    "Calcium: 240mg",
    "Iron: 11.5mg"
  ],
  "Comments": [
    "Janice M says:This is my new favorite dessert. I used a pastry blender instead of a food processor on the crust. The dough didn’t come together, so I added a little soy milk to get the right consistency, and it worked well. The cream cheese/whipped cream blend is wonderful.",
    "Kathleen says:I googled the glaze for the tart and didn’t know how easy it was…..it’s just preserves warmed and thinned out and brushed on the top fruit…..I’m thinking strawberry though apricot and raspberry were mentioned….. thin with a tbls of water at a time……strain and brush on top of the fruit being careful not to disturb strawberries….It’ll be both pretty and delicious…",
    "Alyssa Rivers says:Sorry I didn’t see your first comment in time. I’m glad you found what you needed! Sounds simple and delicious! Let me know how it turns out!",
    "Kathleen says:The recipe is beautiful to look at …..I’ll be making it for the 4 th…..do you have a recipe for a glaze on top? Usually a tart has that…..would it go?",
    "Ren says:What type of butter is used, salted or unsalted? I am new to baking, so I am unsure.",
    "Alyssa Rivers says:For this recipe, unsalted since salt is added separately. ?",
    "Eleanor says:This is really a question.  In the ingredients list the recipe calls for 2/3 cup of heavy cream, but in the instructions it calls for a cup.  Which is it?  I guess the discrepancy will only affect the fluffiness.Thanks",
    "Alyssa Rivers says:It’s 2/3 cup!",
    "Sabrina says:wow, another great strawberry dessert that beats my boring strawberry shortcake, so much more elevated and love the strawberry arrangement, stunning!",
    "Zoe Gamble says:would this be considered a medieval recipe?",
    "Alyssa Rivers says:haha. I am not sure. They do have a medieval strawberry tart and it is similar to the same recipe they have online. Do you know?!",
    "Carolyn Nagin says:Everything looks so delicious !",
    "Ann Nell says:Thank you for all of the delicious recipes you share with us !"
  ]
}