{
  "URL": "https://therecipecritic.com/strawberry-banana-bread/",
  "Summary": "Strawberry Banana Bread is a blend of fresh, juicy strawberries mixed with bananas that make this bread soft and moist in every slice. This is quick and easy bread that your family is going to love!",
  "Metadata": [
    "Prep Time:  15minutes",
    "Cook Time:  30minutes",
    "Total Time:  45minutes",
    "Servings:  12Slices"
  ],
  "Ingredients": [
    "½ cup softened unsalted butter",
    "1 cup granulated sugar",
    "2 large eggs",
    "3 ripe mashed bananas",
    "2 cups all-purpose flour",
    "1 teaspoon baking soda",
    "½ teaspoon salt",
    "1 ½ cups chopped strawberries,",
    "1 tablespoon all-purpose flour"
  ],
  "Instructions": [
    "Preheat oven to 375 degrees Fahrenheit. Spray two 9 x 5 loaf pans with non-stick cooking spray. Set aside.",
    "Add ½ cup softened unsalted butter and 1 cup granulated sugar to a large bowl. Using an electric hand mixer, cream together until light and fluffy.",
    "In a small bowl, beat 2 large eggs using a fork. Add the eggs to the sugar mixture and mix until combined.",
    "Add 3 ripe mashed bananas to the sugar mixture and mix until combined.",
    "Sift together 2 cups all-purpose flour, 1 teaspoon baking soda, and ½ teaspoon salt. Slowly add the sifted flour ingredients to the banana mixture and mix until flour is just combined. DO NOT OVER MIX!",
    "Toss 1 ½ cups chopped strawberries, with 1 tablespoon all-purpose flour. Fold the floured-covered strawberries into the batter.",
    "Divide and pour the batter into the prepared loaf pans.",
    "Bake in the preheated oven for 15 minutes. REDUCE the heat to 350 degrees Fahrenheit and bake for an additional 30 minutes. The bread is done when the edges are slightly brown or until a toothpick inserted into the center comes out clean. Let cool completely before removing from loaf pans."
  ],
  "Nutrition": [
    "Calories: 228kcal",
    "Carbohydrates: 34g",
    "Protein: 3g",
    "Fat: 9g",
    "Saturated Fat: 5g",
    "Polyunsaturated Fat: 1g",
    "Monounsaturated Fat: 2g",
    "Trans Fat: 0.3g",
    "Cholesterol: 51mg",
    "Sodium: 202mg",
    "Potassium: 66mg",
    "Fiber: 1g",
    "Sugar: 18g",
    "Vitamin A: 284IU",
    "Vitamin C: 11mg",
    "Calcium: 13mg",
    "Iron: 1mg",
    ""
  ],
  "Comments": [
    "Stephanie says:Wondering if I could incorporate a box of lemon pudding mix into this, and if so, what alterations I would need to make to the recipe in order for it to rise enough without being underdone in the middle!  I’m not a savvy baker my any means, so I don’t want to mess up the recipe and waste all my ingredients! 😆",
    "Alyssa Rivers says:Hmm, I have never done this, but I just looked up a recipe that is similar to mine in terms of the base loaf. They add 1/2 cup sour cream and 1 (3.4 ounce) box pudding mix. They didn’t have the strawberries in it but according to this other recipe, adding the pudding and sour cream (or Greek yogurt) should work. So if you really want to add the pudding mix, add the 1/2 cup sour cream or greek yogurt to the butter and sugar mixture when the eggs go in, before the bananas. Whisk the pudding mix into the flour mixture and continue as directed.Let me know how this turns out if you make it!"
  ]
}