{
  "URL": "https://therecipecritic.com/strawberry-cheesecake-salad/",
  "Summary": "Strawberry Cheesecake Salad is a sweet and creamy dessert with fresh strawberries hidden throughout. This is the biggest hit at any potluck and SO easy to make!",
  "Metadata": [
    "Prep Time:  15minutes",
    "Chill Time:  1hour",
    "Total Time:    1hour15minutes",
    "Servings:  8People"
  ],
  "Ingredients": [
    "8 ounces whipped topping, thawed",
    "1 small package cheesecake pudding powder 3.4 ounce",
    "2 cups strawberry yogurt (About 3 (6 ounce) yogurt containers)",
    "1 lb fresh strawberries, sliced",
    "2 cups miniature marshmallows",
    "3 bananas sliced",
    "1 8 ounce  cream cheese softened",
    "1/2 cup sugar",
    "2 cups heavy whipping cream"
  ],
  "Instructions": [
    "In a large bowl mix together the yogurt and pudding powder. Fold in the whipped topping.  Cover and refrigerate to allow it to set up for about an hour.",
    "Add the sliced strawberries, marshmallows, and bananas right before serving.  Keep refrigerated.",
    "In a large bowl beat together cream cheese, sugar, and heavy whipping cream until it is creamy and stiff peaks form.  Fold in the strawberry yogurt, strawberries, marshmallows and bananas."
  ],
  "Nutrition": [
    "Calories: 193kcal",
    "Carbohydrates: 35g",
    "Protein: 2g",
    "Fat: 6g",
    "Saturated Fat: 5g",
    "Cholesterol: 1mg",
    "Sodium: 44mg",
    "Potassium: 288mg",
    "Fiber: 2g",
    "Sugar: 26g",
    "Vitamin A: 67IU",
    "Vitamin C: 37mg",
    "Calcium: 41mg",
    "Iron: 1mg"
  ],
  "Comments": [
    "TERIE D BRANK says:Could you add cottage cheese to the strawberry cheese cake salad without making it runny?",
    "Alyssa Rivers says:I wouldn’t recommend it. I love cottage cheese but I think it would make the texture too soupy.",
    "Deborah Green says:This looks amazing! Can I use a fruit other than bananas?",
    "Alyssa Rivers says:Yes! You can use any fruit that you prefer.",
    "sally says:is that regulator pudding or instant pudding?",
    "Alyssa Rivers says:You can use either since you aren’t actually making the pudding, just using the powder!"
  ]
}