{
  "URL": "https://therecipecritic.com/strawberry-cookies-n-cream-cookies/",
  "Summary": "Easy and delicious cookies that are made with a cake mix and pudding mix with delicious cookies and cream pieces hidden inside!  They are a fun pink color with a crisp edge and chewy center!  ",
  "Metadata": [
    "Prep Time:  15minutes",
    "Cook Time:  11minutes",
    "Total Time:  26minutes",
    "Servings:  24cookies"
  ],
  "Ingredients": [
    "1 (15.25-ounce) box strawberry cake mix",
    "1 (3.4-ounce) package strawberry creme instant pudding mix",
    "2 large eggs",
    "½ cup vegetable oil",
    "2 drops red food coloring optional",
    "10 snack-sized cookies 'n creme candy bars, broken into small pieces",
    "½ cup white chocolate chips"
  ],
  "Instructions": [
    "Preheat oven to 350 degrees Fahrenheit and line two baking sheets with parchment paper. Set aside.",
    "In a large bowl, use a hand mixer to combine 1 (15.25-ounce) box strawberry cake mix, 1 (3.4-ounce) package strawberry creme instant pudding mix, 2 large eggs, ½ cup vegetable oil, and 2 drops red food coloring.  The dough will be quite thick.",
    "Scoop the dough using a small cookie scoop onto the prepared baking sheets, about 1 ½-2 tablespoons of dough each. Leave at least 2 inches between them.",
    "Get the 10 snack-sized cookies 'n creme candy bars, and press a few pieces into each scoop of dough.",
    "Bake for 10-11 minutes. The edges should be set, but the centers will look underdone. Remove the baking sheet from the oven and press a few white chocolate chips from the ½ cup white chocolate chips onto the empty spots of the cookies."
  ],
  "Nutrition": [
    "Calories: 158kcal",
    "Carbohydrates: 21g",
    "Protein: 1g",
    "Fat: 8g",
    "Saturated Fat: 2g",
    "Polyunsaturated Fat: 3g",
    "Monounsaturated Fat: 2g",
    "Trans Fat: 0.03g",
    "Cholesterol: 15mg",
    "Sodium: 151mg",
    "Potassium: 17mg",
    "Fiber: 0.01g",
    "Sugar: 11g",
    "Vitamin A: 21IU",
    "Vitamin C: 0.02mg",
    "Calcium: 44mg",
    "Iron: 0.4mg",
    ""
  ],
  "Comments": [
    "Roshelle Johnson says:Where can I find strawberry cream instant pudding mix",
    "Alyssa Rivers says:I find it at my local grocery store in the jello section!",
    "Mikey says:I made these and I think they’re really great! The white chocolate melts inside the cookie, so when you pull them out and cool them a bit, they’re still very soft. Of course the decoration chocolate has to be put on only once they’re completely cooled! Or else they too will melt and vanish. I’m not completely savvy on baking, but I kind of feel like there was too much oil? It’s a *very* greasy dough, but even so! My cookies came out great! Thank you for the recipe!",
    "Alyssa says:How creative! I never thought to combine these flavors in a recipe.  Do they taste like Neapolitan ice cream?"
  ]
}