{
  "URL": "https://therecipecritic.com/strawberry-coconut-cream-cake-with-coconut-cream-cheese-frosting/",
  "Summary": "A delicious and moist strawberry coconut cream cake with an amazing coconut cream cheese frosting!",
  "Metadata": [
    "Prep Time:  5minutes",
    "Cook Time:  35minutes",
    "Total Time:  40minutes",
    "Servings:  16slices"
  ],
  "Ingredients": [
    "1 (13.25-ounce) strawberry cake mix",
    "½ cup softened unsalted butter",
    "¾ cup canned coconut milk",
    "½ cup water",
    "3 large eggs",
    "1 (8-ounce) package cream cheese, softened",
    "½ cup unsalted butter",
    "4 cups powdered sugar",
    "1 teaspoon coconut extract",
    "2-3 tablespoons heavy cream"
  ],
  "Instructions": [
    "Preheat the oven to 350 degrees Fahrenheit and grease the bottom and sides of two 9-inch round cake pans with non-stick cooking spray.",
    "In a large bowl combine 1 (13.25-ounce) strawberry cake mix, ½ cup softened unsalted butter, ¾ cup canned coconut milk, ½ cup water, and 3 large eggs until incorporated. Mix on high for 2 minutes using an electric hand mixer then pour the batter into the prepared pans.",
    "Bake for 30-35 minutes or until toothpick inserted in the center comes out clean. Cool completely.",
    "In a large bowl, combine 1 (8-ounce) package cream cheese, and ½ cup unsalted butter. Mix with an electric hand mixer until smooth and creamy. Add 4 cups powdered sugar and mix. Add 1 teaspoon coconut extract and 2-3 tablespoons heavy cream. Mix until combined.",
    "Garnish with coconut flakes if desired and enjoy!"
  ],
  "Nutrition": [
    "Calories: 265kcal",
    "Carbohydrates: 31g",
    "Protein: 2g",
    "Fat: 16g",
    "Saturated Fat: 10g",
    "Polyunsaturated Fat: 1g",
    "Monounsaturated Fat: 4g",
    "Trans Fat: 0.5g",
    "Cholesterol: 68mg",
    "Sodium: 19mg",
    "Potassium: 49mg",
    "Fiber: 0.2g",
    "Sugar: 30g",
    "Vitamin A: 434IU",
    "Vitamin C: 0.3mg",
    "Calcium: 12mg",
    "Iron: 0.4mg",
    ""
  ],
  "Comments": [
    "Nicole says:Do I use unsalted or salted butter? Also does the cake have to be in 2 separate pans or could it be in one?",
    "Alyssa Rivers says:I used unsalted butter. This will bake up in 2 separate pans.",
    "Ronnie says:I used a sheet pan and it came out fine. Moist and delicious.",
    "Carm says:Hi Alyssa this cake looks great for the summer but in the recipe it doesn’t say which cake box mix to use.  I don’t think I’ll find pillsbury so I’ll probably have to buy Betty Crocker but how many cakes 1 or 2 ?. Please clarify Thanks",
    "Alyssa Rivers says:One box of cake will make the two 9 inch round cakes.",
    "Ronnie says:I used strawberry and the brand most likely doesn’t matter.",
    "Debbi says:Can you recommend a non-milk-based frosting for this?  It sounds wonderful but my husband is lactose intolerant.  A little in the cake mix is ok, but not the cream cheese and heavy cream.",
    "Alyssa Rivers says:HMM! That is a hard one. You can substitute the milk for water. That usually works but the flavor is not as great.",
    "MommyofZs says:I made this cake for dessert tonight. Somehow I lost one of my 9” rounds so I made a bundt and my coconut flakes were pretty old and turn into NoNo-nut flakes, so i omitted them.  It was still awesome.  Had leftover frosting that I plan to use on cinnamon rolls.",
    "Danielle says:I can not wait to make this cake for my daughters birthday!It looks amazing.",
    "Alyssa Rivers says:It is delicious too! I hope it turned out and you all loved it! XOXO",
    "Hannah says:In your description you state the cake has coconut cream in it. In the recipe it states coconut milk.. which should I use?",
    "Alyssa Rivers says:It is coconut milk. Hope you enjoy this cake as much as I do!! It is always a huge hit. XOXO",
    "Nathalie says:I’ve used coconut oil and coconut milk instead of butter and water in the Pillsbury strawberry cake mix. It comes out perfect and very light.  I highly recommend it!",
    "Alyssa Rivers says:That sounds great!! I am glad you were able to modify it to your liking!! Thanks for sharing! XOXO",
    "Stephanie says:Could I make this as a sheet cake?",
    "Ronnie says:I did. It was fine.",
    "Lori says:Made this over the weekend. EVERYONE ?? loved it! I was even told it was the best cake they have ever had. I’ve had 2 requests to make the same cake for upcoming birthdays!!",
    "Kelly M. says:So I made this over the weekend for a picnic….what a hit. It was AMAZING! As much as I hate the word, I’m going to say it…it was so moist! I put a small layer of strawberries in the middle with some of the frosting. I will definitely make this again!",
    "Karen says:My cake turned out flat and doughy I followed the instructions to the T I used coconut milk, should I have used coconut cream? No fluffy cake at all. had to use 8″ cake pans but I don’t think that would do it.  But frosting was excellent.",
    "Misty Cogar says:My cupcakes went flat also.",
    "JIll says:Could you please clarify the “3/4 canned coconut milk?”Is it 3/4 of a CAN of canned coconut milk?  If so, what size can?Or is it 3/4 of a CUP of canned coconut milk?  Thanks!",
    "Alyssa says:Thanks for catching that.  It is 3/4 cup. 🙂",
    "Kathlene says:Do you use shredded coconut in this recipe?",
    "Alyssa says:Yes I did. 🙂",
    "Kathy Mader says:That’s one gorgeous cake!",
    "Vivian | stayaliveandcooking says:That looks so good!"
  ]
}