{
  "URL": "https://therecipecritic.com/strawberry-chicken-salad-with-strawberry-balsamic-dressing/",
  "Summary": "This strawberry chicken salad is filled with fresh fruit, goat cheese, almonds, and chicken and makes my mouth water just thinking about it! The strawberry balsamic dressing gives it the perfect flavor and takes this salad over the top! ",
  "Metadata": [
    "Prep Time:  15minutes",
    "Total Time:  15minutes",
    "Servings:  6Servings"
  ],
  "Ingredients": [
    "2 cups cooked chicken chopped",
    "4 cups romaine chopped",
    "2 cups strawberries chopped",
    "1/2 cup dried cranberries",
    "1/4 cup red onion sliced",
    "1/4 cup goat cheese crumbled",
    "1/4 cup almonds sliced",
    "1 cup strawberries",
    "1/4 cup balsamic vinegar",
    "1/4 cup extra-virgin olive oil",
    "1 tbsp Dijon mustard",
    "1 clove garlic minced",
    "1/4 tsp salt",
    "1/4 tsp pepper"
  ],
  "Instructions": [
    "In a food processor or blender, pulse the strawberries, balsamic vinegar, olive oil, dijon mustard, garlic, salt and pepper until smooth. Set aside.",
    "In a large bowl toss the chicken, romaine, strawberries, dried cranberries, red onion, goat cheese, and sliced almonds. Toss with dressing or drizzle on top of served portions."
  ],
  "Nutrition": [
    "Calories: 291kcal",
    "Carbohydrates: 19g",
    "Protein: 16g",
    "Fat: 18g",
    "Saturated Fat: 4g",
    "Polyunsaturated Fat: 3g",
    "Monounsaturated Fat: 10g",
    "Trans Fat: 0.002g",
    "Cholesterol: 39mg",
    "Sodium: 201mg",
    "Potassium: 374mg",
    "Fiber: 4g",
    "Sugar: 13g",
    "Vitamin A: 2857IU",
    "Vitamin C: 44mg",
    "Calcium: 65mg",
    "Iron: 2mg",
    ""
  ],
  "Comments": [
    "Laurel says:Absolutely delicious. I omitted the salt from the dressing to make it even lower in sodium. Made a wonderful dinner for me and fit my low sugar diet with a little fruit and reduced sugar cranberries. And I have plenty of dressing left for salads for the next couple of days.",
    "Debbie Harris says:What a delicious summer dinner! I followed the recipe exactly except I did add some baby spinach. I bought chicken breasts and grilled them on the bbq. But by far and away, my favorite part was the dressing! Absolutely delicious!",
    "Noreen B Rode says:Made it yesterday for my beading group. Everyone loved it. Excellent summer salad for lunch or dinner."
  ]
}