{
  "URL": "https://therecipecritic.com/strawberry-cheesecake-streusel-muffins/",
  "Summary": "Strawberry Cheesecake Streusel Muffins are going to get you out of bed in the morning! These strawberry muffins are tender and sweet and full of flavor! ",
  "Metadata": [
    "Prep Time:  15minutes",
    "Cook Time:  20minutes",
    "Total Time:  35minutes",
    "Servings:  12Muffins"
  ],
  "Ingredients": [
    "2 cups all purpose flour",
    "1/2 cup granulated sugar",
    "2 teaspoon baking powder",
    "1/2 teaspoon salt",
    "1 large egg",
    "1/4 cup canola oil",
    "1 cup whole milk",
    "1 teaspoon vanilla extract",
    "2 cups strawberries cut into small pieces",
    "4 ounces cream cheese",
    "1/3 cup granulated sugar",
    "2 Tablespoon beaten egg",
    "1 teaspoon vanilla extract",
    "1/4 cup all purpose flour",
    "1/4 cup granulated sugar",
    "1 teaspoon cinnamon",
    "3 Tablespoon butter"
  ],
  "Instructions": [
    "Preheat oven to 400 degrees and line a 12 cup muffin pan with cupcake liners. If you don't use cupcake liners, make sure to grease the pan so they will come out easily.",
    "In a mixing bowl for the muffin batter, sift together the flour, baking powder, and salt. Set aside. In another bowl, beat the milk, oil, egg and sugar. Stir the dry ingredients in the milk mixture gently but do not overmix. The batter should be slightly lumpy.",
    "For the cheesecake mixture beat the cream cheese, egg, sugar, and vanilla in a bowl until smooth.",
    "For the topping, mix together the flour, sugar, and cinnamon. With a fork blend in the butter until it looks like coarse sand.",
    "Scoop a tablespoon of the muffin batter into the bottom of each cupcake liner. Sprinkle a few pieces of strawberries and then add about 1/2 tablespoon of the cheesecake mixture. Sprinkle some of the streusel topping on the cheesecake filling, followed by another layer of the muffin batter. Add a few pieces of strawberries on the top and lastly sprinkle with the cinnamon streusel.",
    "Bake for 20-25 minutes or until toothpick inserted comes out clean. Let cool into the pan for 5 minutes and transfer them to a wire rack."
  ],
  "Nutrition": [
    "Calories: 286kcal",
    "Carbohydrates: 40g",
    "Protein: 5g",
    "Fat: 12g",
    "Saturated Fat: 5g",
    "Cholesterol: 43mg",
    "Sodium: 172mg",
    "Potassium: 192mg",
    "Fiber: 1g",
    "Sugar: 21g",
    "Vitamin A: 282IU",
    "Vitamin C: 14mg",
    "Calcium: 82mg",
    "Iron: 1mg"
  ],
  "Comments": [
    "Danielle says:Is there a way to make these, but gluten free?",
    "Alyssa Rivers says:You could try changing the flour out with a gluten-free option. I haven’t tried that with this recipe before but if you do, let me know how it turns out!",
    "Donna says:These muffins are AWESOME!!  I made them as a breakfast addition for overnight guests and they went over extremely well. I will definitely be making them again!",
    "Sam says:Can u use pineapple instead of strawberry?",
    "Alyssa Rivers says:Yes, that will taste delicious too.",
    "Louise says:Alyssa when you say “muffins” what size exactly do you mean? Standard cupcake size or bigger? I make gigantic muffins… bigger than bakery muffins…",
    "Alyssa Rivers says:Hi Louise!This recipe makes just a standard size muffin.  I hope that you love them as much as I do!  Thanks for following along with me!",
    "Renee says:Wonder if they freeze well?",
    "Jill says:These look amazing but my kids don’t like cheesecake! Does anyone see any issues with just leaving the filling out? I’ll probably double the muffin recipe to compensate.",
    "Alyssa says:Yep.  You could just leave it out.  And I can’t believe your kids don’t like cheesecake!  lol",
    "Trenna Hicks. says:Please add me to your web site.Thanks",
    "Yuki says:This is AMAZING!!!  Will make these on Sunday for sure…              Thank you for sharing this recipe!                        ☆*:.｡. o(≧▽≦)o .｡.:*☆",
    "Emily says:Yum! My son would love these! =)",
    "Debbie says:So delicious, best muffin I have ever made. My kids went crazy over them!",
    "Jeannean says:I’m going to try these pronto!  Looks yummy & comments are so positive..",
    "Marcia says:Can I substitute canola oil for something else? What can it be? Thank you!",
    "Jane says:you could do butter"
  ]
}