{
  "URL": "https://therecipecritic.com/strawberry-cream-cheese-pie/",
  "Summary": "This strawberry cream pie has a smooth, creamy filling is topped with sweet strawberries, and is held together by a crumbly, buttery crust. Simply divine!",
  "Metadata": [
    "Prep Time:  20minutes",
    "Cook Time:  10minutes",
    "Chill Time:  3hours",
    "Total Time:    3hours30minutes",
    "Servings:  8servings"
  ],
  "Ingredients": [
    "2 cups graham cracker crumbs, about 16 whole crackers",
    "2 tablespoons granulated sugar",
    "5 tablespoons salted butter, melted",
    "8 ounces cream cheese, room temperature",
    "1 teaspoon vanilla extract",
    "8 ounces whipped topping, thawed",
    "1 ½ pounds fresh strawberries, quartered or sliced",
    "2 tablespoons strawberry jam"
  ],
  "Instructions": [
    "Preheat the oven to 350 degrees Fahrenheit.",
    "If you are using whole graham crackers you can crush them in a ziplock bag and a rolling pin, or you can blend them into fine crumbs using a food processor or a blender.",
    "Combine the 2 cups graham cracker crumbs, 2 tablespoons granulated sugar, and 5 tablespoons salted butter, together in a medium bowl until it resembles damp sand.",
    "Press the crumbs evenly into the bottom and up the sides of a 9-inch pie dish. I like to use the bottom of a flat measuring cup to pack it down tightly.",
    "Bake for 10 minutes. Set on a cooling rack to cool completely.",
    "Add 8 ounces cream cheese, and 1 teaspoon vanilla extract to a large bowl and beat with a hand mixer until smooth.",
    "Fold in 8 ounces whipped topping, until the mixture is smooth. Spread into the cooled pie crust and smooth over the top. Cover with plastic wrap or foil and chill for at least 3 hours.",
    "Just before serving toss 1 ½ pounds fresh strawberries, in a large bowl with 2 tablespoons strawberry jam, keeping in mind that the longer the berries sit in the jam, the more juice they will release.",
    "Top the chilled pie with the berries, discarding the liquid. Serve immediately."
  ],
  "Nutrition": [
    "Calories: 369kcal",
    "Carbohydrates: 37g",
    "Protein: 5g",
    "Fat: 23g",
    "Saturated Fat: 14g",
    "Polyunsaturated Fat: 1g",
    "Monounsaturated Fat: 5g",
    "Trans Fat: 0.3g",
    "Cholesterol: 48mg",
    "Sodium: 307mg",
    "Potassium: 240mg",
    "Fiber: 2g",
    "Sugar: 22g",
    "Vitamin A: 631IU",
    "Vitamin C: 50mg",
    "Calcium: 81mg",
    "Iron: 1mg",
    ""
  ],
  "Comments": [
    "barb c says:I knew it would be delicious, and it was! My husband found a beautiful white fluted pie pan online, and it was just what I needed to make this dessert as beautiful as it was tasty – thank you so much!",
    "Elaine Bolling says:Can’t wait to make this",
    "Patti says:Can you substitute  real whipped cream for frozen whipped topping?",
    "Alyssa Rivers says:Hi, if you prefer homemade whipped cream instead of frozen whipped topping, whip 1 1/2 cups heavy whipping cream with 3 tablespoons of powdered sugar until you have soft peaks. Then fold the cream into the cream cheese as directed. I hope this helps!",
    "barb c says:This recipe looks amazing! But please please share where you got the beautiful fluted white pie pan! I can’t wait to hear from you!",
    "Alyssa Rivers says:Oh my gosh, isn’t it so cute! I honestly don’t remember where I got it! I’m sorry, but I found this adorable one from target!",
    "barb c says:Thank you so much for your extremely quick response – most food bloggers I follow don’t do that – you are appreciated, and so are your recipes! I’m hoping to make this pie for our Fourth of July celebration – Yum!"
  ]
}