{
  "URL": "https://therecipecritic.com/strawberry-cake-mix-cookies/",
  "Summary": "Strawberry cake mix cookies are a sweet treat that is super fast and easy! Make these pink cookies for Valentine's Day, baby showers, or any special occasion.",
  "Metadata": [
    "Prep Time:  20minutes",
    "Cook Time:  10minutes",
    "Total Time:  30minutes",
    "Servings:  24Cookies"
  ],
  "Ingredients": [
    "1/2 cup vegetable oil",
    "2 large eggs",
    "1 (15 ounce box) Strawberry Cake Mix",
    "1 cup m&ms",
    "1 cup white chocolate chips (or melted white chocolate)",
    "sprinkles"
  ],
  "Instructions": [
    "Preheat oven to 375 degrees.  Line a cookie sheet with parchment paper and set it at the side. In a medium-sized bowl combine the oil and the eggs.  Stir in the cake mix.  Fold in optional mix-ins if using.",
    "Using a small cookie scoop drop the cookies on the sheet spacing 2 inches apart.  Bake for 7-10 minutes or until set.  Remove from the oven and let cool on a rack.",
    "If using the melted white chocolate, dip each half of the cookie and top with sprinkles."
  ],
  "Nutrition": [
    "Calories: 129kcal",
    "Carbohydrates: 10g",
    "Protein: 1g",
    "Fat: 9g",
    "Saturated Fat: 7g",
    "Trans Fat: 1g",
    "Cholesterol: 18mg",
    "Sodium: 19mg",
    "Potassium: 27mg",
    "Fiber: 1g",
    "Sugar: 10g",
    "Vitamin A: 44IU",
    "Vitamin C: 1mg",
    "Calcium: 27mg",
    "Iron: 1mg",
    ""
  ],
  "Comments": [
    "Joy says:I think coconut oil would be really good in the cake mix strawberry cookies.  Something about coconut & strawberry makes my mouth water.  (And I’m pretty sure they wouldn’t last 2 weeks!).  My Mom & I used to freeze shortbread cookies thinking that if we had to go to all the trouble of bringing them out of the freezer, it might be better for our waistlines.  All it meant, was that we ate frozen cookies!!!  My best friend and her kids, my son & myself all agree that shortbreads don’t seem right unless they’re frozen LOL.",
    "Rita Frances Madore says:Would you happen to have a recipe for something to do with smoked ham hocks? I have 4 in the freezer and need something new to do with them.",
    "Alyssa Rivers says:I am actually making some recipes in the next couple of weeks!"
  ]
}