{
  "URL": "https://therecipecritic.com/strawberry-cupcakes/",
  "Summary": "Strawberry Cupcakes are made with fresh and freeze-dried strawberries to create an incredible burst of flavor. Pretty and pink, these cupcakes are sure to be the perfect treat! ",
  "Metadata": [
    "Prep Time:  35minutes",
    "Cook Time:  25minutes",
    "Total Time:  1hour",
    "Servings:  12Cupcakes"
  ],
  "Ingredients": [
    "1 ½ cups flour",
    "¼ teaspoon salt",
    "1 teaspoon baking powder",
    "½ teaspoon baking soda",
    "¼ cup unsalted butter softened",
    "¾ cup granulated sugar",
    "1 large egg room temp",
    "1 teaspoon vanilla extract",
    "¾ cup sour cream",
    "½ cup freeze dried strawberries that have been blended into powder",
    "¾ cup fresh strawberries diced",
    "1 cup unsalted butter softened",
    "2 ½ cup powdered sugar",
    "Pinch of salt",
    "3-4 Tablespoons heavy cream",
    "3 Tablespoons freeze dried strawberries that have been blended to powder",
    "Fresh strawberries for topping"
  ],
  "Instructions": [
    "Preheat the oven to 350 and line a muffin pan with cupcake liners and set aside.",
    "Sift together flour, baking powder, baking soda and salt and set aside.",
    "In another bowl, cream together the butter and sugar.",
    "Add the egg, vanilla, and sour cream and mix until combined.",
    "The freeze dried strawberries can be crushed to powder using a food processor, blender, or coffee grinder. If you don’t have any of those on hand, you can put them in a ziplock bag and use a rolling pin to crush them as fine as possible. Fold them into the batter.",
    "Add the dry ingredients to the wet and mix until just combined. Fold in the fresh strawberries by hand. The batter will be quite thick!",
    "Using a large cookie scoop or two large spoons, fill 12 cups just over ¾ full of batter.",
    "Bake for 20-25 minutes, until a toothpick comes out clean and the tops of the cupcakes spring back when touched. Allow to cool completely before frosting.",
    "Beat butter by itself on medium until light and fluffy.",
    "Add the powdered sugar and salt and mix on low until combined. Add the cream 1 tablespoon at a time until the frosting begins to get creamy and not too stiff.",
    "Add the freeze dried strawberry powder to the frosting and mix until smooth.",
    "Use a large star tip in a pastry bag to pipe the frosting onto the cupcakes. Cut the fresh strawberries in half length wise and top each cupcake with half a strawberry."
  ],
  "Nutrition": [
    "Calories: 442kcal",
    "Carbohydrates: 63g",
    "Protein: 3g",
    "Fat: 20g",
    "Saturated Fat: 12g",
    "Trans Fat: 1g",
    "Cholesterol: 69mg",
    "Sodium: 116mg",
    "Potassium: 279mg",
    "Fiber: 2g",
    "Sugar: 47g",
    "Vitamin A: 642IU",
    "Vitamin C: 171mg",
    "Calcium: 47mg",
    "Iron: 4mg",
    ""
  ],
  "Comments": [
    "Jacob says:Would the recipe need to be changed if I wanted to make a three layer cake with 9” round pans? Thanks!",
    "Jacob says:Do you measure the freeze dried strawberries before your grind them to a powder?",
    "Alyssa Rivers says:Yes!",
    "Nancy Daniels says:Where do you purchase freeze dried strawberries.?",
    "Alyssa Rivers says:You can purchase them at any local grocery store! They will typically be in the same section as the raisins.",
    "Carrie says:Does this recipe work for a cake instead of cupcakes?",
    "Alyssa Rivers says:Yes, add it to a 9×13 pan and bake at 350 degrees Fahrenheit for 25 to 30 minutes or until the toothpick comes out clean.",
    "Jacob says:How much butter?? It just says 1/4",
    "Alyssa Rivers says:1/4 cup unsalted butter"
  ]
}