{
  "URL": "https://therecipecritic.com/strawberry-chocolate-chip-cookies/",
  "Summary": "Strawberry Chocolate Chip Cookies- These homemade Strawberry Chocolate Chip cookies are loaded with fresh strawberries and milk chocolate chips.",
  "Metadata": [
    "Prep Time:  15minutes",
    "Cook Time:  15minutes",
    "Total Time:  30minutes",
    "Servings:  18cookies"
  ],
  "Ingredients": [
    "2 ¼ cups all-purpose flour",
    "1 teaspoon baking soda",
    "½ teaspoon salt",
    "¾ cup softened unsalted butter",
    "½ cup granulated sugar",
    "¾ cup packed light brown sugar packed",
    "1 tablespoon vanilla extract",
    "2 large eggs",
    "½ cup chopped fresh strawberries",
    "1 cup milk chocolate chips, or white chocolate chips. More for topping, if desired"
  ],
  "Instructions": [
    "Preheat the oven to 370 degrees Fahrenheit. Line two baking sheets with parchment paper and set aside.",
    "Whisk together 2 ¼ cups all-purpose flour, 1 teaspoon baking soda, and ½ teaspoon salt in a medium size bowl. Set aside.",
    "In a large bowl, use a hand mixer or a stand mixer fitted with the paddle attachment to cream together ¾ cup softened unsalted butter, ½ cup granulated sugar, ¾ cup packed light brown sugar, and 1 tablespoon vanilla extract.",
    "Add 2 large eggs one at a time, mixing between each egg.",
    "Add the flour mixture to the sugar mixture and mix until just combined.",
    "Fold in ½ cup chopped fresh strawberries and 1 cup milk chocolate chips, by hand until combined.",
    "Use a medium cookie scoop to scoop the dough onto the baking sheets, leaving about 2 inches between them.",
    "Bake for 13-15 minutes, rotating the pan halfway through, until the cookies are golden brown around the edges.",
    "Immediately after taking the cookies out of the oven, gently press additional chocolate chips onto the tops of them. Let them cool on the baking sheet for 5 minutes before transferring them to a cooling rack to finish cooling."
  ],
  "Nutrition": [
    "Calories: 242kcal",
    "Carbohydrates: 34g",
    "Protein: 3g",
    "Fat: 11g",
    "Saturated Fat: 7g",
    "Polyunsaturated Fat: 0.5g",
    "Monounsaturated Fat: 2g",
    "Trans Fat: 0.3g",
    "Cholesterol: 43mg",
    "Sodium: 144mg",
    "Potassium: 46mg",
    "Fiber: 1g",
    "Sugar: 21g",
    "Vitamin A: 289IU",
    "Vitamin C: 2mg",
    "Calcium: 28mg",
    "Iron: 1mg",
    ""
  ],
  "Comments": [
    "Teresa says:I followed this recipe to the T.I even refrigerated the dough for 1 hour. Total waist of my time & money.  Also I am an avid baker.Don’t waist your time."
  ]
}