{
  "URL": "https://therecipecritic.com/strawberry-streusel-bars/",
  "Summary": "Strawberry Streusel Bars are buttery, sweet and the perfect summertime treat! With a tasty shortbread and mouth watering crumble top, everyone is going to love these!",
  "Metadata": [
    "Prep Time:  30minutes",
    "Cook Time:  1hour",
    "Total Time:    1hour30minutes",
    "Servings:  16bars"
  ],
  "Ingredients": [
    "1 ¾ cup Flour",
    "2/3 cup powdered sugar",
    "¼ teaspoon salt",
    "1 Cup butter cold, cubed",
    "1 teaspoon cornstarch",
    "2 Tablespoon sugar",
    "2 cups fresh strawberries diced",
    "6 Tablespoon strawberry preserves",
    "1 teaspoon lemon zest",
    "1 cup flour",
    "½ cup oats rolls or quick",
    "½ cup brown sugar",
    "¼ teaspoon salt",
    "½ cup butter cold, cubed"
  ],
  "Instructions": [
    "Preheat oven to 350. Grease and flour a 9×13 pan and set aside.",
    "Mix together flour, powdered sugar, and salt. Add cold, cubed butter. Using a fork or a pastry blender, cut butter into the dry ingredients until it starts to get crumbly. You can continue with the fork or pastry blender, but I find it easiest to mix the rest of the way with clean hands.",
    "Evenly drop clumps of dough into the pan and then use your fingers to press down into the pan. Bake for 25-30 minutes, until the edges start to get golden. Meanwhile, prepare the filling and streusel topping.",
    "Mix together the cornstarch and sugar, set aside.",
    "Dice the strawberries into small pieces. Mix together with the sugar mixture, strawberry preserves, and lemon zest.",
    "Spread evenly across the par-baked crust.",
    "Combine flour, brown sugar, oats, and salt.",
    "Add butter and cut in with a fork or pastry. Mix until the butter is about pea sized and clumpy.",
    "Spread evenly across the top of the strawberry filling.",
    "Bake for 30-35 minutes, until the streusel topping begins to brown.",
    "Allow to cool before serving."
  ],
  "Nutrition": [
    "Calories: 319kcal",
    "Carbohydrates: 38g",
    "Protein: 3g",
    "Fat: 18g",
    "Saturated Fat: 11g",
    "Trans Fat: 1g",
    "Cholesterol: 46mg",
    "Sodium: 230mg",
    "Potassium: 80mg",
    "Fiber: 1g",
    "Sugar: 18g",
    "Vitamin A: 534IU",
    "Vitamin C: 11mg",
    "Calcium: 20mg",
    "Iron: 1mg",
    ""
  ],
  "Comments": []
}