{
  "URL": "https://therecipecritic.com/strawberry-crisp/",
  "Summary": "Super Easy Strawberry Crisp. The perfect dessert for summer!",
  "Metadata": [
    "Prep Time:  10minutes",
    "Cook Time:  45minutes",
    "Total Time:  55minutes",
    "Servings:  6servings"
  ],
  "Ingredients": [
    "5 cups chopped strawberries",
    "1 tablespoon lemon juice",
    "3 tablespoons granulated sugar",
    "3 tablespoons all-purpose flour",
    "1 cup all-purpose flour",
    "¾ cup brown sugar",
    "10 tablespoons unsalted butter, chilled and cut into cubes",
    "¾ cup rolled oats",
    "whipped cream or ice cream, if desired"
  ],
  "Instructions": [
    "Preheat the oven to 350 degrees Fahrenheit and grease a 12-inch cast iron skillet or a 9-inch baking dish with non-stick cooking spray.",
    "In a large bowl combine 5 cups chopped strawberries, 1 tablespoon lemon juice, 3 tablespoons granulated sugar, and 3 tablespoons all-purpose flour. Spoon the strawberry mixture into the prepared skillet.",
    "In a food processor, add 1 cup all-purpose flour, ¾ cup brown sugar, and 10 tablespoons unsalted butter, Pulse until the mixture is crumbly then stir in¾ cup rolled oats.",
    "Crumble the oat mixture on top of the strawberry mixture.",
    "Bake for 40-45 minutes or until the top is golden brown and the berries are soft and bubbly.",
    "Serve immediately with whipped cream or ice cream, if desired."
  ],
  "Nutrition": [
    "Calories: 462kcal",
    "Carbohydrates: 68g",
    "Protein: 5g",
    "Fat: 20g",
    "Saturated Fat: 12g",
    "Polyunsaturated Fat: 1g",
    "Monounsaturated Fat: 5g",
    "Trans Fat: 1g",
    "Cholesterol: 50mg",
    "Sodium: 13mg",
    "Potassium: 291mg",
    "Fiber: 4g",
    "Sugar: 39g",
    "Vitamin A: 598IU",
    "Vitamin C: 72mg",
    "Calcium: 57mg",
    "Iron: 2mg",
    ""
  ],
  "Comments": [
    "Haley Franklin says:I added a cup and a half of rhubarb to make the five cups of strawberries. It turned out great, I will have to make it just like this again for 4th of July and pair it with icecream. MMMMMM",
    "Sarah says:This is delicious!!  Thanks for sharing this awesome and easy dessert recipe!",
    "Meagan says:I’ve made this twice now this summer. Absolutely amazing recipe. I pair ours with a homestyle vanilla ice cream and my husband loves it! Five Stars all the way!! I’d love to see more from this contributor. Thanks a bunch!",
    "Alyssa Rivers says:MMMM that sounds delicious!! Thanks so much for sharing!! The contributors also have their own personal page if you are interested in looking them up!! Hope that helps! XO",
    "Rashmi Primlani says:Strawberry season is here, need to try!!",
    "Shawnna says:Oh yummy! This looks so tasty!",
    "read toriko online says:I love this dessert!!"
  ]
}