{
  "URL": "https://therecipecritic.com/strawberry-jam/",
  "Summary": "Homemade Strawberry Jam. Use all those fresh, juicy berries to make your own jam at home! No canning required. Simply store this jam in your refrigerator or freezer to enjoy. ",
  "Metadata": [
    "Prep Time:  10minutes",
    "Cook Time:  15minutes",
    "Total Time:  25minutes",
    "Servings:  5cups"
  ],
  "Ingredients": [
    "2 pounds strawberries",
    "1 ½ cups sugar",
    "1 tablespoons  lemon juice freshly squeezed",
    "2 tablespoons powdered fruit pectin"
  ],
  "Instructions": [
    "Clean and hull the strawberries, removing the stem and leaves with this huller. Dice 2 pounds strawberries and add them to a medium size saucepan.",
    "Add 1 ½ cups sugar, 1 tablespoons  lemon juice, and 2 tablespoons powdered fruit pectin and stir to combine. Heat over medium heat until the strawberries start to juice and the mixture simmers along the edge of the pot.",
    "Mash the strawberries to the desired consistency while continuing to cook over medium heat.",
    "Continue to cook the strawberries over medium heat an additional 5 minutes, or until the mixture is thickened.",
    "Pour the jam into sealable jars or containers. Seal and let cool to room temperature.",
    "Once cooled to room temperature store the jam in the refrigerator or freezer."
  ],
  "Nutrition": [
    "Calories: 310kcal",
    "Carbohydrates: 79g",
    "Protein: 1g",
    "Fat: 1g",
    "Saturated Fat: 1g",
    "Sodium: 14mg",
    "Potassium: 278mg",
    "Fiber: 4g",
    "Sugar: 69g",
    "Vitamin A: 22IU",
    "Vitamin C: 108mg",
    "Calcium: 29mg",
    "Iron: 1mg",
    ""
  ],
  "Comments": [
    "Diana Faulkner says:How many cups of strawberries to a pound of berries?",
    "Alyssa Rivers says:I would say a pound of whole strawberries, is about 3 – 3 1/2 cups of berries.",
    "Lisa Casper says:I am wondering why my jam stayed so runny I made a peanut butter and jam sandwich for my husband using the jam I made and he said it soaked right through the bread 🙁 it tastes real good just did not get thick even after I stored it in the frig. what did I do wrong? I followed the ingredients to a tea! please help!",
    "Alyssa Rivers says:A runny batch will just happen occasionally. If, after waiting, you find the jam is still too loose for your liking, empty the jars back into a wide pot and cook again. You can simply reduce the jam to your liking, or you can also add a small amount of commercial pectin to help the process!",
    "Alison says:how come my jam is so runny? I followed your ingredients exactly",
    "Alyssa Rivers says:The pectin should help the jam set up once you have put it in the fridge. Was your jam still runny after storing it in the fridge?",
    "Kayden Greuber says:tastes delicous stil cooling cant wait to try it",
    "Mary says:How long can you keep the jam in the fridge before it spoils?"
  ]
}