{
  "URL": "https://therecipecritic.com/strawberry-pie/",
  "Summary": "This easy and fresh strawberry pie features sweet, juicy strawberries, and a flaky, homemade crust all covered in juicy berry glaze. Top it off with a dollop of whipping cream for some extra indulgence, and you have the best summer dessert ever!",
  "Metadata": [
    "Prep Time:  30minutes",
    "Cook Time:  15minutes",
    "Total Time:  45minutes",
    "Servings:  12people"
  ],
  "Ingredients": [
    "1 9 inch pie crust",
    "2 tbsp cornstarch",
    "3/4 cup sugar",
    "1 cup. Water",
    "1 3 ounce package strawberry jello",
    "4 cups fresh strawberries sliced",
    "Fresh whipping cream."
  ],
  "Instructions": [
    "Bake the crust according to package directions. To help the crust stay in place while baking, Line the crust with aluminum foil and bake for 8 minutes, remove foil, and bake for an additional 5.",
    "In a small saucepan, combine cornstarch, sugar and water and whisk until smooth. Bring it to a boil and whisk for 2 minutes until it starts to thicken. Remove from the heat and stir in the strawberry jello until dissolved. Let the mixture cool for about 15 minutes.",
    "Place the strawberries into the crust and pour the cooled mixture over the strawberries. Refrigerate 3 hours or overnight until set. Serve with fresh whipping cream."
  ],
  "Nutrition": [
    "Serving: 8g",
    "Calories: 830kcal",
    "Carbohydrates: 98g",
    "Protein: 11g",
    "Fat: 44g",
    "Saturated Fat: 14g",
    "Polyunsaturated Fat: 5g",
    "Monounsaturated Fat: 20g",
    "Sodium: 683mg",
    "Potassium: 235mg",
    "Fiber: 5g",
    "Sugar: 15g",
    "Vitamin A: 7IU",
    "Vitamin C: 28mg",
    "Calcium: 40mg",
    "Iron: 5mg"
  ],
  "Comments": [
    "Michele says:Made it twice already amazing. Can I do this same recipe with fresh peaches?",
    "Alyssa Rivers says:Yes! That sounds delicious! You can use 4 cups peeled and diced peaches (about 3 peaches) and then 1 (3oz) box of peach jello. All of the rest of the ingredients and instructions will stay the same. This sounds so yummy, let me know how it turns out!!",
    "Linda says:Made this Strawberry pie couple of weeks ago and it was a  hit. So, here we go again. So yummy",
    "Alyssa Rivers says:I’m so glad you liked it enough to make it again! Thanks for commenting and leaving a review!",
    "C young says:Can you flour in place of cornstarch?",
    "Alyssa Rivers says:Yes, you can use flour instead of cornstarch. Use 1/4 cup of flour in place of the 2 tbsp cornstarch. Let me know how it turns out!",
    "BETH B says:Made this with a graham cracker crust, which is what my Husband brought home for me and this pie was devoured – zero leftovers! Will be making this again, and again, and again! ❤️",
    "Karen Toner says:Can I use strawberries I froze this summer as I had lots. Thanks KToner",
    "Alyssa Rivers says:Hi Karen, thank you for your question. Yes you can use frozen strawberries, but the frozen strawberries will end up mushy. It’s not gonna have the best outcome/texture with thawed berries. Frozen are better for a baked strawberry dessert.",
    "JC says:This was yummy, but the glaze part is too thick. Cornstarch + jello leads to clumpy, gummy gelatinous texture. I’d try it again following the jello instructions on the box, leaving out the cornstarch.",
    "DebC says:Did you stir the cornstarch and water together before putting in your saucepan ??  I then added the sugar and the dry Jello once I had put the water/cornstarch to boil, stirring constantly to a good boil.  Once it was getting thick, I set it aside to cool, while I cut up my strawberries.  Thought this may help you next time.",
    "Diane Ruley says:This is the best Strawberry Pie ever. It is so easy to make. It is definitely a keeper recipe. Thank you.",
    "Alyssa Rivers says:Isn’t it the best? I’m so glad you liked it!",
    "Alyssa Rivers says:Yay! I’m so glad you liked it! It’s a favorite at my house too!",
    "Angela Damron says:This recipe is easy to follow and is a favorite in my family. I always get requests to make it 🙂",
    "KIMBERLY A ALONZO says:Have made this twice. Perfect!! Thanks!!",
    "Judith Bognar says:You did the strawberry sauce the correct way. WTG",
    "Jessie says:Can you freeze this pie?",
    "Alyssa Rivers says:Yes you can! The texture of the strawberries might change a little after it’s thawed, but it will still taste great. ?",
    "Jamie says:Made this AMAZING pie for my friends birthday and it was so easy. Made my own fresh whipped cream and just served it on the table so everyone could help themselves. It was perfect. Thank you for the win!!!",
    "Margaret says:How many days in advance can I make this recipe?",
    "Alyssa Rivers says:It will stay good in the fridge for up to 5 days, but I recommend serving it within the first 2 days!",
    "Patty says:I made this a dinner party and it was a big hit. It is SO easy to make and delicious.",
    "Alyssa Rivers says:Hi Patty! So happy you liked the recipe! Strawberry pie is definitely one of my go-tos for dinner parties.",
    "Carol Dear says:Very easy to make. Look delicious.",
    "Georgia Snow says:Can you make this pie using freshly frozen strawberries",
    "Alyssa Rivers says:This works best with fresh strawberries."
  ]
}