{
  "URL": "https://therecipecritic.com/strawberry-avocado-pasta-salad/",
  "Summary": "Fresh strawberries, sliced avocados, slivered almonds and feta cheese all tossed together with a homemade poppyseed dressing. This strawberry avocado spinach salad is so fresh and delicious and is a recipe that everyone will be raving about!",
  "Metadata": [
    "Prep Time:  10minutes",
    "Total Time:  10minutes",
    "Servings:  8Servings"
  ],
  "Ingredients": [
    "6 ounces baby spinach",
    "1 cup fresh strawberries, sliced",
    "2 large avocados, chopped",
    "1/4 cup sliced almonds",
    "1/4 cup feta cheese",
    "1/3 cup mayonnaise",
    "1/4 cup 2% milk",
    "3 tablespoons sugar",
    "4 teaspoons cider vinegar",
    "2 teaspoons poppyseeds"
  ],
  "Instructions": [
    "In a large salad bowl, combine spinach, strawberries, avocados, almonds, and feta cheese.",
    "In a small bowl, whisk together the mayonnaise, milk, sugar, cider vinegar, and poppyseeds. Pour about half over the salad and toss to coat. Add more of the dressing if needed.",
    "Serve salad immediately and garnish with more feta cheese and almonds if desired."
  ],
  "Nutrition": [
    "Calories: 218kcal",
    "Carbohydrates: 13g",
    "Protein: 4g",
    "Fat: 18g",
    "Saturated Fat: 3g",
    "Cholesterol: 9mg",
    "Sodium: 136mg",
    "Potassium: 437mg",
    "Fiber: 5g",
    "Sugar: 7g",
    "Vitamin A: 2094IU",
    "Vitamin C: 22mg",
    "Calcium: 85mg",
    "Iron: 1mg"
  ],
  "Comments": [
    "Penny Nelson says:A friend served this years ago, if is delicious but I think she put red onions in it also.  I will try this.",
    "Teresa Reynolds says:Very good!",
    "annadesikitchen says:This is the best ever, completely enjoyed it!",
    "annadesikitchen says:such a healthy and delicious recipe, completely enjoyed it!",
    "Georgia says:I made this for a get together this spring. My significant fella liked the left overs so much that I make it often now. Everyone loves this sweet tangy dressing. I agree it is a bit heavy. Great to make with a protein as a stand alone side.",
    "Erin White says:This is the best ever!  I wish I wasn’t full, so I could eat more!!! Slightly sweet and creamy. Perfect with a steak.I’d give it 10 stars if I could!",
    "Sue says:I have added Blue Cheese and sometimes chickin. YUM",
    "Alyssa Rivers says:That sounds delicious!",
    "Christy McMillen says:What cheese would be best to substitute for the Feta cheese?",
    "Alyssa Rivers says:Ricotta is a great cheese to substitute or you can leave out the feta cheese too.",
    "BRENDA says:this salad was excellent! I added chicken and made it a main meal. I split the entire recipe just between me and my hubby (tho did only use one avocado) and it made a big salad for the two of us but we ate every bit and can’t wait to make it again. Loved the dressing. I am going to make this next time I have company. Thanks for the recipe.",
    "Nancy says:Loved this salad! So many textures and tastes happening in your mouth. I did use less spinach."
  ]
}