{
  "URL": "https://therecipecritic.com/strawberry-mango-smoothie/",
  "Summary": "This delightful Strawberry Mango Smoothie recipe is a burst of tropical flavors that will transport you to paradise. With just a handful of ingredients and a blender, you'll be sipping on this refreshing treat in no time.",
  "Metadata": [
    "Prep Time:  5minutes",
    "Total Time:  5minutes",
    "Servings:  2Servings"
  ],
  "Ingredients": [
    "1 cup of ice",
    "1 ½ cups frozen strawberries",
    "½ cup frozen mangoes",
    "1 ¼ cup mango juice",
    "¼ cup Greek yogurt",
    "2 tablespoons honey"
  ],
  "Instructions": [
    "Place all the ingredients in a blender. Blend until smooth and serve immediately."
  ],
  "Nutrition": [
    "Calories: 1158kcal",
    "Carbohydrates: 53g",
    "Protein: 4g",
    "Fat: 110g",
    "Saturated Fat: 89g",
    "Polyunsaturated Fat: 2g",
    "Monounsaturated Fat: 13g",
    "Cholesterol: 1mg",
    "Sodium: 19mg",
    "Potassium: 318mg",
    "Fiber: 3g",
    "Sugar: 48g",
    "Vitamin A: 1546IU",
    "Vitamin C: 102mg",
    "Calcium: 77mg",
    "Iron: 1mg"
  ],
  "Comments": [
    "Jayashree says:wow! I never tried strawberry and mango togetherI would definitely try itthanks for sharing"
  ]
}