{
  "URL": "https://therecipecritic.com/strawberry-acai-refresher/",
  "Summary": "This Strawberry Acai Refresher is a refreshing drink that's sure to help you beat the heat! Whether you're lounging by the pool, hosting a summer soirée, or simply in need of a tropical escape, this refresher will be your go-to beverage.",
  "Metadata": [
    "Prep Time:  5minutes",
    "Total Time:  5minutes",
    "Servings:  1Serving"
  ],
  "Ingredients": [
    "½ cup Tazo passion tea concentrate",
    "1 cup strawberry white-cranberry juice",
    "2 tablespoons simple syrup",
    "½ teaspoon acai powder",
    "⅛ teaspoon green coffee extract optional",
    "ice",
    "freeze dried strawberries for garnish"
  ],
  "Instructions": [
    "Add the passion tea, strawberry white-cranberry juice, simple syrup, acai powder, and green coffee extract to either a shaker cup or a large glass. Shake or stir until well combined.",
    "Pour into a glass over ice and garnish with freeze-dried strawberries. Serve immediately.**If you don’t have simple syrup on hand, add ½ cup granulated sugar and ½ cup water to a small saucepan and cook over medium heat until all the sugar is dissolved. Let cool completely before storing in an air-tight container in the fridge. It will keep for up to 2 weeks. If you like it less sweet, omit the simple syrup.**"
  ],
  "Nutrition": [
    "Calories: 237kcal",
    "Carbohydrates: 61g",
    "Protein: 1g",
    "Fat: 1g",
    "Saturated Fat: 0.03g",
    "Polyunsaturated Fat: 0.2g",
    "Monounsaturated Fat: 0.1g",
    "Sodium: 32mg",
    "Potassium: 264mg",
    "Fiber: 1g",
    "Sugar: 60g",
    "Vitamin A: 114IU",
    "Vitamin C: 24mg",
    "Calcium: 25mg",
    "Iron: 2mg",
    ""
  ],
  "Comments": []
}