{
  "URL": "https://therecipecritic.com/strawberry-delight/",
  "Summary": "My strawberry delight is a cool, creamy, layered dessert with buttery crust, cream cheese filling, and juicy fresh strawberries.",
  "Metadata": [
    "Prep Time:  30minutes",
    "Cook Time:  28minutes",
    "chill time:  4hours",
    "Total Time:    4hours58minutes",
    "Servings:  16servings"
  ],
  "Ingredients": [
    "1 ⅔ cups all-purpose flour",
    "⅔ cup powdered sugar",
    "½ teaspoon salt",
    "1 cup unsalted butter",
    "1 pound diced fresh Strawberries",
    "2 (8-ounce) packages softened cream cheese",
    "⅓ cup granulated sugar",
    "1 teaspoon vanilla extract",
    "1 cup chilled heavy whipping cream",
    "¼ cup powdered sugar",
    "⅓ cup strawberry gelatin mix  not prepared",
    "1 tablespoon lemon juice",
    "1 (8-ounce) container thawed whipped topping"
  ],
  "Instructions": [
    "Preheat the oven to 350 degrees Fahrenheit. Spray a 9 x 13 x 3-inch baking dish with nonstick pan spray and set aside.",
    "In a large bowl, whisk together 1 ⅔ cups all-purpose flour, ⅔ cup powdered sugar, and ½ teaspoon salt.",
    "Add 1 cup unsalted butter and cut in with a fork or pastry blender until crumbly. Use your fingers to rub the butter into the mixture until it forms a dough but is still quite dry and crumbly.",
    "Press the mixture into the bottom of the prepared pan and bake for 25-28 minutes, until golden brown around the edges.",
    "Remove from the oven and let cool completely.",
    "Spread 1 pound diced fresh Strawberries evenly over the cooled crust.",
    "For the cream cheese layer, add 2 (8-ounce) packages softened cream cheese, ⅓ cup granulated sugar, and 1 teaspoon vanilla extract to a large bowl and beat with a hand mixer or stand mixer fitted with the paddle attachment until smooth.",
    "In a separate bowl, add 1 cup chilled heavy whipping cream and ¼ cup powdered sugar and beat until it reaches stiff peaks. Fold the whipped cream into the cream cheese mixture until smooth.",
    "Spread half of the cream cheese mixture over the top of the chopped strawberries and smooth evenly. Place in the refrigerator to chill while you prepare the strawberry jello layer.",
    "Add ⅓ cup strawberry gelatin mix and 1 tablespoon lemon juice to the remaining half of the cream cheese mixture and stir by hand until fully combined and no streaks remain. Spread evenly over the cream cheese layer and chill in the refrigerator for at least 10 minutes.",
    "Top the strawberry layer with 1 (8-ounce) container thawed whipped topping and smooth over the top. Cover and chill for at least 4 hours to let it set up completely.",
    "Top with sliced or chopped strawberries, if desired, and serve chilled."
  ],
  "Nutrition": [
    "Calories: 354kcal",
    "Carbohydrates: 26g",
    "Protein: 4g",
    "Fat: 27g",
    "Saturated Fat: 16g",
    "Polyunsaturated Fat: 1g",
    "Monounsaturated Fat: 7g",
    "Trans Fat: 0.5g",
    "Cholesterol: 76mg",
    "Sodium: 170mg",
    "Potassium: 114mg",
    "Fiber: 1g",
    "Sugar: 14g",
    "Vitamin A: 957IU",
    "Vitamin C: 17mg",
    "Calcium: 48mg",
    "Iron: 1mg",
    ""
  ],
  "Comments": [
    "Brian says:why no pineapple recipes",
    "Alysssa Rivers says:I have so many pineapple recipes! What are you looking for?",
    "Cheryl says:How do you prepare the strawberry gelatin ? It won’t be dissolved ..that step isn’t clear to me .",
    "Alyssa Rivers says:Hi Cheryl, I’m not completely sure which step you are asking about. I did have a tip saying the gelatin will look speckled, but not to worry, it will continue to dissolve as it cools? Maybe that is what you were unclear about?"
  ]
}