{
  "URL": "https://therecipecritic.com/strawberry-shortcake-cupcakes/",
  "Summary": "Refreshing and delicious, these fresh strawberry shortcake cupcakes are so yummy and look like a showstopper! Once you have one, you won't be able to resist reaching for a second! ",
  "Metadata": [
    "Prep Time:  30minutes",
    "Cook Time:  22minutes",
    "Total Time:  52minutes",
    "Servings:  12Cupcakes"
  ],
  "Ingredients": [
    "1 Cup plus 2 tablespoons Cake Flour",
    "¾ Cup Granulated Sugar",
    "1 Teaspoon Baking Powder",
    "¼ Teaspoon Baking Soda",
    "¼ Teaspoon Salt",
    "½ Cup Buttermilk",
    "2 Tablespoons Milk",
    "1 Teaspoon Vanilla Extract",
    "½ Teaspoon Almond Extract",
    "¼ Cup Vegetable Oil",
    "1 Whole Egg",
    "1 Egg White",
    "2 Cups Heavy Whipping Cream chilled",
    "6 Tablespoons Instant Vanilla Pudding Powder",
    "Sliced Strawberries for Topping",
    "1 ½ Cup Fresh strawberries small dice",
    "¼ cup strawberry jam"
  ],
  "Instructions": [
    "Preheat the oven to 350°. Line a muffin pan with cupcake liners and set aside.",
    "In a medium bowl, whisk together the flour, sugar, baking powder, baking soda and salt. Set aside.",
    "In a large bowl, whisk together the buttermilk, milk, vanilla extract, almond extract, vegetable oil, egg, and egg white until fully combined.",
    "Add the dry ingredients to the wet and whisk until just fully combined.",
    "Use a medium scoop to fill the cupcake liners 2/3 of the way full. Bake for 20-22 minutes, until a toothpick comes out clean and the centers of the cupcakes bounce back when lightly pressed. Let the cupcakes cool completely before filling and frosting.",
    "In a small bowl combine the diced strawberries and jam.",
    "When the cupcakes are cooled, use a paring knife to cut a small hole in the center of the cupcakes. Angle the knife towards the center, about halfway down into the cupcake, to form a well. Remove the tops.",
    "Fill the cupcakes with a tablespoon of filling and place the cut-out piece of cupcake on top.",
    "In a chilled metal or glass bowl, add the chilled whipped cream and pudding powder.",
    "Use a stand mixer fitted with the whisk attachment or a hand mixer to beat the cream until medium stiff peaks form.",
    "Use a piping bag fitted with a large star tip to pipe the whipped cream on top of the cupcake. Top with sliced strawberries.",
    "Serve immediately."
  ],
  "Nutrition": [
    "Serving: 1cupcake",
    "Calories: 288kcal",
    "Carbohydrates: 35g",
    "Protein: 4g",
    "Fat: 15g",
    "Saturated Fat: 10g",
    "Polyunsaturated Fat: 1g",
    "Monounsaturated Fat: 4g",
    "Trans Fat: 1g",
    "Cholesterol: 60mg",
    "Sodium: 423mg",
    "Potassium: 142mg",
    "Fiber: 1g",
    "Sugar: 19g",
    "Vitamin A: 626IU",
    "Vitamin C: 11mg",
    "Calcium: 63mg",
    "Iron: 1mg"
  ],
  "Comments": [
    "Pam Shakil says:Simply delicious! Quick question – what do I need to do to bake this as a cake?Thanks!",
    "Alyssa Rivers says:I would double the measurements to make sure you have enough batter, then bake for 25-30 minutes at 350 degrees F in either a 9×13 pan or 2 9-inch round cake pans!",
    "Pam says:Thank you!",
    "kenzi says:So yummy and so easy! My oven only needed 15mins so adjust if your oven runs hot.",
    "Sam says:These are to die for! So good!"
  ]
}