{
  "URL": "https://therecipecritic.com/strawberry-poke-cake/",
  "Summary": "Incredibly light and tasty, this strawberry poke cake will be the star of any gathering! It's airy, soft, and brings that fresh strawberry taste into every single bite! ",
  "Metadata": [
    "Prep Time:  15minutes",
    "Cook Time:  25minutes",
    "Chill Time:  4hours",
    "Total Time:    4hours40minutes",
    "Servings:  12People"
  ],
  "Ingredients": [
    "1 Box White Cake Mix Prepared according to the package",
    "1 3- Ounce Box Strawberry Jell-O",
    "1 Cup Boiling Water",
    "1 8- Ounce Container Cool Whip Thawed",
    "1 ½ Cup Sliced Strawberries"
  ],
  "Instructions": [
    "Prepare the cake mix according to the package and bake according to the instructions for a 9×13 pan. Let cool completely.",
    "In a small bowl, combine the Jell-O and boiling water until all the jell-o has been dissolved.",
    "Use the back of a wooden spoon or a wooden skewer to poke holes in the cake. Pour the Jell-O over the top of the cake. Cover and chill for at least 4 hours.",
    "Before serving, spread the thawed cool whip over the top and top with sliced strawberries."
  ],
  "Nutrition": [
    "Calories: 234kcal",
    "Carbohydrates: 50g",
    "Protein: 3g",
    "Fat: 3g",
    "Saturated Fat: 1g",
    "Polyunsaturated Fat: 0.3g",
    "Monounsaturated Fat: 1g",
    "Trans Fat: 0.2g",
    "Cholesterol: 3mg",
    "Sodium: 359mg",
    "Potassium: 78mg",
    "Fiber: 1g",
    "Sugar: 31g",
    "Vitamin A: 39IU",
    "Vitamin C: 11mg",
    "Calcium: 121mg",
    "Iron: 1mg",
    ""
  ],
  "Comments": [
    "Krista says:I am not a big fan of Cool Whip. Can you use real whipping cream instead?",
    "Alyssa Rivers says:Sure! Let me know how it turns out!",
    "Shirley Clayton says:Why do poke cakes recipes today NEVER call for the the instant pudding that recipes years age always called for.  It makes a BIG difference in the cake, it makes it less mushy and more firm and more delicious.  I would NEVER make poke cake without the instant pudding added.",
    "Raye says:And what’s the recipe for a poke cake that calls for instant pudding?",
    "Mel says:Then don’t make it that way. It’s not the end of the world. There’s different ways of making things!"
  ]
}