{
  "URL": "https://therecipecritic.com/strawberry-cheesecake-cookies/",
  "Summary": "Meet your new favorite cookie recipe: soft and sweet strawberry cookies filled with a gooey cheesecake center. These golden-brown morsels of goodness will be devoured as soon as they’re out of the oven!",
  "Metadata": [
    "Prep Time:  40minutes",
    "Cook Time:  14minutes",
    "Total Time:  54minutes",
    "Servings:  24Cookies"
  ],
  "Ingredients": [
    "8 ounces cream cheese chilled",
    "½ cup powdered sugar",
    "¼ teaspoon vanilla",
    "1 cup unsalted butter room temperature",
    "¾ cup brown sugar packed",
    "1 cup granulated sugar",
    "2 large eggs",
    "2 teaspoons vanilla",
    "3 ½ cup flour",
    "½ teaspoon baking soda",
    "1 teaspoon baking powder",
    "1 teaspoon salt",
    "1 cup white chocolate chips",
    "1 cup freeze dried strawberries roughly crushed"
  ],
  "Instructions": [
    "Preheat the oven to 350° Fahrenheit and line two baking sheets with parchment paper. Set aside.",
    "In a medium bowl beat together the cream cheese, powdered sugar, and vanilla on medium speed until smooth. Be sure to scrape down the bowl to make sure it is all well combined. Scoop teaspoon sized dollops onto a parchment lined baking sheet and place in the freezer while you prepare the dough.",
    "In a large bowl, cream together the butter, brown sugar, and granulated sugar for 3-4 minutes, until light and fluffy.  Add the eggs and vanilla and beat until combined",
    "Add the flour, baking soda, baking powder and salt just until combined. Stir in the white chocolate chips and freeze dried strawberries by hand.",
    "Using a larger cookie scoop, about 3 tablespoons, scoop the cookie dough onto the baking sheets and flatten out.",
    "Add one dollop of the chilled cheesecake filling in the center of the flattened cookie dough and form the cookie dough up around the filling. Make sure to pinch the edges so the dough seals the filling inside. I found that a few cookies needed a pinch or two of additional cookie dough to fully seal the filling inside.",
    "Place the stuffed cookie balls on the baking sheet leaving 2 inches between them. Bake for 12-14 minutes, until the edges of the cookies are just barely starting to brown and the center still look underbaked. The cookies will still be light in color, they won’t brown very much. Remove from the oven and let cool for 2-3 minutes on the baking sheet before transferring them to a cooling rack."
  ],
  "Nutrition": [
    "Calories: 320kcal",
    "Carbohydrates: 45g",
    "Protein: 3g",
    "Fat: 14g",
    "Saturated Fat: 8g",
    "Polyunsaturated Fat: 1g",
    "Monounsaturated Fat: 4g",
    "Trans Fat: 0.3g",
    "Cholesterol: 45mg",
    "Sodium: 142mg",
    "Potassium: 219mg",
    "Fiber: 2g",
    "Sugar: 29g",
    "Vitamin A: 385IU",
    "Vitamin C: 121mg",
    "Calcium: 46mg",
    "Iron: 3mg",
    ""
  ],
  "Comments": [
    "LaSonia says:These cookies are DELICIOUS!! Thanks to the freeze dried strawberries, the dough isn’t sticky and very easy to handle, and I love that it doesn’t have to be chilled. I’ve taken these to work twice, and folks can’t get enough of them! Thank you so much for sharing!!",
    "Erica says:My cookies were so big it took 22 minutes to cook them LOL. Will let you know how they turn out!",
    "Debbie Rittenhouse says:In your directions where it states to combining ingredients it has both baking powder and baking soda listed but in the above list of ingredients baking soda is not listed so my question is should baking soda also be in this recipe",
    "Alyssa Rivers says:Yes! 1/2 teaspoon baking soda.",
    "Eunice MacKenzie says:This looks delicious! I do not see the amount for baking soda. Please let me know so I can make it!",
    "Alyssa Rivers says:1/2 teaspoon of baking soda!",
    "Sabrina says:what a wonderful cookie, thank you, love the cheesecake fulling!"
  ]
}