{
  "URL": "https://therecipecritic.com/strawberry-cream-cheese/",
  "Summary": "This strawberry cream cheese is rich, creamy, and full of delicious flavor! It's simple to make and will have all of your breakfast bagels tasting SOO GOOD!",
  "Metadata": [
    "Prep Time:  10minutes",
    "Total Time:  10minutes",
    "Servings:  6Servings"
  ],
  "Ingredients": [
    "8 ounces cream cheese 1 package",
    "2 Tablespoons Sugar",
    "1 cup strawberries"
  ],
  "Instructions": [
    "Let cream cheese soften. Mash the strawberries and mix together with the cream cheese and add the sugar. I used my kitchen aid mixer and it worked great."
  ],
  "Nutrition": [
    "Calories: 152kcal",
    "Carbohydrates: 7g",
    "Protein: 2g",
    "Fat: 13g",
    "Saturated Fat: 7g",
    "Cholesterol: 42mg",
    "Sodium: 122mg",
    "Potassium: 89mg",
    "Fiber: 1g",
    "Sugar: 6g",
    "Vitamin A: 508IU",
    "Vitamin C: 14mg",
    "Calcium: 41mg",
    "Iron: 1mg"
  ],
  "Comments": [
    "DebC says:Your strawberry cream cheese recipe is fabulous young lady!! So easy to make used the lite cream cheese and stevia instead of the real stuff it turned out amazing ‼️",
    "bvwags says:I miss your fantastic cooking! All of the recipes sound amazing. I will have to stop being lasagna and try some of them! Thanks for sharing 😉"
  ]
}