{
  "URL": "https://therecipecritic.com/strawberry-cream-cheese-fruit-dip-2-ingredients/",
  "Summary": "The best fruit dip that requires little effort and is absolutely fantastic! And it is only 2 ingredients!",
  "Metadata": [
    "Prep Time:  5minutes",
    "Total Time:  5minutes",
    "Servings:  10Servings"
  ],
  "Ingredients": [
    "1 (8-ounce)  package strawberry cream cheese, softened",
    "1 (7-ounce)  jar marshmallow cream"
  ],
  "Instructions": [
    "Combine Ingredients: in a small mixing bowl, combine strawberry cream cheese and marshmallow cream. Make sure it is thoroughly mixed. I found a fork worked great.",
    "Serve immediately: This dip is great with anything, but I especially love it with fresh fruit.",
    "In a small mixing bowl, combine 1 (8-ounce)  package strawberry cream cheese, and 1 (7-ounce)  jar marshmallow cream.",
    "Mix together using an electric hand mixer. Mix until thoroughly combined!",
    "Serve with fresh fruit for dipping!"
  ],
  "Nutrition": [
    "Calories: 143kcal",
    "Carbohydrates: 19g",
    "Protein: 1g",
    "Fat: 8g",
    "Saturated Fat: 4g",
    "Cholesterol: 25mg",
    "Sodium: 73mg",
    "Potassium: 31mg",
    "Sugar: 14g",
    "Vitamin A: 304IU",
    "Calcium: 22mg",
    "Iron: 1mg"
  ],
  "Comments": [
    "Carrie says:Delicious and so easy!! Always a crowd favorite! How many servings do you think this feeds?",
    "Kris Marie says:Plan on making this today and adding a little maraschino Cherry juice to serve with our fruit salad! Great recipe and mmmm so delicious! Happy 4th of July!",
    "Chloe @ foodlikecake says:That looks so good!",
    "Stefania says:HI,  I would love to know how you do the strawberry cream cheese and the marshmallow cream.Sorry but if you buy in the supermarket here in Italy i cannot find. Thank for the help Stefania",
    "Brenda says:I make this all of the time. I just made it yesterday. You soften your cream cheese and when it is soft enough to mix with your mixer then you can mix it with the marshmallows cream until both are creamy together. You can also put just a little Nutmeg or Cinnamon in it."
  ]
}