{
  "URL": "https://therecipecritic.com/street-tacos/",
  "Summary": "Street Tacos are delicious, amazing, and oh so mouthwatering. I cannot stop thinking about these! They are SOO delicious. You will want to gobble these all up at once! ",
  "Metadata": [
    "Prep Time:  10minutes",
    "Cook Time:  10minutes",
    "Total Time:  20minutes",
    "Servings:  6tacos"
  ],
  "Ingredients": [
    "1 pound flank steak or skirt steak",
    "1/2 cup soy sauce",
    "1 Tablespoon Worcestershire sauce",
    "juice from one lime",
    "3 cloves garlic minced",
    "2 Tablespoons cilantro chopped",
    "1 teaspoon chili powder",
    "1/2 teaspoon cumin",
    "salt and pepper to taste",
    "6-8 small flour or corn tortillas",
    "chopped tomatoes",
    "chopped red onion",
    "avocado diced",
    "cilantro chopped",
    "cotija cheese"
  ],
  "Instructions": [
    "Cut the flank steak into one-inch pieces.  In a medium-sized bowl add the soy sauce, Worcestershire, juice from one lime, garlic, cilantro, chili powder, cumin, and salt and pepper.",
    "Add the steak and let marinate in the fridge for 1-2 hours.",
    "Heat a medium sized skillet to medium high heat.  Add the steak and marinade and cook for about 5-7 minutes or until no longer pink.",
    "Put the steak in the center of your tortilla with desired toppings."
  ],
  "Nutrition": [
    "Calories: 121kcal",
    "Carbohydrates: 2g",
    "Protein: 18g",
    "Fat: 4g",
    "Saturated Fat: 2g",
    "Polyunsaturated Fat: 1g",
    "Monounsaturated Fat: 2g",
    "Cholesterol: 45mg",
    "Sodium: 1154mg",
    "Potassium: 338mg",
    "Fiber: 1g",
    "Sugar: 1g",
    "Vitamin A: 112IU",
    "Vitamin C: 1mg",
    "Calcium: 28mg",
    "Iron: 2mg"
  ],
  "Comments": [
    "Anthony says:Way. Way. Too salty. Gross.",
    "Alyssa Rivers says:I’m sorry this ended up being too salty for you. You can always use a low sodium soy sauce, and omit any of the “salt and pepper to taste.”",
    "Susan Broz says:My husband printed out a random recipe for street tacos and suggested we make it. I made it and it was delicicious!. Only after preparing the recipe and devouring it, did I notice it was from the Recipe Critic whom I already follow!I followed the recipe with the exception using low sodium soy sauce and  not adding salt to the marinade. The recipe went together quickly.  We used skirt steak.  Very good and will make again.",
    "Alyssa Rivers says:That’s so funny!  I love that his random search lead to my site! Glad you liked them!",
    "Aw says:Steak seems tough",
    "CM says:This recipe is incomplete. There is not a complete list of measurements, it just says to throw some ingredients in a bowl. You also mention minced garlic, but not what you intend to do with it. This recipe could be edited to make it make sense",
    "Alyssa Rivers says:The complete list of ingredients as well as measurements are in the recipe card at the end of the post. Minced garlic is added in step one to the marinade for the steak. Hope this helps!!",
    "CM says:Thanks, these recipe websites have so many ads and a mile long scroll I get exhausted halfway through. I winged it and it was very good",
    "Treasa Hackney says:This is a delicious meal however to salty.  I will make this again however using a low sodium soy sauce would be better!  Thumbs up tho!!!",
    "Jamie Del Balso says:This was absolutely delicious!! My family loved it and some are not taco fans! I did make two changes, I added 1/4 cup avocado oil to the marinade and kept the meat in two chunks so that it would be easier to marinate and grill. After it was grilled to perfection I sliced it and then chopped it into smaller pieces.",
    "Cat says:Quick and tasty! However, there is no difference between street tacos and authentic Mexican tacos served in a good restaurant save for location. The former is just “fast food” and has its roots in rural/homestyle (a la casera) cuisine.The frothy affairs served by American Mexican food restaurants and fast food outlets are their own invention.  Authentic Mexican tacos are typically meat fillings prepared in different ways (asada, lengua, al pastor, carnitas, etc etc), on soft tortillas (always small, usually corn), served with diced onion and cilantro garnish, a squeeze of lime juice and maybe your choice of salsa. Honestly, lettuce, tomato, and even cheese, would ruin it for me. But that is the beauty of food. We get to experiment 🙂 Thanks for the recipe!",
    "Nanny Machado says:Absolutely delicious! We topped the tacos with made Mexican Street corn, definitely adding this to the rotation. Thanks for sharing ?",
    "Cara says:This turned out amazing!",
    "Linda says:I add this tonight for our Friday Night Home Date Night because it looked easy and tasty.  It was both!  I made one small change, when sautéed the meat I added onion and poured some of the marinade into the skillet.  I I think the liquid helped keep the meat moist!",
    "stevo says:i came here only to find out how to prepare the tortillas…?",
    "Alyssa Rivers says:Here is my tortillas recipe: Homemade Tortillas"
  ]
}