{
  "URL": "https://therecipecritic.com/street-corn-dip/",
  "Summary": "Dive into the irresistible taste of Mexican street corn with this easy-to-make dip. Charred corn, green chilies, spices, and creamy mayo blend perfectly for a delicious appetizer for any occasion! ",
  "Metadata": [
    "Prep Time:  10minutes",
    "Cook Time:  5minutes",
    "Chill:  1hour",
    "Total Time:    1hour15minutes",
    "Servings:  6people"
  ],
  "Ingredients": [
    "4 ears corn charred",
    "4 ounces diced green chilies, drained",
    "1/2 cup mayonnaise",
    "1/2  cup cotija cheese, crumbled",
    "1/3 cup cilantro, chopped",
    "2 tablespoons red onion, finely diced",
    "1 jalapeño, deseeded & finely chopped, optional",
    "1 lime, juiced",
    "1/4 teaspoon garlic powder",
    "1 teaspoon chili powder",
    "1/2 teaspoon Kosher salt",
    "1/4 teaspoon cracked black pepper"
  ],
  "Instructions": [
    "Preheat your outdoor grill to medium-high heat.",
    "Shuck 4 ears corn and place them directly on the grill. Cook and char the corn, continuing to rotate it on all sides using tongs. Remove the corn from the grill and allow it to cool.",
    "Once cooled, cut the corn kernels from the cob using a sharp knife, then place the kernels in a large bowl.",
    "Add 1/2 cup mayonnaise, 4 ounces diced green chilies, 1/2  cup cotija cheese,1/3 cup cilantro, 1 jalapeño,2 tablespoons red onion, 1 lime, 1/4 teaspoon garlic powder, 1 teaspoon chili powder, 1/2 teaspoon Kosher salt, and 1/4 teaspoon cracked black pepper to the bowl of corn.",
    "Stir to combine and refrigerate in an airtight container for at least 1 hour before serving. This dip can be prepared one day in advance!",
    "Enjoy with your favorite tortilla chips!"
  ],
  "Nutrition": [
    "Serving: 0.5cup",
    "Calories: 171kcal",
    "Carbohydrates: 3g",
    "Protein: 2g",
    "Fat: 17g",
    "Saturated Fat: 4g",
    "Polyunsaturated Fat: 8g",
    "Monounsaturated Fat: 4g",
    "Trans Fat: 0.03g",
    "Cholesterol: 19mg",
    "Sodium: 463mg",
    "Potassium: 84mg",
    "Fiber: 1g",
    "Sugar: 1g",
    "Vitamin A: 279IU",
    "Vitamin C: 8mg",
    "Calcium: 76mg",
    "Iron: 0.5mg"
  ],
  "Comments": [
    "Julie says:You’re so right about corn on the cob not always being available, especially in fall in the Midwest! If using canned or frozen corn, how many cups would you recommend?  I’m planning to make this for an upcoming neighborhood Halloween event. Thanks for any guidance!"
  ]
}