{
  "URL": "https://therecipecritic.com/stromboli/",
  "Summary": "This meal is a triple threat. It's easy enough to be a side dish. But so good it will be the star of the table. ",
  "Metadata": [
    "Prep Time:  10minutes",
    "Cook Time:  15minutes",
    "Total Time:  25minutes",
    "Servings: 5"
  ],
  "Ingredients": [
    "1 (12.4 ounce) tube thin refrigerated pizza crust",
    "3 tablespoons dijon mustard",
    "6 ounces sliced ham",
    "6 ounces sliced Swiss cheese",
    "6 sliced green onions",
    "6 pieces cooked and crumbled bacon",
    "1 beaten large egg",
    "¼ cup grated parmesan cheese"
  ],
  "Instructions": [
    "Preheat oven to 400 degrees Fahrenheit. Roll out 1 (12.4 ounce) tube thin refrigerated pizza crust on a parchment paper lined baking sheet. Spread 3 tablespoons dijon mustard evenly on top.",
    "Add an even layer of 6 ounces sliced ham, 6 ounces sliced Swiss cheese and top with 6 sliced green onions and 6 pieces cooked and crumbled bacon. Roll the dough up and place seam side down on baking sheet.",
    "Brush with 1 beaten large egg and sprinkle the top with ¼ cup grated parmesan cheese. Bake for 12-15 minutes or until golden brown on top."
  ],
  "Nutrition": [
    "Calories: 155kcal",
    "Carbohydrates: 2g",
    "Protein: 7g",
    "Fat: 13g",
    "Saturated Fat: 5g",
    "Cholesterol: 55mg",
    "Sodium: 368mg",
    "Potassium: 117mg",
    "Fiber: 1g",
    "Sugar: 1g",
    "Vitamin A: 235IU",
    "Vitamin C: 2.7mg",
    "Calcium: 76mg",
    "Iron: 0.6mg"
  ],
  "Comments": [
    "Connie says:What sauce would you use to dip the ham and Swiss Stromboli in?",
    "Alyssa Rivers says:My family loves honey mustard for dipping!",
    "Sharon wood says:The ham and Swiss cheese Stromboli tasted great. Is there a dip to have with it?",
    "Julio Ibarra says:The dough in the middle doesn’t cook all the way. Is there some trick to it?",
    "Alyssa Rivers says:You will want to make sure that your dough is the same thickness. Then when baking making sure that it is baked for the full amount and even more if needed. You can cover the top so it does not burn or over cook. Hope that helps! XOXO",
    "Kimberly says:Great recipe! I grew up in a home that didn’t do much cooking. I just got married and he’s been doing all the cooking and I felt bad so I started searching online for some recipes to make. This was the first one I tried and it turned out great!! I have a whole week of Recipe Critic meals planned out, here’s hoping it goes well! I like that your recipes don’t use millions of ingredients and are easy to understand. Thanks!",
    "Jessica says:So the dough that’s in the middle still has enough time to cook?",
    "Alyssa Rivers says:Yes, it is one of my favorite sandwiches! Thanks so much for choosing one of my recipes. XOXO",
    "sabrina says:wow, really just made very hungry after reading this recipe, love all of this and nice walk-through for the “roll-up” stage too, thank you",
    "Michelle Swanson says:Fabulous recipe for Halloween Party – everyone loved this!!!   Keep inspiring me to cook – your recipes are fantastic!   You hit it out of the park again!",
    "Alyssa Rivers says:That is great to hear! Happy Halloween! XOXO",
    "cathie says:Delicious with a cup of tomato soup.",
    "Karl says:What a great idea rolling it all up. Scrummy"
  ]
}