{
  "URL": "https://therecipecritic.com/stuffing-balls/",
  "Summary": "Sausage stuffing balls are the perfect appetizer or side dish for any holiday meal! These are full of such delicious flavors, you won't be able to stop at just one! ",
  "Metadata": [
    "Prep Time:  10minutes",
    "Cook Time:  40minutes",
    "Total Time:  50minutes",
    "Servings:  4people"
  ],
  "Ingredients": [
    "1 pound sausage",
    "1 tablespoon olive oil",
    "1/4 cup onion finely chopped",
    "1/4 cup celery finely chopped",
    "1/4 cup carrots finely chopped",
    "2 garlic cloves finely minced",
    "salt and pepper to taste",
    "1 tablespoon fresh parsley chopped",
    "1 teaspoon dried thyme",
    "5 cups of bread cut into small cubes (I used white bread)",
    "2 large eggs",
    "1/2 cup chicken broth"
  ],
  "Instructions": [
    "Preheat the oven to 350 degrees.",
    "In a medium-sized saucepan over medium-high heat, cook and crumble the sausage for 5-7 minutes or until brown and cooked through. Remove the sausage from the pan and set it aside.",
    "Pour the olive oil into the pan and add the onion. Cook for 3 minutes and then add the celery, carrots, garlic, and salt, and pepper. Cook for another 3 minutes or until the veggies are tender. Remove from the pan and set aside.",
    "In a medium-sized bowl combine the sausage, veggies, parsley, and thyme. Add the bread to the bowl and mix everything together.",
    "In a small bowl whisk together the eggs and chicken broth. Pour the egg mixture into the bowl with bread and sausage and stir it all together.",
    "Using a 2-inch scoop, scoop the mixture and then roll it into a ball. Place each ball on a baking sheet with parchment paper.",
    "Bake them in the oven for 25-30 minutes or until golden brown and cooked through."
  ],
  "Nutrition": [
    "Calories: 424kcal",
    "Carbohydrates: 3g",
    "Protein: 21g",
    "Fat: 36g",
    "Saturated Fat: 11g",
    "Polyunsaturated Fat: 5g",
    "Monounsaturated Fat: 17g",
    "Trans Fat: 1g",
    "Cholesterol: 175mg",
    "Sodium: 876mg",
    "Potassium: 409mg",
    "Fiber: 1g",
    "Sugar: 1g",
    "Vitamin A: 1680IU",
    "Vitamin C: 6mg",
    "Calcium: 42mg",
    "Iron: 2mg",
    ""
  ],
  "Comments": [
    "Andrea says:How many stuffing balls do you get per batch? Looking to make for 12-15 people",
    "Pamela Libby says:Could these be frozen after cooked and cooled ?  Emergency add on to a late planned meal ? Freezer expiration ?",
    "Lorraine Smith says:Hi Pamela did you ever get a about freezing the balls then cooking them on the day needed.  I like making as much before Christmas so on the day I am not spending all day in the kitchen Would love to know if you tried it or if anyone got back to you",
    "YE says:How many slices of bread would equal 5 cups?And could you just use stuffing mix?",
    "Alyssa Rivers says:10 -12 slices of bread! And you don’t want to use stuffing mix because you need the bread to be soft to form into balls",
    "Kaycee says:What kind of sausage? Sweet Italian sausage? Does the bread need to be dried out in advance or off-the-shelf in the store bread will work?",
    "Alyssa Rivers says:I used ground sausage but if you would like a bit more flavor then you can do one that is flavored like Italian sausage. I didn’t dry the bread out in advance for this recipe.",
    "beverly strom says:Your foods are refreshing and super delightful !!!!!",
    "SLBOFTEXAS says:These were easy to make and delicious with our Thanksgiving brunch. Needed to add a bit more breadcrumbs to hold their shape, I used Italian flavored breadcrumbs.  Everyone loved them!"
  ]
}