{
  "URL": "https://therecipecritic.com/stuffed-tuscan-garlic-chicken/",
  "Summary": "Stuffed Tuscan Garlic Chicken are tender and juicy chicken stuffed with mozzarella cheese, sun-dried tomatoes, and spinach that gets baked in a creamy garlic sauce.  This meal will blow the family away!",
  "Metadata": [
    "Prep Time:  15minutes",
    "Cook Time:  20minutes",
    "Total Time:  35minutes",
    "Servings:  4servings"
  ],
  "Ingredients": [
    "4 chicken breasts",
    "4 slices mozzarella cheese",
    "½ cup sliced sun-dried tomatoes in oil",
    "2 cups spinach",
    "2 tablespoons olive oil, divided",
    "1 tablespoon Italian seasoning",
    "½ cup heavy cream",
    "¼ cup chicken broth",
    "½ teaspoon garlic powder",
    "1 teaspoon Italian seasoning",
    "¼ cup parmesan cheese"
  ],
  "Instructions": [
    "Preheat the oven to 375 degrees Fahrenheit. Prepare the 4 chicken breasts by cutting slits into the sides. Stuff the chicken by placing the 4 slices mozzarella cheese on the bottom, followed by ½ cup sliced sun-dried tomatoes in oil, and 2 cups spinach. Seal the opening with toothpicks by placing them diagonally.",
    "coat the chicken with half of the 2 tablespoons olive oil, and the 1 tablespoon Italian seasoning. Add the remaining olive oil to a large skillet and cook each side of the chicken for 2-3 minutes, until golden brown.",
    "To make the creamy garlic sauce, in a small bowl whisk the ½ cup heavy cream, ¼ cup chicken broth, ½ teaspoon garlic powder, 1 teaspoon Italian seasoning, and ¼ cup parmesan cheese. Pour the sauce into the bottom of the skillet surrounding the chicken.",
    "Place the skillet in the oven and bake for 20 minutes or until the cheese is bubbly and the chicken is cooked until no longer pink."
  ],
  "Nutrition": [
    "Calories: 576kcal",
    "Carbohydrates: 11g",
    "Protein: 60g",
    "Fat: 32g",
    "Saturated Fat: 14g",
    "Polyunsaturated Fat: 3g",
    "Monounsaturated Fat: 12g",
    "Trans Fat: 0.03g",
    "Cholesterol: 205mg",
    "Sodium: 630mg",
    "Potassium: 1476mg",
    "Fiber: 3g",
    "Sugar: 7g",
    "Vitamin A: 2302IU",
    "Vitamin C: 13mg",
    "Calcium: 307mg",
    "Iron: 3mg",
    ""
  ],
  "Comments": [
    "Mona says:Can you make this dish ahead and then bake just before serving?",
    "Alyssa Rivers says:Hi Mona, that is a great idea! Just cook it within 24 hours of prepping. Let me know how it turns out.",
    "Alexandria says:Great dish!   Do you have nutritional info without creamy garlic sauce please? Thank you",
    "Kait says:This sounds so good! I’m thinking of serving it with mashed potatoes… should I double the sauce so I have “gravy” for the potatoes? Thanks!",
    "Alyssa Rivers says:I haven’t tried that before but that sounds delicious! Let me know how it turns out!",
    "Kenny says:sandwich sliced mozzarella or the pre sliced mozzarella ball/log slices?",
    "Alyssa Rivers says:Deli mozzarella slices (not in the log).",
    "Tom says:Looks great, will try this week. How long do you sear/brown the chicken breast? Also could I use Half & Half instead of cream? Thanks",
    "Alyssa Rivers says:Just brown the chicken for a couple of minutes until the outside is golden brown. Yes, you can use half and half instead!",
    "Carol Whitlock says:Having made this recipe, would you say that adding paper-thin prosciutto (as a lining for the spinach mix inside the breast or wrapped around the stuffed breast) would be a bridge too far? Also, will I have enough sauce for a pasta side? If not, can you recommend an alternative?",
    "Alyssa Rivers says:I haven’t tried the prosciutto idea! Let me know if you try it. There is very little sauce left for pasta. I would recommend either doubling the sauce ingredients or Alfredo Sauce: https://therecipecritic.com/the-best-homemade-alfredo-sauce-ever/.",
    "Lacey says:This is the best recipe ever we have it at least once a week sometimes twice. It’s mine and my husbands favorite"
  ]
}