{
  "URL": "https://therecipecritic.com/stuffed-pork-chops/",
  "Summary": "Juicy, flavor-packed pork chops stuffed with mozzarella and pesto. A simple, weeknight-friendly dinner that tastes gourmet!",
  "Metadata": [
    "Prep Time:  10minutes",
    "Cook Time:  25minutes",
    "Total Time:  35minutes",
    "Servings: 4"
  ],
  "Ingredients": [
    "4 boneless pork chops 1 inch thick",
    "⅓ cup pesto sauce",
    "⅔ cup Italian Bread Crumbs",
    "¾ cup shredded mozzarella cheese",
    "1 teaspoon Italian Seasoning",
    "salt and pepper to taste",
    "1 tablespoon olive oil"
  ],
  "Instructions": [
    "Preheat the oven to 325° Fahrenheit.",
    "Prepare the 4 boneless pork chops by patting them dry with a paper towel. Slice a 3-inch pocket into each pork chop. Don't cut them all the way through.",
    "In a medium bowl, combine the ⅓ cup pesto sauce, ⅔ cup Italian Bread Crumbs, and ¾ cup shredded mozzarella cheese. Stir until well mixed.",
    "Stuff the pork chops by spooning about ¼-⅓ cup of the stuffing mixture into the pocket of each pork chop.",
    "Season both sides of the pork chops with 1 teaspoon Italian Seasoning and salt and pepper to taste.",
    "Heat the 1 tablespoon olive oil in an oven-safe skillet over medium-high heat, place the stuffed pork chops in the skillet, and sear them for 3-4 minutes on each side.",
    "Transfer the skillet to the oven and bake for 10 minutes, or until it temps out to 140 degrees Fahrenheit.",
    "Remove the skillet from the oven and let the pork chops rest for 5 minutes, The final temperature should read 145 degrees Fahrenheit before serving.",
    "*Taking the pork chops out of the oven a little before they temp out and letting them rest will ensure the pork chops don't get over-cooked."
  ],
  "Nutrition": [
    "Calories: 460kcal",
    "Carbohydrates: 16g",
    "Protein: 37g",
    "Fat: 26g",
    "Saturated Fat: 8g",
    "Polyunsaturated Fat: 2g",
    "Monounsaturated Fat: 8g",
    "Trans Fat: 0.1g",
    "Cholesterol: 108mg",
    "Sodium: 657mg",
    "Potassium: 568mg",
    "Fiber: 2g",
    "Sugar: 2g",
    "Vitamin A: 611IU",
    "Vitamin C: 1mg",
    "Calcium: 193mg",
    "Iron: 2mg",
    ""
  ],
  "Comments": [
    "Arlene Belge says:It was sooo good. My only thought is that I would use less Italian crumbs.",
    "Jackie says:Hi,We have allergies to nuts, any suggestions to substitute the pesto?",
    "Alyssa Rivers says:Hi Jackie, cute name! You can make a nut free pesto by blending 1 clove garlic, 1 cup fresh basil, 1/4 cup finely grated Parmesan cheese, 1/3 cup olive oil, and salt and pepper to taste! If you don’t want to make your own, you can experiment with other sauces you prefer, try an Alfredo or classic marinara! Let me know how it turns out!",
    "James says:Loved the stuffed pork chop.I added garlic and herb cream cheese with diced spinach and mushrooms turned out most excellent ,was a hit.",
    "Brad says:Unless you using really chops they do not cook in the time frame suggested",
    "Jenn Celerian says:WOW! This was such a hit for dinner last night that they all wanted more and that rarely ever happens in our family lol!The simplicity and ease making this was so good, time matters when you have to rush home from work and get a meal cooked in a half hour.The cook instructions for this recipe was 100% on the money!! The pork chops were so juicy and not a minute over done which is always tricky with a lean center cut chop.Thank you so much Alyssa!!I’m off to poke around your site for another dinner idea =)",
    "Betty Borg says:Simple and excellent",
    "Woolval says:This recipe was excellent! I had two 2-bone thick pork chops I purposely bought to stuff. Started looking for a recipe and the simplicity of this one reeled me in. I am so glad I got hooked! Even as I was mixing the stuffing it was deliciously fragrant. Short story is I seared them as instructed but then finished them in my air fryer. I checked the internal temp a few times with an instant read thermometer so as to not overcook. My wife loved her chop and I loved mine! (My dog loved every piece we gave her, which wasn’t much)I will definitely make these again. And I’ll look at more of your recipes. I can only imagine they’ll be good. LOL, seems like you know what you’re doing. Thank you for this recipe.",
    "Jan Levine says:Can you stuff these pork chops and freeze them thus to sear and cook them the next day?",
    "Alyssa Rivers says:I would store them in the fridge for 24 hours instead of freezing them.",
    "Irene says:Can you use boneless skinless chicken breast also?",
    "Ian R says:This this is gourmet delicious and easy to do. Thank you. We really enjoyed it even if we ate a lot. I served it with pasta with sautéed mushrooms and sun dried tomatoes.",
    "Sabrina says:really nice dish, stuffed pork chops! and thank you for the other dinner suggestions, can’t think at the end of the day, so much appreciated!"
  ]
}