{
  "URL": "https://therecipecritic.com/stuffed-cabbage-soup/",
  "Summary": "Stuffed Cabbage Soup made with ground beef, rice, cabbage and fresh tomato sauce on your stovetop in just thirty minutes.",
  "Metadata": [
    "Prep Time:  5minutes",
    "Cook Time:  25minutes",
    "Total Time:  30minutes",
    "Servings:  8People"
  ],
  "Ingredients": [
    "1 pound ground beef",
    "1/2 teaspoon Kosher salt",
    "1/4 teaspoon coarse ground black pepper",
    "1 yellow onion chopped",
    "4 tablespoons butter divided",
    "1/2 head cabbage cut into 8 wedges and sliced thickly",
    "1 can chopped tomatoes 8 ounces - not drained",
    "28 ounces crushed tomatoes",
    "3 cups beef broth",
    "1 tbsp Italian seasoning",
    "2 cups rice cooked"
  ],
  "Instructions": [
    "In a large pot over medium high heat add the ground beef and cook and crumble.  Drain and set aside on a plate.  Add two tablespoons butter and onion and sauté until tender.  Remove and set aside with ground beef.",
    "Add in 2 Tablepoons butter and cabbage and cook until the cabbage is tender and starts to wilt.  Add the ground beef and onion back to the pan.",
    "Add in the crushed tomatoes, beef stock and chopped tomatoes, and italian seasoning and let simmer for 15-20 minutes.",
    "Add in rice before serving and salt and pepper to taste."
  ],
  "Nutrition": [
    "Calories: 500kcal",
    "Carbohydrates: 66g",
    "Protein: 18g",
    "Fat: 18g",
    "Saturated Fat: 8g",
    "Cholesterol: 55mg",
    "Sodium: 777mg",
    "Potassium: 689mg",
    "Fiber: 4g",
    "Sugar: 6g",
    "Vitamin A: 448IU",
    "Vitamin C: 15mg",
    "Calcium: 90mg",
    "Iron: 4mg"
  ],
  "Comments": [
    "Annie Ramsey says:This is my absolute favorite soup of all time! I swap out chicken broth.",
    "J.J. Mann says:Alyssa, thank you for all of your Great and Tasty Recipe Blog Posts!!! This “Stuffed Cabbage Soup Recipe is Fantastic” especially for cooler weather nights, particularly on weekends. One thing that adds a nice spicy touch is adding in some Sliced Serrano or Jalapeno (if Serrano’s are unavailable) Peppers. Something I’ve found out over the years is many people don’t realize that peppers are also rich in Vitamin C which is an added cooler weather beneficial immune system booster. 3-4 Sliced Serrano’s or Jalapeno’s depending upon their size (raw flavor heat taste tested before adding if desired so as to not over or under power their spicy desired amount of heat) cooked into this Fantastic Recipe makes it Extra Awe-Inspiring Delicious!!!",
    "Georgia says:Thank you for this recipe. I used it as a base but made it more like a deconstructed sarma (croatian or serbian cabbage rolls). I rendered down spek before cooking the onions and cabbage instead of using any butter. I also add a smoked pork bone in for that extra depth of flavour, plus paprika. So yummy!",
    "Clara says:‘…like a deconstructed sarma’Wow, say no more, need to try out this recipe right away 😉",
    "Audrey says:Cooked for New Years. Family loved and requested recipe. I loved flavor and that is was quick and easy. Only change was a little Tony’s cajun seasoning added and i cut cabbage in thin strips.",
    "Nancy Puder says:Excellent and easy fix.. I had two bowls myself right when it was done. Delicious.. fyi I skipped the rice as to keep lower on carbs and didn’t miss it at all ? this one is a winner!",
    "Kim Boudreault says:Great recipe,   I made this, but didn’t have crushed tomato.  I substituted spaghetti sauce and skipped the Italian seasoning.  It was really good.  I’ve made it twice in 2 weeks ?",
    "Robin says:I added some nutmeg as I do when I make stuffed cabbage…it really brings out the flavor… and 3 tsps of better than bullion ( beef to 3 cups of water )"
  ]
}