{
  "URL": "https://therecipecritic.com/stuffed-pepper-soup/",
  "Summary": "Stuffed pepper soup is delicious, hearty, and full of flavor! Filled with so many different ingredients, it's insanely good and will definitely fill your belly! ",
  "Metadata": [
    "Prep Time:  15minutes",
    "Cook Time:  30minutes",
    "Total Time:  45minutes",
    "Servings:  6people"
  ],
  "Ingredients": [
    "1 Tablespoon olive oil",
    "1 small onion diced",
    "1 pound lean ground beef",
    "3 cloves garlic minced",
    "1 Tablespoon olive oil",
    "1 red bell pepper diced",
    "1 green bell pepper diced",
    "3 cups beef broth",
    "1 (15 ounce can) tomato sauce",
    "1 (15 ounce can) diced tomatoes",
    "1 Tablespoon Italian seasoning",
    "1/2 teaspoon salt",
    "1/4 teaspoon pepper",
    "2 cups rice cooked"
  ],
  "Instructions": [
    "In a large pot over medium-high heat add olive oil and onion. Saute for 2-3 minutes or until almost tender. Add in the ground beef and cook and crumble until to longer pink. Drain grease and set it aside on a plate.",
    "Add the olive oil and peppers. Sauté for 3-4 minutes or until almost tender.",
    "Add the meat back into the peppers. Add in the beef broth, tomato sauce, diced tomatoes, Italian seasoning, salt, and pepper.",
    "Add in the rice and stir. Let simmer for about 3-4 minutes until heated throughout."
  ],
  "Nutrition": [
    "Calories: 398kcal",
    "Carbohydrates: 54g",
    "Protein: 23g",
    "Fat: 9g",
    "Saturated Fat: 3g",
    "Polyunsaturated Fat: 1g",
    "Monounsaturated Fat: 5g",
    "Trans Fat: 1g",
    "Cholesterol: 47mg",
    "Sodium: 696mg",
    "Potassium: 509mg",
    "Fiber: 2g",
    "Sugar: 2g",
    "Vitamin A: 710IU",
    "Vitamin C: 43mg",
    "Calcium: 54mg",
    "Iron: 3mg",
    ""
  ],
  "Comments": [
    "Randy says:This is my go to soup recipe. It doesn’t get any better!",
    "Vickie Sears says:I accidently took deer meat out of the freezer instead of hamburger meat and it turned out fine. I put the peppers in my food processor along with a hot one. I’m not sure I will add so much rice.",
    "Lisa Moffitt says:Could you substitute riced cauliflower for the rice? I’ll try it and let everyone know.",
    "Alyssa Rivers says:Yes! For sure. Let me know how you like it!",
    "L says:What kind of rice?",
    "Suzanne says:This was delicious!!!! Definitely going on the favorites list!!",
    "Nancy says:Sounds good. I think I’ll try it with ground Turkey.  Might want to add the garlic too that is listed in the ingredients! Perhaps after the onion is in!!",
    "Maureen says:So easy. So good. Even better the next day. Perfect recipe, will definitely add to my collection of favorites."
  ]
}