{
  "URL": "https://therecipecritic.com/stuffed-cabbage-rolls/",
  "Summary": "These stuffed cabbage rolls are SOO GOOD! These are packed with lean ground beef, onion, garlic, dill, and just a hint of nutmeg. The cabbage rolls are slow-cooked in marinara sauce until they're melt-in-your-mouth delicious!",
  "Metadata": [
    "Prep Time:  20minutes",
    "Cook Time:    1hour15minutes",
    " 0minutes",
    "Total Time:    1hour35minutes",
    "Servings:  12rolls"
  ],
  "Ingredients": [
    "1 head cabbage",
    "1 pound ground beef (lean beef is best)",
    "3 cloves garlic, minced",
    "1/4 cup onion, minced",
    "1 24 ounce favorite jarred marinara sauce or homemade marinara sauce",
    "2 teaspoons dried Italian seasoning",
    "1 large egg whisked",
    "1 teaspoon salt",
    "1/2 teaspoon dill",
    "1/2 teaspoon nutmeg",
    "1 cup cooked brown rice"
  ],
  "Instructions": [
    "Preheat oven to 350 degrees.",
    "Bring a large pot of water to a rolling boil. Season with salt. Use a pairing knife to cut around the core. Gently pull off six leaves of cabbage, trying not to break them. If they tear a little bit that's okay. You can also submerge the whole head of cabbage in the boiling water for a few minutes to loosen up the leaves a bit before pulling them off. Boil cabbage leaves, three at a time until very soft and pliable, about 3-4 minutes.",
    "Add the ground beef, onion, garlic, 1/2 cup marinara, Italian seasoning, egg, salt, dill, nutmeg, and brown rice to a medium bowl. Use hands or a fork to mix the ingredients just until combined.",
    "Spoon half of the sauce in the bottom of a 9×12 baking dish. Use the paring knife to cut the hard vein out of the cabbage. Spoon about 1/2 cup of the filling in the middle of each cabbage leave. Tuck the edges in and roll up jelly-roll style. Place in the prepared pan seam-side down. Cover with remaining sauce.",
    "Cover with foil. Bake until cabbage is super soft and meat is cooked through for about 1 hour."
  ],
  "Nutrition": [
    "Serving: 1cabbage roll",
    "Calories: 221kcal",
    "Carbohydrates: 23g",
    "Protein: 22g",
    "Fat: 5g",
    "Saturated Fat: 2g",
    "Cholesterol: 82mg",
    "Sodium: 1073mg",
    "Potassium: 933mg",
    "Fiber: 6g",
    "Sugar: 10g",
    "Vitamin A: 700IU",
    "Vitamin C: 64mg",
    "Calcium: 95mg",
    "Iron: 4mg",
    ""
  ],
  "Comments": [
    "Lin says:how do I make 12 rolls with 6 cabbage leaves?Which is it?",
    "Alyssa Rivers says:Hi Lin, I am so sorry for the confusion. It should say 12 leaves! I will get that fixed, thank you for pointing that out to me!",
    "Don says:I can’t eat rice. Have you ever substituted something in place of the rice?",
    "Alyssa Rivers says:You can try using couscous, farro or cauliflower rice instead!",
    "Peter Miks says:I notice this recipe says it makes 12 rolls, but says use 6 leaves. I assume that was a typo. regardless, excellent recipe as usual.",
    "Rita99 says:For a more traditional flavor, combine  1/4 cup apple cider vinegar and 2 tablespoons brown sugar and mix into the marinara sauce before pouring over the stuffed cabbage. If you want to use your stovetop, put a layer of shredded cabbage on the bottom of a Dutch oven before adding the cabbage rolls.",
    "Laci says:Hello,stuffed  cabbage rolls isHungarian. Really delicious",
    "Carol Thomopson says:This recipe is almost as good as the ones my Hungarian grandmother made, although she swore they were Hungarian in origin!  These, though, are simpler to make and very tasty.  I recommend."
  ]
}