{
  "URL": "https://therecipecritic.com/stuffed-cream-cheese-chicken/",
  "Summary": "This stuffed cream cheese chicken is so delicious and easy to make! ",
  "Metadata": [
    "Prep Time:  15minutes",
    "Cook Time:  30minutes",
    "Total Time:  45minutes",
    "Servings:  8Servings"
  ],
  "Ingredients": [
    "4 boneless skinless chicken breasts, about 2 pounds",
    "1 (8-ounce) package cream cheese, room temperature",
    "¼ cup chopped green onions",
    "8 slices bacon, partially cooked"
  ],
  "Instructions": [
    "Preheat oven to 375 degrees Fahrenheit and line a baking sheet with foil.",
    "Partially cook your strips of bacon, about 3 minutes on each side, and set aside.",
    "Cut the breasts in half and flatten the chicken by pounding them out to be about ¼-inch thick.",
    "Mix the cream cheese and green onion together and spread 2 tablespoons of the cream cheese mixture onto each of the flattened chicken breasts.",
    "Roll up the chicken pieces wrap them with a strip of bacon, and secure with a toothpick.",
    "Place the chicken on the prepared baking sheet and bake for 30 minutes. Broil the top for the last 5 minutes to crisp the bacon."
  ],
  "Nutrition": [
    "Calories: 158kcal",
    "Carbohydrates: 1g",
    "Protein: 15g",
    "Fat: 10g",
    "Saturated Fat: 3g",
    "Polyunsaturated Fat: 2g",
    "Monounsaturated Fat: 4g",
    "Trans Fat: 0.04g",
    "Cholesterol: 51mg",
    "Sodium: 212mg",
    "Potassium: 261mg",
    "Fiber: 0.1g",
    "Sugar: 0.1g",
    "Vitamin A: 58IU",
    "Vitamin C: 1mg",
    "Calcium: 6mg",
    "Iron: 0.3mg",
    ""
  ],
  "Comments": [
    "Lynne says:Maybe mix fresh spinach and a little bit of garlic with the cream cheese.",
    "KatharineK says:Add tarragon salt and green onion to the cream cheese. And marinate the chicken in lemon juice before you wrap it up. Drizzle the drippings over the chicken and serve with Uncle Bens wild rice. This is a recipe I’ve been making for years",
    "KatharineK says:I’ve made this for years. Just saw this post and thought I’d add my 2 cents.Season the cream cheese with salt green onion and tarragon. Marinate the chicken in lemon juice for 20 min then wrap it all up like you do. Pour the leftover lemon juice on top of the bacon wrapped chicken then bake and serve over Uncle Ben’s wild rice use the drippings from the baked chicken to drizzle over the rice. So yummy. One of my families favorite!!",
    "Lisa says:Made this tonight. I added some ranch dressing powder and Lawry’s seasoned salt to the cream cheese with the onions. I broiled them on low until the chicken was almost cooked through, then on high until bacon crisped. I then transferred them to an iron skillet on the stove to crisp bacon on bottom. Next time, I will probably bake them at high heat in the skillet to brown the bottom first, then broil to crisp the top. Very tasty!  Thanks for the recipe.",
    "Julie says:Do you happen to have the nutritional info like number of carbs, calories etc?",
    "Kathy says:I’ve had these with the cream cheese mixed with a packet of ranch dip mix.   Very tasty.",
    "Leslie Powell says:I have a recipe like this.  In the cream cheese I would add a couple of chopped jalapeno peppers and some grated Colby jack cheese along with the chives.  The recipe I have you put the bacon chopped up into the cream cheese and then lightly bread the breast after you roll it up, but wrapping in it in bacon sounds delicious!",
    "Abby says:I have made this several times and I use the Chive and Onion flavored cream cheese! It taste great and works like a charm!"
  ]
}