{
  "URL": "https://therecipecritic.com/stuffed-poblano-peppers/",
  "Summary": "Stuffed Poblano Peppers are loaded with southwest seasoned ground beef, rice, veggies, and cheese for a satisfying dinner with just a little bit of a kick! Everybody raves about this twist on classic stuffed peppers!",
  "Metadata": [
    "Prep Time:  15minutes",
    "Cook Time:  45minutes",
    "Total Time:  1hour",
    "Servings:  4servings"
  ],
  "Ingredients": [
    "1 pound lean ground beef",
    "4-6 poblano peppers",
    "2 tablespoons olive oil divided",
    "1 ¼ cup diced onion about 1 medium onion",
    "1 teaspoon kosher salt",
    "1 teaspoon ground cumin",
    "1 teaspoon chili powder",
    "1 teaspoon garlic powder",
    "½ teaspoon chipotle chili powder",
    "½ teaspoon ground coriander",
    "½ teaspoon black pepper",
    "1 cup cooked white rice",
    "1 cup drained and rinsed black beans",
    "1 cup frozen corn",
    "1 (15-ounce) can fire-roasted tomatoes not drained",
    "1 ½ cups shredded Mexican cheese blend",
    "¼ cup chopped fresh cilantro"
  ],
  "Instructions": [
    "Preheat oven to 350 degrees Fahrenheit. Spray a baking sheet lightly with nonstick cooking spray and set aside.",
    "Slice 4-6 poblano peppers in half and remove the seeds and membrane. Rub with half of the 2 tablespoons olive oil. Arrange the peppers on the prepared baking sheet, then bake for 10-12 minutes until softened.",
    "While the peppers are baking, heat the remaining half of the olive oil in a large skillet and cook 1 ¼ cup diced onion until soft and translucent, about 5 minutes.",
    "Add 1 pound lean ground beef, 1 teaspoon kosher salt, 1 teaspoon ground cumin, 1 teaspoon chili powder, 1 teaspoon garlic powder, ½ teaspoon chipotle chili powder, ½ teaspoon ground coriander, and ½ teaspoon black pepper to the skillet and cook for 7-10 minutes, breaking up the meat as it cooks until it is browned and no pink remains.",
    "Add 1 cup cooked white rice, 1 cup drained and rinsed black beans, 1 cup frozen corn, 1 (15-ounce) can fire-roasted tomatoes, and half of the 1 ½ cups shredded Mexican cheese blend. Stir to combine, then divide the mixture evenly between the roasted poblano pepper halves. Sprinkle the tops with the remaining half of the cheese.",
    "Bake for 10 minutes until heated through and the cheese has melted on top. Top with ¼ cup chopped fresh cilantro and serve warm."
  ],
  "Nutrition": [
    "Serving: 4g",
    "Calories: 592kcal",
    "Carbohydrates: 48g",
    "Protein: 43g",
    "Fat: 26g",
    "Saturated Fat: 11g",
    "Polyunsaturated Fat: 2g",
    "Monounsaturated Fat: 11g",
    "Trans Fat: 0.4g",
    "Cholesterol: 110mg",
    "Sodium: 1098mg",
    "Potassium: 1041mg",
    "Fiber: 9g",
    "Sugar: 8g",
    "Vitamin A: 1445IU",
    "Vitamin C: 105mg",
    "Calcium: 371mg",
    "Iron: 6mg"
  ],
  "Comments": [
    "Sandra says:This recipe is a keeper!  Excellent flavors.  I used a 50/50 mix of ground beef and spicy bulk sausage, which we really like.  This is a great mixture to use in other ways besides stuffing poblanos.  My actual poblanos were very bitter.  I roasted them 10 minutes, so 12 is probably better.  I may broil and sweat them instead.",
    "Whimsicaltrix says:These were delicious. I doubled the recipe and did half pablano and half Anaheim. I also added a can of green chilies and served with sour cream. Everyone loved them!",
    "CB says:Love this recipe as written except I used Anaheim peppers from my garden. Also made extra and froze in packs of 4 w/out the cheese. You can bake from frozen by adding cheese and cover with foil. Bake longer until heated through. Fantastic!",
    "JUDY says:I love that you provided the complete nutritional values for this recipe.  It is essential to those who have health issues to monitor values when choosing a recipe to follow and so few cooking websites provide that.  Healthy individuals may not find it necessary to have that information to make an informed decision but I do.  Having said that, I find the sodium content in this recipe to be too high for me.  My physicians guideline is to keep daily intake lower than the RDA of 2,000 mg/day and not to “sodium bomb” by ingesting all my daily intake at one time, but to spread it out throughout the day.  So I am trying to see what I can alter.  Perhaps by eliminating salt and cut down the cheese in my portion.  Can you make any other helpful suggestions?  Thank you!",
    "Angie Broyles says:These were so tasty!  Instead of tomatoes I sauteed some red bell pepper- what I had on hand!",
    "A Tate says:Absolutely loved the stuffed Pablanos. Didn’t change anything, just tweaked it for our taste. This will be a regular menu item at our house.",
    "CB says:Are the tomatoes drained?",
    "Alyssa Rivers says:No, they aren’t.",
    "Teresa Reynolds says:Made this tonight with Anaheim peppers.  Delicious.  Omitted the corn and rice, but did include 2 tbs of pinto beans for my husband and me.  We’re cutting carbs.  It is a great spice mix.  Thank you.",
    "Peggy Etheridge says:When do we put in the fire roasted tomatoes? It was in the ingredients list but not in the directions. We went ahead and added it to the ground meat.",
    "Alyssa Rivers says:You can add it in either with the meat or with the rice!",
    "John says:Noted same omissions (garlic and tomatoes) as Gina and did the same.  Wouldn’t bother to comment but I have to reiterate the spice combination is fantastic.  Substituted one cup of quinoa (dry measure) cooked in chicken broth and added a few pinches of kosher salt to the hamburger mixture.  Haven’t had stuffed peppers in forever and never liked them, but we grew poblanos in the garden this year and they did surprisingly well, so needed a recipe.  Wasn’t sure how kids would react and they loved it.  This is going in my binder and will become a regular.",
    "Gina Hanley says:Just made these Stuffed Poblano Peppers and they are delicious!  Will make them again and again!  Two things I had to guess on:  The instructions state to saute’ the onion and garlic but no fresh garlic is listed in the list of ingredients.  I used 1 clove of garlic with the onions and kept the garlic powder as well.  The second thing is a can of fire-roasted tomatoes is listed in the ingredients but not mentioned in the instructions.  I added the drained tomatoes along with the rice, beans, corn and half the cheese.  Seasoning is perfect!",
    "Cameron Rice says:Made this for dinner tonight. I will make again. Immediate hit with the family.  Flavors just explode in your mouth.  I browned the beef first in small batches to create a fond.  I quartered the spices. Three used with the beef and one for the onions.  Sweated the onions to deglaze the pan.  Added garlic at the end to keep it from burning.  I didn’t have any corn on hand but didn’t miss it.",
    "Johnny says:Good recipe very tasty. After I made it I had a can of fire roasted tomatoes left over. I now know they need to be added with the rice and beans, etc.",
    "sanu says:Yummy!! recipe",
    "FuntasticOne says:Stuffed poblanos look good. What sauce are you serving up on the side with it?Is it just a ranch dressing, or is it another recipe of yours?"
  ]
}