{
  "URL": "https://therecipecritic.com/stuffed-pepper-casserole/",
  "Summary": "All the hearty, flavorful goodness of a stuffed pepper in one easy-to-make casserole! Stuffed pepper casserole is easy, cheesy, and packed to the brim with delicious seasoned rice and vegetables.",
  "Metadata": [
    "Prep Time:  20minutes",
    "Cook Time:  1hour",
    "Total Time:    1hour20minutes",
    "Servings:  8people"
  ],
  "Ingredients": [
    "1 tablespoon olive oil",
    "1 ½ pounds lean ground beef",
    "½ cup onion diced",
    "1 cup diced red bell pepper about 1 whole pepper",
    "1 cup diced green bell pepper about 1 whole pepper",
    "1 cup diced orange bell pepper about 1 whole pepper",
    "2 teaspoons minced garlic",
    "1 tablespoon Worcestershire sauce",
    "¾ teaspoon salt",
    "¼ teaspoon ground black pepper",
    "½ teaspoon paprika",
    "2 teaspoons Italian seasoning",
    "1 (14.5-ounce) can diced tomatoes undrained",
    "1 cup uncooked long grain white rice",
    "1 ½ cups beef broth",
    "1 (8-ounce) can tomato sauce",
    "1 ½ cups shredded Colby Jack cheese shredded and divided",
    "fresh parsley for garnish"
  ],
  "Instructions": [
    "Preheat the oven to 375 degrees Fahrenheit. Spray a 9 x 13-inch casserole dish with nonstick cooking spray and set aside.",
    "Add 1 tablespoon olive oil to a large skillet and heat over medium-high heat. Add 1 ½ pounds lean ground beef  to the skillet and cook until browned and no pink remains, about 7-10 minutes.",
    "Add 1 cup diced red bell pepper, 1 cup diced orange bell pepper, 1 cup diced green bell pepper, and ½ cup onion diced to the skillet and cook for about 5 minutes until the vegetables soften.",
    "Stir in 2 teaspoons minced garlic, 1 tablespoon Worcestershire sauce, ¾ teaspoon salt, ¼ teaspoon ground black pepper, ½ teaspoon paprika, and 2 teaspoons Italian seasoning.",
    "Add 1 (14.5-ounce) can diced tomatoes with its juice, 1 ½ cups beef broth, 1 (8-ounce) can tomato sauce, 1 cup uncooked long grain white rice, and 1 cup  of the 1 ½ cups shredded Colby Jack cheese. Reserve the remaining ½ cup of cheese for the top.",
    "Pour the pepper mixture into the prepared casserole dish. Top with the remaining ½ cup of cheese, cover with aluminum foil, and bake for 45 minutes. The liquid should be absorbed, and the rice cooked through. Garnish with fresh parsley and serve warm."
  ],
  "Nutrition": [
    "Serving: 1cup",
    "Calories: 355kcal",
    "Carbohydrates: 28g",
    "Protein: 28g",
    "Fat: 15g",
    "Saturated Fat: 7g",
    "Polyunsaturated Fat: 1g",
    "Monounsaturated Fat: 6g",
    "Trans Fat: 0.3g",
    "Cholesterol: 76mg",
    "Sodium: 831mg",
    "Potassium: 713mg",
    "Fiber: 3g",
    "Sugar: 5g",
    "Vitamin A: 1736IU",
    "Vitamin C: 71mg",
    "Calcium: 225mg",
    "Iron: 4mg"
  ],
  "Comments": [
    "Kym says:Amazing casserole !! I didn’t have regular sized bell peppers but had a bag of the little peppers and 2 lbs of ground chuck , however neither tacos or spaghetti sounded good , so voile’ this recipe was perfect !😍",
    "Shannon Gormley says:Pure comfort food on a cold January day. Super quick and easy to make. And I have plenty of leftovers for lunch this week. Yum!",
    "Ashley E Tyler says:Made this recipe with some minor adjustments. Added mushroom powder,  brown sugar, and 2 shakes of Cajun seasoning. Subbed Rotel for diced toms Was liberal with measurements, mindful to maintain 2-1,water/rice ratio. Ground beef was sparse so I used ‘heat from frozen’ patties and made do. DELICIOUS!!!!!",
    "Renae says:We loved this!!",
    "Gary says:I’ve made this multiple times exactly as the recipe says with the exception of using Minute rice. It is always a winner.",
    "Betty Anne says:I’m made this tonight but it’s too soupy. What did I do wrong? Was it bec my peppers were previously frozen or I didn’t add enough rice or peppers or too much broth",
    "Alyssa Rivers says:Hi Betty, if it was soupy and you used frozen peppers, that’s the most likely culprit. Frozen vegetables let off quite a bit of water, which throws off the ratios as it cooks. I would recommend trying it again with fresh peppers! I’m sorry it didn’t turn out with the frozen peppers. That is super frustrating to make something and it doesn’t turn out like you wanted.",
    "Maria says:Made this but changed it up slightly after reading comments. Followed almost all of the directions except I added my own spices (oregano, basil, rosemary and red pepper flakes), extra garlic, 2 cups broth and allowed it to simmer on the stove for about 10 minutes before adding the cheese and transferring to a pan. I baked it at 400° for 30min and the rice was cooked perfectly. It was so delicious! Makes enough for 8 people.",
    "Barbara Cornelius says:Can you use different cheese other than monterey jack, like cheddar?",
    "Alyssa Rivers says:Yes, cheddar would work great!"
  ]
}