{
  "URL": "https://therecipecritic.com/stuffed-tomatoes/",
  "Summary": "Cheesy Stuffed Tomatoes with Sausage are tomatoes stuffed with a hearty sausage and rice filling and topped with gooey cheese. These are a perfect way to use those sweet sun ripened tomatoes from the garden or the vine ripened tomatoes from the store.",
  "Metadata": [
    "Prep Time:  5minutes",
    "Cook Time:  15minutes",
    "Total Time:  20minutes",
    "Servings:  4Tomatoes"
  ],
  "Ingredients": [
    "4 large tomatoes",
    "salt and pepper to taste",
    "½ pound ground sausage",
    "1 cup cooked white rice",
    "1 cup shredded Colby jack cheese",
    "½ cup shredded parmesan cheese",
    "2 tablespoons chopped basil",
    "1 teaspoon Italian seasoning",
    "½ cup shredded Colby jack cheese for topping"
  ],
  "Instructions": [
    "Preheat oven to 425 degrees Fahrenheit.  Start by cutting off the tops of 4 large tomatoes.  Cut around the top edge, scoop out the insides, and place in a baking dish.",
    "In a medium-sized skillet cook and crumble ½ pound ground sausage. Remove grease and add to a medium-sized bowl with 1 cup cooked white rice, 1 cup shredded Colby jack cheese, ½ cup shredded parmesan cheese , 2 tablespoons chopped basil, salt and pepper, and 1 teaspoon Italian seasoning.",
    "Use the mixture and stuff each tomato. Top with ½ cup shredded Colby jack cheese. Bake for 15-20 minutes."
  ],
  "Nutrition": [
    "Calories: 502kcal",
    "Carbohydrates: 20g",
    "Protein: 28g",
    "Fat: 35g",
    "Saturated Fat: 17g",
    "Polyunsaturated Fat: 3g",
    "Monounsaturated Fat: 12g",
    "Trans Fat: 0.1g",
    "Cholesterol: 96mg",
    "Sodium: 869mg",
    "Potassium: 669mg",
    "Fiber: 3g",
    "Sugar: 5g",
    "Vitamin A: 2209IU",
    "Vitamin C: 26mg",
    "Calcium: 524mg",
    "Iron: 2mg",
    ""
  ],
  "Comments": [
    "C Louie says:Are you supposed to do something  with the tomato you scrape into a baking dish?",
    "Alyssa Rivers says:Once you hollow out your tomato, you put that hollow tomato on the baking dish. You won’t be using the insides that you scrape out. You can discard it or use it in another recipe!",
    "Linda says:Have you published a book? If you have PLEASE TELL ME WHERE I CAN BUY IT.I love your recipes, many are excellent, for me, I am a diabetic, therefore have to watch what I eat.Most are easy to adjust to what I need, to control my A1C, if not already suited to my needs. Most of all they are delicious and easy to cook.",
    "Alyssa Rivers says:Thank you! I hope to have a cookbook out next year!",
    "Joanna Conley says:I made these. I had smaller tomatoes and a had a few green peppers. I microwaved the peppers a bit with some water so they would all bake at the same speed. I also added a bit of garlic and onion powder. Very good. Wish I could share a picture, look very good",
    "Donna says:this sounds inviting and easy to do- just one question- is the rice cooked- prior to stuffing the tomato- or does it cook along with the tomato?  my mom used to do something similar with sausage, with sage, and use it with rice to stuff peppers. always a favorite meal",
    "Alyssa Rivers says:Yes, your rice will be cooked ahead of time."
  ]
}