{
  "URL": "https://therecipecritic.com/stuffed-pizza-bites/",
  "Summary": "These pizza bites taste just like pizza using a flattened biscuit and stuffing it full of cheese, pepperoni then baking until golden brown on top. Stuffed pizza bites are the hit of our house!",
  "Metadata": [
    "Prep Time:  10minutes",
    "Cook Time:  20minutes",
    "Total Time:  30minutes",
    "Servings:  30Pizza Bites"
  ],
  "Ingredients": [
    "3 cans Pillsbury Buttermilk Biscuits 10 biscuits per can",
    "56 Pepperoni Slices or favorite pizza toppings",
    "1 Block Cheese Colby & Monterey Jack or Cheese Stick",
    "1 Egg beaten",
    "Parmesan Cheese",
    "Italian seasoning",
    "Garlic powder",
    "1 Jar Pizza Sauce To dip the bites in"
  ],
  "Instructions": [
    "Cut the block of cheese into at least 28 squares.",
    "Flatten a biscuit out and stack pepperoni and cheese on top.",
    "Gather up the edges of the biscuit.",
    "Line the rolls up in a greased 9x13 in. pan. Brush with beaten egg. Sprinkle with parmesan, Italian seasoning and garlic powder. Bake at 425°F for 18-20 minutes.",
    "Serve the rolls with warm pizza sauce for dipping."
  ],
  "Nutrition": [
    "Calories: 195kcal",
    "Carbohydrates: 24g",
    "Protein: 4g",
    "Fat: 9g",
    "Saturated Fat: 2g",
    "Cholesterol: 10mg",
    "Sodium: 622mg",
    "Potassium: 191mg",
    "Fiber: 1g",
    "Sugar: 3g",
    "Vitamin A: 106IU",
    "Vitamin C: 2mg",
    "Calcium: 27mg",
    "Iron: 2mg"
  ],
  "Comments": [
    "Brit says:Cooked for 20 min and biscuits were brown on top but still completely doughy under that.  Cooked at 425⁰ like recipe said.  Will continue to cook and see..",
    "Alyssa Rivers says:Hi Brit, I’m sorry that happened. Cover with aluminum foil and continue to bake until baked through.",
    "Kelly says:Hello: can these be assembled ahead of time and cooked later? Thank you!",
    "Alyssa Rivers says:It is best to bake them then reheat them when ready.",
    "Natalie says:These are delicious! I halved the recipe and they turned out great. Thank you!",
    "Rhea says:I used breadstick dough instead of biscuit dough and it seems to be more like pizza dough.  It was delicious!  I also made a batch using biscuit dough (since I only had one roll of each kind of dough) and I haven’t tried it yet but they look delicious too!",
    "Brenda @ Chatting Over Chocolate says:Good morning, Alyssa!  I’m stopping by to let you know that I featured your Stuffed Pizza Bites post on my blog today:  http://www.chattingoverchocolate.com/2013/06/pinterest-pizza-party.html  … This looks so fantastic! Thanks for sharing!  Have a terrific day!! 🙂",
    "Dalia Jovanovic says:I cooked mine for 20 minutes and the dough was far from done. I had to put them back in the oven for another 20 minutes. Not sure what happened???",
    "Alyssa Rivers says:That is so strange!  Make sure that the oven was set to the right temp at 425.  Also try using a thermometer in your oven to make sure that it is reaching the right temp.  Mine only take 15 minutes and the tops are pretty brown and perfectly cooked!   Good luck and let me know if they turn out next time!  🙂",
    "Carrie Barron says:Sounds yummy!  Thanks for sharing!Blessings,Carriehttp://fiveseventeenrepurposing.blogspot.com",
    "Kelley Wilson says:I can’t wait to try these thanks",
    "Heather Kinnaird says:what a brilliant idea!",
    "Julie says:My boys love this recipe too and thanks for inviting me over.  A new follower also 🙂The Farm Girl",
    "Jessica@AKitchenAddiction says:We love making pizza bites because they can satisfy everyone’s taste buds!"
  ]
}