{
  "URL": "https://therecipecritic.com/stuffed-bell-peppers/",
  "Summary": "Stuffed bell peppers are filled with lean ground beef, rice, tomatoes, and the perfect blend of seasonings all topped with shredded cheese. Individually wrapped peppers make a colorful and delicious dinner with a beef combination full of flavor. ",
  "Metadata": [
    "Prep Time:  10minutes",
    "Cook Time:  30minutes",
    "Total Time:  40minutes",
    "Servings:  4bell peppers"
  ],
  "Ingredients": [
    "4 whole bell peppers",
    "Reynolds Wrap Non-Stick Aluminum Foil",
    "1 tablespoon olive oil",
    "1 small onion diced",
    "1 pound lean ground beef",
    "1 15 ounce can of diced tomatoes",
    "1 8 ounce can of tomato sauce",
    "2 cups rice cooked",
    "1 Tablespoon Italian Seasoning",
    "1 teaspoon garlic powder",
    "salt and pepper",
    "2 cups Colby Jack cheese shredded"
  ],
  "Instructions": [
    "To prepare the peppers, slice the tops off and remove any veins or seeds inside. In a medium-sized saucepan over medium-high heat add the olive oil and onion. Cook until almost tender. Add in the ground beef and cook and crumble until no longer pink.",
    "Add in the diced tomatoes, tomato sauce, rice, Italian seasoning, garlic powder, and salt and pepper.",
    "Lay a sheet of aluminum foil on the bottom of each pepper.",
    "Stuff the peppers with the mixture and top with cheese. Fold up each side of the aluminum foil and wrap the pepper.",
    "Preheat the grill to 400 degrees. Place the wrapped peppers on the grill and cook until the peppers start to soften and cheese is melted 25-30 minutes."
  ],
  "Nutrition": [
    "Calories: 650kcal",
    "Carbohydrates: 46g",
    "Protein: 46g",
    "Fat: 31g",
    "Saturated Fat: 17g",
    "Polyunsaturated Fat: 2g",
    "Monounsaturated Fat: 11g",
    "Trans Fat: 1g",
    "Cholesterol: 133mg",
    "Sodium: 964mg",
    "Potassium: 1349mg",
    "Fiber: 7g",
    "Sugar: 14g",
    "Vitamin A: 4924IU",
    "Vitamin C: 168mg",
    "Calcium: 550mg",
    "Iron: 7mg",
    ""
  ],
  "Comments": []
}