{
  "URL": "https://therecipecritic.com/stuffed-salmon/",
  "Summary": "This spinach stuffed salmon is a flavor explosion, with the creamy richness of the cheese and the earthy goodness of the spinach perfectly complementing the tender, flaky salmon. It's a restaurant-quality meal that's ready in just 45 minutes!",
  "Metadata": [
    "Prep Time:  30minutes",
    "Cook Time:  15minutes",
    "Total Time:  45minutes",
    "Servings:  4people"
  ],
  "Ingredients": [
    "4 skinless salmon filets",
    "2 tablespoons olive oil",
    "1 teaspoon salt",
    "½ teaspoon pepper",
    "3 tablespoons water",
    "4 cups baby spinach",
    "4 ounces cream cheese softened",
    "¼ cup parmesan cheese",
    "½ teaspoon salt",
    "2 teaspoons lemon pepper",
    "1 teaspoon italian seasoning",
    "Juice from 1 lemon additional lemons for serving"
  ],
  "Instructions": [
    "Preheat your oven to 475 degrees fahrenheit and prepare a baking sheet by lining it with parchment paper.",
    "Dry your filets with a paper towel and rub them with the olive oil, sprinkle salt and pepper on both sides of the filets.",
    "Cut a slit in the side of each filet, be careful not to go all the way through the filets, just enough to create a pocket",
    "In a medium pan over medium high heat, saute your spinach with the water until your spinach is wilted. Remove the spinach from heat and drain any excess water off if needed.",
    "In a medium bowl add your cooked spinach, cream cheese, parmesan cheese, salt, lemon pepper, and italian seasoning. Mix your filling until it is well combined.",
    "Stuff each prepared salmon filet and place them on the parchment lined baking sheet. Just before baking, pour the lemon juice over each stuffed filet.",
    "Bake for about 8-10 minutes. Salmon should flake apart easily with a fork.",
    "Serve fresh with sliced lemon."
  ],
  "Nutrition": [
    "Calories: 438kcal",
    "Carbohydrates: 4g",
    "Protein: 39g",
    "Fat: 29g",
    "Saturated Fat: 9g",
    "Polyunsaturated Fat: 6g",
    "Monounsaturated Fat: 12g",
    "Cholesterol: 126mg",
    "Sodium: 1161mg",
    "Potassium: 1067mg",
    "Fiber: 1g",
    "Sugar: 1g",
    "Vitamin A: 3326IU",
    "Vitamin C: 8mg",
    "Calcium: 166mg",
    "Iron: 3mg"
  ],
  "Comments": [
    "Ann H says:Holy yummiliciousness! This salmon was so easy, quick and most importantly,  delicious!!!!",
    "Alyssa Rivers says:Yay! I’m so glad you loved it! Thank you for the review!",
    "Fred Snyder says:Could I bake/cook this in my smoker?",
    "Alyssa Rivers says:Yes, that would be delicious!",
    "Joanna Jenkins says:Looks so Good YummmmmmmmmY !!!!!",
    "Polly says:My family really liked this dish remarking that “it’s a keeper”.",
    "Danna says:OMG I made the stuffed Salmon for my husband and myself, it was delicious.I added something to the recipe though,  hope you don’t mindI had some shrimp scampi in the freezer, I cooked in with the spinach mixture, it was buttery but oh so good. Next time I won’t use the shrimp scampi because it was too oily.I will be trying more of your recipes, they look so good!Thank you!",
    "Lena Walker says:This was delicious! And very easy to make. DH loved it! Will try it with chicken next time."
  ]
}