{
  "URL": "https://therecipecritic.com/sugar-cookie-bars/",
  "Summary": "These are so simple! They are so easy to whip up a batch and have a delicious sugar cookie in a bar!",
  "Metadata": [
    "Prep Time:  15minutes",
    "Cook Time:  17minutes",
    "Total Time:  32minutes",
    "Servings:  12Bars"
  ],
  "Ingredients": [
    "½ cup butter softened",
    "1 cup granulated sugar",
    "1 large egg",
    "1 egg white",
    "1 ½ tablespoons sour cream",
    "1 teaspoon vanilla extract",
    "2 ½ cups all-purpose flour",
    "½ teaspoon baking powder",
    "½ teaspoon salt",
    "¼ cup unsalted butter softened",
    "2 cups powdered sugar",
    "2-3 tablespoons half and half",
    "½ teaspoon vanilla",
    "any color of food coloring optional"
  ],
  "Instructions": [
    "Preheat oven to 375 degrees Fahrenheit. Grease a 9 x 13-inch pan and set it aside. In a large mixing bowl, combine 2 ½ cups all-purpose flour, ½ teaspoon baking powder and ½ teaspoon salt, then set it aside.",
    "In a stand mixer or with beaters, cream together ½ cup butter and 1 cup granulated sugar until fluffy, about 3 minutes. Combine 1 large egg, 1 egg white, 1 ½ tablespoons sour cream, and 1 teaspoon vanilla extract. Mix together until fully incorporated. Add the dry ingredients until all is fully combined.",
    "Gently press the dough into the bottom of your 9 x 13-inch pan. Bake for 17-20 minutes until the edges are lightly golden and a toothpick inserted in the center is clean. Let them completely cool before frosting.",
    "To make the frosting, whip together ¼ cup unsalted butter, 2 cups powdered sugar, and 2-3 tablespoons half and half until fluffy. Add ½ teaspoon vanilla. Add any color of food coloring if using. Spread on top of the cooled bars."
  ],
  "Nutrition": [
    "Calories: 354kcal",
    "Carbohydrates: 57g",
    "Protein: 4g",
    "Fat: 13g",
    "Saturated Fat: 8g",
    "Polyunsaturated Fat: 1g",
    "Monounsaturated Fat: 3g",
    "Trans Fat: 0.5g",
    "Cholesterol: 48mg",
    "Sodium: 189mg",
    "Potassium: 48mg",
    "Fiber: 1g",
    "Sugar: 37g",
    "Vitamin A: 395IU",
    "Vitamin C: 0.04mg",
    "Calcium: 24mg",
    "Iron: 1mg",
    ""
  ],
  "Comments": [
    "Jocelyn says:These are scrumptious!  My family is gobbling them up!  Thank you for sharing the recipe.",
    "Natalie Klemek says:oops…that was supposed to be unborn not “unknown.”  I’m suffering from pregnant mama brain!",
    "Natalie Klemek says:I think our unknown born children are on the same wave length (I’m 10 weeks pregnant).  I’m craving these cookies bars like no other … I think once I muster up the energy I’m heading out to the ingredients and baking away!",
    "mary says:Making these now and pressing into pan, the dough is super sticky, is that normal?",
    "Chloe @ foodlikecake says:Yum! These look delicious 🙂"
  ]
}