{
  "URL": "https://therecipecritic.com/summer-corn-salad/",
  "Summary": "This Summer Corn Salad definitely can enjoyed all year round! It's a fresh corn salad made with onion, bell pepper, avocado, and corn! Fresh or frozen corn will work!",
  "Metadata": [
    "Prep Time:  15minutes",
    "Cook Time:  15minutes",
    "Total Time:  30minutes",
    "Servings:  8people"
  ],
  "Ingredients": [
    "6-8 ears corn",
    "2 Tablespoon olive oil",
    "1/2 red onion , diced",
    "1/2 red bell pepper , diced",
    "1 avocado , seeded, peeled and chopped",
    "4 Tablespoon olive oil",
    "6  Tablespoon apple cider vinegar",
    "1 teaspoon sugar",
    "1 teaspoon dijon mustard",
    "juice from 1 lime",
    "salt and pepper"
  ],
  "Instructions": [
    "Whisk dressing ingredients together and set aside.",
    "Add 1-2 inches of water to a large skillet. Bring to a boil. Add shucked corn ears and cook for 3-4 minutes, rotating to cook on all sides. Drain water.",
    "Heat grill on medium-high heat. Brush corn lightly with olive oil and grill for a few minutes, rotating it as it cooks, until golden on all sides.",
    "Allow the corn to cool and then cut corn off of the cob and add to a bowl. Add remaining salad ingredients and drizzle with desired amount of dressing (you may not use it all). Toss to combine. Refrigerate until ready to serve."
  ],
  "Nutrition": [
    "Serving: 8g",
    "Calories: 144kcal",
    "Carbohydrates: 4g",
    "Protein: 1g",
    "Fat: 14g",
    "Saturated Fat: 2g",
    "Sodium: 10mg",
    "Potassium: 156mg",
    "Fiber: 2g",
    "Sugar: 1g",
    "Vitamin A: 270IU",
    "Vitamin C: 12.5mg",
    "Calcium: 5mg",
    "Iron: 0.2mg"
  ],
  "Comments": [
    "Morris Devereaux says:Leave out the avocado and substitute a can of black beans (rinsed) instead. Salt liberally with Kosher salt.",
    "Carissa says:This sounds great! How far in advance can I make this dish?",
    "Alyssa Rivers says:You could make it the day before but I would add the avocado in just before serving so that it doesn’t turn brown.",
    "Jerri Pohl says:The absolute most perfect summertime salad! I put everything together except the avocado the day before to let the vinegar do its job with the onion and it paid off in dividends! Everybody wanted some leftovers to take home. Did not deviate from the recipe exactly as it was done. Well done! I’ll be back to the Recipe Critic for more!",
    "Jaclyn says:This salad is amazing and refreshing!! Everytime I make it I have to give out the recipe because people love it. Perfect for the summertime and when you have leftover corn.",
    "Keira says:Love this for summer! Fresh corn on off the cob.",
    "Bella says:it’s about a cup, per ear. (frozen)",
    "Christina says:Can I make this dish ahead of time and wait until the day I serve it to add the dressing?",
    "Alyssa Rivers says:Yes, that will work great!",
    "Linda says:Can you please tell me how big a bag of corn?",
    "Linda says:Thanks for the response …. how much corn? How big a bag?",
    "Linda says:If you are using frozen corn, what would the equivalent amount be?",
    "Alyssa Rivers says:If fresh corn on the cob is not available, frozen corn is a great substitute. Thaw the corn in your fridge overnight, or warm in the microwave just until thawed. Add the corn and a little bit of oil to a very hot skillet and cook it for a few minutes, tossing occasionally, until many kernels are lightly browned.",
    "Stephanie L Stokes says:Great recipe – can adapt to your liking! I used 2 avocados and the entire red bell pepper but other than that followed the recipe! It’s a keeper!",
    "LoriO says:I love this salad!!  BUT… I also make this as a hot side dish. I omit the avocado then I add zucchini (quartered along the length, then diced) and black beans. Add the dressing last when everything else is cooked together and heat until it’s warmed through.",
    "Trish says:Love this salad  and so does my family",
    "Jacqueline says:Delicious and very easy to adjust the amounts to serve less people."
  ]
}