{
  "URL": "https://therecipecritic.com/summer-squash-lemon-spaghetti/",
  "Summary": "The zucchini and summer squash is my favorite combo with the lemon spaghetti, but tomatoes, steamed beans, or peas would also taste great in this dish. Enjoy!",
  "Metadata": [
    "Prep Time:  15minutes",
    "Total Time:  15minutes",
    "Servings:  6Servings"
  ],
  "Ingredients": [
    "1 (16-ounce) package spaghetti noodles",
    "½ cup olive oil",
    "½ teaspoon minced garlic",
    "5 cups assorted zucchini and summer squash",
    "⅓ cup pine nuts, optional",
    "⅔ cup grated parmesan cheese",
    "⅔ cup plain breadcrumbs",
    "2-3 tablespoons lemon juice, freshly squeezed",
    "salt and pepper, to taste"
  ],
  "Instructions": [
    "Prepare 1 (16-ounce) package spaghetti noodles according to the package directions. Drain when the noodles are done cooking and return the noodles to the pot.",
    "Cut the squash and zucchini into half-moon shapes and measure 5 cups assorted zucchini and summer squash.",
    "Place ⅓ cup pine nuts, into the pan without any oil over medium heat. Lightly toast by stirring until lightly brown. They will burn easily so watch carefully. Remove them from the pan and set aside.",
    "Next, combine the olive oil and garlic in a large saucepan over medium-low heat. Stir until fragrant.",
    "Add the chopped squash and zucchini to the olive oil mixture. Stir and cook until they are tender.",
    "Add in ⅔ cup grated parmesan cheese and ⅔ cup plain breadcrumbs. Season to taste with salt and pepper. Stir until well combined.",
    "Add the zucchini and squash mixture to the drained spaghetti. Add in 2-3 tablespoons lemon juice, and more salt and pepper to taste if needed. Add the toasted pine nuts if using and stir to combine."
  ],
  "Nutrition": [
    "Calories: 321kcal",
    "Carbohydrates: 15g",
    "Protein: 7g",
    "Fat: 27g",
    "Saturated Fat: 5g",
    "Polyunsaturated Fat: 5g",
    "Monounsaturated Fat: 15g",
    "Cholesterol: 10mg",
    "Sodium: 285mg",
    "Potassium: 342mg",
    "Fiber: 2g",
    "Sugar: 3g",
    "Vitamin A: 287IU",
    "Vitamin C: 18mg",
    "Calcium: 136mg",
    "Iron: 1mg"
  ],
  "Comments": [
    "Terry D. says:The family said it was good. Just lacked some sparkle. Any suggestions?",
    "Lauraa says:I make this dish a few times a month. It’s a fam favorite. One of those perfect weeknight dishes where you produce something tasty and comforting with minimal effort in less than half an hour. Such a bonus that it’s a very filling vegetarian dish. Even my meat-loving husband loves it. BTW, for those who avoid dairy: I’ve made this both without parmesan cheese or with vegan parmesan, and it’s great both ways.",
    "Matt Robinson says:Perfect summer dinner, love this!",
    "Jen says:Super excited for summer veggies. This pasta is a great use for them!"
  ]
}