{
  "URL": "https://therecipecritic.com/sushi-bake/",
  "Summary": "My sushi casserole is creamy, savory, and full of umami flavor. It's easy to make, customizable, and perfect for satisfying that sushi craving on a budget!",
  "Metadata": [
    "Prep Time:  45minutes",
    "Cook Time:  18minutes",
    "Total Time:    1hour3minutes",
    "Servings:  10Servings"
  ],
  "Ingredients": [
    "8 ounces imitation crab",
    "8 ounces cooked salmon",
    "1 cup uncooked sushi rice or short grain rice",
    "1 ¼ cup water",
    "2 tablespoons seasoned rice vinegar",
    "1 tablespoon granulated sugar",
    "¼ teaspoon salt",
    "3 ounces softened cream cheese",
    "⅓ cup Kewpie mayonnaise",
    "2 tablespoons sriracha additional for garnish",
    "1 (1.17-ounce) package nori sheets additional small sheets for serving",
    "spicy mayonnaise for garnish",
    "eel sauce (Unagi sauce) for garnish",
    "sesame seeds for garnish",
    "sliced green onions for garnish",
    "chopped cilantro for garnish"
  ],
  "Instructions": [
    "Rinse 1 cup uncooked sushi rice with cold water until the water runs clear.",
    "Cook the rice on the stovetop, in a rice cooker, or in the Instant Pot. If you use a rice cooker or Instant pot, cook the rice according to the instructions on the package. Mine called for 1 ¼ cup water for the 1 cup of rice.",
    "While the rice is cooking, add 2 tablespoons seasoned rice vinegar, 1 tablespoon granulated sugar, and ¼ teaspoon salt to a small bowl and heat it in the microwave for 30 seconds, then stir it until the sugar has dissolved.",
    "Transfer the cooked rice to a large mixing bowl and pour the vinegar mixture over it. Stir until the rice is evenly seasoned. Set the bowl aside and let the rice cool to room temperature.",
    "Preheat the oven to 425 degrees Fahrenheit and spray a 9-inch or 2-quart baking dish with nonstick cooking spray and set aside.",
    "Use a fork to shred 8 ounces imitation crab until stringy, then chop into pieces about an inch long. Flake 8 ounces cooked salmon with a fork.",
    "Add the flaked salmon, shredded crab, 3 ounces softened cream cheese, ⅓ cup Kewpie mayonnaise, and 2 tablespoons sriracha to a large bowl and mix until combined.",
    "Press the cooled rice into the bottom of the baking dish. Crush 1 (1.17-ounce) package nori sheets over the top of it so the rice is evenly covered, adding more or less as desired.",
    "Spread the salmon and crab mixture over the top of the nori. Bake for 15-18 minutes, until thoroughly heated through.",
    "Drizzle the top with sriracha, spicy mayonnaise, and eel sauce (Unagi sauce). Garnish with sesame seeds, sliced green onions, and chopped cilantro, and serve immediately."
  ],
  "Nutrition": [
    "Calories: 209kcal",
    "Carbohydrates: 21g",
    "Protein: 9g",
    "Fat: 10g",
    "Saturated Fat: 3g",
    "Polyunsaturated Fat: 4g",
    "Monounsaturated Fat: 2g",
    "Trans Fat: 0.02g",
    "Cholesterol: 33mg",
    "Sodium: 419mg",
    "Potassium: 118mg",
    "Fiber: 1g",
    "Sugar: 2g",
    "Vitamin A: 311IU",
    "Vitamin C: 3mg",
    "Calcium: 79mg",
    "Iron: 1mg",
    ""
  ],
  "Comments": [
    "Jo-Anne Chisholm says:Hi, Is it possible to prepare this Sushi Bake ahead and freeze to cook later. (I’m looking for a recipe to take away for a weekend family event.)",
    "Alyssa Rivers says:I don’t recommend freezing this meal. It’s best served immediately after cooking. Let me know if you have any more questions!"
  ]
}