{
  "URL": "https://therecipecritic.com/swedish-pancakes/",
  "Summary": "Homemade Swedish pancakes are the ultimate breakfast treat! They're soft, tender, and even better when topped with fresh whipped cream and lingonberry jam.",
  "Metadata": [
    "Prep Time:  10minutes",
    "Cook Time:  45minutes",
    "Total Time:  55minutes",
    "Servings:  4people"
  ],
  "Ingredients": [
    "1 cup all purpose flour",
    "1 tablespoon sugar",
    "1 teaspoon salt",
    "3 large eggs",
    "1 ¼ cup milk",
    "2 tablespoons melted butter plus more for cooking"
  ],
  "Instructions": [
    "In a small bowl, sift together flour, sugar, and salt, set aside.",
    "In a medium bowl, whisk the eggs with a hand mixer for about 4-5 minutes until the eggs are lemon yellow and slightly thickened. Whisk the milk and butter into the eggs",
    "Add the flour mixture to the eggs and milk, ¼ cup at a time. Whisk until everything is incorporated and you have a smooth batter.",
    "Melt some butter on a skillet over medium heat. Pour about 2 tablespoons of batter on the skillet, more or less depending on how big you want your pancakes.",
    "Cook for about 2 minutes per side and remove from the skillet.",
    "Enjoy fresh with lingonberry jam (a traditional Swedish fruit spread) or any toppings you prefer!"
  ],
  "Nutrition": [
    "Calories: 268kcal",
    "Carbohydrates: 31g",
    "Protein: 10g",
    "Fat: 12g",
    "Saturated Fat: 6g",
    "Polyunsaturated Fat: 1g",
    "Monounsaturated Fat: 3g",
    "Trans Fat: 0.2g",
    "Cholesterol: 147mg",
    "Sodium: 703mg",
    "Potassium: 195mg",
    "Fiber: 1g",
    "Sugar: 7g",
    "Vitamin A: 477IU",
    "Calcium: 119mg",
    "Iron: 2mg"
  ],
  "Comments": [
    "Pamela J Ochsner says:Fabulous recipe, just finished, gonna do strawberry blintz shortly, THANK YOU! My recipe doesn’t flip so easy!",
    "Angela Smith says:Where is the lingonberry recipe?",
    "Alyssa Rivers says:Hi Angela, thank you for your question. I don’t have a lingonberry jam recipe, I’m sorry. If you live near an Ikea, that is where I always get my lingonberry jam. You can also use raspberry and add a little lemon, lingonberries are a little more tart like cranberries. I hope this helps!",
    "Sandra says:Would the swedish pancakes taste as good almound or any other flour for diabete",
    "Alyssa Rivers says:I haven’t tried them with almond flour, but I’m sure it will work! The texture just might be a little more dense.",
    "Sue says:I made these this morning and yum!! I used gf flour and they were great. Didn’t have the jam, so I did the German topping version … a squeeze of lemon and maple syrup.",
    "Angela says:Just made these for my family and they are amazing! First time making Swedish pancakes. Definitely making these again!",
    "Deborah Pilkington says:Will these work with a gf flour mix?",
    "Alyssa Rivers says:I haven’t tried that before but it should work ok!",
    "Penny says:I love these. You mentioned the lingonberry jam. When we mase these, we mixed butter, powdered sugar and lingonberry jam together (consistency of cake frosting) and then spread it thinly on the pancakes and roll them up. YUM.  Sweet, tart and buttery!!!I’m making these in the morning!",
    "Alyssa Rivers says:YUM!! That sounds delicious!",
    "Charleen Aragon says:I tried this and everyone loved them! Thank you for sharing. ?",
    "Sabrina says:great breakfast alternative, fun with toppings too, ,a nice change from pancakes, thank you!",
    "Frieda k. Parkin says:Love these pancakes"
  ]
}