{
  "URL": "https://therecipecritic.com/swedish-meatball-casserole/",
  "Summary": "Tender meatballs are layered over perfectly cooked pasta and baked in a rich, creamy gravy in this Swedish Meatball Casserole.",
  "Metadata": [
    "Prep Time:  20minutes",
    "Cook Time:  25minutes",
    "Total Time:  45minutes",
    "Servings:  6people"
  ],
  "Ingredients": [
    "10 ounces rotini pasta, cooked and drained",
    "26 ounces frozen meatballs, precooked",
    "4 tablespoons butter",
    "3 tablespoons flour",
    "2 cups beef broth",
    "1 cup heavy cream",
    "1 tablespoon Worcestershire sauce",
    "1 teaspoon Dijon mustard",
    "⅛ teaspoon allspice",
    "⅛ teaspoon nutmeg",
    "¼ teaspoon salt or to taste",
    "pepper to taste"
  ],
  "Instructions": [
    "Preheat the oven to 375 degrees Fahrenheit. Spray a 9×13-inch baking dish with nonstick spray.",
    "Cook and drain 10 ounces rotini pasta, Al Dente, according to the package directions, then place in the bottom of the prepared baking dish.",
    "Place 26 ounces frozen meatballs, on top of the noodles.",
    "For the sauce, melt 4 tablespoons butter in a medium skillet over medium-high heat. Add 3 tablespoons flour and whisk to create a paste.",
    "Slowly stir in 2 cups beef broth and 1 cup heavy cream.",
    "Stir in 1 tablespoon Worcestershire sauce, 1 teaspoon Dijon mustard, ⅛ teaspoon allspice, and ⅛ teaspoon nutmeg. Season with ¼ teaspoon salt and pepper to taste. Bring to a simmer until the sauce starts to thicken.",
    "Pour the sauce over the meatballs and noodles.",
    "Bake for 25 minutes or until the meatballs are warmed through.",
    "Garnish the casserole with parsley, and enjoy!"
  ],
  "Nutrition": [
    "Calories: 722kcal",
    "Carbohydrates: 40g",
    "Protein: 29g",
    "Fat: 49g",
    "Saturated Fat: 24g",
    "Polyunsaturated Fat: 4g",
    "Monounsaturated Fat: 17g",
    "Trans Fat: 0.3g",
    "Cholesterol: 153mg",
    "Sodium: 486mg",
    "Potassium: 570mg",
    "Fiber: 2g",
    "Sugar: 3g",
    "Vitamin A: 828IU",
    "Vitamin C: 1mg",
    "Calcium: 65mg",
    "Iron: 2mg",
    ""
  ],
  "Comments": [
    "Marvelous Marvins says:Very easy and really a good meal!My wife and sister in law loved it.I used the Earth Best mini meatballs and they were a hit!  Also traditional German egg noodles as my mom always served them with Swedish Meatballs when I was growing up.I think next time I may try a little less heavy cream and adding some sour cream.I also added a teaspoon of Better then Bullion beef and it gave it some more flavor.",
    "LadyV says:If I could give this recipe 10 stars as the rating, I would!My older son (highly functional autistic), who is extremely particular about food, loved the dish.  He even packed it for work lunch for the next day.  This was the first time he agreed to pack dinner for the next day’s work lunch.   And my husband, who’s working on getting his swallowing function back after extended radiation therapy to his throat, had more than the usual amount of food.I was ecstatic that the dish was so well received by my family.   It is a super winner!",
    "Alyssa Rivers says:I love hearing this! Thank you so much for sharing! This absolutely made my whole week!",
    "Deborah Malouin says:I made the Swedish meatball casserole and it was a hit with my husband. I didn’t use frozen meatballs I made my own using your recipe in the Swedish meatballs recipe. My sister-in-law made the best Swedish meatball recipe and it was a hit with her family.",
    "Jeezlouise says:So easy and delicious!!? I have always loved a good Swedish Meatball recipe and this one is wonderful and so easy to make with the frozen meatballs. This recipe is a keeper!",
    "Linda Thomas says:The calorie count is that per serving ?? And what is a serving??",
    "Alyssa Rivers says:Hi Linda, thank you for your comment. This casserole makes 6 servings so 1/6th of the casserole is a serving. I hope this helps!",
    "ron olson says:SUPER MEAL!",
    "Mo says:I made this last night, and it was a hit.  I 1.5X the recipe and used half n half instead of the heavy cream.  It still was delicious and so easy to make.  One thing that really helped make it super yummy, I used the Pennsylvania Dutch Hearty Style Noodles (thicker than traditional noodles).  I was a little afraid it would be a little too soupy, but the thick noodles really absorbed the tasty sauce. Thank you, Alyssa!",
    "ANDREA C BILLS says:I recently made this casserole at the assisted living facility where I work. Our elderly residents loved it!! Thank you for this recipe! It’s hard to find something that 12 people can all agree on.",
    "James Krehmke says:Very tasty. Next time, I’ll Double the  gravy!",
    "Susan Reminger says:This looks so yummy; however, one family member can’t have milk. Is there something I could use in place of the cream/milk?",
    "Alyssa Rivers says:Hi Susan, thank you for your question. You could probably use any milk replacement but it won’t be as creamy. Unsweetened coconut cream would also work but it might lend a coconut flavor, but it would be creamier! Let me know what you use and how it turns out!",
    "Marena says:Country Crock makes a “plant cream.” It’s a dairy-free heavy cream that can be used in recipes to replace heavy cream. Highly recommend.",
    "Mary Jane Heid says:Can you use frozen Italian meatballs?",
    "Alyssa Rivers says:Hi Mary Jane, yes you can use frozen Italian meatballs, they will work great!",
    "Stony says:Are you kidding, did you read the instructions,  ( 26 ounces frozen meatballs, precooked ) so why not use Italian , you must be joking about your question. Guess some people just don’t understand cooking with imagination"
  ]
}