{
  "URL": "https://therecipecritic.com/swedish-meatball-pasta/",
  "Summary": "Swedish Meatball Pasta combines flavorful homemade pork and beef Swedish meatballs with a heavenly cream sauce and perfectly cooked pasta.",
  "Metadata": [
    "Prep Time:  15minutes",
    "Cook Time:  35minutes",
    "Total Time:  50minutes",
    "Servings:  6servings"
  ],
  "Ingredients": [
    "½ pound ground pork",
    "½ pound ground beef",
    "¼ cup panko bread crumbs",
    "1 tablespoon chopped fresh parsley",
    "¼ teaspoon ground allspice",
    "¼ teaspoon ground nutmeg",
    "¼ cup minced onion",
    "½ teaspoon garlic powder",
    "⅛ teaspoon ground black pepper",
    "½ teaspoon salt",
    "1 large egg",
    "1 tablespoon olive oil",
    "1 tablespoon unsalted butter",
    "4 tablespoons unsalted butter",
    "3 tablespoons all-purpose flour",
    "2 cups beef broth",
    "1 cup heavy whipping cream",
    "1 tablespoon Worcestershire sauce",
    "1 teaspoon dijon mustard",
    "salt to taste",
    "ground black pepper to taste",
    "16 ounces uncooked pasta"
  ],
  "Instructions": [
    "Add ½ pound ground pork, ½ pound ground beef, ¼ cup panko bread crumbs, 1 tablespoon chopped fresh parsley, ¼ teaspoon ground allspice, ¼ teaspoon ground nutmeg, ¼ cup minced onion, ½ teaspoon garlic powder, ⅛ teaspoon ground black pepper, ½ teaspoon salt, and 1 large egg to a large bowl. Mix until fully combined.",
    "Form 20 meatballs with the meat mixture. Heat a large skillet over medium heat and add 1 tablespoon olive oil and 1 tablespoon unsalted butter. Add the meatballs to the heated skillet and cook for 10-15 minutes, turning them continuously until they are browned on all sides and cooked through to an internal temperature of 165 degrees Fahrenheit.",
    "Remove the meatballs from the skillet to a plate and cover with foil to keep warm.",
    "Add 4 tablespoons unsalted butter to the skillet and melt over medium heat. Whisk in 3 tablespoons all-purpose flour and cook until the mixture bubbles and browns.",
    "Slowly whisk in 2 cups beef broth and 1 cup heavy whipping cream. Add 1 tablespoon Worcestershire sauce and 1 teaspoon dijon mustard. Simmer the sauce for about 5 minutes, until it starts to thicken. Season with salt and ground black pepper to taste.",
    "Add the meatballs back to the skillet and simmer in the sauce over low heat.",
    "While the meatballs simmer in the sauce, bring a large pot of salted water to a rolling boil. Cook 16 ounces uncooked pasta to preferred doneness according to the directions on the package and strain.",
    "Add the pasta to the meatballs and sauce and toss to coat. Serve immediately."
  ],
  "Nutrition": [
    "Calories: 769kcal",
    "Carbohydrates: 65g",
    "Protein: 27g",
    "Fat: 44g",
    "Saturated Fat: 22g",
    "Polyunsaturated Fat: 3g",
    "Monounsaturated Fat: 15g",
    "Trans Fat: 1g",
    "Cholesterol: 155mg",
    "Sodium: 632mg",
    "Potassium: 553mg",
    "Fiber: 3g",
    "Sugar: 5g",
    "Vitamin A: 982IU",
    "Vitamin C: 4mg",
    "Calcium: 83mg",
    "Iron: 3mg",
    ""
  ],
  "Comments": [
    "Veronika says:I added a bunch of shitake mushrooms and garlic and a minced habenero pepper for some kick, and about 1/3 of a cup of white wine to deglaze and cut through the creaminess  of the sauce. Everyone loved it and raved about the sauce at my dinner party.",
    "Maryann says:Amazing!!!  Everyone loved it.  I added carmalized onions and mushrooms. Served with a side of steamed broccoli.",
    "Rahul Yadav says:Swedish meatballs are so good! Need to try your version.",
    "Rickey Spivey says:I used your meatloaf recipe before, and now it’s the only recipe I use now. I’m going to try this scrupulous swedish meatballs and pasta recipe, in the meantime , my daughter posted two songs I wrote and recorded 20 years ago on YouTube “Rickey Spivey first time video. At 71, about time my skills are viewed, by the way, I’m a retired Texas Master Peace Officer who passion for cooking is still evolving. Thank you for all you do.",
    "Carey says:I did not take the time to make the meatballs.. I used frozen ?.. but! This sauce was perfect!! So simple, tasty and satisfying. Not to mention quick. Thanks for sharing!",
    "Ginger says:Delicious and easy comfort dish. Made this for first time last night and it was rich and scrumptious. The trick to this sauce is to cook the flour and butter until you obtain good caramel color before adding the broth. The meatballs were moist and tender but still held together nicely. Since my boyfriend doesn’t usually like a lot of sauce I kept the egg noodles separate to control the amount of sauce with each serving. He loved it so much he added more sauce to his second helping. So glad I doubled the recipe! Thanks",
    "Danielle says:What is the all spice ? Lol I love all your recipes I just made the creamy Tuscan garlic chicken for the second time last night 😉",
    "Anna says:The swedish “allspice” is more like bbq seasoning. Google Santa Maria Grillkrydda and you will see what I mean",
    "Carrie F says:This sauce is excellent! I can’t say much about the meatballs themselves, because I cheated and used pre-made/store-bought meatballs. But the sauce itself is so good that I couldn’t stop eating it. 😛 I used 2 Knorr brand beef bouillon cubes with 2 cups of water to make the beef broth. I also added a pinch of garlic powder to the sauce, which I think added a bit more flavor. Thank you for the wonderful recipe. I will definitely be making this again, and making it with the homemade meatballs next time. 😉 🙂",
    "Laura says:I am wondering how long to simmer the meatballs in the Swedish meatball recipe",
    "Alyssa Rivers says:I would recommend 5-6 minutes or until your next step is complete. Hope that helps! XOXO",
    "Tom says:I made this for the first time today. I’ve never made Swedish Meatballs before. This recipe is so good and so easy. I’m cooking for myself and my son cause my wife passed away last September and my son is a really picky eater and he loves it. Anyone know tries it should not change anything",
    "Monica says:Cannot wait to make this dish have made a lot of your recipes always so tasty"
  ]
}