{
  "URL": "https://therecipecritic.com/sweet-island-teriyaki-chicken/",
  "Summary": "A sweet teriyaki sauce infused with pineapple and ginger bringing such an amazing marinade for this chicken! A quick 30 minute meal that you will make again and again!",
  "Metadata": [
    "Prep Time:  5minutes",
    "Cook Time:  20minutes",
    "Total Time:  25minutes",
    "Servings:  4Servings"
  ],
  "Ingredients": [
    "4 small chicken breasts, about 2 pounds",
    "1 tablespoon olive oil",
    "salt and pepper",
    "¼ cup soy sauce",
    "½ cup brown sugar",
    "¼ cup crushed pineapple",
    "2 minced garlic cloves",
    "1 teaspoon ground ginger",
    "¼ teaspoon onion powder",
    "¼ teaspoon pepper",
    "1 teaspoon sesame seeds",
    "2 teaspoons cornstarch"
  ],
  "Instructions": [
    "In a medium-sized skillet heat the 1 tablespoon olive oil  over medium-high heat. season the 4 small chicken breasts, with salt and pepper and add them to the skillet.",
    "Cook the chicken for about 3 minutes on each side until lightly brown and cooked throughout (165 degrees). Remove the chicken and set aside on a plate.",
    "Add the ¼ cup soy sauce, ½ cup brown sugar, ¼ cup crushed pineapple, 2 minced garlic cloves, 1 teaspoon ground ginger, ¼ teaspoon onion powder, ¼ teaspoon pepper, 1 teaspoon sesame seeds, and 2 teaspoons cornstarch to the skillet and whisk. Cook over medium-high heat for about 3-4 minutes until it starts to thicken.",
    "Add the chicken back to the skillet and coat in the sauce. Serve over rice and desired toppings."
  ],
  "Nutrition": [
    "Calories: 422kcal",
    "Carbohydrates: 32g",
    "Protein: 50g",
    "Fat: 10g",
    "Saturated Fat: 2g",
    "Polyunsaturated Fat: 1g",
    "Monounsaturated Fat: 4g",
    "Trans Fat: 0.03g",
    "Cholesterol: 145mg",
    "Sodium: 1081mg",
    "Potassium: 940mg",
    "Fiber: 1g",
    "Sugar: 29g",
    "Vitamin A: 76IU",
    "Vitamin C: 5mg",
    "Calcium: 49mg",
    "Iron: 2mg",
    ""
  ],
  "Comments": [
    "Jessica says:The best teriyaki chicken I’ve ever made. I poured the sauce over each serving of chicken as I plated. I served it with white rice and broccoli.",
    "shirley says:I love this recipe. I can eat this once a week. I did make a change after first making exactly as you said.  I didn’t want to waste the leftover crushed pineapple so I added the total 8 oz can and just increased the cornstarch and add 1-1/2 teaspoons of fresh ginger root instead of the powder. That brighten up the ginger flavor. We make it all the time. I love serving this with good fresh cut pineapple, broccoli and green onions. It’s a winner!",
    "Donna White says:This dish was FABULOS !  I doubled it and served it over Coconut Ginger Rice.  It’s a favorite of ours aleady.",
    "Alyssa Rivers says:Oh, that sounds delicious!!",
    "G says:Delicious!  Absolutely a keeper recipe!",
    "Caren Vandervort says:One word, AMAZING!  I doubled the sauce and served alongside black beans and rice.  My son said it was like the Jack Daniel’s Chicken we used to get at Friday’s. I ate the leftovers for lunch then my son came downstairs and asked if there was any of that chicken left! Nope, Lol! ??? Can’t wait to try some of your other recipes. I had forgotten to save this one and had to search for it again. So glad I found you.☺",
    "Caren Vandervort says:Hi! Just stumbled upon your site. Trying this tonight! Do you drain the 1/4 cup of crushed pineapple? Thank you.☺",
    "Alyssa Rivers says:No.  Add the crushed pineapple with juice.  It makes the sauce amazing!",
    "Ashley Beckner says:Can you let the chicken marinate in sauce?",
    "Alyssa Rivers says:Yes, that sounds great! It will taste even better! XOXO",
    "Sue says:When do I add the sweet island teriyaki sauce  and how much?",
    "Dina says:It’s not a bottled sauce to add. It’s the actual sauce that is made using the ingredients mentioned.",
    "Susie says:U mentioned sweet island Teriyaki sauce. But when you go to make the marinade in the skillet. It doesn’t ask for the teriyaki sauce. Do you use the teriyaki sauce in the marinade with the soy sauce? If u do how much. This recipe looks very delicious.",
    "Alyssa Rivers says:Here is the Island Teriyaki Sauce part of the recipe:1/4 cup soy sauce1/2 cup brown sugar1/4 cup crushed pineapple2 Garlic Cloves, minced1 teaspoon ginger spice1/4 teaspoon onion powder1/4 teaspoon pepper1 teaspoon sesame seeds2 teaspoons cornstarchOptional toppings: green onions, pineapple chunks, sesame seeds",
    "Shawna Pitt says:This was delicious, thank you for such a quick and easy meal!  I doubled the sauce and threw in green peppers and pineapple and served with brown rice.",
    "Shawnna says:yummy! This looks really good!"
  ]
}