{
  "URL": "https://therecipecritic.com/sweet-spicy-bacon-chicken-bites/",
  "Summary": "Delicious chicken sweet and spicy chicken bites wrapped in bacon are sure to be a hit!",
  "Metadata": [
    "Prep Time:  20minutes",
    "Cook Time:  40minutes",
    "Total Time:  1hour",
    "Servings:  18Servings"
  ],
  "Ingredients": [
    "3 chicken breasts, cut into 1-inch pieces",
    "8 slices of bacon",
    "¾ cup brown sugar",
    "1 tablespoon chili powder",
    "1 teaspoon paprika",
    "½ teaspoon garlic powder",
    "salt and pepper, to taste",
    "optional garnish: sliced green onions."
  ],
  "Instructions": [
    "Preheat oven to 350 degrees. Prepare a baking sheet by lining it with aluminum foil and spraying it with cooking spray.",
    "Cut bacon in halves to thirds depending on how thick your chicken is. Wrap each piece of chicken with the bacon.",
    "In a small bowl add the chili powder, paprika, and garlic powder. In another small bowl add the brown sugar.",
    "Roll the bacon-wrapped chicken first in the spice mixture, and then in the brown sugar. Place on prepared baking sheet.",
    "Sprinkle with salt and pepper and remaining brown sugar (if any) and bake for 35-40 minutes until the bacon is crisp."
  ],
  "Nutrition": [
    "Calories: 110kcal",
    "Carbohydrates: 9g",
    "Protein: 9g",
    "Fat: 4g",
    "Saturated Fat: 1g",
    "Cholesterol: 29mg",
    "Sodium: 102mg",
    "Potassium: 177mg",
    "Fiber: 1g",
    "Sugar: 9g",
    "Vitamin A: 198IU",
    "Vitamin C: 1mg",
    "Calcium: 11mg",
    "Iron: 1mg"
  ],
  "Comments": [
    "Brandy says:Always had such luck with these…use swerve brown sugar sub and it is amazing.  Love it!!",
    "Courtney says:Has anyone tried these in an air fryer? Wondering how long and what temp?",
    "Alyssa Rivers says:Great idea! Let me know how they turn out!",
    "Danielle Lowe says:Totally delicious like Alllllll your recipes ! 😀 the store was sold out of chili powder so i used ancho chili powder still delicious !  I rolled the chicken in the spice first then wrapped it in bacon and did the brown sugar last it was awesome! Your my favorite i use ALLLLL your recipes ! Thank you ?",
    "Lesley says:This looks so amazing, but I’m cooking for someone doing keto…do you have any recommendation for a substitute for brown sugar that will be just as tasty? I would love to make these. Thanks 🙂",
    "Alyssa Rivers says:I have not been on the Keto diet yet. I like to use skinnytaste.com or myfitnesspal.com for any questions regarding nutrition. Hope you can find what you are looking for. Thanks for following along with me!",
    "Jean Hammer says:Oh, these were sooo good.  Even my husband liked them( he doesn’t always want to try something different). I cooked mine on the Traeger on a mesh mat, so they weren’t sitting in the grease. OMG.",
    "Connie says:Can you freeze these also, after cooking them?",
    "Sandy Molinaro says:Raw or cooked chicken",
    "Carly Campbell says:Amazing! 5 stars. I only used 1/2 the sugar and was glad. This is the recipe by which I will judge all other bacon wrapped chicken recipes.",
    "Terri Dvais says:I cooked them on a cookie cooling rack inside a pan with sides and all the bacon fat dripped below.  Delish!!!",
    "Valerie Clark says:I would partially cook the bacon to remove some of the grease.",
    "Carolyn Yarbrough says:It doesn’t appear that you officially rated this recipe!!  ; )  I am making these to take to a party tomorrow and am thankful for your share!!",
    "Wendy says:How do you keep the bacon from falling off the chicken when you wrap them?  Especially  when you toss them in the seasoning afterwards.   Thanks 🙂",
    "Alyssa says:I was able to wrap them so they overlapped a bit…  but you can also put a toothpick through the center.",
    "Carole from Carole's Chatter says:Hi Alyssa, great bacon dish!  How about adding it to the Food on Friday: Bacon collection over at Carole’s Chatter?  Cheers",
    "Nicole ~ Cooking for Keeps says:Bacon wrapped ANYTHING could never be wrong! What a perfect app!",
    "Teresa says:These look so wonderful. I’m sure they’d be great for tailgating, but I’d enjoy these for dinner as well! 🙂",
    "Matt Robinson says:The perfect game day appetizers, love these!"
  ]
}