{
  "URL": "https://therecipecritic.com/sweet-and-sour-sauce/",
  "Summary": "Sweet and sour sauce is perfectly tangy and zesty! It will add a delicious flavor to just about anything and will only take you 10 minutes to make! ",
  "Metadata": [
    "Prep Time:  5minutes",
    "Cook Time:  10minutes",
    "Total Time:  15minutes",
    "Servings:  16ounces"
  ],
  "Ingredients": [
    "1 (6-ounce) can pineapple juice",
    "¼ cup rice vinegar",
    "½ cup brown sugar",
    "¼ cup ketchup",
    "3 tablespoons soy sauce",
    "2 tablespoons water",
    "1 tablespoon cornstarch"
  ],
  "Instructions": [
    "In a saucepan over medium-high heat, whisk together the 1 (6-ounce) can pineapple juice, ¼ cup rice vinegar, ½ cup brown sugar, ¼ cup ketchup, and 3 tablespoons soy sauce. Cook for 1-2 minutes, until the sugar is dissolved.",
    "In a small bowl whisk together the 2 tablespoons water and 1 tablespoon cornstarch to make a slurry.",
    "Add the cornstarch slurry to the saucepan and whisk it in. Bring the sauce to a simmer, then reduce to medium-low.",
    "Continue cooking and whisking for about 5 minutes until it thickens slightly. Remove the sauce from heat and allow it to cool. Note that it will thicken more as it cools."
  ],
  "Nutrition": [
    "Calories: 35kcal",
    "Carbohydrates: 8g",
    "Protein: 0.4g",
    "Fat: 0.01g",
    "Saturated Fat: 0.001g",
    "Polyunsaturated Fat: 0.003g",
    "Monounsaturated Fat: 0.001g",
    "Sodium: 225mg",
    "Potassium: 27mg",
    "Fiber: 0.04g",
    "Sugar: 8g",
    "Vitamin A: 19IU",
    "Vitamin C: 0.2mg",
    "Calcium: 7mg",
    "Iron: 0.1mg",
    ""
  ],
  "Comments": [
    "Stephanie Davis says:I never leave recipe reviews but OMG this was SOOO good and so easy!! I didn’t have rice vinegar so I substituted equal parts of apple cider vinegar!! I will be making this from now on when I want sweet and sour sauce!",
    "Alyssa Rivers says:Aww, thank you so much for taking the time to leave a comment! It makes all the work worth it when I read comments like yours. Thank you! I’m so glad you like it!",
    "Theresa says:This is a very good sweet and sour sauce. I have made it several times. And keep coming back to it! Thanks for the recipe.",
    "Alyssa Rivers says:Thank you for taking the time to come back and leave a review and a comment. I really appreciate it. I’m glad you like it!",
    "David Bontreger says:How about bottled pineapple juice?  I buy the bottled stuff just to drink sometimes.  Would that be ok to use?",
    "AJjohnson says:Love your sweet & sour sauce recipe. To me no matter how I make this recipe it comes out perfect. Thank you",
    "Michelle Olson says:Delicious! The best sweet and sour sauce ever. Family loves it. 5 stars!",
    "Ingrid says:I like to add 3 garlic cloves, grated ginger and Franks Hot Sauce as well as cubed can pineapple.  So tasty.",
    "Sarah says:It was delicious! I liked it better than most Chinese sweet sauce. It’s hard to find good sauce. I only had a can of pineapple with mango (drink) I thought it would taste odd but it was so good! Can’t wait to try another sauce from you.",
    "Lynn says:If allergic to pineapple do you think apple juice will work",
    "Alyssa Rivers says:That should work fine!",
    "Jovalle Puhrmann says:Excellent recipe as is… But I like garlic. So I added 1/8 of a teaspoon in the finished sauce. ?",
    "Carlos L. says:When you list the nutritional values of the sweet & sour sauce are the quantities listed per SERVING? and WHAT SIZE? This breakdown would always be helpful.Thank you.",
    "Alyssa Rivers says:Hello! These nutritional values are just estimates (because there are a wide variety of brands, etc that can be used in this recipe) but a suggested serving size is 2 Tablespoons.",
    "Brynlds says:It was very delicious.  I’m gonna reduce the ketchup and use white sugar next time.",
    "Clara Brown says:I haven’t made this yet.  I’d like to make it to have on hand in the fridge when needed.  How long will this keep or could it be canned?  And how Since it has pineapple in it if it could be canned.",
    "Alyssa Rivers says:This sweet and sour sauce can last in a jar or an airtight container in your fridge for about 2 weeks!",
    "Doug Hartley says:Easy to make and was deliciousDelicious ?",
    "Sara K. says:Couldn’t find any pre-made sauce at the grocery. All I had to buy extra was pineapple chunks (juice was enough for the sauce), rice vinegar & soy sauce. Whipped up a double batch for an office luncheon. It was enough to cover 128 1″ meatballs. At the end, there was 1 meatball left, so it was definitely a hit!",
    "Leticia says:Love that flavor came out really delicious ty",
    "Victoria RosaSoto says:I can’t wait to try your recipe."
  ]
}