{
  "URL": "https://therecipecritic.com/sweet-potato-bread/",
  "Summary": "This sweet potato bread is perfect for sweater weather with its warming spices and delicious soft texture. It's similar to pumpkin bread and no mixer is required, making this bread quick, easy, and super satisfying!",
  "Metadata": [
    "Prep Time:  20minutes",
    "Cook Time:  1hour",
    "Total Time:    1hour20minutes",
    "Servings:  8Slices"
  ],
  "Ingredients": [
    "1 Cup Brown Sugar packed",
    "½ Cup Vegetable Oil",
    "2 Eggs",
    "1 ¾ Cup All-purpose flour",
    "1 Teaspoon Baking Soda",
    "¼ teaspoon Baking Powder",
    "¼ Teaspoon Salt",
    "¾ Teaspoon Ground Cinnamon",
    "½ Teaspoon Ground Nutmeg",
    "¼ Teaspoon Ground Cloves",
    "1/3 Cup Milk",
    "1 Cup cooked and mashed sweet potatoes cooled"
  ],
  "Instructions": [
    "Preheat the oven to 350℉ and spray a 9×5 bread pan with pan spray. Set aside.",
    "If your sweet potatoes are not already cooked, boil a medium pot of water and add peeled and chopped sweet potatoes. Boil for 12 minutes until fork tender. Drain and let cool before mashing or running through a potato ricer.",
    "In a large bowl combine the brown sugar and oil. Add the eggs and mix until just combined.",
    "In a medium bowl add the flour, baking soda, baking powder, salt, cinnamon, nutmeg, and cloves. Whisk to combine.",
    "Add the dry ingredients to the sugar mixture alternating with the milk, starting and ending with the flour. Gently stir in the mashed sweet potatoes.",
    "Add the batter to the prepared bread pan and bake for 50-60 minutes, until a toothpick comes out clean from the center. Let cool completely before slicing."
  ],
  "Nutrition": [
    "Calories: 242kcal",
    "Carbohydrates: 52g",
    "Protein: 5g",
    "Fat: 2g",
    "Saturated Fat: 1g",
    "Polyunsaturated Fat: 0.3g",
    "Monounsaturated Fat: 1g",
    "Trans Fat: 0.004g",
    "Cholesterol: 42mg",
    "Sodium: 247mg",
    "Potassium: 167mg",
    "Fiber: 1g",
    "Sugar: 28g",
    "Vitamin A: 2435IU",
    "Vitamin C: 0.4mg",
    "Calcium: 59mg",
    "Iron: 2mg",
    ""
  ],
  "Comments": [
    "Rin says:This is so delicious and moist! Not overpoweringly sweet either, would be great with a little cream cheese icing 🙂",
    "Joyce says:i echo some of the other reviewers.  I had a half of a large sweet potato left over from Thanksgiving and on a whim, I decided to see if there was such a thing as sweet potato bread.  After all, there is sweet potato pie!  I am so glad I found your recupe.This is the best quick bread I have EVER made and I have made a lot.  Thanks for the recipe. I’ll be using more of yours!",
    "Robin says:Great recipe for sweet potato bread! Thanks for sharing ❤️",
    "Heather Stalker says:Delicious!  I could eat the whole loaf.",
    "Alyssa Rivers says:Oh I definitely have before. ? So happy you liked the recipe!",
    "Dr. J. says:Can we use gluten free flour & olive oil? If so, how much gluten free flour ?",
    "Nancy says:The sweet potato bread is by far the Best G D quick bread I have ever had!   Just enough spices for a nice flavor and very moist smooth quick bread Thank You I will be making this again!!!! Nancy Granville New York",
    "Alyssa Rivers says:Yes! I agree! Thanks for making it and taking the time to write a review!!",
    "K.D. says:Can I use different pans? What about a cake pan or a cup cake pan?",
    "Alyssa Rivers says:You can but the baking time would change depending on the type of pan that is used.",
    "Topaz says:This turned out swell ❣️ I truly appreciate your info with Raw sweet potato prep, that was my hangup.My first batch was your directions to the “T” my next batch included pecans, still yummy.Thank you",
    "Janice Borba says:This recipe sounds REALLY good. I have a question. Can I use canned Sweet Potato puree?",
    "Alyssa Rivers says:I haven’t tried that before but I would imagine that would work fine! Let me know if you try it and how it works out!"
  ]
}