{
  "URL": "https://therecipecritic.com/sweet-and-sour-meatballs/",
  "Summary": "Soft, juicy meatballs tossed in a delicious sweet and sour sauce with bell peppers and onions.",
  "Metadata": [
    "Prep Time:  15minutes",
    "Cook Time:  20minutes",
    "Total Time:  35minutes",
    "Servings:  6people"
  ],
  "Ingredients": [
    "½ pound beef mince",
    "½ pound pork mince",
    "1 finely minced onion",
    "¾ cup breadcrumbs",
    "1 whisked egg",
    "½ teaspoon garlic powder",
    "½ teaspoon paprika",
    "¾ teaspoon salt",
    "½ teaspoon pepper",
    "½ cup apple cider vinegar",
    "½ cup pineapple juice",
    "¼ cup sugar",
    "2 tablespoons ketchup",
    "1 tablespoon soy sauce",
    "1 tablespoon sriracha",
    "1 teaspoon cornstarch",
    "½ cup water",
    "2 teaspoons oil",
    "½ cup diced red bell pepper",
    "½ cup diced yellow bell pepper",
    "1 cup diced onion"
  ],
  "Instructions": [
    "Preheat the oven to 500 degrees Fahrenheit. Line a baking sheet with parchment paper.",
    "In a large bowl, mix together the ½ pound beef mince, ½ pound pork mince, 1 finely minced onion, ¾ cup breadcrumbs, 1 whisked egg, ½ teaspoon garlic powder, ½ teaspoon paprika, ¾ teaspoon salt, and ½ teaspoon pepper.",
    "Scoop the meatball mixture out into 2 tablespoons-sized balls and roll. Place the mataballs on the baking sheet and spray or brush them with a little oil",
    "Bake for 15 minutes, until they are fully cooked, rotating the meatballs halfway through.",
    "In another bowl, whisk together the ½ cup apple cider vinegar, ½ cup pineapple juice, ¼ cup sugar, 2 tablespoons ketchup, 1 tablespoon soy sauce, 1 tablespoon sriracha, 1 teaspoon cornstarch, and ½ cup water.",
    "Once the meatballs are cooked, heat the 2 teaspoons oil in a skillet over high heat and add the ½ cup diced red bell pepper, ½ cup diced yellow bell pepper, and 1 cup diced onion. Cook for two minutes then add the meatballs and sauce.",
    "Reduce the heat to low and simmer the meatballs and vegetables in the sauce. The sauce should start to thicken. Simmer for another 4-5 minutes and remove from heat. Thin the sauce with a little water if required. Serve hot."
  ],
  "Nutrition": [
    "Calories: 352kcal",
    "Carbohydrates: 29g",
    "Protein: 17g",
    "Fat: 19g",
    "Saturated Fat: 6g",
    "Polyunsaturated Fat: 2g",
    "Monounsaturated Fat: 8g",
    "Trans Fat: 0.5g",
    "Cholesterol: 81mg",
    "Sodium: 722mg",
    "Potassium: 438mg",
    "Fiber: 2g",
    "Sugar: 15g",
    "Vitamin A: 570IU",
    "Vitamin C: 46mg",
    "Calcium: 61mg",
    "Iron: 2mg",
    ""
  ],
  "Comments": [
    "Crystal says:This was a great recipe. However, I think there is a bit too much apple cider vinegar because it is super tangy! I can handle tang like that but my father and husband don’t care for it so strong. Other than. That it was incredible. The only reason I marked it down a star is because of the sour.",
    "Peter says:I made this : my family was exhilarated. Thank you for this great recipe!",
    "Akhil M says:Wow, I’m already drooling. Thanks a ton for this recipe. I’m sharing this to my colleagues. 🙂",
    "Ruby Caina says:Thanks for sharing this recipe! I made this today, did every step, I had all the ingredients except for Sriracha, but it still turned out so good!"
  ]
}