{
  "URL": "https://therecipecritic.com/sweet-and-savory-bacon-wrapped-shrimp/",
  "Summary": "Bacon-wrapped shrimp coated in a sweet and savory glaze and broiled to perfection. The perfect easy appetizer or main course!",
  "Metadata": [
    "Prep Time:  15minutes",
    "Cook Time:  10minutes",
    "Total Time:  25minutes",
    "Servings: 4"
  ],
  "Ingredients": [
    "16 extra large shrimp",
    "8 slices bacon",
    "5 tablespoons maple syrup",
    "3 tablespoons soy sauce",
    "1 teaspoon chili powder",
    "salt and pepper to taste",
    "1 tablespoon chopped parsley",
    "cooking spray"
  ],
  "Instructions": [
    "Preheat the oven to 400 degrees. Line a sheet pan with foil and coat with cooking spray.",
    "Lay the slices of bacon out in a single layer on the pan.",
    "Bake for 8-10 minutes or until bacon is partially cooked.",
    "Cool for 5 minutes, then cut each slice of bacon in half crosswise.",
    "While the bacon is cooking, whisk together the maple syrup, soy sauce, chili powder, and salt and pepper to taste in a medium bowl.",
    "Remove 2 tablespoons of the marinade and reserve for later use.",
    "Place the shrimp in the bowl and toss to coat in the marinade. Cover the bowl and chill; marinate for at least 10 minutes or up to 8 hours.",
    "Preheat the broiler. Coat a sheet pan with cooking spray.",
    "Wrap one piece of bacon around each shrimp and secure with a toothpick.",
    "Place the shrimp in the oven and broil for 5 minutes, or until shrimp is pink and bacon is crispy.",
    "Flip the shrimp and broil for 1-2 minutes more on the other side.",
    "Remove from oven and brush with reserved marinade. Sprinkle with parsley and serve immediately."
  ],
  "Nutrition": [
    "Calories: 284kcal",
    "Carbohydrates: 18g",
    "Protein: 12g",
    "Fat: 18g",
    "Saturated Fat: 6g",
    "Cholesterol: 90mg",
    "Sodium: 1242mg",
    "Potassium: 201mg",
    "Fiber: 1g",
    "Sugar: 15g",
    "Vitamin A: 165IU",
    "Vitamin C: 1mg",
    "Calcium: 65mg",
    "Iron: 1.1mg"
  ],
  "Comments": [
    "Melanie says:Are these directions for raw shrimp or cooked? Because I have raw shrimp.",
    "Alyssa Rivers says:Hi Melanie, this is for raw shrimp! Let me know how they turn out!",
    "Janis says:Can I cook this on the grill, outside this summer?",
    "Alyssa Rivers says:Definitely! It would be perfect for that!",
    "Dena says:So delicious!!! This one is definitely going in the rotation. I used wild-caught Argentinian shrimp and thick cut bacon from Costco. The only change I made was adding a little Sriracha on top before broiling.",
    "Nardra says:I’d love to try this with thick cut bacon & medium shrimps since that’s all I have currently. Will this recipe still work ?",
    "Alyssa Rivers says:Yes, it will still work!",
    "Teresa S Black-Ramsey says:trying the recipe for the first time and wanted to know if it broil on high or low?",
    "Alyssa Rivers says:Broil on high.",
    "Linda Walker says:Really good recipe!!",
    "Karen says:What kind of shrimp? The kind that is frozen in a bag or raw shrimp from the deli area. I see that the tails are left on.",
    "Alyssa Rivers says:You can use either but the shrimp need to be thawed before using them in this recipe. Let me know how you like it!",
    "Jane says:Once the shrimp are wrapped with precooked bacon could you “broil” in air fryer?  Timeing?",
    "Alyssa Rivers says:If you want to cook shrimp in the air fryer, try out this recipe: Perfect 10 minute Air Fryer Shrimp",
    "Shawnna Griffin says:hey girl- this looks so yummy! I love shrimp!"
  ]
}