{
  "URL": "https://therecipecritic.com/sweet-and-sour-shrimp/",
  "Summary": "Sweet and Sour Shrimp is a quick Chinese meal made all in on pot! Succulent seafood is stir-fried with bell peppers, zucchini, pineapple and then tossed in a tangy honey sauce.",
  "Metadata": [
    "Prep Time:  5minutes",
    "Cook Time:  10minutes",
    "Total Time:  15minutes",
    "Servings: 4"
  ],
  "Ingredients": [
    "½ cup honey",
    "⅓ cup rice vinegar",
    "1 tablespoon soy sauce",
    "3 tablespoons tomato paste",
    "3 tablespoons pineapple juice",
    "1 tablespoon cornstarch",
    "2 tablespoons water",
    "1 pound peeled and deveined shrimp",
    "½ teaspoon kosher salt",
    "¼ teaspoon black pepper",
    "2 tablespoons vegetable oil, divided",
    "½ teaspoon sesame oil",
    "1 cup diced red bell pepper, ¾-inch pieces",
    "1 cup sliced zucchini, ¼-inch slices",
    "2 teaspoons minced garlic",
    "1 teaspoon minced ginger",
    "1 cup pineapple chunks",
    "1 tablespoon sliced green onion",
    "¼ teaspoon sesame seeds"
  ],
  "Instructions": [
    "Whisk together ½ cup honey, ⅓ cup rice vinegar, 1 tablespoon soy sauce, 3 tablespoons tomato paste, and 3 tablespoons pineapple juice in a medium bowl. Whisk together 1 tablespoon cornstarch and 2 tablespoons water in a separate small bowl.",
    "Dry the 1 pound peeled and deveined shrimp with paper towels. Combine shrimp with ½ teaspoon kosher salt and ¼ teaspoon black pepper in a medium bowl.",
    "Heat a wok or large saute pan over medium-high heat. Add HALF of the 2 tablespoons vegetable oil, and the ½ teaspoon sesame oil.",
    "Once the oil is hot, add the shrimp in a single layer and do not move for 1 minute. Stir and cook for another 30 seconds until the shrimp is opaque and pink. Transfer the cooked shrimp to a clean plate.",
    "Add the remaining vegetable oil to the pan and heat. Once the oil is hot, add the 1 cup diced red bell pepper, and 1 cup sliced zucchini,. Cook for 2 minutes, stirring frequently.",
    "Add in the 2 teaspoons minced garlic and 1 teaspoon minced ginger, stir-fry for 30 seconds. Add in the 1 cup pineapple chunks and stir-fry for another 30 seconds.",
    "Pour the sweet and sour sauce over the vegetables and pineapple, stir, and cook until simmering, 2 minutes.",
    "Gradually whisk the cornstarch mixture into the sauce and stir constantly until the sauce is thickened, 30 seconds.",
    "Add the cooked shrimp back to the pan, stir to combine, and cook until shrimp are warmed through, 2 minutes.",
    "Serve sweet and sour shrimp garnished with 1 tablespoon sliced green onion and ¼ teaspoon sesame seeds."
  ],
  "Nutrition": [
    "Calories: 359kcal",
    "Carbohydrates: 55g",
    "Protein: 18g",
    "Fat: 9g",
    "Saturated Fat: 1g",
    "Polyunsaturated Fat: 4g",
    "Monounsaturated Fat: 2g",
    "Trans Fat: 0.1g",
    "Cholesterol: 143mg",
    "Sodium: 1287mg",
    "Potassium: 542mg",
    "Fiber: 3g",
    "Sugar: 48g",
    "Vitamin A: 1661IU",
    "Vitamin C: 64mg",
    "Calcium: 95mg",
    "Iron: 1mg",
    ""
  ],
  "Comments": [
    "Tina Giakoumis says:Everyone loved this recipe! I did adjust the honey (1/3 cup) and tomato paste (2Tbsp)down based on previous reviews and it came out perfect!",
    "Frederic Kahler says:This is a very nice recipe. I really appreciated the tip of cooking the shrimp first and not touching it for one minute.But I felt 3 TBS of tomato past was too much and left the dish tasting like a ketchup concoction. I did have extra pineapple juice to help this out. Otherwise, a fine dish.",
    "Carrie says:Not a big fan of the recipe. Doesn’t taste authentic. I’ve made sweet and sour sauce a lot of times before and this is quite different. The measurements for the sauce seem a bit off and instead I think using ketchup and white vinegar would have a more authentic taste. I grew up in Hong Kong so I know how sweet and sour sauce should be like. Quite disappointed!",
    "Halime Ertugrul says:Any substitute for rice vinegar?",
    "Alyssa Rivers says:You can try using apple cider vinegar or white wine vinegar instead!",
    "star says:Needs more flavor. Add an onion or more salt, + red pepper flakes.",
    "Ruxandra says:Exactly! Either it’s too much honey or not enough saltiness. I had to double the soy sauce, add more salt, added an onion and still it wasn’t what I was hoping for.",
    "Lois J Lehmkuhl says:I had homemade peach jam that I substituted for the honey; the ham was a little on the loose side.. It worked very well. I added green onions as well.",
    "Lisa Creuzer says:Followed to the letter except I added onion. Doubled everything.  Fed 10 ppl. So good. It was delicious! Thank you!",
    "T love says:Awesome. Amazing and just great. My entire family loved but I substituted chicken for shrimp for half the recipe for my kids. U can add some broccoli florets too that makes it great-ER!",
    "Indiomonk says:Love the recipe! I served this tonight for 4 and everyone said it was great. I thought it was a little sweet and needed a little more sour. I am going to add a little more vinegar next time and see if that helps. I served this over steamed white rice.",
    "Johanna says:Delicious and reminds me of what I used to have as a child, thank you!!",
    "Maxine says:Really delicious. Doubled the ginger.",
    "Bunny says:Made this tonight and it is a keeper.  Had everything I needed except zucchini so added thinly sliced sweet onion, a little more green pepper and a sprinkle of red pepper flakes. Next time I think I will add snow peas.",
    "Helene says:Although a good and easy recipe to make I found it too sweet. I will try it again, however next time I will cut the amount of honey in half.",
    "Helene says:Easy recipe to make, however I found it very sweet, too sweet. Next time I make it I will cut the honey in half.",
    "OlgaPapaG says:This was delicious!! I made it tonight and WOW!!Great recipe!!Thank you!I have a youtube channel on food and i haven’t posted in a while but this is a definitely perfect recipe, I Love it!! I would love to cook this on my channel to give you a shout out. It was a really delicious thank you!!I love pineapple but I did not have any cans of pineapple all I had were the little snack pears that my kids eat so I used the juice of pears and then I added the pear instead of the pineapple it worked great!",
    "John Mitchell says:Awesome sauce! Been playing with these recipes for years, same concept with pork and chicken, a wok is what really makes it happen with high heat. My question though is what is the deal with shrimp tails? On or off seing so many recipes with tails on and I don’t see these dishes as finger food dishes????",
    "Alyssa Rivers says:It is more of a presentation in the photo but I have heard it is best to cook with the tails on."
  ]
}