{
  "URL": "https://therecipecritic.com/sweet-and-sour-wings/",
  "Summary": "These sweet and sour wings are the perfect appetizer to serve for your next party, game day, or after-school snack. They are baked to crispy perfection and then doused in a sticky, sweet, and sour sauce. ",
  "Metadata": [
    "Prep Time:  25minutes",
    "Cook Time:  45minutes",
    "Total Time:    1hour10minutes",
    "Servings:  5servings"
  ],
  "Ingredients": [
    "2 ½ pounds chicken wings and drumettes",
    "1 ½ teaspoons baking powder",
    "1 teaspoon kosher salt",
    "1 6-ounce can pineapple juice",
    "¼ cup rice vinegar",
    "½ cup brown sugar",
    "¼ cup ketchup",
    "3 tablespoons soy sauce",
    "2 tablespoons cornstarch",
    "2 tablespoons water"
  ],
  "Instructions": [
    "Preheat the oven to 400 degrees Fahrenheit and line a baking sheet with foil or parchment paper. Place a baking rack on top of the baking sheet and spray lightly with pan spray. Set aside.",
    "Pat the 2 ½ pounds chicken wings and drumettes dry with paper towels before adding them to a large bowl. Add 1 ½ teaspoons baking powder and 1 teaspoon kosher salt and toss until they are evenly coated.",
    "Arrange the wings on the prepared baking rack, making sure they don’t touch each other. Bake for 30-35 minutes, until the outside is crispy and golden and the inside reaches 165 degrees Fahrenheit.",
    "While the wings bake, add 1 6-ounce can pineapple juice, ¼ cup rice vinegar, ½ cup brown sugar, ¼ cup ketchup, and 3 tablespoons soy sauce to a small saucepan and whisk to combine. Heat over medium-high heat until simmering.",
    "In a small bowl combine 2 tablespoons cornstarch and 2 tablespoons water to make a slurry. Whisk into the sauce. Reduce the heat to medium-low and simmer for about 5 minutes, until the sauce has thickened. Turn off the heat.",
    "Once the wings are done baking, transfer them to a large, heat-safe bowl and pour over about ⅔ of the sauce. Toss to combine.",
    "Serve the wings immediately with the extra sauce on the side for dipping."
  ],
  "Nutrition": [
    "Calories: 408kcal",
    "Carbohydrates: 33g",
    "Protein: 24g",
    "Fat: 20g",
    "Saturated Fat: 5g",
    "Polyunsaturated Fat: 4g",
    "Monounsaturated Fat: 8g",
    "Trans Fat: 0.2g",
    "Cholesterol: 94mg",
    "Sodium: 1275mg",
    "Potassium: 443mg",
    "Fiber: 0.2g",
    "Sugar: 27g",
    "Vitamin A: 243IU",
    "Vitamin C: 5mg",
    "Calcium: 95mg",
    "Iron: 2mg",
    ""
  ],
  "Comments": []
}