{
  "URL": "https://therecipecritic.com/sweet-and-sour-pork/",
  "Summary": "This sensational Sweet and Sour Pork is everything you want in take out, only better!  You are going to love the succulent pork combined with the most incredible sauce!",
  "Metadata": [
    "Prep Time:  10minutes",
    "Cook Time:  20minutes",
    "Total Time:  30minutes",
    "Servings:  4people"
  ],
  "Ingredients": [
    "oil for frying",
    "1 pound pork tenderloin cut into one inch pieces",
    "salt and pepper",
    "1/2 cup cornstarch",
    "1 red bell pepper cut into one inch pieces",
    "1 green bell pepper cut into one inch pieces",
    "1 small onion cut into one inch pieces",
    "1 {15 ounce can} pineapple chunks, drained",
    "2/3 cup granulated sugar",
    "4 tablespoons ketchup",
    "1/4 cup white vinegar",
    "1/4 cup apple cider vinegar",
    "1 tablespoon low sodium soy sauce",
    "1 teaspoon garlic salt",
    "1 Tablespoon Cornstarch",
    "sesame seeds and chopped green onions for garnish."
  ],
  "Instructions": [
    "In a large skillet add the oil about one inch high in the pan and heat to 350 degrees.",
    "Salt and Pepper the pork and toss in the cornstarch.<img decoding=\"async\" width=\"500\" height=\"334\" src=\"https://therecipecritic.com/wp-content/uploads/2021/04/sweetandsourporkhowto-500x334.jpg\" class=\"attachment-medium size-medium\" alt=\"\" srcset=\"https://therecipecritic.com/wp-content/uploads/2021/04/sweetandsourporkhowto-500x334.jpg 500w, https://therecipecritic.com/wp-content/uploads/2021/04/sweetandsourporkhowto-400x267.jpg 400w, https://therecipecritic.com/wp-content/uploads/2021/04/sweetandsourporkhowto.jpg 1000w\" sizes=\"(max-width: 500px) 100vw, 500px\" />",
    "Add the pork to the oil and cook until golden and crispy about 3-4 minutes.  Remove and set aside on a plate.<img decoding=\"async\" width=\"500\" height=\"334\" src=\"https://therecipecritic.com/wp-content/uploads/2021/04/sweetandsourporkhowto2-500x334.jpg\" class=\"attachment-medium size-medium\" alt=\"\" srcset=\"https://therecipecritic.com/wp-content/uploads/2021/04/sweetandsourporkhowto2-500x334.jpg 500w, https://therecipecritic.com/wp-content/uploads/2021/04/sweetandsourporkhowto2-400x267.jpg 400w, https://therecipecritic.com/wp-content/uploads/2021/04/sweetandsourporkhowto2.jpg 1000w\" sizes=\"(max-width: 500px) 100vw, 500px\" />",
    "In a large skillet add the olive oil, bell pepper and onion and sauté until tender.",
    "In a small bowl whisk the sugar, ketchup, vinegar, soy sauce, salt and cornstarch.",
    "Add the pork and pineapple back to the skillet with the peppers and pour the sauce on top.  Let simmer until heated through.  Garnish with sesame seeds and green onions.<img decoding=\"async\" width=\"500\" height=\"387\" src=\"https://therecipecritic.com/wp-content/uploads/2021/04/sweetandsourporkhowto3-500x387.jpg\" class=\"attachment-medium size-medium\" alt=\"\" srcset=\"https://therecipecritic.com/wp-content/uploads/2021/04/sweetandsourporkhowto3-500x387.jpg 500w, https://therecipecritic.com/wp-content/uploads/2021/04/sweetandsourporkhowto3-400x310.jpg 400w, https://therecipecritic.com/wp-content/uploads/2021/04/sweetandsourporkhowto3.jpg 999w\" sizes=\"(max-width: 500px) 100vw, 500px\" />"
  ],
  "Nutrition": [
    "Calories: 381kcal",
    "Carbohydrates: 59g",
    "Protein: 25g",
    "Fat: 4g",
    "Saturated Fat: 1g",
    "Trans Fat: 1g",
    "Cholesterol: 74mg",
    "Sodium: 916mg",
    "Potassium: 653mg",
    "Fiber: 2g",
    "Sugar: 39g",
    "Vitamin A: 1121IU",
    "Vitamin C: 64mg",
    "Calcium: 22mg",
    "Iron: 2mg",
    ""
  ],
  "Comments": [
    "Tammy Hartman says:I don’t eat pork and am wondering what part of the chicken I could substitute it with?",
    "Alyssa Rivers says:Hi Tammy, thank you for the question. Chicken breast or thigh would work! You could check out this sweet and sour chicken recipe as well.",
    "Angela Hamilton says:This was fantastic!!!! My husband who hates Chinese food loved it!! This recipe is a keeper.",
    "Allison says:Made this tonight and it is very good.  The only change that I will make next time is adding carrots.  Other than that nothing else.",
    "Jen says:It was so sweet we could hardly eat this. I even tried adding chicken broth to dilute it. I think next time I will omit the sugar and just use the pineapple juice alone to sweeten.",
    "Dawn says:Really good! Made this last night for 2 and there is about 1 cup left! Will heat it up for lunch. Going into my recipe rotation ?.  Thank you!"
  ]
}