{
  "URL": "https://therecipecritic.com/sweet-and-spicy-dr-pepper-pulled-pork/",
  "Summary": "Delicious sweet and spicy pork that is so easy to throw into the crockpot!",
  "Metadata": [
    "Prep Time:  10minutes",
    "Slow Cooker:  4hours",
    "Total Time:    4hours10minutes",
    "Servings:  8Servings"
  ],
  "Ingredients": [
    "1 large onion",
    "1 whole pork shoulder,  5-7 Pounds",
    "1 (11-ounce) can chipotle peppers In adobo sauce",
    "2 (12-ounce) cans Dr. Pepper",
    "¼ cup brown sugar",
    "salt and pepper to taste",
    "shredded lettuce",
    "cheese",
    "avocado",
    "salsa",
    "cilantro"
  ],
  "Instructions": [
    "Cut onion in slices and line the bottom of the crockpot. Lay the pork shoulder on top. Sprinkle pork with brown sugar and salt and pepper.",
    "Pour the can of chipotle peppers on top of the pork and pour both cans of Dr Pepper on top.",
    "Turn the crockpot on LOW and cook for 4-6 hours. Remove pork from the slow cooker and shred.",
    "Return the shredded pork to the crockpot and allow it to heat through. Serve on tortillas and top with your favorite toppings."
  ],
  "Nutrition": [
    "Calories: 276kcal",
    "Carbohydrates: 18g",
    "Protein: 27g",
    "Fat: 10g",
    "Saturated Fat: 3g",
    "Cholesterol: 93mg",
    "Sodium: 124mg",
    "Potassium: 501mg",
    "Fiber: 1g",
    "Sugar: 17g",
    "Vitamin A: 8IU",
    "Vitamin C: 2mg",
    "Calcium: 28mg",
    "Iron: 2mg"
  ],
  "Comments": [
    "Susie says:OK… just opened this can of chipotle peppers in adobe sauce… this stuff is HOT!!!  I’m kind of scared to put this in my crock pot… how can I make this chipotle seasoning without it?  You think I can omit the peppers in the sauce and dump the leftover sauce in, without being too hot?  Gosh, I have a 9yo, 5yo and 19mo old eating this with us lol, not sure how to make this work now that I’m ready to put this in the crock!",
    "Alyssa says:Yes a little chipotle pepper goes A LONG way!  Haha  I would just add less to it if you are worried about the heat with kids. 🙂",
    "Jennifer says:Just made this tonight and was delicious!!! We used pork chops, and i’m not a fan of ‘pulled’ texture so just had big pieces of the pork with onions and peppers on crusty hot french rolls. it was sooooo good!The juice left over is so good, wondering is there anything i could do with it instead of throw it out? make bbq sauce?",
    "Stephani says:Is it ok to use pork leg roast?",
    "Jill Messier says:I am cooking this now, looks really good!  I changed it a bit and added green peppers and chipotle seasoning since I couldn’t find the peppers in the recipe!  Looking forward to dinner!",
    "Rochelle @ Oh So Sweet Baker says:This sounds amazing. I love me some DR Pepper and I love me some pork so this together is a no brainer",
    "Ash-foodfashionparty says:These look super good.",
    "Angie says:This looks Amazing! Do you think it would be okay to use a beef roast?",
    "Alyssa says:Yep I am sure beef would work just as well! 🙂",
    "Christina @ The Beautiful Balance says:This will easily become my boyfriends favorite recipe."
  ]
}