{
  "URL": "https://therecipecritic.com/sweet-and-spicy-bacon-chicken/",
  "Summary": "I loved this recipe because most of the chicken I make has some kind of marinade.",
  "Metadata": [
    "Prep Time:  10minutes",
    "Cook Time:  30minutes",
    "Total Time:  40minutes",
    "Servings:  12Pieces"
  ],
  "Ingredients": [
    "4 chicken breasts cut in thirds 12 pieces",
    "Bacon slices",
    "salt and pepper to taste",
    "garlic powder",
    "chili powder",
    "brown sugar"
  ],
  "Instructions": [
    "Cut each breast into 3 pieces, season all the chicken with the spices, then wrap a bacon slice around each piece, roll in brown sugar and place into an oven proof dish....make sure you have some olive oil in the dish too, like 2 or 3 tablespoons is fine {I skipped this since I grilled them. I honestly think you could coat your dish with nonstick cooking spray instead to save a few calories}.",
    "Bake at 400 degrees for 30 to 40 minutes or until chicken is cooked through and bacon is nice and brown and crispy. Delicious served with mashed potatoes with some of the gravy from the chicken drizzled on top."
  ],
  "Nutrition": [
    "Calories: 86kcal",
    "Protein: 16g",
    "Fat: 2g",
    "Saturated Fat: 1g",
    "Cholesterol: 48mg",
    "Sodium: 87mg",
    "Potassium: 279mg",
    "Vitamin A: 23IU",
    "Vitamin C: 1mg",
    "Calcium: 4mg",
    "Iron: 1mg",
    ""
  ],
  "Comments": [
    "Debra says:Alyssa, you mentioned that you used the grill instead of oven. Please share the alternate directions for grilling.",
    "Alyssa says:Here is the recipe here https://therecipecritic.com/sweet-and-spicy-bacon-chicken/",
    "Tara says:This was excellent as promised.  Baked in a glass baking dish that was coated in olive oil.  Omitted the chili powder as I have three kids under 5, and it makes me nervous to use that spice.  Did not season overnight.  Sprinkled some brown sugar on top before baking.  Chicken was moist and flavorful.  This website is very, very reliable!  I have made several recipes that turned out great . . . Slow cooker beef and broc, spinach and artichoke come to mind.  Thanks!",
    "becky says:what kind of pasta salad would you recommend",
    "becky says:what kind of pasta would go best with this"
  ]
}