{
  "URL": "https://therecipecritic.com/sweet-and-spicy-bacon-wrapped-chicken/",
  "Summary": "Tender and Juicy Chicken that is wrapped in bacon and coated in a blend of spices. It bakes in brown sugar which caramelizes when it cooks. You are going to love the sweet and spicy flavor!",
  "Metadata": [
    "Prep Time:  10minutes",
    "Cook Time:  30minutes",
    "Total Time:  40minutes",
    "Servings:  4Servings"
  ],
  "Ingredients": [
    "1 ½ pounds boneless skinless chicken thighs",
    "6-8 slices bacon, divided",
    "1 tablespoon chili powder",
    "1 teaspoon paprika",
    "½ teaspoon garlic powder",
    "salt and pepper to taste",
    "½ cup brown sugar, divided",
    "chopped parsley, optional for garnish"
  ],
  "Instructions": [
    "Preheat the oven to 400 degrees Fahrenheit.",
    "In a small bowl mix 1 tablespoon chili powder, 1 teaspoon paprika, and ½ teaspoon garlic powder in a bowl.",
    "Roll 1 ½ pounds boneless skinless chicken thighs into the spice mixture.",
    "Wrap each chicken piece in a slice of bacon and place in a 10-inch skillet or a 13x 9 x 2-inch baking dish. Sprinkle the tops with brown sugar and salt and pepper to taste.",
    "Bake for 30-35 minutes or until chicken reads 165 degrees Fahrenheit and is no longer pink. I like to broil the tops of my chicken for 1-2 minutes to crisp the bacon at the end. Garnish with chopped parsley, if desired."
  ],
  "Nutrition": [
    "Calories: 453kcal",
    "Carbohydrates: 29g",
    "Protein: 37g",
    "Fat: 20g",
    "Saturated Fat: 6g",
    "Polyunsaturated Fat: 4g",
    "Monounsaturated Fat: 8g",
    "Trans Fat: 0.1g",
    "Cholesterol: 183mg",
    "Sodium: 411mg",
    "Potassium: 574mg",
    "Fiber: 1g",
    "Sugar: 27g",
    "Vitamin A: 892IU",
    "Vitamin C: 0.03mg",
    "Calcium: 48mg",
    "Iron: 2mg",
    ""
  ],
  "Comments": [
    "Rhonda K Lynch says:I rolled the chicken with bacon in the brown sugar and spices and added a little chicken stock and added the leftover brown sugar and spices and added broccoli… So delicious!",
    "Glenda says:Found this recipe on this site years ago and the only thing I do differently is roll the chicken and bacon in the brown sugar!  It’s delicious and I don’t like chicken!  LOL!",
    "CINDY TOBIAS says:This was awesome.  I’ve made it for company and always went over big.   Yummy",
    "Amanda says:I made this tonight and it was very good! Wouldn’t change a thing. I didn’t put the parsley but it was still good",
    "Brenda says:Can this be cooked on the grill?",
    "Jo says:I was wondering the same thing.  Did you try them on the grill?",
    "Wordsmith says:Thank you for this wonderful resource.  I prepared this meal last night; and, it was a hit!  I often feel overwhelmed trying to come up with dinner ideas.  Your site and blog have become my go-to resource because the recipes are simple, doable, affordable,  and practical.   Thank you for sharing your recipes!",
    "John Hamilton says:Made this tonight, well, this morning. I used half of the chili powder because of my mom. It could have used more, lol.It was so yummy. And, everything’s better with bacon.",
    "Corinna Scott says:This is one of our family favorites! Making it tonight!",
    "Jenifer says:The sweet and spicy chicken thigs in bacon recipe …… the ingredient chilli powder – do you mean ground chilli?",
    "Alyssa Rivers says:There is a chili powder that you can find in the seasoning isle. It is a reddish color. Hope that helps! XOXO",
    "Lori says:Hi Alyssa, this spicy sweet combo looks amazing!! But I’m not a fan of dark meat so if I use tenders, do I also need to adjust the cook time to keep them from drying out?Thanks for sharing!!",
    "Alyssa Rivers says:Yes, you will want to make sure the temperature of the chicken gets cooked long enough for you to serve it. Let me know how it turns out! XOXO",
    "Melissa says:I want to cook this for supper this evening,  however,  i realize i do not have any brown sugar!  No way to go to store either.   What else can i use.   Help help i dont want to disappoint my family."
  ]
}