{
  "URL": "https://therecipecritic.com/sweet-chili-garlic-glazed-salmon/",
  "Summary": "A five star salmon recipe with a delicious sweet chili garlic glaze on top. The glaze caramelizes the salmon as it broils and will become an instant favorite that you will make again and again!",
  "Metadata": [
    "Prep Time:  5minutes",
    "Cook Time:    1hour10minutes",
    "Total Time:    1hour15minutes",
    "Servings:  4Servings"
  ],
  "Ingredients": [
    "4 (6-ounce) salmon filets, 24 total ounces",
    "¼ cup sweet chili sauce",
    "1 ½ tablespoons orange marmalade",
    "3 tablespoons soy sauce",
    "2 tablespoons minced green onion",
    "1 teaspoon minced garlic, about 1 clove",
    "salt and pepper"
  ],
  "Instructions": [
    "In a shallow baking dish, mix the ¼ cup sweet chili sauce, 1 ½ tablespoons orange marmalade, and 3 tablespoons soy sauce. Add the 1 teaspoon minced garlic, and 2 tablespoons minced green onion. Remove 1/4 cup of the marinade and set aside.",
    "Sprinkle the 4 (6-ounce) salmon filets, with salt and pepper, place the filets facing down with the skin side up in the dish, and marinate for at least one hour.",
    "Preheat the broiler and make sure the oven rack is 5-6 inches down. Line a baking sheet with aluminum foil, and spray with cooking spray.",
    "Take the salmon out of the pan and shake off excess marinade. You don't want the marinade to pool up on the foil. Place the salmon fillets skin side down on top of the aluminum foil and broil for 6-10 minutes until browned and opaque in the center.",
    "Pour the reserved sauce on top of the salmon before serving and garnish with additional green onions."
  ],
  "Nutrition": [
    "Calories: 63kcal",
    "Carbohydrates: 14g",
    "Protein: 2g",
    "Fat: 1g",
    "Saturated Fat: 1g",
    "Cholesterol: 1mg",
    "Sodium: 919mg",
    "Potassium: 29mg",
    "Fiber: 1g",
    "Sugar: 12g",
    "Vitamin A: 30IU",
    "Vitamin C: 1mg",
    "Calcium: 6mg",
    "Iron: 1mg"
  ],
  "Comments": [
    "Kathy says:So the recipe says to use 1/4 cup chili sauce so that’s what I used.  After reading some of the reviews, you are saying to use 1 1/4 cups chili sauce.  Mine is already marinating and I don’t have anymore chili sauce so I guess I’ll see how it turns out.  Could you please update the recipe with the correct amount.",
    "Judy says:We have made this many times! Just superb! Recipe shared with many friends. They love it."
  ]
}