{
  "URL": "https://therecipecritic.com/sweetheart-valentines-buddies/",
  "Summary": "Sweetheart Valentine's Buddies are a delicious and addicting mix of Chex covered in white chocolate and strawberry-flavored cake mix. Mix in some chocolate candies and it's the perfect red and pink treat for Valentine's Day! ",
  "Metadata": [
    "Prep Time:  15minutes",
    "Cook Time:  0minutes",
    "Total Time:  15minutes",
    "Servings:  12People"
  ],
  "Ingredients": [
    "5 ounces white almond bark or white chocolate chocolate chips",
    "5 ounces red candy melts I found them at Michael’s craft store",
    "½ teaspoon shortening",
    "5 cups Chex cereal, divided",
    "½ cup strawberry cake mix, divided",
    "½ cup powdered sugar, divided",
    "½ package valentines chocolate M&M’s"
  ],
  "Instructions": [
    "Start by dividing the 5 cups Chex cereal, into two bowls. (2 1/2 cup in each)",
    "In microwave safe dish, melt the 5 ounces white almond bark or white chocolate chocolate chips. Add 1/2 teaspoon shortening so that the almond bark will spread evenly. Microwave 30 seconds at a time and be careful not to burn the almond bark. Dump this in the first bowl of chex and mix evenly to coat all of the chex cereal.",
    "Melt the 5 ounces red candy melts next, also checking and stirring the candy melts 30 seconds at a time. Once this is melted, pour this over the second bowl of divided chex and mix until coated.",
    "In two gallon size ziplock bags, put 1/4 cup strawberry cake mix and 1/4 cup powdered sugar in each bag. Dump each bowl of Chex mix in each bag and shake until coated with the powdered sugar and strawberry powdered cake mix."
  ],
  "Nutrition": [
    "Calories: 242kcal",
    "Carbohydrates: 44g",
    "Protein: 3g",
    "Fat: 7g",
    "Saturated Fat: 4g",
    "Polyunsaturated Fat: 0.4g",
    "Monounsaturated Fat: 1g",
    "Trans Fat: 0.03g",
    "Cholesterol: 2mg",
    "Sodium: 230mg",
    "Potassium: 129mg",
    "Fiber: 3g",
    "Sugar: 23g",
    "Vitamin A: 279IU",
    "Vitamin C: 3mg",
    "Calcium: 97mg",
    "Iron: 8mg",
    ""
  ],
  "Comments": [
    "Bunny says:The ingredient list shows 1/2 c. cake mix and 1/2 c. sugar, each divided, which would mean 1/4 c. of each.  The directions say to put 1/2 c. of each into each of 2 bags.  So, which is it?  1/2 c. of each, or 1/4 c. of each, in each bag? The amounts need to be edited, either in the ingredient list, or in the directions.You also don’t say to combine the bags and add the M&M’s.  This would seem to be logical, but it still should be explained.",
    "Alyssa Rivers says:Thank you for pointing this out! I went ahead and fixed the instructions but step 4 should say, “In two gallon size ziplock bags, put 1/4 cup strawberry cake mix and 1/4 cup powdered sugar in each bag.”",
    "Bunny says:It’s very dangerous to consume raw cake mix or raw flour.  You need to add directions to process the cake mix in the microwave or oven so it’s safe to consume.",
    "Alyssa Rivers says:Hi Bunny. Thank you for pointing this out. I will add these instructions to the post.Heat-treat the cake mix to make it safe to eat raw by spreading it out evenly on a parchment-lined baking sheet. Bake at 350 degrees Fahrenheit for 5 minutes, stirring halfway through to prevent burning. Let it cool completely.",
    "Claudia Yelton says:Hello dear!  Question.  The list of ingredients says 1/2 cup strawberry cake mix, divided but the instructions say to add 1/2 cup cake mix. So…. Did you mean 1/4 cup along with the powdered sugar? Thanks sweetie!",
    "Bunny says:Your comment didn’t get an answer.  This is very confusing, so I’ve asked again.  I hope we’ll receive an answer this time.",
    "Chris Tibbs says:This is absolutely an amazing recipe. I made one batch for a couple family members to try and next thing I knew I was making it non stop and couldn’t keep up with all the people asking for more and more lol. Thank you so much for the wonderful idea.",
    "Natalie says:Thank you for the recipe! I brought this to a “Galentine’s” Day party for me and my girls. I loved the idea of mixing it in strawberry cake mix. I never would have thought of that!I made a few modifications: I used regular chocolate on half of the Chex mix instead of the white chocolate. On other half of the Chex mix I used a few drops of red food coloring with white chocolate instead of the red candy melts. It produced a pretty pink color. It still turned out pretty and yummy with these modifications. Happy Valentine’s Day!",
    "VIRGINIA MCNAIR says:I like the style of your website.  Being able to see lots of different food ideas without clicking lots of times is great.These Valentine  Chex Buddies and the variations look great.Thanks",
    "Andrea says:Do I need to use shortening with all of the candy? Or just the almond bark if I go with that?",
    "Alyssa Rivers says:Yes, it is needed and used in the almond bark but it does not hurt to add to other candy melts as well.",
    "Christine Christensen says:I have not made these yet (or ever for that matter) and need some guidance, please. I live in the desert where things like chips and cereals stay crisp. I would like to make these for my granddaughter who lives in Portland. I’m afraid they will get soggy after arriving in that damp climate. Do you think they will stay crisp if I vacuum seal them in small sized bags so that only small portions would be opened? Or, are they naturally soft with the bark component and would just get worse after arriving in Portland?  If anyone has a suggestion, please help.  Thanks so much!",
    "Alyssa Rivers says:It should stay crisp as long as it stays in a sealed, air-tight container."
  ]
}