{
  "URL": "https://therecipecritic.com/sweet-chili-sauce/",
  "Summary": "Homemade sweet chili sauce is the perfect dipping sauce to serve with chicken, seafood, and fried appetizers. A deliciously sweet and sour condiment full of Thai-inspired flavors, sugar, vinegar, and red chili paste.",
  "Metadata": [
    "Prep Time:  10minutes",
    "Total Time:  10minutes",
    "Servings: 8"
  ],
  "Ingredients": [
    "1/2 cup rice vinegar unseasonsed",
    "1/2 cup water",
    "1/2 cup granulated sugar",
    "1 tablespoon soy sauce",
    "2 tablespoons sambal oelek (storebought chili garlic paste)",
    "1/2 teaspoon garlic, minced",
    "1/4 teaspoon ground ginger, or 1/2 teaspoon fresh ginger paste",
    "1 tablespoon cornstarch",
    "2 tablespoons water"
  ],
  "Instructions": [
    "Combine the rice vinegar, water, sugar, soy sauce, sambal oelek, garlic, and ginger in a medium saucepan over medium-high heat.",
    "Stir regularly until the sugar is dissolved.",
    "Whisk together the cornstarch and remaining water in a small bowl.  Add the cornstarch mixture to the saucepan.  Stir continually until thickened, about 1 minute.",
    "Let the sauce cool completely, pour into an airtight jar and store in the refrigerator.",
    "Makes about 1 cup of sauce."
  ],
  "Nutrition": [
    "Serving: 2tablespoons",
    "Calories: 61kcal",
    "Carbohydrates: 15g",
    "Protein: 0.4g",
    "Fat: 0.1g",
    "Saturated Fat: 0.003g",
    "Polyunsaturated Fat: 0.01g",
    "Monounsaturated Fat: 0.001g",
    "Sodium: 128mg",
    "Potassium: 22mg",
    "Fiber: 0.1g",
    "Sugar: 13g",
    "Vitamin A: 8IU",
    "Vitamin C: 1mg",
    "Calcium: 3mg",
    "Iron: 0.1mg"
  ],
  "Comments": [
    "Karon hoover says:Alyssa, just made your sweet chili sauce.  The taste is spot on but……are you sure the ratio of 1Tbs cornstarch + 2T water is correct?  Even after chilling, my sauce is very thin.",
    "Joy says:My latest obsession is scrambled eggs with Thai Sweet Chili Sauce!  I’ll be sure to try this version – seems ALOT cheaper than buying ready-made sauce & I have the control (which I love),  Thanks very much for sharing. 🙂"
  ]
}