{
  "URL": "https://therecipecritic.com/sweet-potato-fries/",
  "Summary": "Crispy Garlic Sweet Potato Fries are thick cut sweet potatoes baked in olive oil and then seasoned with garlic powder and Italian seasoning for a crispy outside and a tender inside. The perfect side dish or snack! ",
  "Metadata": [
    "Prep Time:  10minutes",
    "Cook Time:  30minutes",
    "Total Time:  40minutes",
    "Servings:  8people"
  ],
  "Ingredients": [
    "3-4 sweet potatoes",
    "1/4 cup extra virgin olive oil",
    "1 tbsp. garlic powder",
    "1 tbsp. Italian seasoning",
    "1 tsp salt to taste",
    "1/4 tsp Black pepper Freshly ground black pepper or to taste",
    "Chopped fresh parsley for garnish"
  ],
  "Instructions": [
    "Preheat oven to 400°. Cut each sweet potato lengthwise in half. Cut each half into 1/2 inch slices.",
    "In a large bowl add the potato strips, olive oil, garlic powder, Italian seasoning, and salt and pepper.",
    "Arrange potatoes in a single layer on a 15x10x1-in. baking pan coated with cooking spray. Sprinkle with any remaining coating. Bake for 25-30 minutes until they are golden brown and crispy.",
    "Garnish with fresh parsley and serve with ketchup, ranch, or sauce of choice."
  ],
  "Nutrition": [
    "Calories: 118kcal",
    "Carbohydrates: 12g",
    "Protein: 1g",
    "Fat: 8g",
    "Saturated Fat: 1g",
    "Sodium: 29mg",
    "Potassium: 210mg",
    "Fiber: 2g",
    "Sugar: 2g",
    "Vitamin A: 6948IU",
    "Vitamin C: 1mg",
    "Calcium: 46mg",
    "Iron: 1mg",
    ""
  ],
  "Comments": [
    "June robbs says:Love your healthy recipes. Will be making tuna melts and sweet potatoes fries very soon for my “picky “ eaters",
    "Linda Sheehy says:Alyssa, I follow many of your Recipes; thank you!  However, this one confuses me just a bit. In one section, you mention “cornstarch’.  It says to coat them with Cornstarch AFTER you season them, but I am wondering if you meant to coat them BEFORE instead?  And, is it just a ‘dusting’ of Cornstarch used? I always have trouble crisping up these fries & have never tried the Cornstarch part……..thanks, Alyssa!~~~",
    "Sabrina says:great dish, especially since I love sweet potatoes, but really appreciate the tips, especially the cold bath, I might have heard that before but definitely forgot it, so thank you"
  ]
}