{
  "URL": "https://therecipecritic.com/swig-sugar-cookies/",
  "Summary": "Look no more; this is the best copycat recipe out there for the famous Swig sugar cookie! These Swig sugar cookies are perfectly soft and topped with the most delightfully sweet frosting that you will ever try. You will definitely not be able to stop at just one! ",
  "Metadata": [
    "Prep Time:  15minutes",
    "Cook Time:  10minutes",
    "Total Time:  25minutes",
    "Servings:  24Servings"
  ],
  "Ingredients": [
    "1 cup butter softened",
    "3/4 cup vegetable oil",
    "1 3/4 cup sugar (reserve 1/2 cup)",
    "3/4 cup powdered sugar",
    "2 tablespoons water",
    "2 eggs",
    "1/2 teaspoon baking soda",
    "1/2 teaspoon cream of tartar",
    "1 teaspoon Salt",
    "5 1/2 cup Flour",
    "1/2 cup butter softened",
    "2 tablespoons sour cream",
    "4 cups powdered sugar",
    "1 teaspoon salt",
    "3-4 tablespoons milk",
    "red or pink food coloring"
  ],
  "Instructions": [
    "Preheat the oven to 350 degrees. In a medium-sized mixing bowl, combine flour, baking soda, cream of tartar, and salt. Set aside.",
    "In a large mixing bowl, cream together butter, vegetable oil, sugar (1 1/4 C), powdered sugar, and water. Add in eggs.",
    "Slowly add in flour mixture until combined. Roll the dough into golf sized balls and roll in the reserved 1/2 cup of sugar before place onto a non stick cookie sheet.",
    "To give the cookies their signature rough edge, dip the bottom of a glass or flat measuring cup into the remaining sugar and press it onto the cookie ball to flatten the cookie. You still want the cookie to be thicker, so don't press them too thin.",
    "Bake for 8-10 minutes or until the bottom is lightly brown. The centers should be just barely baked as they will continue to bake while they cool. Don't overbake, or your cookies won't be nice and soft!",
    "Cream together butter, sour cream, and salt. Add the powdered sugar. Add in the milk to the desired consistency. Spread over cooled cookies and store in an airtight container."
  ],
  "Nutrition": [
    "Calories: 363kcal",
    "Carbohydrates: 60g",
    "Protein: 4g",
    "Fat: 12g",
    "Saturated Fat: 8g",
    "Polyunsaturated Fat: 1g",
    "Monounsaturated Fat: 3g",
    "Trans Fat: 0.5g",
    "Cholesterol: 45mg",
    "Sodium: 316mg",
    "Potassium: 44mg",
    "Fiber: 1g",
    "Sugar: 38g",
    "Vitamin A: 384IU",
    "Vitamin C: 0.01mg",
    "Calcium: 14mg",
    "Iron: 1mg",
    ""
  ],
  "Comments": [
    "Jen says:What could I do to roll these out and use cookie cutters? Is it possible with this recipe?",
    "Alyssa Rivers says:Hi Jen, thank you for your question. This recipe spreads, so I don’t recommend it for cut-out sugar cookies. This is a better recipe for cut-out cookies!",
    "Linda says:Hello,does the frosting harden or stay soft? thank you",
    "Alyssa Rivers says:The frosting should stay soft!",
    "Sabrina says:fun cookie even as a new one to me since I’d never heard of them, love your  copycat recipes,, thank you",
    "McKenzie Clement says:I made these today and added 2 tsp vanilla and 1/2 tsp almond extract which made them amazing",
    "Amy says:What a beautiful picture! She looks like such a sweet baby!!! Love it.",
    "Alyssa Rivers says:AWE!! Thank you so much! We are all in love with her and just smitten. I can’t believe she is growing so fast!! Thanks you for your kind words! XOXO",
    "Amy says:What a beautiful picture! She looks like such a sweet baby!!! Love it.",
    "Samantha says:I’ve never had a swig cookie. However, I heard about them on a favorite blog and decided to look for a copy cat recipe. I came across this one and let me tell you.. they are amazing! They taste similar to a shortbread cookies but super fluffy and the frosting is sooooo good. I’m not even a dessert person but I can’t get enough of these.",
    "click here says:Your information is incredibly intriguing",
    "Traci says:I’m confused as to why you’ve listed yourself as the recipe’s author when this is someone else’s recipe?  Her blog post also clearly requests that people not copy it as their own content as you have done.  When I find bloggers that do this sort of thing it always bums me out.  I won’t be back to your blog.",
    "Alyssa says:Her original recipe was from somewhere else as well.  I try to come up with original content but will give bloggers credit where credit is due.  Many big bloggers do not do that and take popular recipes and just post them.  I am sorry you won’t be back to my blog. 🙁",
    "Lexi says:I tried these out and they are delicious! My one problem was that although I pressed them down with the glass, they didn’t get that cracked look at all! What did I do wrong? My cookies are smooth on both the sides and the top.",
    "Dianna Pollifrone says:Congratulations on your bub ! 🙂",
    "Amy says:I made these for a dance.  They were yummy.  I didn’t have sour cream so I used strawberry Greek yogurt and it added a light pink color to the frosting.",
    "Jasmine says:These look delicious! Can the dough be rolled and cut?",
    "Mari says:I’m dying to try these!  Quick question – do you use unsalted or salted butter?  Thanks!",
    "Alyssa says:I always have salted on hand but either would work!",
    "Ashley says:Should these be a bit salty? Or did I mess something up? lol (They’re not bad, I just want to be sure!)",
    "Ashley says:Ahahaha! I just went back and read over the recipe again. I only dipped my glass cup in salt. No sugar. LOL (I bake a LOT too. SMH) 😀",
    "Alyssa says:Ok so someone else commented about it being salty!  I don’t even remember them tasting to salty at all!  I am going to have to make them again and double check!"
  ]
}