{
  "URL": "https://therecipecritic.com/swiss-roll-cake/",
  "Summary": "A classic and beautiful dessert, this Swiss Roll Cake is a rich chocolate sponge filled with pillowy whipped cream and covered in a chocolate ganache. This dessert is not only stunning, it's also incredibly tasty and every chocolate lover's dream!",
  "Metadata": [
    "Prep Time:  30minutes",
    "Cook Time:  15minutes",
    "Cooling Time:  1hour",
    "Total Time:    1hour45minutes",
    "Servings:  8People"
  ],
  "Ingredients": [
    "¾ Cup All-Purpose Flour",
    "1/3 Cup Dark Cocoa Powder",
    "1 tsp baking powder",
    "1 teaspoon instant coffee",
    "½ tsp salt",
    "4 large eggs divided",
    "¾ cup granulated sugar",
    "5 tablespoons sour cream",
    "¼ cup unsalted butter melted",
    "1 teaspoon vanilla extract",
    "1 ⅓ cup heavy whipping cream chilled",
    "3 tablespoons powdered sugar",
    "½ teaspoon vanilla extract",
    "6 ounces semi sweet chocolate",
    "1/2 cup heavy cream"
  ],
  "Instructions": [
    "Preheat the oven to 350° and prep a 17×12 inch rimmed baking sheet by spraying it with non-stick baking spray and lining it with parchment paper. Be sure to let the parchment paper have at least 1 inch overhang on all sides. Spray the parchment lightly with the non-stick baking spray.",
    "In a medium bowl whisk together the flour, cocoa powder, baking powder, instant coffee and salt. Set aside.",
    "In a large bowl whisk together the egg yolks and sugar until well combined and light in color. Add in the sour cream, butter and vanilla extract and whisk until combined. Fold in the dry ingredients until just combined.",
    "In another bowl whip the egg whites until stiff peaks form. Fold 1/3 of the whipped egg whites into the batter until combined and then add the rest and fold until just barely combined and no white streaks remain.",
    "Spread the cake batter evenly into the prepared pan and bake for 10-12 minutes, until the center of the cake springs back when gently pressed on.",
    "Let the cake cool for just about 2 minutes. Meanwhile prepare a clean kitchen towel by dusting it lightly with powdered sugar. Once the cake has cooled for 2 minutes and is still pretty hot, run a knife around the edges and then very carefully and quickly turn the cake out onto the kitchen towel. Carefully and slowly peel back the parchment paper from the cake, making sure not to tear the cake at all. Dust the cake with more powdered sugar.",
    "Starting from the short end, use the towel to roll the warm cake snuggly so the towel is being rolls up inside it. Place the towel with the cake’s seam side down and let it cool completely, about an hour.",
    "Gently unroll the cake from the kitchen towel. Make sure none of the cake sticks to the towel as it’s unrolled.",
    "Whip the cream, powdered sugar, and vanilla together until medium stiff peaks form.",
    "Spread the cream over the cake, leaving about ½ inch border along one short end free of cream.",
    "Gently roll the cake up, carefully pulling the towel off the outside of it as it is rolled up.",
    "Carefully wrap the cake with plastic wrap and chill for 2-3 hours, or overnight.",
    "When ready to serve, unwrap the cake and place on a cooling rack with parchment or wax paper underneath.",
    "Prepare the ganache and pour over the top of the cake. Let the ganache set before carefully transferring the cake from the rack to the serving plate.",
    "Place the chocolate in a small bowl. Heat the cream in the microwave until steaming but not boiling, about 1 minute. Pour the hot cream over the chocolate and let it sit for a few minutes. Use a whisk to combine the chocolate and cream until smooth."
  ],
  "Nutrition": [
    "Calories: 543kcal",
    "Carbohydrates: 46g",
    "Protein: 8g",
    "Fat: 38g",
    "Saturated Fat: 23g",
    "Polyunsaturated Fat: 2g",
    "Monounsaturated Fat: 10g",
    "Trans Fat: 0.3g",
    "Cholesterol: 164mg",
    "Sodium: 198mg",
    "Potassium: 337mg",
    "Fiber: 3g",
    "Sugar: 32g",
    "Vitamin A: 1155IU",
    "Vitamin C: 0.4mg",
    "Calcium: 99mg",
    "Iron: 3mg",
    ""
  ],
  "Comments": [
    "Crsw says:This was great, but I think you mean separated instead of divided for the eggs.",
    "Sarah Pigsley says:Hello,Could you revisit the filling measurements. 3 tbsp of powdered sugar is not enough to thicken 1 1/3 cups of heavy Whipping cream. Thanks! -Sarah",
    "Crsw says:I have seen 1 c of cream to 1/4 c powdered sugar in most other recipes I have compared."
  ]
}