{
  "URL": "https://therecipecritic.com/taco-stroganoff/",
  "Summary": "An amazing one dish meal that is cheesy and delicious. It tastes like nacho dip over noodles and beef and the flavor is amazing. It is sure to become a family favorite!",
  "Metadata": [
    "Prep Time:  10minutes",
    "Cook Time:  15minutes",
    "Total Time:  25minutes",
    "Servings:  6Servings"
  ],
  "Ingredients": [
    "1 pound lean ground beef",
    "1 small chopped onion",
    "1 (1-ounce) package taco seasoning",
    "½ cup water",
    "1 (14.5-ounce) can corn with peppers, drained",
    "1  (8-ounce) package chive and onion cream cheese",
    "1 cup shredded cheddar cheese",
    "8 ounces cooked and drained egg noodles",
    "cilantro",
    "tortilla strips",
    "olives",
    "tomatoes"
  ],
  "Instructions": [
    "In a large skillet, cook 1 pound lean ground beef and 1 small chopped onion until browned then drain the fat.",
    "Add 1 (1-ounce) package taco seasoning, ½ cup water, and 1 (14.5-ounce) can corn with peppers, to the beef mixture. Cook for 1-2 minutes.",
    "Stir in 1  (8-ounce) package chive and onion cream cheese and 1 cup shredded cheddar cheese; cook until it is heated through and the cheese melts.",
    "Serve over 8 ounces cooked and drained egg noodles and top with optional toppings."
  ],
  "Nutrition": [
    "Calories: 347kcal",
    "Carbohydrates: 29g",
    "Protein: 26g",
    "Fat: 14g",
    "Saturated Fat: 6g",
    "Polyunsaturated Fat: 1g",
    "Monounsaturated Fat: 5g",
    "Trans Fat: 0.3g",
    "Cholesterol: 98mg",
    "Sodium: 372mg",
    "Potassium: 390mg",
    "Fiber: 2g",
    "Sugar: 1g",
    "Vitamin A: 274IU",
    "Vitamin C: 1mg",
    "Calcium: 163mg",
    "Iron: 3mg",
    ""
  ],
  "Comments": [
    "Jocelyn says:This is super delicious!  I highly recommend topping it with chips or broken up taco shells.",
    "Karen says:Love this recipe!! This time I used ground pork instead of beef (SO EXPENSIVE). Also I’m going to try it over rice as well.",
    "Lisa says:I’ve made this recipe several times now, and it has been delicious every time! It’s very easy to make, and everyone who I make it for loves it!",
    "Kim says:This was delicious!!! The very first bite I went “Oooh, yeees!!!” I’ll be putting this into my meal rotation, and will also, like you’ve stated maybe try to lighten it up. I almost always substitute ground turkey for ground beef so I did get that far. I am bummed that I forgot to pick up tortilla strips at the market when I went today.",
    "Melissa Beckley says:This was delicious! The whole family loved it, even our picky eater!! I loved how quick and easy it was to make, definitely adding to our make again list!",
    "Alyssa Rivers says:Oh my gosh isn’t it awesome?  It really is my new favorite one dish meal!!  We even had leftovers yesterday and it was still just as good!  Glad you guys liked it!",
    "Married...with a Pup says:Yumo!  Love your website…it is super helpful with the star ratings and what you would do different!",
    "stlavonlady says:Yum!  Looks delicious and simple.  My kind of recipe.  : )  Had to Pin this!!Julie from Stlavonlady – Scatterbrained In St. Louis"
  ]
}