{
  "URL": "https://therecipecritic.com/taco-pizza/",
  "Summary": "Two classic family favorites, pizza and tacos, come together in this easy weeknight meal that is destined to become a favorite in your home.",
  "Metadata": [
    "Prep Time:  20minutes",
    "Cook Time:  15minutes",
    "Total Time:  35minutes",
    "Servings: 8"
  ],
  "Ingredients": [
    "1 pound ground beef",
    "1 small white onion, chopped",
    "1 package taco seasoning",
    "15 ounces refried beans",
    "1 store bought pizza dough crust, rolled out",
    "2 teaspoons cornmeal, for dusting",
    "2 cups colby jack cheese, shredded",
    "1/2 cup iceberg lettuce, shredded",
    "1 cup tomatoes, chopped",
    "2.25 ounces black olives, sliced",
    "jalapeños, sliced (optional)"
  ],
  "Instructions": [
    "Preheat the oven to 425 degrees Fahrenheit.  Spread the pizza dough onto the pizza pan.  I like to sprinkle cornmeal to prevent the dough from sticking to the pan.",
    "Cook the pizza dough for about 8 minutes to slightly bake the dough before adding the ingredients.  This will ensure that the dough is cooked through on the bottom.",
    "In a large skillet over medium heat, brown the meat and onions until cooked through and tender. Drain any excess oil if needed.  Add the taco seasoning by following the directions on the packet of taco seasoning. Set aside.",
    "In a medium bowl, stir the refried beans until smooth so it's easier for spreading on the crust.",
    "Spread the bean mixture on top, leaving a 1/2-inch border. Sprinkle with 3/4 of the cheese followed by the taco meat, then the remaining cheese.",
    "Bake the pizza for 12-15 minutes, until the bottom is crisp and the cheese is bubbling.",
    "Top with the lettuce, tomatoes, and olives.  Cut into 8 wedges and serve with a dollop of sour cream."
  ],
  "Nutrition": [
    "Serving: 1slice",
    "Calories: 455kcal",
    "Carbohydrates: 33g",
    "Protein: 24g",
    "Fat: 25g",
    "Saturated Fat: 12g",
    "Polyunsaturated Fat: 1g",
    "Monounsaturated Fat: 9g",
    "Trans Fat: 1g",
    "Cholesterol: 72mg",
    "Sodium: 1041mg",
    "Potassium: 285mg",
    "Fiber: 4g",
    "Sugar: 6g",
    "Vitamin A: 745IU",
    "Vitamin C: 4mg",
    "Calcium: 268mg",
    "Iron: 4mg"
  ],
  "Comments": [
    "Charika Kelly says:Wonderful new dish for taco night. Was a big hit!!",
    "Susan says:We love to mix salsa into the refried beans just to thin it out and add another depth of flavor. Adding a bit of cold, shredded cheese to the top of your hot pizza is second only to adding crushed Nacho Cheese Doritos to the lettuce and tomatoes. Yum!",
    "Sabrina says:great pizza, a nice mash-up of tacos-pizza the bean base, love it and thank you!",
    "Richard Sinkler says:I actually thought this was too bland.  I even added more taco seasoning than was called for.  I make my own taco seasoning which is full of flavor and spicy.  Homemade refried beans too.  If I make this again, I will make a salsa to spread on it like a regular pizza.  I used some store bought taco sauce I had on hand and added it to my slice.  But this recipe,  as is, will be good for people that don’t like a lot of spices. I wondering if there is a way to make a crust with a corn taste like a corn tortilla. I might be on a mission.",
    "kari whittredge says:Can you make this with out a pizza stone I only have a toaster oven to cook in",
    "Alyssa Rivers says:Yes, if it will fit in the toaster oven, that will be great!",
    "Richard Sinkler says:I cook all my pizzas in a countertop oven.  Mine is a combination toaster oven, baking. Convection, broiler, and rotisserie,  made by Dash.  Awesome machine.",
    "Brittany H says:I made this tonight and it was delicious. I actually used your ‘Easiest Homemade Pizza Ever!’ Pizza dough for this taco pizza. Was a Sunday night after the holiday win.",
    "Andria Parker says:I have made this and my daughter LOVED  it!! She said “Taco – bout a good pizza”!!! 🙂Very great, thank you for sharing!!"
  ]
}