{
  "URL": "https://therecipecritic.com/taco-pie/",
  "Summary": "This taco pie is the ultimate Mexican casserole! It's a seasoned homemade crust filled with taco meat, cheese, beans, and tomatoes. It's a MUST TRY recipe for sure! ",
  "Metadata": [
    "Prep Time:  15minutes",
    "Cook Time:  40minutes",
    "Total Time:  55minutes",
    "Servings:  8people"
  ],
  "Ingredients": [
    "1 1/2 cups hot water",
    "1 1/2  cups masa harina",
    "1 tsp salt",
    "1/2  tsp garlic powder",
    "1/2 tsp ground cumin",
    "1 tbsp olive oil",
    "1 pound ground beef  or ground turkey",
    "1 teaspoon granulated onion powder",
    "1/2 teaspoon garlic powder",
    "1 teaspoon cumin",
    "1 teaspoon chili powder",
    "1/2 teaspoon salt",
    "1/4 teaspoon pepper",
    "1/2 teaspoon cornstarch",
    "1 15.5 ounce can pinto or black beans  drained",
    "1 10 ounce can diced tomatoes with green chilies undrained",
    "1  cup cheddar or Mexican blend shredded"
  ],
  "Instructions": [
    "Preheat oven to 350°F.",
    "In a bowl mix together masa harina, salt, garlic powder, and cumin until combined. Pour the hot water on top of the powders.",
    "Stir the ingredients until it is fully combined. The dough should come together and be soft like cookie dough. If the dough seems to be sticky or wet, add in a tablespoon more masa flour at a time until the batter is no longer sticky.",
    "Transfer the dough into a 9\" pie dish. Pat the dough into an even layer. You can use the bottom of a cup to help press the dough evenly. Work the dough up the sides and edges of the pie dish. Even out the top edges of the dough. Prick the dough with a fork to prevent the dough from puffing up while it bakes. Lightly brush the edges with olive oil if the edges start to dry out while it bakes.",
    "Bake in preheated oven for 25 min or until dough is baked through.",
    "Add oil to a large skillet over medium high heat.",
    "Add ground beef and heat until cooked through, about 6 minutes.",
    "Drain the grease from the skillet.",
    "Stir in the drained beans to the cooked ground beef.",
    "In a small bowl, mix together the onion powder, garlic powder, cumin, chili powder, salt, pepper, and cornstarch.",
    "Add the seasonings and 1 can of diced tomatoes and green chilies to the beef mixture.  Make sure not to drain the can.",
    "Stir and cook over medium heat until the ingredients come together and slightly thicken for about 1 minute.",
    "Pour the filling into the baked crust. Top with 1 cup shredded cheddar or Mexican cheese.",
    "Bake in the oven at 350°F for 15 minutes, or until cheese is melted.",
    "Garnish with your favorite taco toppings: lettuce, tomatoes, sour cream, cilantro, olives, green onion, avocado, etc."
  ],
  "Nutrition": [
    "Serving: 8g",
    "Calories: 242kcal",
    "Carbohydrates: 17g",
    "Protein: 12g",
    "Fat: 14g",
    "Saturated Fat: 5g",
    "Polyunsaturated Fat: 1g",
    "Monounsaturated Fat: 7g",
    "Trans Fat: 1g",
    "Cholesterol: 40mg",
    "Sodium: 483mg",
    "Potassium: 229mg",
    "Fiber: 2g",
    "Sugar: 1g",
    "Vitamin A: 125IU",
    "Vitamin C: 1mg",
    "Calcium: 47mg",
    "Iron: 3mg"
  ],
  "Comments": [
    "Jeannine Meador says:Love everything about this recipe! And after the indulgences of Thanksgiving it sounds perfect for a total change of pace. Going to the store asap today to get the masa harina and some small foil pie pans as I am now a widow and cooking for one is a challenge…seems this will divide perfectly. Thanks so much for starting Monday with such a neat recipe.",
    "eden gill says:To be honesty, taco is one of my favorite Mexcican food! Thank you sooo much for sharing this amazing recepe, which gives me a good mode and guide to cook by myself. Maybe tonight!"
  ]
}