{
  "URL": "https://therecipecritic.com/taco-skillet/",
  "Summary": "My easy taco skillet is layered with seasoned ground beef, veggies, rice, and beans. It's all cooked in one pan for a fast, flexible dinner.",
  "Metadata": [
    "Prep Time:  10minutes",
    "Cook Time:  30minutes",
    "Total Time:  40minutes",
    "Servings:  8People"
  ],
  "Ingredients": [
    "1 tablespoon olive oil",
    "1 pound lean ground beef",
    "1 diced yellow onion",
    "1 diced red bell pepper",
    "1 diced green bell pepper",
    "2 cloves minced garlic",
    "2 tablespoons taco seasoning",
    "1 ½ cups cooked rice",
    "1 (15-ounce) can fire roasted diced tomatoes and chiles",
    "1 (15-ounce) can drained and rinsed black beans",
    "1 ½ cups shredded Mexican four cheese blend",
    "chopped cilantro",
    "lime wedges",
    "sliced avocado",
    "sour cream"
  ],
  "Instructions": [
    "Heat the 1 tablespoon olive oil in a large skillet over medium-high heat. Add in 1 pound lean ground beef, 1 diced yellow onion, 1 diced red bell pepper, and 1 diced green bell pepper. Sauté everything together until the beef is evenly browned and the vegetables are tender.",
    "Add 2 cloves minced garlic and 2 tablespoons taco seasoning, and cook for 1 minute.",
    "Add 1 (15-ounce) can fire roasted diced tomatoes and chiles and 1 (15-ounce) can drained and rinsed black beans and stir to combine.",
    "Stir in the 1 ½ cups cooked rice and cook for another 5 minutes.",
    "Remove the skillet from heat, spread the 1 ½ cups shredded Mexican four cheese blend across the top of the skillet, and broil on HIGH until the cheese has melted, 2-3 minutes.",
    "Top the taco skillet mixture with chopped cilantro, lime wedges, sliced avocado, and sour creamand enjoy!"
  ],
  "Nutrition": [
    "Calories: 222kcal",
    "Carbohydrates: 12g",
    "Protein: 18g",
    "Fat: 11g",
    "Saturated Fat: 5g",
    "Polyunsaturated Fat: 1g",
    "Monounsaturated Fat: 4g",
    "Trans Fat: 0.2g",
    "Cholesterol: 55mg",
    "Sodium: 218mg",
    "Potassium: 305mg",
    "Fiber: 1g",
    "Sugar: 2g",
    "Vitamin A: 719IU",
    "Vitamin C: 33mg",
    "Calcium: 154mg",
    "Iron: 2mg",
    ""
  ],
  "Comments": [
    "Bill Rowe says:Thanks Alyssa, Very tasty, I used ground bison in place of ground beef. Do you have any bison recipes? Bill"
  ]
}