{
  "URL": "https://therecipecritic.com/taco-stuffed-zucchini-boats/",
  "Summary": "Taco Stuffed Zucchini Boats are loaded with taco seasoned ground beef, cheese and topped with your favorite toppings.  These make a delicious low carb meal and are perfect for using up that zucchini!",
  "Metadata": [
    "Prep Time:  15minutes",
    "Cook Time:  20minutes",
    "Total Time:  35minutes",
    "Servings: 6"
  ],
  "Ingredients": [
    "3 medium sized zucchini",
    "1 pound lean ground beef",
    "1 tablespoon chili powder",
    "¼ teaspoon garlic powder",
    "¼ teaspoon onion powder",
    "¼ teaspoon dried oregano",
    "½ teaspoon paprika",
    "1½ teaspoons ground cumin",
    "1 teaspoon salt",
    "1 teaspoon black pepper",
    "4 ounce can tomato sauce",
    "¼ cup water",
    "1 cup mexican shredded cheese",
    "Optional toppings: diced avocado, chopped cilantro, chopped tomatoes, and sliced olives  chopped cilantro, chopped tomatoes, and sliced olives"
  ],
  "Instructions": [
    "Preheat oven to 400 degrees Fahrenheit. Trim the ends off zucchini. Cut 3 medium sized zucchini in half lengthwise and scoop out pulp, leaving 1/2-inch shells. Line up the zucchini in a 9x13 inch baking dish. Chop the pulp up and set aside.",
    "In a medium sized skillet over medium high heat, add 1 pound lean ground beef until no longer pink. Drain the excess grease. Add the reserved zucchini pulp, 1 tablespoon chili powder, ¼ teaspoon garlic powder, ¼ teaspoon onion powder, ¼ teaspoon dried oregano, ½ teaspoon paprika, 1½ teaspoons ground cumin and 1 teaspoon salt and 1 teaspoon black pepper to the ground beef. Add 4 ounce can tomato sauce, ¼ cup water and combine.",
    "Fill the zucchini boats evenly with the taco mixture. Top with 1 cup mexican shredded cheese. Bake uncovered for about 20 minutes or until zucchini is tender. Remove from oven and top with Optional toppings: diced avocado, chopped cilantro, chopped tomatoes, and sliced olives ."
  ],
  "Nutrition": [
    "Calories: 271kcal",
    "Carbohydrates: 3g",
    "Protein: 18g",
    "Fat: 21g",
    "Saturated Fat: 9g",
    "Cholesterol: 71mg",
    "Sodium: 691mg",
    "Potassium: 317mg",
    "Fiber: 1g",
    "Sugar: 1g",
    "Vitamin A: 680IU",
    "Vitamin C: 1.3mg",
    "Calcium: 148mg",
    "Iron: 2.4mg"
  ],
  "Comments": [
    "Cathy Bernar says:Absolutely delicious!",
    "Lisa says:Is it a 4 oz can or 8 oz?  Thanks",
    "Alyssa Rivers says:It is a 4 ounce can.",
    "Lisa says:I can’t find a 4 oz can of tomato sauce anywhere. I used the whole 8 oz can and recipe came out fine. Are you sure it’s not supposed to be 8 oz?",
    "Maya says:I was forced to make a few alterations to the recipe because I was scatterbrained at the store and forgot to pick up paprika and canned tomatoes…I used a couple tablespoons of ketchup (tomato, sugar, vinegar…it made sense?) and used oregano. I also added onions to the meat instead of the zucchini pulp for more flavor and to extend the meat mixture. (I ended up using the pulp for zucchini bread <3 )",
    "Tammy says:Just wondering if there nutritional information for the zucchini taco boat? Thx",
    "Alyssa Rivers says:I like to use skinnytaste.com or myfitnesspal.com for any questions that I may have about nutritional information. Hope that helps and you find the answers you are looking for. XOXO",
    "Jamie Hernandez says:i am actually making this for dinner tonight!!",
    "Jamie says:I followed this recipe except I used my favorite salsa instead of tomato sauce. What a great simple recipe! I think it runs around 300 cals per 2 boats and they are super filling which is awesome! Def will be a regular in my house!",
    "Alyssa Rivers says:That is a great addition! I will have to try the salsa! Thanks for sharing! XOXO",
    "Rachel says:Oh my gosh, this is actually one of the best recipes I’ve ever made for dinner",
    "Terri says:I thought I had a crazy thought of making some type of taco boat using zucchini that keeps ending up on my porch! Lol! I typed it in and your page showed up. Wow! You have some amazing seasonal recipes that use everyday ingredients, won’t break the bank, and most important uses garden veggies to make the same dishes we eat everyday without so much bread and chips. Thank you!",
    "Alyssa Rivers says:Yes, that is my thought too! I am so glad you can enjoy this delicious twist on a taco! Thanks for following along with me! XOXO",
    "April V says:these are in the oven right now & smell soooo good ♥",
    "Shawnna Griffin says:hey girl –  congrats on your new baby- so cool! She was almost born on my birthday- which is June 8!! These boats look so yummy! y’all have a great day!"
  ]
}