{
  "URL": "https://therecipecritic.com/taco-board/",
  "Summary": "This taco board is everything you need to have for the ultimate get together! It is the perfect combination!",
  "Metadata": [
    "Prep Time:  10minutes",
    "Cook Time:  10minutes",
    "Total Time:  20minutes",
    "Servings:  12People"
  ],
  "Ingredients": [
    "1 Box José Olé Beef and Cheese Mini Tacos",
    "1 Box José Olé Chicken and Cheese Taquitos",
    "guacamole",
    "pico de gallo",
    "shredded lettuce",
    "sour cream",
    "black beans",
    "corn salad",
    "olives",
    "shredded cheese",
    "salsa",
    "tortilla chips"
  ],
  "Instructions": [
    "Cook the 1 Box José Olé Beef and Cheese Mini Tacos and 1 Box José Olé Chicken and Cheese Taquitos in the oven or microwave according to package directions.",
    "Add the tacos and taquitos to the board. Start assembling by adding the sides in small bowls to the board.",
    "Place the guacamole, pico de gallo, shredded lettuce, sour cream, black beans, corn salad, olives, shredded cheese, salsa, and tortilla chips each into their own bowls or lay around the board with the taquitos and tacos."
  ],
  "Nutrition": [
    "Calories: 8kcal",
    "Carbohydrates: 0.2g",
    "Protein: 0.1g",
    "Fat: 1g",
    "Saturated Fat: 0.1g",
    "Polyunsaturated Fat: 0.1g",
    "Monounsaturated Fat: 1g",
    "Sodium: 88mg",
    "Potassium: 2mg",
    "Fiber: 0.2g",
    "Sugar: 0.03g",
    "Vitamin A: 22IU",
    "Calcium: 3mg",
    "Iron: 0.03mg"
  ],
  "Comments": [
    "Sabrina says:great way to go, very self serve friendly and more than enough variety, good inspiration!"
  ]
}