{
  "URL": "https://therecipecritic.com/taco-soup/",
  "Summary": "Cheesy Taco Soup is so simple to throw together and is loaded with taco inspired ingredients. The cheesiness takes this soup to the next level of delicious and will be loved by the entire family!",
  "Metadata": [
    "Prep Time:  10minutes",
    "Cook Time:  20minutes",
    "Total Time:  30minutes",
    "Servings:  6Servings"
  ],
  "Ingredients": [
    "1 pound lean ground beef",
    "2 (14.5-ounce) cans diced tomatoes I like to use fire roasted",
    "1 (15-ounce) drained can whole kernel corn",
    "1 (15-ounce) drained and rinsed can kidney beans",
    "1 (15-ounce) drained and rinsed can black beans",
    "1 (4-ounce) drained can sliced olives",
    "1 (1-ounce) package McCormick® taco seasoning  about 2 heaping tablespoons",
    "1 (14.5-ounce) can beef broth",
    "1 (16-ounce) package cubed Velveeta cheese or 2 cups shredded cheddar cheese"
  ],
  "Instructions": [
    "Heat a large pot over medium-high heat and add 1 pound lean ground beef. Cook and crumble the meat until it is cooked through and no longer pink. Drain off the grease.",
    "Add 2 (14.5-ounce) cans diced tomatoes, 1 (15-ounce) drained can whole kernel corn, 1 (15-ounce) drained and rinsed can kidney beans, 1 (15-ounce) drained and rinsed can black beans, 1 (4-ounce) drained can sliced olives, 1 (1-ounce) package McCormick® taco seasoning , and 1 (14.5-ounce) can beef broth to the pot and stir to combine.",
    "Add 1 (16-ounce) package cubed Velveeta cheese.  Stir until the Velveeta is fully melted, then bring to a low boil.  Reduce the heat to medium-low and simmer for 5-10 minutes to let the flavors blend. Serve warm with your desired toppings."
  ],
  "Nutrition": [
    "Calories: 567kcal",
    "Carbohydrates: 60g",
    "Protein: 46g",
    "Fat: 17g",
    "Saturated Fat: 8g",
    "Polyunsaturated Fat: 1g",
    "Monounsaturated Fat: 4g",
    "Trans Fat: 0.3g",
    "Cholesterol: 79mg",
    "Sodium: 2248mg",
    "Potassium: 1409mg",
    "Fiber: 14g",
    "Sugar: 11g",
    "Vitamin A: 1424IU",
    "Vitamin C: 17mg",
    "Calcium: 534mg",
    "Iron: 7mg",
    ""
  ],
  "Comments": [
    "KT says:I have this in my crockpot now, smells delicious. I’m curious if I was supposed to add the juice from the olives as well? I did as it didn’t say to drain them, concerned it will be too salty.Love all the recipes I try from this site!",
    "Janna says:Do you drain the cans of tomatoes, corn, etc, or dump them in with the juice?",
    "Denise says:What kind of olive",
    "Holly says:I can’t wait to try this. I’ll prob add a packet of ranch seasoning.",
    "Robin says:This looks amazing! Would it work well in a slow cooker on high? Thank you!",
    "Alyssa Rivers says:Yes, it will be great in a slow cooker. Just brown your meat ahead of time. Set it on low for 4 to 5 hours or high for 2 to 3 hours long.",
    "Desiree says:How do I double this recipe?  I have a large family.  Thank you!",
    "Alyssa Rivers says:Simply double all the ingredients. If you do not have a big enough pot, you can use two or even a slow cooker to help.",
    "Angela Cowardin says:This soup is to die for! I made it for a few friends while tucked away in a mountain cabin and we all went crazy over it. I used ground turkey and cheddar cheese (processed cheese is really gross if you think about it) and other than that followed recipe to a t. Yum yum yum!",
    "Kain B says:Quick yummy recipe. Thanks a bunch!! Will make again. 🙂",
    "Diana says:Loved this recipe!!!! Easy to make and great leftovers. This is now in my favorite recipe collection.",
    "JK says:Absolutely love this recipe! We’ve made this at least 3 times in the last month. We left out the olives and reduced the cheese and it’s still delicious! We also seasoned the ground turkey while it was browning. We even made this with venison and it turned out amazing. Thanks for another great recipe!!",
    "Robyn Newton says:Does McCormick make a saltree taco seasoning?",
    "Alyssa Rivers says:I am sure they have it or either something similar! You are welcome to browse their site or check in the baking isle by the seasonings. Enjoy your soup! XOXO",
    "Jeannette Stebbins says:It is very cold and windy here in the Northeast.  I was really in the mood for something warm, spicy and hearty.  Originally looked at the cheeseburger soup, but scrolled down and found the Cheesy Taco Soup.  It is on the stove now, simmering.. So much flavor and easy!!  For certain I’ll try the Cheeseburger soup, but when given the choice my husband said “taco”.New to your website, and glad I found you!  Thanks for a great recipe- I’m sure they’re many.Happy Holidays!",
    "Breea says:This soup recipe is amazing!  I am always looking for new ways to make foods that my boyfriend and I like because he will not try anything new, new. This was perfect for us. He loved it and had 3 servings of it. I will be making again.I followed the recipe to a T and it didn’t need any adjusting in my opinion!",
    "Bobguy says:What a yummy recipe!!! I believe corn belongs in many mexican recipes but is often overlooked. Your recipe does not. Thanks for adding black olives. (Another often forgotten ingredient) This recipe is destined for my “Soup Library”."
  ]
}