{
  "URL": "https://therecipecritic.com/taco-spaghetti/",
  "Summary": "My favorite cheesy mashup of taco night and pasta night! Taco spaghetti is a one-pot, family-friendly dinner packed with flavor and ready in 30 minutes.",
  "Metadata": [
    "Prep Time:  5minutes",
    "Cook Time:  20minutes",
    "Total Time:  25minutes",
    "Servings:  6servings"
  ],
  "Ingredients": [
    "12 ounces spaghetti noodles",
    "2 tablespoons olive oil",
    "1 cup diced onion about half a large onion",
    "2 teaspoons minced garlic about 2 cloves",
    "1 ½ pounds lean ground beef",
    "1 (1-ounce) packet taco seasoning or 3 tablespoons homemade taco seasoning",
    "1 (10-ounce) can Rotel tomatoes",
    "1 ½ cups beef broth",
    "3 tablespoons tomato paste",
    "3 ounces softened cream cheese",
    "1 ½ cups shredded Colby Jack cheese",
    "chopped fresh cilantro for garnish"
  ],
  "Instructions": [
    "Cook 12 ounces spaghetti noodles according to the package directions. Drain and set aside.",
    "Add 2 tablespoons olive oil and 1 cup diced onion to a large skillet and cook the onions over medium heat until they are tender and translucent, about 5-6 minutes. Add 2 teaspoons minced garlic and cook an additional minute.",
    "Add 1 ½ pounds lean ground beef and cook over medium-high heat until no longer pink. Drain the fat if needed.",
    "Reduce the heat to medium, then add 1 (1-ounce) packet taco seasoning, 1 (10-ounce) can Rotel tomatoes, 3 tablespoons tomato paste, 1 ½ cups beef broth, and 3 ounces softened cream cheese. Stir to combine and cook until the cream cheese is melted, about 5 minutes.",
    "Stir in the cooked spaghetti and 1 ½ cups shredded Colby Jack cheese and stir until the cheese is fully melted. Garnish with fresh chopped fresh cilantro and enjoy!"
  ],
  "Nutrition": [
    "Serving: 1serving",
    "Calories: 739kcal",
    "Carbohydrates: 48g",
    "Protein: 37g",
    "Fat: 44g",
    "Saturated Fat: 19g",
    "Polyunsaturated Fat: 2g",
    "Monounsaturated Fat: 18g",
    "Trans Fat: 1g",
    "Cholesterol: 126mg",
    "Sodium: 626mg",
    "Potassium: 720mg",
    "Fiber: 3g",
    "Sugar: 4g",
    "Vitamin A: 1050IU",
    "Vitamin C: 8mg",
    "Calcium: 284mg",
    "Iron: 4mg"
  ],
  "Comments": [
    "Kay Hertzing says:I don’t have beer broth will vegetable broth work as well?",
    "Alyssa Rivers says:Yes, that will work fine.",
    "Diane Lee says:I’ve been looking for a good taco spaghetti recipe, but I’m afraid this isn’t it.  I had to add more seasoning, and there was still no ‘explosion of flavor’.  Once we loaded it up with salsa, more cheese, cilantro, and sour cream, then it tasted great  A 10 oz. can of Rotel is just not enough; I would double that.  Not sure I liked the cream cheese in there either.  I think some sharp cheddar would be great.",
    "Alyssa Rivers says:Thank you for trying my recipe! I love cooking because everyone has different taste preferences. With a recipe like this, you can adjust and change thing to be what you like! I think your adjustments sound great!",
    "Tracy Foster says:Really great recipe. When I double the recipe I use Old El Paso and Cholula smokey chipotle taco seasoning. It tones down the Chipotle, but adds the smoky flavor when I use both.",
    "Tracy Foster says:Great recipe. I used Old El Paso and Catahoula taco seasoning mixed together.  Turned out great. My 15 year old asks for it several times a week. Thank you.",
    "Alyssa Rivers says:Love this! Thanks for the comment and review! Glad your 15 year old likes it so much!",
    "Barbara E says:Can you leave out the cream cheese?",
    "Alyssa Rivers says:Hi Barbara, thank you for your question. You can leave it out, the texture won’t be as creamy and the flavor will be a little different but it should still taste great! I hope this helps! Let me know how it turns out!",
    "Ross Acre says:ALL the recipes look delicious !!!",
    "Jennifer says:This was a simple and delicious recipe that has become one of my family’s favorites. Thank you for sharing!",
    "Richard Prutz says:Just to say Hi   I will be having the Taco spaghetti This  evening.I have been copying your recipes, which I enjoy.I like how you combine your recipes.   I  thank You.Blessings     Rich P.",
    "ElmoSmiley says:This is a high amount of potassium for heart, liver, kidney transplant patients or those that cannot have a lot of potassium. I suggest losing the tomatoes and tomato paste and replacing it with the El Paso Red Enchilada sauce. Do not use a generic, as they include tomatoes. Then use any other low potassium vegetable or mushroom that does not add potassium if needed. Just a suggestion."
  ]
}