{
  "URL": "https://therecipecritic.com/tahini/",
  "Summary": "Make this easy tahini right at home with just sesame seeds and olive oil. This Middle Eastern condiment resembles the same texture as nut butter and is a staple ingredient used in sauces, savory dishes, and even desserts! ",
  "Metadata": [
    "Prep Time:  6minutes",
    "Cook Time:  10minutes",
    "Total Time:  16minutes",
    "Servings: 6"
  ],
  "Ingredients": [
    "3 cups sesame seeds, hulled",
    "¼ cup olive oil, or more if needed"
  ],
  "Instructions": [
    "Heat a large skillet over medium-high heat. Add 3 cups sesame seeds, and spread them out evenly in a single layer.",
    "Toast until they are a light golden brown. Stir throughout the toasting process and watch them closely so they don't burn. You will need to toast them in several batches.",
    "Once all the seeds are toasted and cooled, add them to a food processor or high-powered blender.",
    "Blend for 2-3 minutes or until the seeds are crumbly and dry.",
    "Add in ¼ cup olive oil, and blend for 2-3 minutes until it forms a smooth paste.",
    "Add more oil if needed or desired for a runnier texture.",
    "Store in an airtight container in the refrigerator and use in recipes!"
  ],
  "Nutrition": [
    "Serving: 0.25cup",
    "Calories: 509kcal",
    "Carbohydrates: 18g",
    "Protein: 13g",
    "Fat: 46g",
    "Saturated Fat: 6g",
    "Polyunsaturated Fat: 17g",
    "Monounsaturated Fat: 21g",
    "Sodium: 8mg",
    "Potassium: 351mg",
    "Fiber: 9g",
    "Sugar: 0.2g",
    "Vitamin A: 7IU",
    "Calcium: 731mg",
    "Iron: 11mg",
    ""
  ],
  "Comments": []
}