{
  "URL": "https://therecipecritic.com/tahini-sauce/",
  "Summary": "Get ready for the best tahini sauce that you have ever tasted! This makes any falafel, vegetable or salad taste better and it takes less than 5 minutes to put it all together!",
  "Metadata": [
    "Prep Time:  5minutes",
    "Servings: 8"
  ],
  "Ingredients": [
    "1/2 cup Lemon Juice",
    "3-4 Garlic Cloves",
    "1 cup Tahini",
    "1/2 teaspoon Cumin",
    "1/4 teaspoon Salt",
    "1/4-1/2 cup Water"
  ],
  "Instructions": [
    "In a food processor blend together the lemon juice and garlic cloves.",
    "Using a mesh strainer, pour the lemon and garlic into a bowl and discard any chunks.",
    "In the same bowl add the tahini, cumin, and salt and stir together.",
    "Add the water a little bit at a time until it reaches the desired consistency.",
    "Serve with pita or veggies."
  ],
  "Nutrition": [
    "Calories: 178kcal",
    "Carbohydrates: 7g",
    "Protein: 5g",
    "Fat: 16g",
    "Saturated Fat: 2g",
    "Polyunsaturated Fat: 7g",
    "Monounsaturated Fat: 6g",
    "Sodium: 84mg",
    "Potassium: 140mg",
    "Fiber: 1g",
    "Sugar: 1g",
    "Vitamin A: 22IU",
    "Vitamin C: 1mg",
    "Calcium: 44mg",
    "Iron: 1mg",
    ""
  ],
  "Comments": []
}