{
  "URL": "https://therecipecritic.com/tamarind-cashew-dipping-sauce/",
  "Summary": "Craving the sweet, tangy flavor of the Cheesecake Factory's tamarind cashew dipping sauce? Look no further! This copycat recipe captures all the delicious flavors you love in a simple, homemade version that's ready in minutes.",
  "Metadata": [
    "Prep Time:  10minutes",
    "Total Time:  10minutes",
    "Servings:  12ounces"
  ],
  "Ingredients": [
    "2 teaspoons apple cider vinegar",
    "1 teaspoon tamarind paste, or puree",
    "⅔ cup honey",
    "⅓ cup olive oil",
    "⅓ cup fresh cilantro",
    "¼ cup chopped cashews",
    "2 garlic cloves, minced",
    "1 teaspoon ginger paste",
    "½ teaspoon cumin",
    "½ teaspoon black pepper",
    "½ teaspoon turmeric"
  ],
  "Instructions": [
    "In a small bowl, mix together 2 teaspoons apple cider vinegar, 1 teaspoon tamarind paste, ⅔ cup honey, and ⅓ cup olive oil. Heat in the microwave until it has just come together smoothly, about 20 seconds.",
    "Pour the vinegar, tamarind, and honey mixture into a food processor or blender along with ⅓ cup fresh cilantro, ¼ cup chopped cashews, 2 garlic cloves, 1 teaspoon ginger paste, ½ teaspoon cumin, ½ teaspoon black pepper, and ½ teaspoon turmeric.",
    "Pulse until everything has blended together into a smooth, even consistency.",
    "Pour the sauce into a bowl and enjoy!"
  ],
  "Nutrition": [
    "Serving: 1ounce",
    "Calories: 129kcal",
    "Carbohydrates: 17g",
    "Protein: 1g",
    "Fat: 7g",
    "Saturated Fat: 1g",
    "Polyunsaturated Fat: 1g",
    "Monounsaturated Fat: 5g",
    "Sodium: 2mg",
    "Potassium: 41mg",
    "Fiber: 0.2g",
    "Sugar: 16g",
    "Vitamin A: 32IU",
    "Vitamin C: 0.4mg",
    "Calcium: 5mg",
    "Iron: 0.4mg"
  ],
  "Comments": []
}