{
  "URL": "https://therecipecritic.com/tamale-pie/",
  "Summary": "Tamale Pie is seasoned ground beef on top of a cornbread crust, drenched in a bold enchilada sauce, and topped with cheese and tomatoes. This casserole recipe is an easy spin on tamales, making it perfect for a weeknight dinner.",
  "Metadata": [
    "Prep Time:  20minutes",
    "Cook Time:  35minutes",
    "Total Time:  55minutes",
    "Servings: 6"
  ],
  "Ingredients": [
    "1  box Jiffy cornbread mix",
    "1 large egg",
    "1/2  cup  sour cream",
    "1/2  cup  creamed corn",
    "1  pound ground beef",
    "1 tablespoon chili powder",
    "1/2 teaspoon  salt",
    "3/4  teaspoon  ground cumin",
    "1/2 teaspoon dried oregano",
    "1/4  teaspoon  garlic powder",
    "1/4  teaspoon onion powder",
    "4 ounces diced green chilies",
    "1 cup red enchilada sauce",
    "1 ½ cups Monterey Jack cheese, shredded",
    "chopped tomatoes,  (optional topping)",
    "cilantro, (optional topping)",
    "sliced jalapeños,  (optional topping)"
  ],
  "Instructions": [
    "Preheat oven to 400 degrees Fahrenheit. Grease a 9-inch pie dish and set it aside.",
    "Combine 1  box Jiffy cornbread mix, 1 large egg, 1/2  cup  sour cream, and 1/2  cup  creamed corn in a large bowl.",
    "Pour the cornbread mixture into the prepared baking dish and bake for about 10 minutes. (It won't be done completely, but it will bake more once you layer everything on).",
    "While the cornbread bakes, prepare 1  pound ground beef. Cook over medium heat in a large skillet until no longer pink. Add 4 ounces diced green chilies, 1 tablespoon chili powder, 1/2 teaspoon  salt, 3/4  teaspoon  ground cumin, 1/2 teaspoon dried oregano, 1/4  teaspoon  garlic powder, and 1/4  teaspoon onion powder. Stir to combine and cook for an additional 3 minutes.",
    "Poke holes in the cornbread, then pour 1 cup red enchilada sauce on top and into the holes.",
    "Add the beef mixture to the cornbread, then top with 1 ½ cups Monterey Jack cheese,.",
    "Bake for 25 minutes until the cheese is melted and bubbling. Remove from the oven and allow to cool for a few minutes before serving.",
    "Top with chopped tomatoes,  cilantro, and sliced jalapeños,  if desired, and enjoy!"
  ],
  "Nutrition": [
    "Calories: 554kcal",
    "Carbohydrates: 38g",
    "Protein: 26g",
    "Fat: 33g",
    "Saturated Fat: 15g",
    "Polyunsaturated Fat: 2g",
    "Monounsaturated Fat: 13g",
    "Trans Fat: 1g",
    "Cholesterol: 118mg",
    "Sodium: 1185mg",
    "Potassium: 406mg",
    "Fiber: 4g",
    "Sugar: 13g",
    "Vitamin A: 1128IU",
    "Vitamin C: 4mg",
    "Calcium: 287mg",
    "Iron: 4mg",
    ""
  ],
  "Comments": [
    "Marcy Morales says:I wonder if the dryness in the cornbread is due to baking twice. Has anyone tried just baking all together? Just placing the cornbread mixture on the bottom and then the meat mixture on top and bake them together? I think I will give that a try.",
    "SCV says:Hello, I was going to make this real soon and I was wondering if I have to use a box of Jiffy cornbread mix or if I could make the cornbread out of cornmeal? TIA.P.S. I have used a lot of your recipes and not one of them have been a disappointment. Thanks again. 🙂",
    "Leslie Lombardi says:Perfect! Family loved this dish.",
    "Laurie says:Ok, the meat was very tasty but the cornbread mixture was way too dry!  Maybe creamed corn would help.  I kept thinking something was omitted.  I think that it needed milk.  I didn’t worry too much as the Enchilada sauce went over the top and I thought that it was put some moisture in it.  Nope. Anyway, I will work on the crust and will keep the recipe.",
    "Robbie says:Can I sub Masa flour for the cornbread crust?",
    "Alyssa Rivers says:I haven’t tried that but it should work!",
    "Elaine says:Delicious! Only changes I made was leaving out the cinnamon and used homemade enchilada sauce. I know from experience, I don’t care for cinnamon In savory dishes",
    "Laurie says:Cinnamon?",
    "Jessica says:I added milk to the cornbread and subbed Greek yogurt because that’s what I had. I also addEd black beans and canned tomatoes to ground turkey for the meat. So yummy! A family favorite now for sure!",
    "Jgocam says:I made the recipe exactly as it is written and it was perfect! Already made it again. Will be a regular on the weeknight rotation.",
    "jenna says:howdy – what an interesting twist:here in CA, tamale pie is usu. chili topped with cornbread, which leads to the gripe of dry cornbread top with soggy cornbread beneath (soaked up the chili juices).  I need to add a big handful of grated cheese to make the top moist.  Personally, I always smoosh the crust into the chili juices, so this version is my dream come true.Re: to the other commenters – At 1st glance, it does seem like very little liquid to 1 1/2 cups dry ingredients, but with the “filling” on top, maybe that doesn’t matter.When the supermarkets restock (corona virus panic shopping), this is the 1st new recipe I’m going to make before it gets too hot — Bakersfield already had 80 degree weather this week. 8othanks for sharing & keep well. jenna",
    "Mara says:So after reading the comments, i changed things up a little bit! I used jiffy cornbread mix and did 3/4 cup each of the creamed style corn and sour cream. I baked it at 375 for 12 minutes. I then added everything else but I did this the day ahead so when it was time to bake, I left it out on the counter for about an hour then finished baking it at 375 again for 20 minutes slightly covered (spray your foil with oil!) and then uncovered another 5-10 minutes. Came out perfect and the cornbread was nice and moist.",
    "John Fiala says:Yeah, 30 minutes was way too long – I wasn’t paying attention, and the cheese is all burnt now. 🙁I also had to press the cornmeal into the pan, but the resulting cornbread was still tasty.",
    "Jocelyn says:I also had problems with the crust.  I ended up adding 1/4 cup milk to the batter, but the crust still seemed dry to me.  I baked mine at 350 degrees.  The flavor of the pie is nice, but I cannot recommend this recipe.  Sorry.",
    "G.E. Lambert says:We liked the taste (but added more cheese and served with taco sauce, shredded lettuce and chopped tomatoes) but the cornbread mixture seemed to lack moisture and had to be pressed into the pie plate. Also at 400 degrees in my oven it was done in the 15 minutes. I only baked it 16 more after adding the enchilada sauce and meat and cheese so the cheese would completely melt.  Is there anything missing from the ingredient list or did I miss handle it somehow?TIA for your help.",
    "Alyssa Rivers says:I am sorry that it did not turn out for you. I will have to remake it and see how it turns out. Thank you for letting me know!",
    "Deepak says:Hi SERENE HERRERAThanks for posting such a yummy article…. I mean really it looks so yummyI am a food lover and I am going to try this out."
  ]
}