{
  "URL": "https://therecipecritic.com/tartar-sauce/",
  "Summary": "This homemade tartar sauce is briny, tangy, and creamy in all the right ways. There is no cooking, no junky ingredients, and it's ready in minutes.",
  "Metadata": [
    "Prep Time:  5minutes",
    "Total Time:  5minutes",
    "Servings: 4"
  ],
  "Ingredients": [
    "1 cup mayonnaise",
    "juice from half a lemon",
    "⅓ cup diced dill pickles",
    "2 tablespoons chopped fresh dill",
    "2 tablespoons dried minced onion",
    "½ teaspoon salt",
    "¼ teaspoon pepper"
  ],
  "Instructions": [
    "In a medium-sized bowl, add 1 cup mayonnaise, juice from half a lemon, ⅓ cup diced dill pickles, 2 tablespoons chopped fresh dill, 2 tablespoons dried minced onion, ½ teaspoon salt, and ¼ teaspoon pepper.",
    "Stir it all together to combine. Serve immediately or chill."
  ],
  "Nutrition": [
    "Calories: 391kcal",
    "Carbohydrates: 3g",
    "Protein: 1g",
    "Fat: 42g",
    "Saturated Fat: 7g",
    "Polyunsaturated Fat: 25g",
    "Monounsaturated Fat: 9g",
    "Trans Fat: 0.1g",
    "Cholesterol: 24mg",
    "Sodium: 743mg",
    "Potassium: 68mg",
    "Fiber: 0.4g",
    "Sugar: 1g",
    "Vitamin A: 75IU",
    "Vitamin C: 2mg",
    "Calcium: 18mg",
    "Iron: 0.2mg",
    ""
  ],
  "Comments": [
    "Kristina says:Thank you so much for sharing. I made some today and OMG it is delicious! Will never buy store bought tartar sauce again!",
    "Susan K. Mahon says:DELICIOUS and SO EASY to make – THANK YOU!",
    "Lori says:Delicious on salmon cakes!  Easy and fast to make. I combined 1/2 dill pickles and 1/2 capers for the 1/3 cup dill pickles.",
    "Deb says:Can you substitute mayonnaise for sour cream?",
    "Janet4 says:Easy to make. I had all the ingredients on hand. Delicious and my husband loved it",
    "lisa says:easy & delicious"
  ]
}