{
  "URL": "https://therecipecritic.com/tater-tot-nachos/",
  "Summary": "Tater Tot Nachos are made with crispy golden tater tots, topped with seasoned beef, scoops of refried beans, corn, black beans, salsa and melty cheese. Add your favorite toppings and dig in! ",
  "Metadata": [
    "Prep Time:  10minutes",
    "Cook Time:  30minutes",
    "Total Time:  40minutes",
    "Servings:  6servings"
  ],
  "Ingredients": [
    "2 pounds tater tots, frozen",
    "½ pound ground beef",
    "2 tablespoons taco seasoning",
    "½ cup refried beans",
    "½ cup corn",
    "½ cup black beans",
    "½ cup salsa",
    "½ cup sharp cheddar cheese",
    "½ cup monterey jack cheese",
    "Pico de gallo",
    "Sour cream",
    "Cilantro",
    "Avocado",
    "Jalapeño"
  ],
  "Instructions": [
    "Line a sheet pan with parchment paper and preheat the oven to 425 degrees Fahrenheit. Spread 2 pounds tater tots, frozen in an even layer on the pan.",
    "Bake the tater tots for 10 minutes. Toss the tater tots and continue baking for another 10 minutes.",
    "While the tater tots are in the oven, heat a skillet over medium-high heat, then add the ½ pound ground beef. Cook the meat until it is evenly browned.",
    "Drain the excess grease from the ground beef, then add in 2 tablespoons taco seasoning and stir to combine.",
    "Once the tater tots come out of the oven, set the oven to broil. Top the tater tots with the cooked beef, ½ cup refried beans ½ cup corn, ½ cup black beans, ½ cup salsa, ½ cup sharp cheddar cheese and ½ cup monterey jack cheese.",
    "Put the topped tots back into the oven and broil about 5 minutes, until the cheese is melted and bubbly.",
    "Take the tater tot nachos out of the oven and top with desired toppings which could include, Pico de gallo, Sour cream, Cilantro, Avocado, or Jalapeño."
  ],
  "Nutrition": [
    "Calories: 505kcal",
    "Carbohydrates: 50g",
    "Protein: 17g",
    "Fat: 28g",
    "Saturated Fat: 9g",
    "Polyunsaturated Fat: 6g",
    "Monounsaturated Fat: 10g",
    "Trans Fat: 0.5g",
    "Cholesterol: 45mg",
    "Sodium: 1150mg",
    "Potassium: 645mg",
    "Fiber: 7g",
    "Sugar: 3g",
    "Vitamin A: 406IU",
    "Vitamin C: 12mg",
    "Calcium: 182mg",
    "Iron: 2mg",
    ""
  ],
  "Comments": []
}