{
  "URL": "https://therecipecritic.com/tater-tot-breakfast-casserole/",
  "Summary": "This Tater Tot Breakfast Casserole is an easy casserole, packed with flavor and perfect for breakfast or even dinner! Packed with eggs, sausage, peppers, spinach, cheese and topped with a layer of tater tots.",
  "Metadata": [
    "Prep Time:  5minutes",
    "Cook Time:  45minutes",
    "Total Time:  50minutes",
    "Servings:  12People"
  ],
  "Ingredients": [
    "14 cooked and sliced sausage",
    "1 finely diced bell pepper",
    "1 cup finely chopped fresh spinach",
    "¼ cup sliced green onions",
    "1 ½ cups shredded cheddar cheese",
    "10 eggs",
    "1 cup milk",
    "1 teaspoon salt",
    "½ teaspoon dried parsley",
    "¼ teaspoon black pepper",
    "65-70 tater tots 1.3 lb approx.",
    "¼ teaspoon seasoning salt"
  ],
  "Instructions": [
    "Lightly grease a 9x13-inch baking dish with non-stick spray and preheat the oven to 350 degrees Fahrenheit.",
    "Layer 14 cooked and sliced sausage 1 finely diced bell pepper, 1 cup finely chopped fresh spinach, ¼ cup sliced green onions, and 1 ½ cups shredded cheddar cheese in the baking dish.",
    "In a large bowl, whisk together 10 eggs, 1 cup milk, 1 teaspoon salt, ½ teaspoon dried parsley, and ¼ teaspoon black pepper. Pour the mixture over the vegetables in the baking dish.",
    "Top the eggs and vegetables with rows of 65-70 tater tots to cover the dish and sprinkle with ¼ teaspoon seasoning salt. Bake for 40-45 minutes until the eggs are completely set and tots are golden."
  ],
  "Nutrition": [
    "Calories: 289kcal",
    "Carbohydrates: 15g",
    "Protein: 13g",
    "Fat: 20g",
    "Saturated Fat: 7g",
    "Polyunsaturated Fat: 3g",
    "Monounsaturated Fat: 7g",
    "Trans Fat: 0.1g",
    "Cholesterol: 170mg",
    "Sodium: 768mg",
    "Potassium: 319mg",
    "Fiber: 2g",
    "Sugar: 2g",
    "Vitamin A: 958IU",
    "Vitamin C: 17mg",
    "Calcium: 159mg",
    "Iron: 1mg",
    ""
  ],
  "Comments": [
    "Karen Colbert says:Can it be made day or two before?  Cook or no?",
    "Alyssa Rivers says:Hi Karen,  yes I would say 24 hours in advance is okay. Assemble it then cook it when you’re ready! Let me know how it turns out!",
    "Jo says:Love this recipe! Picky kids love it too! Made exactly per recipe and served with good salsa and a fruit salad (breakfast-for-dinner).",
    "Margie says:Are the tater tots frozen or thawed?",
    "Alyssa Rivers says:I used them straight out of the freezer.",
    "Virginia says:Perfect Christmas morning meal.  We loved it!",
    "Christopher says:This is a very tasty recipe, and I give it five stars!  I have now made it many, many times.  However, while I might not be the quickest chef, PREP TIME 5 MINUTES seems a nearly impossible.case of wishful thinking.  Slicing, dicing, chopping, shredding, layering, whisking, and then performing tile-work with the tater tots so that it looks attractive like in the picture?  I’d love to see the video of someone going from the raw ingredients and into the oven in 300 seconds.  😉   Anyway, love the recipe!",
    "Gg says:Hubby hates peppers any suggestions for a substitute?Thx",
    "Hofterzielbeek says:Looks very tasty! I want to try this out."
  ]
}