{
  "URL": "https://therecipecritic.com/taylor-swift-chai-cookies/",
  "Summary": "If you love warm Chai spices and soft chewy sugar cookies, this Taylor Swift Chai Cookie recipe is for you! Made popular by T Swift herself, these cookies are everything you're looking for in a fall treat. ",
  "Metadata": [
    "Prep Time:  45minutes",
    "Cook Time:  12minutes",
    "cooling time:  1hour",
    "Total Time:    1hour57minutes",
    "Servings:  18Cookies"
  ],
  "Ingredients": [
    "½ cup butter room temp",
    "¼ cup vegetable oil",
    "½ cup granulated sugar plus more for rolling dough",
    "½ cup powdered sugar",
    "¼ cup chai tea concentrate",
    "1 large egg",
    "1 tablespoon vanilla extract",
    "1 bag chai tea leaves",
    "¼ teaspoon allspice",
    "2 ¼ cups all purpose flour",
    "½ teaspoon baking soda",
    "½ teaspoon salt",
    "2 cup powdered sugar",
    "1 teaspoon nutmeg",
    "1 teaspoon vanilla",
    "6 tablespoons heavy whipping cream"
  ],
  "Instructions": [
    "In a large bowl using a hand mixer, or a stand mixer fitted with the paddle, whip your butter until it is light and fluffed.",
    "Add the oil and beat until it’s mostly incorporated, the oil will not completely mix with the butter.",
    "Add sugar, powdered sugar, chai tea concentrate, egg, and vanilla. Mix again until all are incorporated.",
    "Add the chai tea leaves and allspice, mix in.",
    "Lastly add the flour, baking soda, and salt. Mix until it’s all combined. Your dough will be soft.",
    "Scoop dough out at about 2 tablespoons size, round into balls and roll in sugar.",
    "Place on a baking sheet lined with parchment paper and refrigerate for an hour.",
    "Preheat oven to 350℉ and bake cookies for 8-12 minutes. After removing from the oven allow cookies to sit on the hot panfor at least 5 minutes. Remove from pan and let the cookies cool completely on a cooling rack.",
    "Whip all the ingredients together with a hand mixer, until all ingredients are well incorporated.",
    "Once the cookies have cooled completely, dollop a spoon of frosting on each cookie and spread lightly with the back of the spoon."
  ],
  "Nutrition": [
    "Calories: 212kcal",
    "Carbohydrates: 34g",
    "Protein: 2g",
    "Fat: 7g",
    "Saturated Fat: 5g",
    "Polyunsaturated Fat: 0.4g",
    "Monounsaturated Fat: 2g",
    "Trans Fat: 0.2g",
    "Cholesterol: 28mg",
    "Sodium: 141mg",
    "Potassium: 29mg",
    "Fiber: 0.5g",
    "Sugar: 22g",
    "Vitamin A: 245IU",
    "Vitamin C: 0.04mg",
    "Calcium: 9mg",
    "Iron: 1mg",
    ""
  ],
  "Comments": [
    "Liz says:Love the cookies love the chai flavour 💕🙌 because the frosting has whipped cream can I still leave the leftovers on bench? Thanks",
    "Alyssa Rivers says:I keep mine at room temp because they get eaten so fast, but they will keep longer in the fridge.",
    "Stephanie says:I’ve made these a couple times now and they’re so delicious! Probably my favorite cookie. The first time, I chilled the dough after forming per the instructions, but it’s easier to handle the dough if you chill it first.",
    "Beth says:After chilling the dough, should it be soft to scoop or firm like sugar cookies to roll out? I haven’t baked them yet, but the flavor is 10/10 (yes I ate dough).",
    "Allysa says:Such good cookie!! Definitely a keeper!",
    "Miranda says:So good, might turn into my new favourite. I accidentally forgot to add the liquid concentrate and it still turned out marvellous, still so soft and the perfect cookie texture.",
    "Alexandra says:They came out perfect 🙂 Thank you!!",
    "Sniggy says:Can I make the chai concentrate with milk and tea powder",
    "Alyssa Rivers says:I haven’t tried that before to know if homemade chai concentrate will work in this recipe.",
    "Hope says:I made these a few days ago. They’re very good and are like soft drop cookies. They stay soft as long as they’re stored in a proper container. Couple edits I had to do: I had to chill my dough before rolling it out into balls. I made one substitution-I didn’t have allspice so I used a little nutmeg and cinnamon.",
    "Morgan says:I made this using a liquid chai concentrate. The batter ended up being closer to a brownie batter, and couldn’t be rolled. They also lacked flavor.",
    "Savanah says:So you didn’t follow the recipe and are giving two stars for your own recipe then?",
    "Anna says:So, because you couldn’t be bothered with actually reading and then following through with the directions, you gave this recipe a low score? You absolutely tanked this recipe’s ratings and effected the algorithm on search engines, and probably hurt the feelings of the author who thoughtfully published this recipe.You’re a giant red flag.Do better.",
    "Elaine says:I need to know how much is one bag tea leaves",
    "Alyssa Rivers says:You can buy any bagged Chai tea box from the tea aisle at the grocery store. You will open the bag to get the leaves out. Use all of the leaves in one tea bag in this recipe.",
    "Ana says:Is it normal for the dough to be really crumbly?… I measured everything perfectly but opted out for the concentrate and just used a chai tea bag and opened that up. Does not using the concentrate make a huge difference in consistency? Just wanting to know if my consistency makes sense.",
    "Morgan says:Should the chai tea concentrate be a liquid or a powder?",
    "Alyssa Rivers says:It’s a liquid!"
  ]
}