{
  "URL": "https://therecipecritic.com/tbone-steak/",
  "Summary": "Indulge in the ultimate T-bone steak experience with this recipe! It takes an already awesome cut of meat and cooks it to perfection. The mix of olive oil, spices, and a hot skillet gives you a beautifully seared crust. Top it off with some garlic butter and fresh herbs, then you have the perfect meal ready for any occasion!",
  "Metadata": [
    "Prep Time:  5minutes",
    "Cook Time:  15minutes",
    "Total Time:  20minutes",
    "Servings: 2"
  ],
  "Ingredients": [
    "1 ½ pounds T-bone steak, about 1-inch thick",
    "1-2 tablespoons olive oil",
    "1 teaspoon Kosher salt or to taste",
    "1 teaspoon cracked black pepper",
    "1 teaspoon dried Italian seasonings",
    "1-2  tablespoons compound butter (optional)",
    "fresh herbs for garnish"
  ],
  "Instructions": [
    "Remove the 1 ½ pounds T-bone steak, from the refrigerator 30 minutes before cooking. Preheat the oven to 450 degrees Fahrenheit.",
    "Pat the steak dry with a paper towel, then season generously with 1 teaspoon Kosher salt, 1 teaspoon cracked black pepper, and 1 teaspoon dried Italian seasonings.",
    "Add 1-2 tablespoons olive oil to a large cast iron skillet and heat over high heat. Make sure to coat the skillet really well.",
    "Place the steak into the hot skillet and sear for 3 minutes on each side until golden brown. Use a splatter screen!",
    "Once the steak is browned on both sides, place the skillet into the hot oven.",
    "Cook until the steak temperature reaches your desired doneness. Ours took 6-8 minutes to reach 130 degrees Fahrenheit, which is medium-rare.",
    "Transfer the steak to a cutting board and let it rest for 10 minutes. Cut steak from the bone and carve meat across the grain."
  ],
  "Nutrition": [
    "Calories: 875kcal",
    "Carbohydrates: 2g",
    "Protein: 71g",
    "Fat: 63g",
    "Saturated Fat: 25g",
    "Polyunsaturated Fat: 3g",
    "Monounsaturated Fat: 29g",
    "Trans Fat: 0.2g",
    "Cholesterol: 206mg",
    "Sodium: 1392mg",
    "Potassium: 1085mg",
    "Fiber: 1g",
    "Sugar: 0.1g",
    "Vitamin A: 198IU",
    "Vitamin C: 0.5mg",
    "Calcium: 46mg",
    "Iron: 7mg",
    ""
  ],
  "Comments": [
    "Claudia says:Seasoning and flavor were great! I REALLY appreciate you giving a specific salt & pepper measurement.  Ours were well done at 6 minutes in .  Other than shortening the oven time (our steak was well done after 6 minutes in a 450° oven) I would not change anything in this recipe!   I added the compound butter as soon as I pulled it out of the oven.",
    "Alice M Mcphatter says:Very well cooked and tender.  Love the flavor, herbs and spices taste so good.",
    "Caitlin says:Where do we use the butter or the garlic. Both were listed ingredients but never mentioned in the instructions.",
    "Alyssa Rivers says:Hello! Thanks for seeing that! I changed the recipe to reflect using compoud butter (which is optional). Let me know what you think!",
    "B Huggins says:This recipe had butter on the ingredients list but never mentioned anything in the steps about butter.",
    "Christine says:Where does the BUTTER come in?"
  ]
}