{
  "URL": "https://therecipecritic.com/tea-cakes/",
  "Summary": "Delicately crumbly and a little bit sweet, these tea cakes are the perfect afternoon snack! They're super simple, but so irresistible. Make a cup of your favorite tea to serve with them and enjoy!",
  "Metadata": [
    "Prep Time:  20minutes",
    "Cook Time:  10minutes",
    "Chill Time:  1hour",
    "Total Time:    1hour30minutes",
    "Servings:  30cakes"
  ],
  "Ingredients": [
    "1 cup unsalted butter, room temperature",
    "1 ½ cup granulated sugar",
    "3 large eggs, room temperature",
    "3 tablespoons buttermilk",
    "2 ½ teaspoons vanilla extract",
    "4 ½ cups all-purpose flour",
    "1 teaspoon baking soda",
    "½ teaspoon baking powder",
    "½ teaspoon salt",
    "¼ heaping teaspoon ground nutmeg"
  ],
  "Instructions": [
    "In the bowl of a stand mixer, cream together 1 cup unsalted butter, and 1 ½ cup granulated sugar until light and fluffy, about 4 minutes.",
    "Add 3 large eggs, one at a time, mixing until combined. Scrape down the sides and bottom of the bowl between each egg. Add 2 ½ teaspoons vanilla extract and 3 tablespoons buttermilk and mix until combined.",
    "Whisk together 4 ½ cups all-purpose flour, ½ teaspoon baking powder, 1 teaspoon baking soda, ½ teaspoon salt, and ¼ heaping teaspoon ground nutmeg in a large bowl. Add the dry ingredients to the wet ingredients and mix until just combined. The dough will be very soft and a little sticky.",
    "Separate the dough into 2-3 sections and wrap tightly in plastic wrap. Chill in the fridge for 1-2 hours.",
    "Once the dough has chilled, preheat the oven to 375 degrees Fahrenheit and line two baking sheets with parchment paper. Prepare your workspace by lightly dusting a clean surface with flour.",
    "Using one section of dough at a time, roll it out until it is 1/4 inch thick. Use a round cookie cutter or biscuit cutter to cut out as many cakes as you can before bringing the scraps together. Wrap the scraps in plastic wrap and place in the fridge.",
    "Place the cakes on the prepared baking sheets, leaving 2 inches between them. Bake for 9-10 minutes, just until they lose the sheen on top. They should not be browned at all.  Let the cakes cool on the baking sheet for 3-4 minutes before transferring to a cooling rack to finish cooling.",
    "Repeat with the remaining dough, bringing the scraps all together and rolling out again. Serve the finished cakes with tea or coffee, and enjoy!"
  ],
  "Nutrition": [
    "Calories: 169kcal",
    "Carbohydrates: 24g",
    "Protein: 3g",
    "Fat: 7g",
    "Saturated Fat: 4g",
    "Polyunsaturated Fat: 0.4g",
    "Monounsaturated Fat: 2g",
    "Trans Fat: 0.2g",
    "Cholesterol: 33mg",
    "Sodium: 84mg",
    "Potassium: 37mg",
    "Fiber: 1g",
    "Sugar: 10g",
    "Vitamin A: 215IU",
    "Calcium: 12mg",
    "Iron: 1mg"
  ],
  "Comments": [
    "Debbie C says:These are great! Would have given a 5 star but not sure if it’s or the recipe. Not as light as I would like, then again it could just be me because this te second time I’m making tea cakes. Tried another recipe and I rate them as the same. Alyssa, thanks for sharing.",
    "Debbie says:Update: tried the tea cakes again and better this time. In my first comment, I didn’t give it a five star but these tea cakes deserve five stars.",
    "Mary Fowler says:Like the tea cake recipe . I’m going to try it Send more."
  ]
}