{
  "URL": "https://therecipecritic.com/ted-lasso-biscuits/",
  "Summary": "After tasting these delicious Ted Lasso Biscuits in real life,  you'll understand just why Rebecca was obsessed with them! They are sweet and have the perfect shortbread texture. ",
  "Metadata": [
    "Prep Time:  15minutes",
    "Cook Time:  30minutes",
    "Chill:  30minutes",
    "Total Time:    1hour15minutes",
    "Servings:  8pieces"
  ],
  "Ingredients": [
    "2 cups all-purpose flour",
    "½ cup granulated sugar",
    "1 pinch salt",
    "1 teaspoon vanilla extract",
    "¼ teaspoon almond extract",
    "1 cup high-quality unsalted butter, room temperature",
    "2 tablespoons coarse sugar"
  ],
  "Instructions": [
    "Preheat the oven to 350 degrees Fahrenheit and line an 8×8 baking dish with parchment paper, leaving a 1-inch overhang on two sides for easy removal. Set aside.",
    "Add 2 cups all-purpose flour, ½ cup granulated sugar, and 1 pinch salt to a large bowl and whisk to combine. Add 1 teaspoon vanilla extract ¼ teaspoon almond extract, and 1 cup high-quality unsalted butter, and cut in with a pastry cutter until the mixture resembles coarse breadcrumbs.",
    "Press the dough into the prepared pan. Sprinkle 2 tablespoons coarse sugar over the top and gently press into the dough before chilling for 20-30 minutes.",
    "Bake for 30-35 minutes, until the top begins to turn golden brown. Let the shortbread rest out of the oven for 5-10 minutes before carefully lifting it out of the pan and cut into 12 pieces, or however many you would like. I cut them to the size I needed to fit in my biscuit box.",
    "Let cool completely before serving."
  ],
  "Nutrition": [
    "Calories: 379kcal",
    "Carbohydrates: 39g",
    "Protein: 3g",
    "Fat: 23g",
    "Saturated Fat: 15g",
    "Polyunsaturated Fat: 1g",
    "Monounsaturated Fat: 6g",
    "Trans Fat: 1g",
    "Cholesterol: 61mg",
    "Sodium: 9mg",
    "Potassium: 41mg",
    "Fiber: 1g",
    "Sugar: 16g",
    "Vitamin A: 709IU",
    "Calcium: 12mg",
    "Iron: 1mg"
  ],
  "Comments": [
    "Heather says:Too funny – just last night I was telling my husband how my mom used to make the best ‘bar cookie’ when I was younger, called Jan Hagel. (Not sure if that’s the actual name or if it is an authentic recipe, but that’s the name that was atop her handwritten recipe card)It was the most delicious cinnamon shortbread type cookie (bar), and I had completely forgotten about it until last night.Then this morning your email is in my Inbox.(I realize there’s no cinnamon in your recipe, but it looks identical to these Jan Hagel bars), so definitely going to trying these and also will be digging through boxes to find that recipe card. heheThank you for this recipe, I’m excited to try it!Enjoy your day,Heather in Canada 🙂",
    "Alyssa Rivers says:It was meant to be! Let me know what you think. I couldn’t stop eating them, they are so so delicious!"
  ]
}