{
  "URL": "https://therecipecritic.com/tennessee-onions/",
  "Summary": "Tennessee onions are sweet onions baked in butter and gooey cheese until golden, bubbly, and caramelized to perfection. ",
  "Metadata": [
    "Prep Time:  10minutes",
    "Cook Time:  1hour",
    "Total Time:    1hour10minutes",
    "Servings:  8servings"
  ],
  "Ingredients": [
    "3 large sweet onions",
    "4 tablespoons butter, cut into small pieces",
    "1 teaspoon garlic powder",
    "1 teaspoon Italian seasoning",
    "1 teaspoon kosher salt",
    "½ teaspoon paprika",
    "½ teaspoon black pepper",
    "¼ teaspoon cayenne pepper",
    "1 cup shredded cheddar cheese",
    "1 cup shredded mozzarella cheese",
    "½ cup shredded Parmesan cheese"
  ],
  "Instructions": [
    "Preheat oven to 350 degrees Fahrenheit. Grease a 9×13-inch baking dish with non-stick cooking spray. Peel and slice 3 large sweet onions into ¼-inch thick slices. Separate the rings and place them in a large bowl.",
    "Sprinkle with 1 teaspoon garlic powder, 1 teaspoon Italian seasoning, 1 teaspoon kosher salt, ½ teaspoon black pepper, ½ teaspoon paprika, and ¼ teaspoon cayenne pepper. Gently toss to combine.",
    "Place the onions in the prepared baking dish and top with 4 tablespoons butter, cut into small pieces. Layer 1 cup shredded cheddar cheese, 1 cup shredded mozzarella cheese, and ½ cup shredded Parmesan cheese evenly over the onions.",
    "Cover the pan with foil and bake for 30 minutes. Remove the foil and bake for another 30 minutes, until the cheese is golden and bubbly."
  ],
  "Nutrition": [
    "Calories: 217kcal",
    "Carbohydrates: 11g",
    "Protein: 10g",
    "Fat: 15g",
    "Saturated Fat: 9g",
    "Polyunsaturated Fat: 1g",
    "Monounsaturated Fat: 4g",
    "Trans Fat: 0.2g",
    "Cholesterol: 44mg",
    "Sodium: 626mg",
    "Potassium: 190mg",
    "Fiber: 1g",
    "Sugar: 7g",
    "Vitamin A: 554IU",
    "Vitamin C: 6mg",
    "Calcium: 276mg",
    "Iron: 1mg",
    ""
  ],
  "Comments": []
}