{
  "URL": "https://therecipecritic.com/teriyaki-chicken-casserole/",
  "Summary": "Easy Teriyaki Chicken Casserole is a simple casserole made with homemade teriyaki sauce, vegetable stir fry and rice that's all baked to perfection. A savory dish that everyone loves! ",
  "Metadata": [
    "Prep Time:  15minutes",
    "Cook Time:  45minutes",
    "Total Time:  1hour",
    "Servings:  8people"
  ],
  "Ingredients": [
    "3/4 cup soy sauce",
    "3/4 cup brown sugar",
    "1/2 cup apple cider vinegar",
    "2 garlic cloves minced",
    "1/2 teaspoon ginger",
    "1/4 teaspoon pepper",
    "1 Tablespoon cornstarch",
    "1 Tablespoon water",
    "2 chicken breasts",
    "4 cups rice cooked",
    "3 cups vegetable stir fry mix cooked or steamed"
  ],
  "Instructions": [
    "Preheat oven to 350 degrees.",
    "In a medium-sized saucepan, add t3/4 cup soy sauce, 3/4 cup brown sugar, 1/2 cup apple cider vinegar, 2 garlic cloves, 1/2 teaspoon ginger, and 1/4 teaspoon pepper. In a small bowl, whisk together 1 Tablespoon cornstarch and 1 Tablespoon water.  Slowly whisk into soy sauce mixture and bring to a boil over medium-high heat. Reduce to a simmer and let thicken for about 3-5 minutes.",
    "In a 9×13 casserole dish, add 2 chicken breasts. Pour half of the teriyaki sauce on top and bake for 25 minutes or until the chicken is cooked and no longer pink. Remove from oven and shred the chicken.",
    "Stir in cooked 4 cups rice and add 3 cups vegetable stir fry mix. Pour in the remaining sauce. Mix and bake until heated through for about 10-15 minutes."
  ],
  "Nutrition": [
    "Calories: 553kcal",
    "Carbohydrates: 107g",
    "Protein: 24g",
    "Fat: 3g",
    "Saturated Fat: 1g",
    "Cholesterol: 36mg",
    "Sodium: 1328mg",
    "Potassium: 561mg",
    "Fiber: 5g",
    "Sugar: 19g",
    "Vitamin A: 4522IU",
    "Vitamin C: 10mg",
    "Calcium: 57mg",
    "Iron: 2mg"
  ],
  "Comments": [
    "Jenifer says:If I was to use bottled terryaki sauce, how much would I use?",
    "Alyssa Rivers says:Hi Jennifer, thank you for your question. If you are using bottled teriyaki sauce, use two cups. Let me know how it turns out!",
    "Camille Mey says:This was yummy, can it be frozen or will it taste weird?",
    "Alyssa Rivers says:Yes, it can be frozen! That’s one of my favorite things about this recipe. ? It will stay good for one month in the freezer. When you’re ready to have it again, just thaw overnight and reheat for about 20 minutes at 350 degrees.",
    "Joyce says:Decided to try making in my crockpot instead of the oven.  Worked great. Put chicken breasts and sauce in pot for approx. 1 1/2 hrs.  Shredded chicken then added fresh vegetables. I also used some sesame oil for added flavor.",
    "Linda Savoie says:How can you reduce the sodium",
    "Alyssa Rivers says:I recommend using low-sodium soy sauce!",
    "Debbie says:I am wondering how you think it would work to use fresh veggies (carrots, broccoli, snap peas, etc) and roast along with the chicken?",
    "Alyssa Rivers says:That would be great to give them some tasty roasted flavor!",
    "Shirley Hartman says:I made a double batch for a church carry in. It was a Hit! I would reduce the sugar and vinegar in the future  Too sweet for my tastes.  I also added cabbage. Will make again for sure.",
    "Stacey says:I had leftovers from our favorite teriyaki restaurant. Bought some frozen veggies and made a couple batches of the teriyaki sauce (second batch I used pineapple juice as I was out of apple cider vinegar) and it was a huge hit!!!",
    "Geraldine says:That is a recipe for sticky rice, not instant rice,,,,sticky rice have a nutty flavor,,,way better,,,,",
    "Sabrina McGrath says:I would modify the recipe by using less rice and more veggies. I used 4 cups of instant rice (before cooking) which seemed to make way too much. I used about a cup for the dogs food and probably threw away a cup worth. Next time I’ll make 2 cups of rice.  I used 2 huge chicken breasts & 2 bags of stir fry veggies. But compared to the rice it didn’t seem like much.  Didn’t seem super saucy to us but again that might be related to the rice ratio.This fed our family of 2 adults and 12 year old and 6 year old boys for 2 meals including multiple helpings.",
    "Kikka says:Sauce was yummy, I’ll be toning down the sugar, soy sauce & vinegar – I used only the sauce that was gathered from the chicken as it would have been too strong for us if we used the whole lot. I’ll definitely use it again though, thanks 🙂",
    "Renata B says:This meal was easy to make especially since I used rotisserie chicken!  My family notice right away that I was cooking with vinegar.  This was good as soon as it was out the oven but as it cooled, the sweetness became too sweet. Next time, my husband said to just use 1/4 cup sugar.",
    "Linda says:Hi, I made this last night and loved it. Really liked the use of only the one casserole dish to cook the chicken and then the casserole itself. The sauce was really really good and will use the recipe for the sauce whenever I need a teriyaki sauce in a recipe. Great job on creating a great dish."
  ]
}