{
  "URL": "https://therecipecritic.com/teriyaki-burgers/",
  "Summary": "These tangy and zesty burgers are topped with teriyaki sauce, pineapple, and all the delicious hamburger fixings that you could want. It's dripping with flavor and will soon become a family favorite! ",
  "Metadata": [
    "Prep Time:  5minutes",
    "Cook Time:  10minutes",
    "Total Time:  15minutes",
    "Servings: 4"
  ],
  "Ingredients": [
    "1 lb Ground Beef 80/20",
    "1/4 cup Homemade Teriyaki Sauce  or store bought",
    "3 Garlic Cloves minced",
    "Salt and Pepper  to taste",
    "4 slices Provolone Cheese",
    "4 Hamburger Buns",
    "8 Pineapple Rings grilled",
    "Red Onion Slices grilled",
    "Butter Lettuce",
    "Additional Teriyaki Sauce",
    "Sesame Seeds  for garnish"
  ],
  "Instructions": [
    "In a medium-sized bowl combine the ground beef, teriyaki sauce, garlic and salt and pepper.  Shape into four patties and press a divot into the center of the patty with your thumb.",
    "Heat the grill to 400 degrees. Place the burgers onto direct heat and grill for 4-5 minutes on each side until the desired doneness.  Add the cheese on top at the end and remove it from grill.",
    "Assemble by putting on a bun with desired toppings."
  ],
  "Nutrition": [
    "Calories: 562kcal",
    "Carbohydrates: 43g",
    "Protein: 30g",
    "Fat: 30g",
    "Saturated Fat: 12g",
    "Polyunsaturated Fat: 2g",
    "Monounsaturated Fat: 12g",
    "Trans Fat: 1g",
    "Cholesterol: 94mg",
    "Sodium: 1117mg",
    "Potassium: 576mg",
    "Fiber: 2g",
    "Sugar: 22g",
    "Vitamin A: 225IU",
    "Vitamin C: 12mg",
    "Calcium: 253mg",
    "Iron: 4mg",
    ""
  ],
  "Comments": [
    "Sydney says:Best burger I’ve ever made! We used Soy Vay Teriyaki Sauce and my whole family loved it!! Will definitely be making these again!",
    "Leona says:I absolutely love all the recipes you post.  When I am looking for a new idea, I always visit your website.",
    "Alyssa Rivers says:That means so much to me! Thank you!"
  ]
}