{
  "URL": "https://therecipecritic.com/teriyaki-chicken/",
  "Summary": "Busy night? This quick teriyaki chicken brings the flavor without the stress. It's tender, saucy, and on the table in 30 minutes!",
  "Metadata": [
    "Prep Time:  10minutes",
    "Cook Time:  20minutes",
    "Total Time:  30minutes",
    "Servings:  4people"
  ],
  "Ingredients": [
    "1 ½ pounds cubed boneless skinless chicken breasts, cut into 1-inch pieces",
    "1 tablespoon olive oil",
    "½ cup low-sodium soy sauce",
    "¼ cup brown sugar",
    "1 tablespoon apple cider vinegar",
    "1 clove minced garlic minced",
    "1 teaspoon sesame oil",
    "½ teaspoon freshly grated ginger",
    "¼ cup water",
    "1 tablespoon cornstarch",
    "salt and pepper to taste",
    "sesame seeds and green onions for garnish"
  ],
  "Instructions": [
    "Add 1 tablespoon olive oil to a wok or large skillet over medium-high heat. Add 1 ½ pounds cubed boneless skinless chicken breasts, and cook until no longer pink, about 5-8 minutes. Remove the chicken and set it aside on a plate.",
    "In a small bowl, combine ½ cup low-sodium soy sauce, ¼ cup brown sugar, 1 tablespoon apple cider vinegar, 1 clove minced garlic, 1 teaspoon sesame oil, and ½ teaspoon freshly grated ginger.",
    "In a small bowl, whisk together ¼ cup water and 1 tablespoon cornstarch to make a slurry. Add the cornstarch mixture to the sauce and whisk to combine.",
    "Pour the teriyaki sauce into the wok over medium-high heat and bring the sauce to a boil. Reduce the heat and whisk until it starts to thicken.",
    "Add the chicken back to the wok or skillet and toss until coated and heated through. Season with salt and pepper to taste. Top with sesame seeds and green onions for garnish, if using. Serve over rice!"
  ],
  "Nutrition": [
    "Calories: 491kcal",
    "Carbohydrates: 19g",
    "Protein: 29g",
    "Fat: 33g",
    "Saturated Fat: 8g",
    "Polyunsaturated Fat: 7g",
    "Monounsaturated Fat: 15g",
    "Trans Fat: 1g",
    "Cholesterol: 167mg",
    "Sodium: 1199mg",
    "Potassium: 430mg",
    "Fiber: 1g",
    "Sugar: 14g",
    "Vitamin A: 133IU",
    "Vitamin C: 1mg",
    "Calcium: 33mg",
    "Iron: 2mg",
    ""
  ],
  "Comments": [
    "Leslie C says:Easy weeknight, family fav.  I should have doubled the recipe as my kids gobbled up every bit.  I didn’t salt the meat and used low sodium soy sauce.",
    "Claire says:Authentic teriyaki sauce (as you would get in Japan and as my Japanese mother-in-law makes) is sweet — NOT salty. So I do strongly suggest not seasoning the chicken with salt and only using low-salt soy sauce. Otherwise, as so many others have mentioned here, this will be too salty. But if you omit the salt, this is a good recipe.",
    "Emma says:This recipe has all the right ingredients and makes a nice consistency but oh my gosh the sauce was insanely strong and salty tasting. I didn’t add any salt o and even didn’t add as much soy sauce as directed but it was so strong. I added more water, thickener, and brown sugar and was able to salvage it but wow! That was so rough haha"
  ]
}