{
  "URL": "https://therecipecritic.com/teriyaki-spinach-pasta-salad/",
  "Summary": "Teriyaki spinach pasta salad combines juicy mandarin oranges, savory teriyaki chicken, and crunchy cashews for a flavor explosion in every bite! The best Asian-inspired pasta salad to serve alongside your favorite meals.",
  "Metadata": [
    "Prep Time:  20minutes",
    "Total Time:  20minutes",
    "Servings:  8people"
  ],
  "Ingredients": [
    "8 ounces bowtie pasta noodles, cooked and drained",
    "4 cups baby spinach leaves",
    "2 cups boneless skinless chicken, cooked and chopped",
    "½ cup craisins",
    "½ cup honey roasted cashews, or peanuts",
    "4 ounces mandarin oranges, drained",
    "⅓ cup fresh cilantro, chopped",
    "¼ cup green onions, chopped",
    "1 teaspoon white sesame seeds",
    "1 teaspoon black sesame seeds",
    "⅓ cup vegetable or canola oil",
    "⅓ cup teriyaki sauce, (I like Yoshida)",
    "⅓ cup rice vinegar",
    "¼ cup granulated sugar",
    "1 teaspoon garlic, minced",
    "¼ teaspoon salt",
    "¼ teaspoon black pepper"
  ],
  "Instructions": [
    "To a medium bowl, add ⅓ cup vegetable or canola oil, ⅓ cup teriyaki sauce, ⅓ cup rice vinegar, ¼ cup granulated sugar, 1 teaspoon garlic, ¼ teaspoon salt and ¼ teaspoon black pepper.",
    "Whisk to combine and set aside.",
    "Cook the 8 ounces bowtie pasta noodles, to al dente according to package instructions. Drain the pasta in a strainer, then run it under cold water to cool the pasta.",
    "To a large bowl, add the pasta, 4 cups baby spinach leaves, 2 cups boneless skinless chicken, cooked, ½ cup craisins, ½ cup honey roasted cashews, 4 ounces mandarin oranges, ⅓ cup fresh cilantro, ¼ cup green onions, 1 teaspoon white sesame seeds, and 1 teaspoon black sesame seeds.",
    "Pour the dressing over the salad ingredients and toss to coat evenly.",
    "Serve right away or refrigerate the salad for up to 2 hours before serving."
  ],
  "Nutrition": [
    "Serving: 1cup",
    "Calories: 273kcal",
    "Carbohydrates: 41g",
    "Protein: 14g",
    "Fat: 6g",
    "Saturated Fat: 1g",
    "Polyunsaturated Fat: 1g",
    "Monounsaturated Fat: 3g",
    "Trans Fat: 0.01g",
    "Cholesterol: 24mg",
    "Sodium: 593mg",
    "Potassium: 405mg",
    "Fiber: 2g",
    "Sugar: 16g",
    "Vitamin A: 1591IU",
    "Vitamin C: 9mg",
    "Calcium: 45mg",
    "Iron: 2mg"
  ],
  "Comments": [
    "Cara says:Made this tonight & it was AMAZING! We had seconds. Thanks for sharing!",
    "Stony says:Alyssa  ,  Loved it, but love salads just like this one,"
  ]
}