{
  "URL": "https://therecipecritic.com/teriyaki-chicken-meal-prep-bowls/",
  "Summary": "Teriyaki chicken meal prep bowls are perfect for a busy week because they are filling, full of flavor, and healthy. This is an easy make-ahead meal that is something the whole family will love. For lunches or quick dinners, you won't regret having these in the fridge!",
  "Metadata": [
    "Prep Time:  25minutes",
    "Cook Time:  10minutes",
    "Total Time:  35minutes",
    "Servings:  4people"
  ],
  "Ingredients": [
    "1 pound boneless skinless chicken breast, cubed",
    "2 cups rice, cooked",
    "2 cups broccoli florets, steamed",
    "2 cups snap peas, steamed",
    "1 cup teriyaki sauce, store-bought or homemade",
    "sesame seeds for garnish"
  ],
  "Instructions": [
    "Cook the rice ahead of time or use prepackaged cooked rice for convenience.",
    "Cut the chicken into bitesized pieces. Cook the chicken over medium high-heat for 5-7 minutes. The chicken should be cooked through and no longer pink.",
    "Steam the vegetables until tender.",
    "To assemble the bowls, evenly divide all of the cooked ingredients into four sealable containers.",
    "Each container will contain 1/2 cup rice, 1/2 cup cooked chicken, 1/2 cup broccoli, 1/2 cup snap peas, and 1/4 cup teriyaki sauce.",
    "Seal the containers and store in the refrigerator until ready to eat. Warm in the microwave and drizzle the teriyaki over the chicken. Enjoy!"
  ],
  "Nutrition": [
    "Calories: 567kcal",
    "Carbohydrates: 92g",
    "Protein: 38g",
    "Fat: 4g",
    "Saturated Fat: 1g",
    "Polyunsaturated Fat: 1g",
    "Monounsaturated Fat: 1g",
    "Trans Fat: 0.01g",
    "Cholesterol: 73mg",
    "Sodium: 2911mg",
    "Potassium: 930mg",
    "Fiber: 4g",
    "Sugar: 13g",
    "Vitamin A: 850IU",
    "Vitamin C: 71mg",
    "Calcium: 92mg",
    "Iron: 4mg",
    ""
  ],
  "Comments": [
    "Sabrina says:great idea, works for me, always love chicken teriyaki, broccoli too! thank you"
  ]
}