{
  "URL": "https://therecipecritic.com/texas-sheet-cake/",
  "Summary": "Not only does this white Texas sheet cake feed a crowd, but it's always a hit with its buttery, almond flavor. Topped off with a smooth layer of buttercream frosting, you'll be going back for slice after slice!",
  "Metadata": [
    "Prep Time:  20minutes",
    "Cook Time:  20minutes",
    "Total Time:  40minutes",
    "Servings:  24Servings"
  ],
  "Ingredients": [
    "1 cup unsalted butter",
    "1 cup water",
    "2 cups all-purpose flour",
    "2 cups granulated sugar",
    "2 large eggs beaten",
    "1/2 cup sour cream",
    "1 teaspoon almond extract",
    "1  teaspoon vanilla extract",
    "1 teaspoon baking soda",
    "1 teaspoon salt",
    "1/2 cup unsalted butter 1 stick",
    "1/3 cup milk",
    "4 ½ cups powdered sugar",
    "1/2 teaspoon almond extract",
    "1/4 teaspoon salt"
  ],
  "Instructions": [
    "Preheat the oven to 375 degrees Fahrenheit. Spray a 13×18 inch baking sheet with pan spray and dust generously with flour. Tap out the excess flour.",
    "In a medium saucepan, bring 1 cup unsalted butter and 1 cup water to a boil. Meanwhile, in a large bowl, whisk together 2 cups all-purpose flour and 2 cups granulated sugar.",
    "Add 2 large eggs, 1/2 cup sour cream, 1 teaspoon almond extract, 1  teaspoon vanilla extract, 1 teaspoon baking soda, and 1 teaspoon salt to the dry ingredients. Slowly pour in the boiling butter/water mixture. Mix with a spatula or whisk until well combined and smooth.",
    "Pour the batter into the prepared baking sheet and bake for 20-22 minutes or until golden brown. Cool for about 20 minutes.",
    "While the cake is cooling, make the frosting by combining 1/2 cup unsalted butter and 1/3 cup milk in a medium saucepan. Bring to a boil over medium-high heat. Remove from the heat and then stir in 4 ½ cups powdered sugar, 1/2 teaspoon almond extract, and 1/4 teaspoon salt. Mix until smooth and all combined. Spread over warm cake.",
    "Decorate the cake with sprinkles, if desired."
  ],
  "Nutrition": [
    "Calories: 309kcal",
    "Carbohydrates: 47g",
    "Protein: 2g",
    "Fat: 13g",
    "Saturated Fat: 8g",
    "Polyunsaturated Fat: 1g",
    "Monounsaturated Fat: 3g",
    "Trans Fat: 0.5g",
    "Cholesterol: 47mg",
    "Sodium: 178mg",
    "Potassium: 32mg",
    "Fiber: 0.3g",
    "Sugar: 39g",
    "Vitamin A: 410IU",
    "Vitamin C: 0.04mg",
    "Calcium: 17mg",
    "Iron: 1mg",
    ""
  ],
  "Comments": [
    "Rosemary says:Can you use champagne in place of water & leave the remaining recipe the same?",
    "Alyssa Rivers says:Yes you can!",
    "Holly J says:Can you substitute the sour cream for something else? Perhaps buttermilk?",
    "Mila says:Can I make these into cupcakes?",
    "Rachel says:Wow! All your food creations sound incredible. I am suddenly very hungry!",
    "celtie says:I love sheet cakes.. white or vanilla ANYTHING is my favorite. As for doubling this recipes, I wouldn’t. I’d make 2 separate sheet cakes. I’d spray the bottom of my pan and then line it with parchment paper, and spray that as well..  this recipe sounds delicious.. I’ve used buttermilk or milk with a tablespoon of vinegar or apple cider vinegar .. and had very tastie results 🙂",
    "Ashley says:This cake is amazing! My husband and 3 sons love it! Its their new favorite! Thanks!",
    "suzanne says:HI, this looks perfect! Can I make this as a layer cake for my son’s birthday and double it using two layers? I need a frosting that will compliment the cake but also be able to hold an edible topper that is placed on it. My sol will be 6 and I have a Plants vs Zombies colorful topper, just didn’t want to have  a plain white cake but one that tastes great as well as looks fun. Any suggestions if this will work? Thank you,",
    "neice says:My friend made this with one cup buttermilk instead of water. Amazing this way!",
    "Karen says:Thanks for posting, recipe looks yummy. Am going to make this as a layer cake for my daughters bday.",
    "jumana says:is it ok to use milk instead of water in the cake please do let me know will be waiting for ur reply 🙂",
    "JB says:The cake was great!",
    "Sue says:Thank you so much for sharing this recipe.My mother used to make a Texas sheet cake, but all I’ve come acrossis chocolate ones. Can’t wait to make this one.",
    "Jenifer says:My husband will love this!  Can’t wait to try it!  Thanks!",
    "Julie says:I love sheet cake, but prefer white cake over chocolate, so this look like perfection!! Thanks for posting!",
    "Holly says:Thanks for having me over at your amazing blog, friend! And Happy Blogiversary to you 😀  xoxo",
    "Holly @ EatGreatBEGreat says:Sounds like a perfect cake for a crowd!  Yum!"
  ]
}