{
  "URL": "https://therecipecritic.com/texas-sheet-cake-cookies/",
  "Summary": "These fudgy, ooey-gooey Texas sheet cake cookies are every chocolate lover's dream! They are supremely moist and made with super simple ingredients for an anytime treat!",
  "Metadata": [
    "Prep Time:  25minutes",
    "Cook Time:  10minutes",
    "Total Time:  35minutes",
    "Servings:  12Cookies"
  ],
  "Ingredients": [
    "1 Box Chocolate Cake Mix Preferably Milk Chocolate",
    "1/3 Cup Vegetable Oil",
    "2 Large Eggs",
    "1 Teaspoon Baking Powder",
    "¾ Cup Unsalted Butter Softened",
    "¼ Cup Milk",
    "3 Tablespoons Unsweetened Cocoa Powder",
    "1 ½ Cup Powdered Sugar",
    "½ Teaspoon Vanilla Extract",
    "1 Dash Salt",
    "½ Cup Chopped Pecans Optional"
  ],
  "Instructions": [
    "Preheat the oven to 350°F and line two baking sheets with parchment paper. Set aside.",
    "In a large bowl, combine the cake mix, oil, eggs, and baking powder until a thick batter forms.",
    "Use a cookie scoop to scoop the dough onto the baking sheets. Leave at least 2 inches between cookies.",
    "Bake for 8-10 minutes, until the edges are set. If using a large cookie scoop, the cookies may need 12-14 minutes to bake. Remove to a cooling rack to cool completely.",
    "While the cookies are baking, prepare the icing by combining the butter, milk, and cocoa powder in a small saucepan. Heat over medium just until the mixture starts to boil.",
    "Remove from the heat and whisk in the powdered sugar, vanilla, and salt. Let the icing cool and thicken before icing the cookies.",
    "Once the icing has thickened and the cookies are cooled, scoop about 2 teaspoons of icing onto each cookie, letting it pool on top and run down the sides a bit. Sprinkle the chopped pecans over the top of the icing. Let the cookie sit while the icing sets, about an hour."
  ],
  "Nutrition": [
    "Calories: 369kcal",
    "Carbohydrates: 52g",
    "Protein: 4g",
    "Fat: 17g",
    "Saturated Fat: 9g",
    "Polyunsaturated Fat: 2g",
    "Monounsaturated Fat: 6g",
    "Trans Fat: 1g",
    "Cholesterol: 58mg",
    "Sodium: 313mg",
    "Potassium: 120mg",
    "Fiber: 1g",
    "Sugar: 33g",
    "Vitamin A: 405IU",
    "Vitamin C: 1mg",
    "Calcium: 128mg",
    "Iron: 1mg",
    ""
  ],
  "Comments": [
    "Liz says:They were really good, soft, and easy! Thanks!",
    "Sabrina says:great cookies, even though I’m not a chocolatey chocolate person, it’s still unique enough to be really good, so thank you!"
  ]
}