{
  "URL": "https://therecipecritic.com/texas-lasagna/",
  "Summary": "A delicious texas style casserole that can be spiced up with your favorite toppings!",
  "Metadata": [
    "Prep Time:  40minutes",
    "Cook Time:  30minutes",
    "Total Time:    1hour10minutes",
    "Servings:  12Servings"
  ],
  "Ingredients": [
    "1 ½ pounds ground beef",
    "1 teaspoon seasoned salt",
    "1 package taco seasoning",
    "1 (14.5-ounce) can diced tomatoes, undrained",
    "1 (15-ounce) can tomato sauce",
    "1 (4-ounce) can green chilis, chopped",
    "2 cups cottage cheese, 16 oz.",
    "2 eggs lightly beaten",
    "12 corn tortillas, 6 inch torn",
    "4 cups Monterey jack cheese, shredded",
    "crushed tortillas, optional",
    "salsa, optional",
    "cubed avocados, optional"
  ],
  "Instructions": [
    "Preheat oven to 350 degrees Fahrenheit and spray a 9x13-inch baking dish with cooking spray.",
    "In a large skillet, over medium-high heat, cook ground beef until no longer pink. Add seasoned salt, taco seasoning mix, tomatoes, tomato sauce, and chilis. Reduce heat and simmer, uncovered for about 15-20 minutes.",
    "In a small bowl combine the cottage cheese and eggs.",
    "Layer half of the meat sauce in the bottom of the prepared pan. Next, layer half of the tortillas, then cottage cheese, and half of the shredded cheese. Repeat the layers ending with cheese.",
    "Bake uncovered for 30 minutes or until bubbly. Let stand at room temperature for 10 minutes before serving. Garnish with optional toppings."
  ],
  "Nutrition": [
    "Calories: 418kcal",
    "Carbohydrates: 21g",
    "Protein: 26g",
    "Fat: 26g",
    "Saturated Fat: 13g",
    "Cholesterol: 107mg",
    "Sodium: 1168mg",
    "Potassium: 530mg",
    "Fiber: 4g",
    "Sugar: 6g",
    "Vitamin A: 937IU",
    "Vitamin C: 11mg",
    "Calcium: 363mg",
    "Iron: 3mg"
  ],
  "Comments": [
    "Kathryn Tennis says:Was great!!!,  I added drained can of black beans and roasted corn salsa to meat mixture.  Easy weeknight meal",
    "R Smith says:Used ricotta rather than cottage cheese – but since it’s a Mexican inspired dish, could also use cojita. Made up our own Mexican seasonings for the meat rather than taco seasonings. Tastes great and you can modify at will.",
    "Alyssa Rivers says:Great ideas!  Sounds delicious….now I’m hungry.  Haha",
    "Tammy says:Made this for dinner tonight.  Just like you posted.  It was wonderful!  A keeper for sure!"
  ]
}