{
  "URL": "https://therecipecritic.com/texas-sheet-cake-recipe/",
  "Summary": "Texas sheet cake is the chocolate dessert that dreams are made of!! It's so moist, chocolatey and rich that you won't know what hit you when you take a bite! ",
  "Metadata": [
    "Prep Time:  15minutes",
    "Cook Time:  35minutes",
    "Total Time:  50minutes",
    "Servings:  24servings"
  ],
  "Ingredients": [
    "2 cups all-purpose flour",
    "2 cups granulated sugar",
    "½ cup unsalted butter",
    "3 ½ tablespoons unsweetened cocoa powder",
    "½ cup vegetable shortening",
    "1 cup water",
    "1 teaspoon vanilla extract",
    "½ cup buttermilk",
    "1 teaspoon baking soda",
    "½ teaspoon salt",
    "2 large eggs",
    "½ cup milk",
    "1 ½ cup unsalted butter",
    "5 tablespoons unsweetened cocoa powder",
    "3 cups powdered sugar",
    "1 teaspoon vanilla extract",
    "1 dash salt",
    "1 cup chopped pecans or walnuts"
  ],
  "Instructions": [
    "Preheat the oven to 400 degrees Fahrenheit. Grease and flour a large baking sheet that is at least 18 x 13 x 1.5 inches and set it aside.",
    "Combine 2 cups all-purpose flour and 2 cups granulated sugar in a medium bowl.",
    "Add ½ cup unsalted butter, 3 ½ tablespoons unsweetened cocoa powder, ½ cup vegetable shortening, and 1 cup water to a medium saucepan and bring it to a boil over medium heat.",
    "Pour the cocoa mixture over the flour mixture and mix with a hand mixer or stand mixer fitted with the paddle attachment until combined. Add 1 teaspoon vanilla extract, ½ cup buttermilk, 1 teaspoon baking soda, and ½ teaspoon salt and mix until combined. Add 2 large eggs and mix until combined.",
    "Pour the batter into the prepared baking sheet and tap the pan on the counter a few times to pop some of the larger bubbles in the batter. Bake for 20 minutes, or until the center of the cake springs back when gently pressed.",
    "Allow the cake to cool completely before frosting.",
    "Add ½ cup milk, 1 ½ cup unsalted butter, and 5 tablespoons unsweetened cocoa powderr to the same saucepan used for the cake (no need to clean it if you don’t want to) and heat over medium heat until just boiling. Stir frequently to avoid burning!",
    "Remove the pan from the heat and pour the cocoa mixture into a medium bowl. Use a hand mixer or a whisk to stir in 3 cups powdered sugar, 1 teaspoon vanilla extract, and 1 dash salt until combined and smooth.",
    "Allow the frosting to cool and thicken for 10 minutes or so before spreading it evenly over the cooled cake. Top the frosting immediately with 1 cup chopped pecans or walnuts if desired."
  ],
  "Nutrition": [
    "Calories: 382kcal",
    "Carbohydrates: 42g",
    "Protein: 3g",
    "Fat: 24g",
    "Saturated Fat: 12g",
    "Polyunsaturated Fat: 3g",
    "Monounsaturated Fat: 8g",
    "Trans Fat: 1g",
    "Cholesterol: 57mg",
    "Sodium: 113mg",
    "Potassium: 82mg",
    "Fiber: 1g",
    "Sugar: 32g",
    "Vitamin A: 514IU",
    "Vitamin C: 0.05mg",
    "Calcium: 27mg",
    "Iron: 1mg",
    ""
  ],
  "Comments": []
}