{
  "URL": "https://therecipecritic.com/texas-roadhouse-rolls/",
  "Summary": "Soft, fluffy, and buttery, just like Texas Roadhouse, but made in your kitchen. Easy to make and kid-approved!",
  "Metadata": [
    "Prep Time:  10minutes",
    "Cook Time:  20minutes",
    "Proofing time:    1hour20minutes",
    "Total Time:    1hour50minutes",
    "Servings:  12Rolls"
  ],
  "Ingredients": [
    "1 packet active dry yeast, 2 ¼ teaspoons",
    "1 teaspoon sugar",
    "¼ cup warm water",
    "1 cup milk",
    "1 tablespoon melted butter",
    "¼ cup sugar",
    "3-4 cups all-purpose flour",
    "1 egg",
    "1 teaspoon salt",
    "Cinnamon Honey Butter"
  ],
  "Instructions": [
    "Add 1 packet active dry yeast, 1 teaspoon sugar, and ¼ cup warm water to the bowl of a stand mixer. Whisk and cover the bowl with a towel for 5 minutes to proof, the yeast should become frothy.",
    "While the yeast proofs, add the 1 cup milk and 1 tablespoon melted butter to a microwave-safe dish. Microwave for 45 seconds and stir until the butter is melted. Let the milk mixture sit at room temperature until it cools to lukewarm.",
    "Once the yeast is frothy and the milk is cooled, add the milk mixture to the yeast along with the ¼ cup sugar, 2 cups of the 3-4 cups all-purpose flour, 1 egg, and 1 teaspoon salt. Using the dough hook, mix on medium-low speed until the dough starts to come together.",
    "Add more flour 1/4 cup at a time until the dough pulls away from the mixer, it should be slightly sticky but easy to handle.",
    "Lightly oil a bowl and place the dough into it. Cover the dough, and let it rest for 45 minutes to 1 hour to proof and double in size.",
    "Lightly flour a work surface and dump the dough out onto it. Roll the dough out into a 1/2-inch thick rectangle, about 10×8 inches.",
    "Cut the rectangle into 12 equal pieces. Place the dough pieces onto a parchment-lined baking sheet. Cover the rolls and let them proof for 20 minutes.",
    "While the rolls proof, preheat the oven to 350 degrees Fahrenheit. When the rolls are ready, bake them for 15-18 minutes until they are golden brown.",
    "Serve the rolls warm with Cinnamon Honey Butter and enjoy!"
  ],
  "Nutrition": [
    "Calories: 159kcal",
    "Carbohydrates: 30g",
    "Protein: 5g",
    "Fat: 2g",
    "Saturated Fat: 1g",
    "Polyunsaturated Fat: 0.3g",
    "Monounsaturated Fat: 1g",
    "Trans Fat: 0.04g",
    "Cholesterol: 19mg",
    "Sodium: 215mg",
    "Potassium: 75mg",
    "Fiber: 1g",
    "Sugar: 6g",
    "Vitamin A: 82IU",
    "Vitamin C: 0.002mg",
    "Calcium: 33mg",
    "Iron: 2mg",
    ""
  ],
  "Comments": [
    "Ann Smith says:I made it my lifequest to find the best Texas Roadhouse Rolls recipe and this is it! Hands down! I will never make any other roll recipe again other than this one. I will never make my traditional rolls recipe again! I couldn’t believe how good they are and this is the 6th  recipe I’ve tried from online recipes.",
    "Alyssa Rivers says:Getting comments like this make all the hard work worth it! Thank you so much!",
    "naomi bryan says:Steps 3 and 5 and 7- Hi, I am not a baker so can you give me approximate times for things to rise and/double in size?  After going to Texas Roadhouse numerous times, I promised my granddaughter we would try to replicate their rolls.  I need more structure and info when baking, not just ‘allow to rise.’ So are you able to give me approximate lengths of time when doing the above 3 steps that it should take to double in size and reaches a muffin batter (what does that even mean?) and allow to double in size?  hope to hear from you so we can make these on Saturday.  Thanks!",
    "Alyssa Rivers says:Hi Naomi, thank you for your question.For step 3 the dough at this point should actually be more of a batter consistency, (think cakes or muffins) you let that mixture rest 10 minutes.Step 5 it should take about 45 minutes to an hour for the dough to double but that will largely depend on the temperature of the room the dough is in and the temperature of the dough itself. Warmer temperatures means quicker proofing time. It’s safe to say you can just wait 45 minutes then punch it down.Step 7 again the rolls will sit about 45 minutes to an hour before they are doubled in size and ready to bake. If it helps you can take a picture of the rolls when they are first formed then compare your photo to how they look after 45 minutes. Other signs to look for are the rolls will be fluffy and leave a slight indent when poked lightly.I hope this helps!",
    "Kim says:Can I use my bread maker to mix, kneed and raise  the dough?",
    "Alyssa Rivers says:Yes, that should work fine!",
    "Francine Gilchrist says:Yum",
    "Joann says:Can these  be made and put in fridge overnight to rise? Bake next day?",
    "Alyssa Rivers says:Hello! These rolls are best to do all in one day. But you could easily cook them and store them for later. When you are ready to eat them you could just reheat them just before serving.",
    "Dinah Cortez says:Thank You, so much for sharing your knowledge. Today thanks to You I learned many yeast and Dough  típs for My baking.  I can’t wait to prepare your recipe. Best regards",
    "Fonda Armour says:When using the rapid rise instant yeast do you use same amount and do you leave out any of the ingredients or steps when using",
    "Alyssa Rivers says:I would use about 1 3/4 teaspoons instead and you can skip the step where you proof the yeast."
  ]
}