{
  "URL": "https://therecipecritic.com/thai-peanut-dressing/",
  "Summary": "Thai peanut dressing is perfect for drizzling over fresh chopped salads or dipping veggies. It's a creamy mix of peanut butter, soy sauce, lime juice, and sweet chili sauce with a touch of garlic and ginger.",
  "Metadata": [
    "Prep Time:  5minutes",
    "Total Time:  5minutes",
    "Servings:  12ounces"
  ],
  "Ingredients": [
    "¼ cup creamy peanut butter",
    "3 tablespoons sesame oil",
    "2 tablespoons soy sauce",
    "2 tablespoons lime juice",
    "2 tablespoons sweet chili sauce",
    "1 tablespoon fish sauce",
    "1 teaspoon brown sugar",
    "1 teaspoon ginger paste, or grated ginger",
    "1 teaspoon garlic paste, or grated garlic"
  ],
  "Instructions": [
    "In a bowl whisk together ¼ cup creamy peanut butter, 3 tablespoons sesame oil, 2 tablespoons soy sauce, 2 tablespoons lime juice, 2 tablespoons sweet chili sauce, 1 tablespoon fish sauce, 1 teaspoon brown sugar, 1 teaspoon ginger paste,and 1 teaspoon garlic paste,.",
    "Pour over your favorite salad or store in the fridge in an airtight container."
  ],
  "Nutrition": [
    "Serving: 1ounce",
    "Calories: 74kcal",
    "Carbohydrates: 3g",
    "Protein: 2g",
    "Fat: 6g",
    "Saturated Fat: 1g",
    "Polyunsaturated Fat: 2g",
    "Monounsaturated Fat: 3g",
    "Sodium: 337mg",
    "Potassium: 45mg",
    "Fiber: 0.3g",
    "Sugar: 2g",
    "Vitamin A: 1IU",
    "Vitamin C: 1mg",
    "Calcium: 5mg",
    "Iron: 0.2mg"
  ],
  "Comments": [
    "Deb says:Where did you get that fabulous container that holds the dressing?  I love your recipes!  Happy Thanksgiving!",
    "Alyssa Rivers says:Hi Deb, sadly I can’t remember where I got it, but I found this cute one at Hobby Lobby. Happy Thanksgiving!"
  ]
}