{
  "URL": "https://therecipecritic.com/thai-chicken-flatbread-pizza/",
  "Summary": "Thai Chicken Flatbread Pizza smothered in easy tangy peanut sauce, tender chicken,  carrots, sprouts, mozzarella cheese and the option of Coconut Crema drizzle – an amazing flavor bursting quick dinner the whole family will love!",
  "Metadata": [
    "Prep Time:  15minutes",
    "Cook Time:  10minutes",
    "Total Time:  25minutes",
    "Servings:  4Serving"
  ],
  "Ingredients": [
    "2 chicken breasts chopped into bite-size pieces",
    "2 naan flatbreads",
    "1 teaspoon olive oil",
    "1 tablespoon reduced-sodium soy sauce",
    "2 tablespoons water",
    "1 tablespoon lime juice",
    "1 teaspoon fish sauce",
    "2 tablespoons brown sugar",
    "½ teaspoon sriracha, optional",
    "½ teaspoon garlic powder",
    "½ teaspoon dry basil",
    "¼ teaspoon ground ginger",
    "¼ teaspoon black pepper",
    "¼ teaspoon salt",
    "½ cup peanut butter",
    "2 cups shredded mozzarella cheese",
    "⅛ thinly sliced red onion",
    "½ cup white bean sprouts",
    "⅓ cup matchstick carrots",
    "chopped roasted peanuts",
    "chopped cilantro",
    "⅓ cup coconut yogurt",
    "1 ½ tablespoons mayonnaise",
    "½ teaspoon honey",
    "½ teaspoon lime juice"
  ],
  "Instructions": [
    "Preheat oven to 400 degrees Fahrenheit and line a baking sheet with foil, Set aside.",
    "Coconut crema: Whisk the ⅓ cup coconut yogurt, 1 ½ tablespoons mayonnaise, ½ teaspoon honey, and ½ teaspoon lime juice together in a medium bowl until smooth. Store in the refrigerator.",
    "Peanut sauce: Whisk the 1 tablespoon reduced-sodium soy sauce, 2 tablespoons water, 1 tablespoon lime juice, 1 teaspoon fish sauce, 2 tablespoons brown sugar, ½ teaspoon sriracha, ½ teaspoon garlic powder, ½ teaspoon dry basil, ¼ teaspoon ground ginger, ¼ teaspoon black pepper, and ¼ teaspoon salt together in a bowl, the peanut butter will be added later. Set aside.",
    "Heat 1 teaspoon olive oil over high heat in a large nonstick skillet. Add the 2 chicken breasts chopped into bite-size pieces and cook just until no longer pink (does not need to be cooked through).",
    "Add the prepared peanut sauce and simmer with the chicken for two minutes. Stir in ½ cup peanut butter until smooth and completely combined.",
    "Evenly divide the chicken and sauce mixture between the 2 naan flatbreads and spread almost to edges. Evenly divide the 2 cups shredded mozzarella cheese, ⅛ thinly sliced red onion, ½ cup white bean sprouts, and ⅓ cup matchstick carrots on each of the flatbreads.",
    "Bake for 10 minutes then broil until cheese is golden. Garnish with chopped roasted peanuts, chopped cilantro, and coconut crema."
  ],
  "Nutrition": [
    "Calories: 640kcal",
    "Carbohydrates: 30g",
    "Protein: 47g",
    "Fat: 38g",
    "Saturated Fat: 13g",
    "Polyunsaturated Fat: 8g",
    "Monounsaturated Fat: 15g",
    "Trans Fat: 0.02g",
    "Cholesterol: 121mg",
    "Sodium: 1179mg",
    "Potassium: 808mg",
    "Fiber: 3g",
    "Sugar: 13g",
    "Vitamin A: 2225IU",
    "Vitamin C: 6mg",
    "Calcium: 347mg",
    "Iron: 2mg",
    ""
  ],
  "Comments": [
    "Grant Kimball says:This recipe is Tried & True in our household! The coconut crema is the key, so I double it to make sure we can slather it on. 😉",
    "Alyssa Rivers says:I’m so glad you like it! I agree with you on the coconut crema! So good!!!",
    "Michael says:Lacks flavor in my opinion. Just mediocre. For sure missing something in this.  I won’t make it again.",
    "Cathy says:Question on the bean sprouts ~ did you used the canned bean sprouts?",
    "Alyssa Rivers says:I used fresh bean sprouts, I haven’t tried it with the canned before but I think those would work fine. If you try it, let me know how it turns out!",
    "Christina says:I made these for the super bowl! The whole family loved it!!! Definitely suggest making it!",
    "SweetAnnSour says:Oh wow, this looks fantastic! For most of my family, it’s fine, but there is one who has a life threatening peanut allergy. Normally I would just sub the peanut butter out with almond, but this seems like it relies on the strong peanut flavor. Do you think substitution for this particular recipe would work?",
    "Tiffany Nguyen says:I just came across this recipe, my husband is allergic to peanut so I use sun butter or almond butter to make peanut sauce. You just need to a a little more than what it’s asked for. Taste as you go",
    "Kimberly says:Looks delicious! Where in the grocery store can you find flat bread? I haven’t seen it by the regular bread.Thank you!Kimberly",
    "Teresa says:In the bakery department",
    "Medeja says:It’s like whole Thai salad on pizza! So yummy!"
  ]
}