{
  "URL": "https://therecipecritic.com/thai-basil-beef/",
  "Summary": "Thai basil beef is simple and delicious! It's made with a homemade Thai sauce that has a bold and brilliant flavor and can be thrown together in less than 30 minutes. It is SOO GOOD!",
  "Metadata": [
    "Prep Time:  10minutes",
    "Cook Time:  15minutes",
    "Total Time:  25minutes",
    "Servings:  4people"
  ],
  "Ingredients": [
    "2 tablespoons vegetable oil",
    "2 thinly sliced shallots",
    "7 cloves sliced garlic",
    "1 tablespoon fresh minced ginger",
    "½ thinly sliced red bell pepper",
    "1 pound lean ground beef",
    "2 teaspoons brown sugar",
    "2 tablespoons fish sauce",
    "6 tablespoons low-sodium soy sauce",
    "3 teaspoons oyster sauce",
    "2 tablespoons Asian garlic chili paste more or less to taste, for heat",
    "½ cup low sodium beef broth",
    "¼ cup water",
    "1 teaspoon cornstarch",
    "1 cup basil leaves*",
    "cooked jasmine rice for serving"
  ],
  "Instructions": [
    "Heat a large skillet over medium-high heat. Add 2 tablespoons vegetable oil, 2 thinly sliced shallots, 7 cloves sliced garlic, 1 tablespoon fresh minced ginger, and ½ thinly sliced red bell pepper. Stir-fry for 3 minutes.",
    "Push the veggies off to the side. Turn the heat to high and add 1 pound lean ground beef. Cook until no longer pink, about 7-8 minutes.",
    "In a small bowl, whisk together 2 teaspoons brown sugar, 2 tablespoons fish sauce, 6 tablespoons low-sodium soy sauce, 3 teaspoons oyster sauce, 2 tablespoons Asian garlic chili paste, ½ cup low sodium beef broth, ¼ cup water, and 1 teaspoon cornstarch.",
    "Pour the sauce over the cooked beef. Stir and cook for 2 minutes.",
    "Add 1 cup basil leaves*, and stir-fry until wilted.",
    "Serve over cooked jasmine rice and enjoy!"
  ],
  "Nutrition": [
    "Calories: 268kcal",
    "Carbohydrates: 10g",
    "Protein: 27g",
    "Fat: 13g",
    "Saturated Fat: 8g",
    "Cholesterol: 70mg",
    "Sodium: 1764mg",
    "Potassium: 616mg",
    "Fiber: 1g",
    "Sugar: 4g",
    "Vitamin A: 466IU",
    "Vitamin C: 22mg",
    "Calcium: 32mg",
    "Iron: 4mg"
  ],
  "Comments": [
    "Kelly says:I have to say that I love thai food but was skeptical of the combination of sauce ingredients and rightfully so.  They did not work for me.  The flavor was very “sour” and off.  I also started to make the recipe and then read the comments and was glad I did.  Didn’t pour all of the sauce in because it would have been too liquid.  Poured in half and then the assigned amount of corn starch which worked.  What really upset me is people leaving 5 stars and not even making the recipe.  Really not helpful.  Sorry for the low starred review,  but I really disliked the outcome of this recipe.",
    "Alyssa Rivers says:I’m sorry you didn’t enjoy this recipe. Thank you for trying it! I usually try to delete 5 star reviews if someone hasn’t made it. I will take that review off. Thank you for letting me know. I only saw one, did you see more?",
    "Leslie says:The 2 T of fish sauce was too much, very salty; next time I’ll make it with only 1T. I am not a fan of ground meat used this way so I diced chicken thighs into 1/2″ cubes – very good.  I would increase the red pepper quantity. Otherwise a good recipe! Thank you!",
    "Victoria says:Very yummy!",
    "Sue K says:Another bunch of recipes today for me to save for a what’s for dinner day. LOL. I am sure it ill be good hence the 5 stars",
    "Shay says:I made this for dinner today and it was delicious. I used sliced steak instead of ground beef bc it’s what I had on hand. So good. I’m going to try your Korean beef recipe next! Thank you :).",
    "Deirdre says:What is Asian garlic chilli paste?",
    "Alyssa Rivers says:It is on the asian isle in your local grocery store. Hope that you can find it!",
    "LL says:Sambal Oelek Chili PasteSambal is a spicy, chili-based sauce or relish that is popular in many countries across Southeast Asia, especially Indonesia and Malaysia. The sauce consists of ground or pureed chilies and may include small amounts of other ingredients such as citrus juice, shallots, fruit, salt, sugar, or other spices. Making this spicy chili paste is a way to preserve chilies and is often used when fresh chilies are not available.",
    "Zeenie says:Is it supposed to be very liquidy? Mine was. But very yummy nevertheless",
    "2pots2cook says:25 minutes only ? I’m in for a week dinner ! Thank you and enjoy your day 🙂"
  ]
}