{
  "URL": "https://therecipecritic.com/thai-peanut-skillet-chicken/",
  "Summary": "A 30 minute one skillet meal that is full of amazing flavor and veggies! The Thai peanut sauce glazes the chicken perfectly and this will be a hit for dinner!",
  "Metadata": [
    "Prep Time:  10minutes",
    "Cook Time:  20minutes",
    "Total Time:  30minutes",
    "Servings:  4Servings"
  ],
  "Ingredients": [
    "4 bone-in, skin-on chicken thighs, or boneless chicken breasts",
    "1 tablespoon olive oil",
    "1 large sliced carrot",
    "1 medium  thinly sliced red bell pepper",
    "1 thinly sliced orange bell pepper",
    "¼ cup soy sauce",
    "½ cup water",
    "¼ cup peanut butter",
    "2 tablespoons white vinegar",
    "2 tablespoons brown sugar",
    "2 minced garlic cloves",
    "1 juiced lime",
    "1 cup steamed snow peas, for serving",
    "red pepper flakes, for garnish",
    "green onions, for garnish"
  ],
  "Instructions": [
    "Heat 1 tablespoon olive oil over medium-high heat in a large skillet. Cook 4 bone-in, skin-on chicken thighs, on each side for about 7-10 minutes. The chicken should reads165 degrees Fahrenheit with a thermometer.",
    "Add 1 large sliced carrot, 1 medium  thinly sliced red bell pepper, 1 thinly sliced orange bell pepper. Continue to cook until the vegetables become tender. Remove the chicken and veggies and set aside on a plate.",
    "Returning to the same skillet, add ¼ cup soy sauce, ½ cup water, ¼ cup peanut butter, 2 tablespoons white vinegar, 2 tablespoons brown sugar, 2 minced garlic cloves, and 1 juiced lime. Whisk until it comes to a boil and reduce heat. Add chicken and veggies back to the skillet and let simmer for another 3-5 minutes.",
    "Serve with 1 cup steamed snow peas,, red pepper flakes, and green onions, over rice if desired."
  ],
  "Nutrition": [
    "Calories: 517kcal",
    "Carbohydrates: 20g",
    "Protein: 30g",
    "Fat: 36g",
    "Saturated Fat: 9g",
    "Polyunsaturated Fat: 7g",
    "Monounsaturated Fat: 17g",
    "Trans Fat: 0.1g",
    "Cholesterol: 142mg",
    "Sodium: 1010mg",
    "Potassium: 681mg",
    "Fiber: 4g",
    "Sugar: 12g",
    "Vitamin A: 5258IU",
    "Vitamin C: 97mg",
    "Calcium: 58mg",
    "Iron: 3mg",
    ""
  ],
  "Comments": [
    "Gladys Rangaratnam says:I’m assuming carrots are cooked along with the peppers.",
    "Skip F says:I don’t do reviews, but I had to write to let everyone know how good this recipe is!  We used cubed boneless chicken breasts and cut back a bit on the soy sauce due to the sodium, also added 1/8 tsp of red pepper flakes to the glaze sauce mix to give it a bit more overall spice.  Clear, concise instructions.  Try it, you won’t be sorry.",
    "Karen says:I just made this with cubed boneless chicken breast and it was Delish!!  Great recipe!!!",
    "Maria says:I made this tonight for my son and I. It was delicious! I love the peanut sauce, it was very tasty. I topped ours with cilantro (cause I had some in my refrig and I love it and chopped peanuts.) Thanks!",
    "Kelli says:I noticed you’re not putting total carbs and fiber in the nutritional facts and some don’t have them at all, like the Thai Peanut Skillet Chicken and Skinny Lemon Bars.",
    "Alyssa says:I suggest using My Fitness Pal for full nutritional information.  I usually don’t like to put the nutritional info on my recipes because it all can vary."
  ]
}