{
  "URL": "https://therecipecritic.com/thai-peanut-sesame-noodles/",
  "Summary": "Thai Peanut Sesame Noodles is an asian favorite that combines creamy peanut butter, soy sauce, sesame oil, minced garlic all mixed with linguine noodles tossed in this amazingly sweet and savory sauce. ",
  "Metadata": [
    "Prep Time:  5minutes",
    "Cook Time:  12minutes",
    "Total Time:  17minutes",
    "Servings:  4People"
  ],
  "Ingredients": [
    "3 Tablespoons Peanut Butter",
    "3 Tablespoons soy sauce",
    "1 teaspoon sesame oil",
    "1/2 cup chicken broth",
    "1 teaspoon minced garlic",
    "1 teaspoon ginger",
    "1 teaspoon Sriracha chili sauce",
    "8 oz linguine noodles",
    "sesame seeds for garnish",
    "green onions for garnish"
  ],
  "Instructions": [
    "Cook the noodles in a large pot according to package directions.",
    "While the noodles are cooking, in a medium sauce pan whisk together peanut butter, soy sauce, sesame oil, 1/2 cup chicken broth, minced garlic, ginger, and sriracha chili sauce. Cook over medium heat until smooth. Remove from the heat and set aside.",
    "Drain the noodles and toss in the peanut sesame sauce. Serve immediately."
  ],
  "Nutrition": [
    "Calories: 302kcal",
    "Carbohydrates: 46g",
    "Protein: 12g",
    "Fat: 8g",
    "Saturated Fat: 2g",
    "Sodium: 947mg",
    "Potassium: 256mg",
    "Fiber: 3g",
    "Sugar: 3g",
    "Vitamin C: 3mg",
    "Calcium: 20mg",
    "Iron: 1mg"
  ],
  "Comments": [
    "Kari says:I’ve been using this recipe for years. I add veggies and tofu. It’s delicious. Thanks for a great recipe Alyssa!",
    "KPH says:Way too salty and too thick. Made it totally unappetizing. We voted to toss it. I followed the directions to the letter. Not sure what happened. Ugh.",
    "Alyssa Rivers says:I’m sorry you didn’t like it. Thank you for trying it!",
    "Kathleen E says:You don’t mention putting actual peanuts in the dish. I added them because of the picture. Ps this is an awesome dish thank you",
    "Jack says:Too salty. It either needs less soy sauce or less chicken broth. No other flavor came through.",
    "Jeanette says:Delicious!  Only change I made was to add chicken to the sauce prior to adding the noodles!",
    "Paul kahn says:How did you cook your chicken? Cause I was thinking the same thing.",
    "Tami Townsend says:I made this recipe tonight doubling the sauce ingredients. I added an additional 2 tablespoons of peanut butter and sliced cooked beef.  It was a little salty and spicy for our tastes. Next time will go with low sodium broth and soy sauce. Also decrease sriracha or use sweet chili sauce. Overall everyone enjoyed it. We’ll definitely make again!",
    "Laura Coralline says:I love this simple sauce! I used low sodium soy sauce and low sodium chicken broth. It is so good! 5 stars!",
    "Marc L says:I love this recipe! Like many others, the first time I made this I found it quite salty. This will vary depending on what type of soy sauce is used. If using regular dark full sodium soy sauce, I simply added 2 Tbsp. of Brown Sugar and simmer a couple of minutes and that balanced it out. Add frozen Asian Veggie Mix (will require added simmer time to reduce the sauce from the added water from the frozen veggies), or sautéed Bok Choy in garlic, Delicious!",
    "Amy says:I doubled the sauce, like many suggested. This dish is fabulous! I will be making this allot. I’m obsessed!",
    "Jocelyn says:These were delicious!  I added an extra 2 tsp. sesame oil and 1 tsp. hoisin sauce with only 1/2 tsp. Sriracha.  I love how customizable the recipe is.  Thanks very much.",
    "Alaric says:Your recipe looks Yummy! I am a Chinese food lover. Yesterday, I tried your Thai Peanut Sesame Noodles recipe for dinner and everyone in my family loved it. Keep on sharing such amazing recipes with us.",
    "shalini sharma says:Wowww…i always wanted to learn new recipes. Thanks for sharing such a fantastic blog.",
    "shalini sharma says:Wowww…i always wanted to learn new recipes.",
    "Jo says:This sounds amazing!  I want to try it in this week’s meal plan … but where is the “print button?” I am not seeing one.  Gah!  Thanks.",
    "Angie says:Made it tonight and loved it. I used Sambal instead of Siracha and added chopped snow peas and chicken.  Was a little salty but will try low sodium chx broth and soy sauce."
  ]
}