{
  "URL": "https://therecipecritic.com/thai-cashew-chopped-salad-ginger-peanut-sauce/",
  "Summary": "So many delicious vegetables combine in this flavorful and colorful salad!  The cashews add a delicious crunch and the Ginger Peanut Sauce on top is amazing!",
  "Metadata": [
    "Prep Time:  20minutes",
    "Total Time:  20minutes",
    "Servings:  6Servings"
  ],
  "Ingredients": [
    "4 cups Romaine chopped",
    "1/2 head red cabbage chopped",
    "1/2 cup carrots sliced",
    "1/2 cup edamame shelled",
    "1 yellow bell pepper chopped",
    "1 red bell pepper chopped",
    "3 green onions chopped",
    "1/2 cup cashews I used honey roasted",
    "⅓ cup peanut butter",
    "2 tablespoons honey",
    "3 teaspoons ginger freshly grated",
    "2 tablespoons rice vinegar",
    "2 teaspoon sesame oil",
    "Water  to thin"
  ],
  "Instructions": [
    "In a small bowl whisk together the peanut butter, honey, ginger, rice vinegar, and sesame oil. Add water 1 Tablespoon at a time until you have your desired consistency.",
    "In a large bowl, combine romaine, red cabbage, carrots, edamame, red and yellow bell pepper, green onions, and cashews. Toss.",
    "Drizzle on the ginger peanut sauce and serve."
  ],
  "Nutrition": [
    "Calories: 239kcal",
    "Carbohydrates: 24g",
    "Protein: 9g",
    "Fat: 14g",
    "Saturated Fat: 3g",
    "Polyunsaturated Fat: 4g",
    "Monounsaturated Fat: 7g",
    "Trans Fat: 0.002g",
    "Sodium: 95mg",
    "Potassium: 598mg",
    "Fiber: 5g",
    "Sugar: 13g",
    "Vitamin A: 6012IU",
    "Vitamin C: 106mg",
    "Calcium: 73mg",
    "Iron: 2mg"
  ],
  "Comments": [
    "Mary says:I just wanted to tell you that my granddaughter and I are having the best time making all of your recipes. Nobody will tell you when you hit your 60’s, you will get sick of your own cooking, but I sure did. Now I’m enjoying cooking and eating again. I just wanted you to know you have helped make this old granny a very happy woman, And that’s no easy trick! Thank you so very much.",
    "Alyssa Rivers says:Mary, thank you so much for taking the time to write me this sweet message. It makes all the hard work worth it! So glad you have found the love for cooking again!",
    "Becky says:I want to try this, but I think I’ll add a small amount of chopped leftover  chicken and roll it up in a wrap. My husband needs more than a salad, lol! I think he’ll love this~",
    "Alyssa Rivers says:Yum! That sounds amazing, let me know how it turns out in wrap form!",
    "Melissa says:Literally my favorite salad. It’s hard to find frozen edamame where I live, so when I find a bag, this hits the weekly menu.",
    "Melibache says:This was brought to me by a friend when I moved houses as a welcome dinner and it was so delicious. The sauce tastes just like my favorite Japanese/Thai restaurant. She told me she dilutes with half soy sauce and half water. I’m excited to make it myself.",
    "Nicole says:Could I make the dressing a couple days ahead?",
    "Alyssa Rivers says:Yes, the dressing will last in the refrigerator for 2 to 3 days.",
    "DENISE DEEKS says:I substituted green peas for the edamame and green cabbage for the red as that’s what was in the fridge.",
    "Mary Ruth Harden says:We loved this crunchy, colorful tasty salad.  Also a great salad for winter.",
    "Linda Austin says:Thank you for this recipe! I make this all the time and love it!! The dressing is amazing.",
    "Elizabeth says:I made this for a staff lunch and it was so good! Everyone loved it. I just subbed agave instead of honey and regular cashews instead of honey roasted. (I’m vegan) The sauce is one of the best I’ve tried! Thank you for sharing.",
    "Rita says:Amazing salad can’t get enough of it",
    "Pamela mitchell says:I made the dressing and agree that thinning it w water diluted the flavor. Also I want to remember to add hardly any honey because it wS too sweet. I also added a bit more sesame oil and some Thai sirracha sause after I diluted it w 4 tbsp water. I’ll make this again till I Perfect it for myself. Thank you for this recipe!",
    "Alyssa Rivers says:That is great to hear! I am so glad that you are making it your own and changing it to the way you love it! Thanks for sharing all your great ingredients and changes. Let me know how you perfect it! XOXO",
    "Tom M. says:Wow does that look good! We will have to try it!",
    "Alyssa Rivers says:Yes!! It is a great recipe! Let me know how you like it! XOXO",
    "Angie Macleod says:Ok, looked great all chopped and in the bowl, but, be careful, it says “water to thin” well I put like one tablespoon at a time and I could hardly get it to pour out, and then in the end it was so watery on the salad. ?Has anyone one tried using a light oil to thin it out? Thanks",
    "Wendy says:I just made this. Delish!",
    "Wendy says:And I roasted the cashews at 350 for ten min with olive oil and salt and pepper.",
    "Valerie says:Any chance you could use ginger powder in the recipe instead?  What would the swap be?",
    "Joy Walden says:I used 1 cup of frozen peas, carrots, edamame and green beans, letting it thaw only just, it was divine!",
    "Kim says:The color is beautiful. I will prepared this recipe. Thanks for the idea."
  ]
}