{
  "URL": "https://therecipecritic.com/thai-basil-chicken/",
  "Summary": "Thai Basil Chicken is a quick and easy chicken dinner that is bursting with fresh flavors. Bell peppers, fresh basil, and a unique blend of sauces make this chicken so crave-able!",
  "Metadata": [
    "Prep Time:  10minutes",
    "Cook Time:  15minutes",
    "Total Time:  25minutes",
    "Servings:  4people"
  ],
  "Ingredients": [
    "1 pound boneless skinless chicken breasts, cut into bite-size pieces",
    "1  tablespoon canola oil",
    "2 cloves garlic, minced",
    "1 shallot, chopped",
    "1/2 cup red peppers, sliced",
    "1 Thai chili or serrano pepper, chopped",
    "2 tablespoons soy sauce",
    "1/4 cup oyster sauce",
    "2 tablespoons fish sauce",
    "2 tablespoons brown sugar",
    "1 cup Thai basil"
  ],
  "Instructions": [
    "Add the oil to the wok and heat over medium-high heat. Cook the chicken for 3-5 minutes until almost cooked through.",
    "Add the minced garlic, shallots, and peppers. Stir fry until fork tender but still crisp.",
    "To make the sauce, combine the soy sauce, oyster sauce, fish sauce, and brown sugar in a bowl. Whisk to combine.",
    "Add the sauce and stir fry until the sauce thickens and coats the chicken.",
    "Turn off the heat and toss in the basil, reserving a few leaves for garnish. The heat will soften and wilt the basil leaves.",
    "Serve immediately with rice. Garnish with fresh basil leaves. Enjoy!"
  ],
  "Nutrition": [
    "Calories: 210kcal",
    "Carbohydrates: 11g",
    "Protein: 26g",
    "Fat: 7g",
    "Saturated Fat: 1g",
    "Polyunsaturated Fat: 1g",
    "Monounsaturated Fat: 3g",
    "Trans Fat: 0.01g",
    "Cholesterol: 73mg",
    "Sodium: 1740mg",
    "Potassium: 561mg",
    "Fiber: 1g",
    "Sugar: 8g",
    "Vitamin A: 944IU",
    "Vitamin C: 29mg",
    "Calcium: 35mg",
    "Iron: 1mg",
    ""
  ],
  "Comments": [
    "Karen A Shive says:This reminds me of the bowl recipes you have.  Is very tasty and I love rice with anything.",
    "Nick Belfiglio says:I would love to try this recipe, but having to buy oyster sauce and fish sauce for just small amounts, then throwing the rest away in time, seems a waste of money.Any suggestions as to other recipes so they won’t go to waste?",
    "Alyssa Rivers says:Yes! Try my Instant Pot Beef and Broccoli, these delicious Drunken Noodles (Pad Kee Mao) or my Crispy Air Fryer Egg Rolls.",
    "Thais says:So delicious and easy to prepare!!!",
    "Cynthia Welch says:This was soooo good!! I will definitely be making this again!!",
    "Cindy says:In your Thai basil chicken recipe doesn’t call for garlic, yet when making you say to add garlic.  How much do you add?",
    "Alyssa Rivers says:2 cloves of garlic, minced!"
  ]
}