{
  "URL": "https://therecipecritic.com/thai-barbecue-chicken/",
  "Summary": "Thai Barbecue Chicken has a delicious thai marinade and is perfect served with some grilled veggies! The entire family will love this recipe!",
  "Metadata": [
    "Prep Time:  5minutes",
    "Cook Time:  20minutes",
    "Total Time:  25minutes",
    "Servings:  6people"
  ],
  "Ingredients": [
    "2 pounds boneless skinless chicken thighs",
    "⅓ cup chopped fresh cilantro",
    "1 tablespoon minced ginger",
    "1 tablespoon minced garlic",
    "1 ½ tablespoons soy sauce",
    "1 ½ tablespoons fish sauce",
    "1 ½ tablespoons  olive oil",
    "1 ½ tablespoon brown sugar",
    "chopped cilantro for garnish",
    "Optional veggies: red and green bell peppers, snow peas and carrots"
  ],
  "Instructions": [
    "In a small bowl combine ⅓ cup chopped fresh cilantro, 1 tablespoon minced ginger, 1 tablespoon minced garlic, 1 ½ tablespoons soy sauce , 1 ½ tablespoons fish sauce, 1 ½ tablespoons  olive oil and 1 ½ tablespoon brown sugar.",
    "Add the 2 pounds boneless skinless chicken thighs to a ziplock bag and marinate for 3 hours or overnight.",
    "Preheat the grill to medium high heat. Grill the chicken about 3-4 minutes each side or until cooked throughout and no longer pink.",
    "Serve over grilled veggies if desired. Garnish with chopped cilantro for garnish and Optional veggies: red and green bell peppers, snow peas and carrots ."
  ],
  "Nutrition": [
    "Calories: 334kcal",
    "Carbohydrates: 1g",
    "Protein: 25g",
    "Fat: 25g",
    "Saturated Fat: 7g",
    "Cholesterol: 148mg",
    "Sodium: 117mg",
    "Potassium: 310mg",
    "Sugar: 1g",
    "Vitamin A: 118IU",
    "Vitamin C: 1mg",
    "Calcium: 15mg",
    "Iron: 1mg",
    ""
  ],
  "Comments": [
    "Jill says:It’s fail proof and absolutely delicious. I followed it to the letter and served alongside soba noodles and stir fry veggies.",
    "Char says:Great recipe. Made in skillet on stovetop instead of grilling and added to pad Thai. Everyone loved it!",
    "Jeanne says:My favorite recipe",
    "erin says:did the recipe as is, minus cilantro, because i didn’t have any..DELICIOUS!!!fish sauce was not at all too strong, and gives that perfect flavour!marinated overnight (probably around 12 hours, tbh) and was super tender, and flavourfulwill be adding this one to the ‘rotation’ 😉",
    "Emily says:This is one of my go-tos, I make it every other week. It’s fantastic on mushrooms, too. Thanks so much for sharing it!",
    "renee says:Tried this recipe today to accompany my salads for lunch this week. Tastes amazing- adding this to my recipe book now!",
    "Karen says:this is a lovely recipe! I added some chopped scallions and chopped lemongrass and it really intensified the flavor!",
    "Alyssa Rivers says:Sounds great!! Thanks for sharing and following along with me! XOXO",
    "Andrea says:Solid recipe! Hubby and I made this and the Grilled Honey Lime Cilantro Chicken: https://therecipecritic.com/grilled-honey-lime-cilantro-chicken/We used bone-in, skin on thighs and they turned out well, although not as pretty as yours.I wish I marinated longer than 3 hours, the flavour could be stronger. Next time we’ll marinate them overnight and add a few red pepper flakes to it. A keeper!",
    "Dave says:Haven’t made this yet but will! I’d be afraid aid that overnight marinating would make the consistency mushy. Like it does with fish that’s marinated too long. Also wish everyone wouldn’t say the food was “yummmmmy”. So tired of that phrase. Ha!",
    "Shawnna says:Hey girl this looks amazing! Yummy!",
    "Amy - The Cook Report says:This looks so delicious. A perfect summer meal, I might make it tonight!",
    "Kerri says:This looks really delicious! I may make it tonight! Is there a sauce I can sub for the fish sauce-or maybe just increase the soy sauce? I’m just not big on fish sauce.",
    "Alyssa says:I am not a big fan of fish sauce either but it turned out great!!  You can definitely add a bit more soy sauce or even leave the fish sauce out. 🙂",
    "Rob says:Add some lemon juice to the soy sauce to give it some of the sour found in the fish sauce."
  ]
}