{
  "URL": "https://therecipecritic.com/thai-glazed-chicken-wings/",
  "Summary": "These Thai glazed chicken wings have a delicious sauce with a twist! Perfect for any party, game day, or get-together, these wings are the perfect appetizer!",
  "Metadata": [
    "Prep Time:  5minutes",
    "Cook Time:  50minutes",
    "Total Time:  55minutes",
    "Servings: 6"
  ],
  "Ingredients": [
    "4 pounds Wings patted dry with a paper towel",
    "1 Tablespoon Baking Powder",
    "1 teaspoon Salt",
    "1/4 teaspoon Pepper",
    "3/4 cup Thai Sweet Chili Sauce",
    "1/4 cup Brown Sugar",
    "1/4 cup Soy Sauce",
    "2 Tablespoons Rice Wine Vinegar",
    "3 Garlic Cloves minced",
    "1 teaspoon Sesame Oil",
    "Juice of Half a Lime"
  ],
  "Instructions": [
    "Preheat oven to 400 degrees. Line a baking sheet with parchment paper or aluminum foil and lightly spray with cooking spray. In a ziplock bag add the wings. Add the baking powder, salt, and pepper and shake to coat evenly. Place them on your prepared baking sheet.",
    "Bake in the preheated oven for 45-50 minutes or until crispy and no longer pink.  Remove from the oven.",
    "Right before the wings are done, in a medium-sized saucepan add the sweet chili sauce, brown sugar, soy sauce, rice wine vinegar, garlic, sesame oil, and lime juice.  Bring to a boil and reduce to a simmer for 2-3 minutes.",
    "Remove from heat and brush half of the sauce on top of the wings.  Broil in the oven for 2-3 more minutes until the sauce caramelizes.  Brush remaining sauce on top and serve."
  ],
  "Nutrition": [
    "Calories: 438kcal",
    "Carbohydrates: 17g",
    "Protein: 31g",
    "Fat: 26g",
    "Saturated Fat: 7g",
    "Polyunsaturated Fat: 6g",
    "Monounsaturated Fat: 10g",
    "Trans Fat: 1g",
    "Cholesterol: 126mg",
    "Sodium: 1367mg",
    "Potassium: 479mg",
    "Fiber: 1g",
    "Sugar: 15g",
    "Vitamin A: 241IU",
    "Vitamin C: 1mg",
    "Calcium: 109mg",
    "Iron: 2mg",
    ""
  ],
  "Comments": [
    "KarenJ says:These were AMAZING! Definitely the best wings I’ve ever made. Already looking forward to making them again.",
    "Mel W. says:Could you substitute chicken thighs and how long in the oven ? Thank you and the glaze sounds delish !!! ?",
    "Alyssa Rivers says:Here is my recipe for Baked Chicken Thighs with the Most AMAZING Glaze!. You could just use the Thai Glaze instead! Let me know how they turn out!",
    "mecooks says:I absolutely loved these chicken wings and I will be making them again in the future.",
    "DD says:Says 3 cloves of garlic, minced above.",
    "Dorita says:Can you do this in an air fryer?",
    "Alyssa Rivers says:I haven’t tried it with these wings but if I did then I would coat the wings with the baking powder and seasonings and cook them in an even layer in the air fryer basket at 400 degrees for about 8 minutes. Then, flip them and cook for another 8. Add the sauce on top when you are done!  Let me know if they turn out!",
    "Michelle Cortez says:Your list of ingredients does not list garlic powder but the instructions state to mix in garlic powder with the dry ingredients.  I’m curious on how much to use as well cause these wings look delicious and I would love to make them!",
    "Alyssa Rivers says:That was a typing error on the recipe! It has been updated and there is no garlic powder in this recipe. Try them out! They are SO GOOD!",
    "Trish says:I think she was asking how much garlic powder to use instead of the 3 minced garlic cloves. Recipe sounds delicious! I’ll give it a try.",
    "Joe Sheehan says:Do you have to defrost the wings first or can they be frozen?",
    "Mary says:I see in the recipe you call for only 1 tablespoon of baking powder, is that enough to coat the 4 lbs. of wings?",
    "Alyssa Rivers says:This should be enough! Let me know if you make them and how they turn out!"
  ]
}