{
  "URL": "https://therecipecritic.com/thai-lettuce-wraps/",
  "Summary": "Get ready to devour some homemade Thai lettuce wraps—a must-have appetizer that you won't be able to resist! These wraps are loaded with tasty lean ground beef, minced red onion, garlic, ginger, and chili flakes, all tossed in a delicious dressing made from soy sauce and sesame oil.",
  "Metadata": [
    "Prep Time:  20minutes",
    "Cook Time:  15minutes",
    "Total Time:  35minutes",
    "Servings:  6people"
  ],
  "Ingredients": [
    "¾ pound lean ground beef",
    "½ red onion minced",
    "2 cloves garlic minced",
    "2 teaspoons fresh ginger grated",
    "1 teaspoon chili flakes",
    "1 teaspoon salt",
    "½ teaspoon ground black pepper",
    "1 cup carrots julienned",
    "¼ cup green onions chopped",
    "2 tablespoons cilantro chopped",
    "2 tablespoons sesame seeds",
    "2 tablespoons soy sauce",
    "1 tablespoon sesame oil",
    "2 teaspoons lime juice",
    "2 teaspoons brown sugar",
    "1 head butter lettuce cleaned and separated"
  ],
  "Instructions": [
    "In a medium bowl, combine your ground beef, onion, garlic, ginger, chili flakes, salt and pepper. Mix well.",
    "In a small bowl, combine your soy sauce, sesame oil, lime juice, and brown sugar. Set aside.",
    "Heat a large skillet up to medium high heat. Add your meat mixture to the skillet and cook, stirring continually for about 6-8 minutes. The beef should mostly be browned and cooked by now.",
    "Add in your carrots, green onions, cilantro, sesame seeds, and sauce. Continue to stir fry everything together for about 3-4 minutes. Ensuring everything is well combined and the sauce begins to reduce.",
    "Remove your filing from heat. And set aside.",
    "Prepare your butter lettuce and set the lettuce leaves on a plate. Fill each lettuce leaf with your filling and serve.",
    "You can also serve the filling and lettuce separate and have your guests fill their own lettuce wraps!"
  ],
  "Nutrition": [
    "Calories: 143kcal",
    "Carbohydrates: 7g",
    "Protein: 14g",
    "Fat: 7g",
    "Saturated Fat: 2g",
    "Polyunsaturated Fat: 2g",
    "Monounsaturated Fat: 3g",
    "Trans Fat: 0.2g",
    "Cholesterol: 35mg",
    "Sodium: 784mg",
    "Potassium: 399mg",
    "Fiber: 2g",
    "Sugar: 3g",
    "Vitamin A: 4615IU",
    "Vitamin C: 5mg",
    "Calcium: 59mg",
    "Iron: 2mg",
    ""
  ],
  "Comments": [
    "linda says:Isn’t the sauce in your picture a peanut sauce…it’s thick like peanut butter",
    "Alyssa Rivers says:Hi Linda, yes the sauce in the picture is my Thai Peanut Sauce. The “sauce” in the recipe is just the sauce the meat cooks in. Sorry if that was confusing.",
    "Nantawan says:I am a Thai woman. Your recipe is ok. These are “Americanized”. Not even close to real Thai lettuce wraps.",
    "Alyssa Rivers says:Thank you for taking the time to comment, and I truly appreciate your perspective. You’re absolutely right—this version is definitely more of an Americanized take, inspired by Thai flavors but not traditional. I always love learning from people who grew up with the real thing, so if you ever have tips or suggestions for making it more authentic, I’d genuinely love to hear them!",
    "Katie says:Love it, thank you for sharing!!",
    "T says:The sauce ingredients do not look  like what is pictured. One commented said she made the peanut sauce… is it supposed to be something else than what is listed?",
    "Tam says:Some sauce options were listed in the bloggy part of the post 🙂 Scroll up if you’re interested but here is the specific link to the peanut sauce:https://therecipecritic.com/peanut-sauce/",
    "Kim says:OMG, so easy and super delish. I made the Peanut Sauce and brushed it on the lettuce leaves then put the wraps together. Oh don’t worry about how to store the leftovers, the 2 of us ate ALL. 100% you need to make these",
    "Mel says:This was fabulous. We served it with rice and lettuce cups and doubled the sauce. Very tasty and filling. Will make this one again!",
    "Deborah Lardinois says:I made this dish, which my husband called laab. He loved this. He said it wasn’t as ‘vinegary’ as traditional laab.Overall this was easy to make. Having all ingredients pre assembled definitely makes this dish easier and fast to make.I may try this with ground chicken or turkey next time.",
    "Cheryl Fitzpatrick says:Haven’t tried your recipe yet but it seems like a simplified version of one I’ve made that was a copycat of PF Changs. Had a LOT of ingredient so I’ll definitely be using yours. The only thing I might add to this one would be chopped water chestnuts."
  ]
}