{
  "URL": "https://therecipecritic.com/thai-chicken-salad/",
  "Summary": "Crunchy and bright, this Thai Chicken Salad with creamy peanut dressing is bursting with flavor, texture and deliciousness! Prep it in under 30 minutes for an easy side dish or a delicious lunch! ",
  "Metadata": [
    "Prep Time:  20minutes",
    "assembly:  5minutes",
    "Total Time:  25minutes",
    "Servings:  12People"
  ],
  "Ingredients": [
    "1/4 cup creamy peanut butter",
    "2 tablespoons soy sauce",
    "2 tablespoons lime juice",
    "3 tablespoons sesame oil",
    "2 tablespoons sweet chili sauce",
    "1 tablespoon fish sauce",
    "1 teaspoon brown sugar",
    "1 teaspoon ginger, grated",
    "1 teaspoon garlic, minced",
    "3 cups green cabbage, shredded",
    "3 cups red cabbage, shredded",
    "2 cups cooked chicken, shredded",
    "1 1/2 cups carrot, shredded",
    "½ cup cilantro, chopped",
    "½ cup salted cashews, roughly chopped",
    "½ cup green onions, thinly sliced"
  ],
  "Instructions": [
    "In a bowl, whisk together 1/4 cup creamy peanut butter, 2 tablespoons soy sauce, 2 tablespoons lime juice, 3 tablespoons sesame oil, 2 tablespoons sweet chili sauce, 1 tablespoon fish sauce, 1 teaspoon brown sugar, 1 teaspoon ginger, and 1 teaspoon garlic,. Cover and set aside.",
    "Prepare all the ingredients; shred the cabbage, chop the chicken, shred the carrot, chop and slice the cilantro, cashews, and green onions.",
    "In a large bowl, add 3 cups green cabbage,, 3 cups red cabbage, 2 cups cooked chicken, 1 1/2 cups carrot, ½ cup cilantro, ½ cup salted cashews, and½ cup green onions,.",
    "Pour the dressing over the salad and toss to evenly coat everything in the dressing. Serve fresh!"
  ],
  "Nutrition": [
    "Calories: 154kcal",
    "Carbohydrates: 10g",
    "Protein: 9g",
    "Fat: 9g",
    "Saturated Fat: 2g",
    "Polyunsaturated Fat: 2g",
    "Monounsaturated Fat: 4g",
    "Cholesterol: 18mg",
    "Sodium: 412mg",
    "Potassium: 282mg",
    "Fiber: 2g",
    "Sugar: 5g",
    "Vitamin A: 3036IU",
    "Vitamin C: 22mg",
    "Calcium: 36mg",
    "Iron: 1mg"
  ],
  "Comments": [
    "jackie hoolihan says:has  anyone use bottle thai peanut dressing verses making it",
    "Pat says:I’d love to try this recipe but my daughter has a peanut allergy. Have you ever tried substituting Sun Butter for peanut butter?",
    "Alyssa Rivers says:I havent’ but I think that would work! Let me know how it turns out!",
    "Elena says:Could I skip the fish sauce? Or substitute it?",
    "Alyssa Rivers says:You can use an additional tablespoon of soy sauce instead!"
  ]
}