{
  "URL": "https://therecipecritic.com/thai-chicken-skewers/",
  "Summary": "These Thai chicken skewers are marinated in coconut milk, curry and spices and then grilled to perfection. It’s a quick and easy meal that’s packed full of flavor!",
  "Metadata": [
    "Prep Time:    1hour10minutes",
    "Cook Time:  5minutes",
    "Total Time:    1hour15minutes",
    "Servings:  4people"
  ],
  "Ingredients": [
    "1 ¼ pounds diced boneless skinless chicken breast, 1-inch pieces",
    "1 (13-ounce) can coconut milk",
    "1 ½ tablespoons brown sugar",
    "1 teaspoon red curry paste, more to taste",
    "1 (1-inch) knob of ginger peeled and chopped",
    "zest of one lime",
    "1 teaspoon salt",
    "½ teaspoon pepper",
    "2 tablespoons chopped cilantro",
    "2 tablespoons chopped peanuts",
    "½ cup creamy peanut butter",
    "2 tablespoons soy sauce",
    "1 ½ tablespoons brown sugar",
    "2 tablespoons lime juice",
    "1 tablespoon sesame oil",
    "½ teaspoon minced garlic",
    "¼ cup warm water"
  ],
  "Instructions": [
    "Place the 1 (13-ounce) can coconut milk, 1 ½ tablespoons brown sugar, 1 teaspoon red curry paste, 1 (1-inch) knob of ginger peeled and chopped, zest of one lime, 1 teaspoon salt, and ½ teaspoon pepper in a resealable freezer bag. Seal and shake to combine.",
    "Place the 1 ¼ pounds diced boneless skinless chicken breast, in the bag and marinate in the refrigerator for at least one hour or up to 8 hours.",
    "Remove the chicken from the marinade and thread it onto skewers. Discard the marinade.",
    "Preheat the grill or a grill pan to medium heat. Place the chicken skewers on the grill and cook for 4-5 minutes on each side or until cooked through. While the chicken cooks make the peanut sauce.",
    "Combine the ½ cup creamy peanut butter, 2 tablespoons soy sauce, 1 ½ tablespoons brown sugar, 2 tablespoons lime juice, 1 tablespoon sesame oil, ½ teaspoon minced garlic, and ¼ cup warm water in a bowl, and whisk until smooth.",
    "Remove the chicken from the grill and sprinkle the 2 tablespoons chopped cilantro and 2 tablespoons chopped peanuts on top of the chicken, and serve with peanut sauce."
  ],
  "Nutrition": [
    "Calories: 458kcal",
    "Carbohydrates: 18g",
    "Protein: 40g",
    "Fat: 26g",
    "Saturated Fat: 5g",
    "Polyunsaturated Fat: 7g",
    "Monounsaturated Fat: 12g",
    "Trans Fat: 0.02g",
    "Cholesterol: 91mg",
    "Sodium: 1392mg",
    "Potassium: 791mg",
    "Fiber: 2g",
    "Sugar: 13g",
    "Vitamin A: 258IU",
    "Vitamin C: 4mg",
    "Calcium: 43mg",
    "Iron: 2mg",
    ""
  ],
  "Comments": [
    "Diane says:What are good sides to serve with this?",
    "Alyssa Rivers says:I always love a good vegetable like asparagus, corn, or broccoli. You can do an Asian ramen salad too.",
    "Shawnna Griffin says:hey girl- these look oh so yummy!",
    "Taste of France says:We made nearly this recipe over the weekend. I have a great Thai cookbook with everything in two columns: left in Thai and right in English.My recipe uses coconut milk in the peanut sauce as well.Over the decades of making this, I have made many substitutions, including using curry powder for curry paste. In a side-by-side taste test, powder would lose, but if it’s all you have on hand, then go for it. If you don’t have a comparison, the powder still tastes fantastic."
  ]
}