{
  "URL": "https://therecipecritic.com/the-very-best-butter-board/",
  "Summary": "A butter board is the latest trend that you absolutely MUST TRY for your next gathering! This board is packed with the most delicious butter that is drizzled with honey and lemon zest and adds the perfect touch to your favorite bread! ",
  "Metadata": [
    "Prep Time:  10minutes",
    "Total Time:  10minutes",
    "Servings: 8"
  ],
  "Ingredients": [
    "8 ounce high quality butter softened (I used New Zealand Sea Salt Crystal Butter)",
    "Honey",
    "lemon zest",
    "dried tangerines",
    "dried peaches",
    "dried strawberries",
    "honeycomb",
    "coarse sea salt",
    "fresh rosemary",
    "crostini bread  (for serving)"
  ],
  "Instructions": [
    "On a square board, spread the butter evenly on the board, leaving about 3 inches around the edge.  Drizzle with honey.",
    "Grate some lemon zest and sprinkle on top of the butter.",
    "Top with tangerines, peaches, strawberries, and honeycomb.",
    "Sprinkle coarse sea salt on top and top with fresh rosemary.  Serve with favorite crusty bread."
  ],
  "Nutrition": [
    "Calories: 203kcal",
    "Carbohydrates: 0.02g",
    "Protein: 0.2g",
    "Fat: 23g",
    "Saturated Fat: 15g",
    "Polyunsaturated Fat: 1g",
    "Monounsaturated Fat: 6g",
    "Trans Fat: 1g",
    "Cholesterol: 61mg",
    "Sodium: 182mg",
    "Potassium: 7mg",
    "Sugar: 0.02g",
    "Vitamin A: 708IU",
    "Calcium: 7mg",
    "Iron: 0.01mg",
    ""
  ],
  "Comments": []
}