{
  "URL": "https://therecipecritic.com/the-best-homemade-alfredo-sauce-ever/",
  "Summary": "This ultra-creamy Alfredo sauce is so delicious and is full of so much flavor! ",
  "Metadata": [
    "Prep Time:  10minutes",
    "Cook Time:  5minutes",
    "Total Time:  15minutes",
    "Servings:  8servings"
  ],
  "Ingredients": [
    "½ cup unsalted butter",
    "2 cups heavy whipping cream 1 pint",
    "4 ounces cream cheese",
    "½ teaspoon minced garlic",
    "1 teaspoon garlic powder",
    "1 teaspoon Italian seasoning",
    "¼ teaspoon salt",
    "¼ teaspoon ground black pepper",
    "1 cup freshly grated parmesan cheese"
  ],
  "Instructions": [
    "Add ½ cup unsalted butter, 2 cups heavy whipping cream, and 4 ounces cream cheese to a medium saucepan and whisk over medium heat until melted.",
    "Add ½ teaspoon minced garlic, 1 teaspoon garlic powder, 1 teaspoon Italian seasoning, ¼ teaspoon salt, and ¼ teaspoon ground black pepper Continue to whisk until smooth before gradually adding 1 cup freshly grated parmesan cheese.",
    "Bring to a simmer and continue to whisk for about 3-5 minutes or until it thickens. Toss it with your favorite pasta and serve immediately."
  ],
  "Nutrition": [
    "Calories: 405kcal",
    "Carbohydrates: 3g",
    "Protein: 7g",
    "Fat: 41g",
    "Saturated Fat: 26g",
    "Polyunsaturated Fat: 2g",
    "Monounsaturated Fat: 11g",
    "Trans Fat: 0.5g",
    "Cholesterol: 121mg",
    "Sodium: 335mg",
    "Potassium: 99mg",
    "Fiber: 0.2g",
    "Sugar: 2g",
    "Vitamin A: 1522IU",
    "Vitamin C: 0.4mg",
    "Calcium: 209mg",
    "Iron: 0.3mg",
    ""
  ],
  "Comments": [
    "Sheza says:Excellent and versatile! Once the 1st ingredients are melted, I add diced ham from a thick slice to increase protein and flavour, and let it simmer. Sometimes I add a couple dashes of nutmeg, which I learned from an Italian friend. As others have said, adding chicken or shrimp would also rock.",
    "Victoria Googin says:This is hands down the best recipe out there! I tried it a few months ago && scoured the internet for hours trying to find it!! Tonight is the 4th time I’ve made it. Two thumbs up from two teenage boys & one momma who cant stand jarred alredo sauce.",
    "Sheza says:The print to pdf feature is a lifesaver. No more lost recipes!",
    "LouAnne Gregg says:This got dinner tonight with chicken.  Everybody loved it!  Since we go thru so much Alfredo each month(I buy 10-12 jars a month) is it possible to can this?  I don’t have an extra freezer and no room in my to freezer.",
    "Alyssa Rivers says:I can’t recommend canning this, as there is milk in it and I know it is a complicated process. I have heard of people freezing it, but that can also affect the texture.",
    "Laurie says:OMG my go-to recipe for Alfredo sauce.  Not only does it taste great it’s so easy to make.  I added more minced garlic to it.  I love garlic!! Both ways are awesome.",
    "TJ says:Dad of picky 12 year olds here….one of which has dairy, gluten AND cashew allergies.  I was looking for recipes they both could eat and both would like.  I found this recipe by accident, substituted dairy free cream cheese, DF heavy cream, DF parmesan and gluten free fettucine.  There’s a lot of oils in the DF stuff so I cut the butter in half.  (Butter doesn’t bother her fortunately)  They both ask for it EVERY WEEK when they come to my house!   Thank you so much for this recipe!!",
    "Cheryl Brown says:Follow exactly and so freaking good. I disliked Alfredo completely till I found this recipe. Read all the tips leading up to the recipe, extremely helpful. Fresh grated Parmesan is extremely important IMO.",
    "BC in KC says:Definitely the best alfredo sauce I have found.  I have been making this for a while now and everyone loves it.",
    "Margaret Ann Bachler says:Excellent recipe. I did cut down some of the heavy cream with milk. I WILL NOT lose this one!!",
    "Marcie says:What are your thoughts on subbing the cream cheese for sour cream or cottage cheese?",
    "Alyssa Rivers says:I wouldn’t suggest it in this recipe! The cream cheese is specific to adding a creamy texture and flavor. The sour cream is much too tangy and the cottage cheese can cause curdling (I’ve actually tried it).",
    "Chef's Kiss says:I make this weekly!Best sauce we’ve tasted; even better than restaurants around us. If I could give 6stars, I would. This is now my famous dish, lol.*I add more salt and pepper than recipe, and add seasoned chicken*",
    "Gladys Torres says:Love this receipe",
    "Chelsea Rousseau says:QuickEasyDelicious",
    "Deborah Smith says:I love this recipe.  It always comes creamy and tasty.  Without the cream cheese, it can be thick and stringy.  I add flavor by adding blackened shrimp and chicken.  My family loves it!",
    "Alyssa Rivers says:Yum! I need to try this with the blackened shrimp, sounds amazing!"
  ]
}