{
  "URL": "https://therecipecritic.com/the-best-pumpkin-pie/",
  "Summary": "Grandma's famous pumpkin pie is smooth, thick, and creamy! A MUST for the holidays and the best when served with a big scoop of whipped cream on top!",
  "Metadata": [
    "Prep Time:  10minutes",
    "Cook Time:    1hour5minutes",
    "Total Time:    1hour15minutes",
    "Servings:  8people"
  ],
  "Ingredients": [
    "Grandma’s Perfect Pie Crust Recipe",
    "3/4 cup granulated sugar",
    "1 teaspoon ground cinnamon",
    "1/2 teaspoon salt",
    "1/2 teaspoon ground ginger",
    "1/4 teaspoon ground cloves",
    "2 large eggs slightly beaten",
    "1 (15 ounce) can pumpkin or homemade puree",
    "1 (12 ounce) can Evaporated Milk",
    "pecans  optional, for garnish",
    "whipped Cream optional"
  ],
  "Instructions": [
    "Preheat oven to 425 degrees. Prepare the Grandma’s Perfect Pie Crust Recipe and set aside. In a large bowl, mix together 3/4 cup granulated sugar, 1 teaspoon ground cinnamon, 1/2 teaspoon salt, 1/2 teaspoon ground ginger, and 1/4 teaspoon ground cloves. Add 2 large eggs, 1 (15 ounce) can pumpkin or homemade puree, and 1 (12 ounce) can Evaporated Milk. Mix until fully combined.",
    "Pour the pumpkin mixture into the prepared pie crust. Bake at 425 degrees for 15 minutes. Reduce heat to 350 degrees and bake for an additional 40-50 minutes or until the toothpick inserted comes out clean.",
    "Cool on a wire rack for 2 hours to completely cool. Serve immediately or refrigerate. Top with pecans  and whipped Cream if desired."
  ],
  "Nutrition": [
    "Calories: 122kcal",
    "Carbohydrates: 26g",
    "Protein: 2g",
    "Fat: 2g",
    "Saturated Fat: 1g",
    "Cholesterol: 55mg",
    "Sodium: 215mg",
    "Potassium: 20mg",
    "Fiber: 1g",
    "Sugar: 25g",
    "Vitamin A: 79IU",
    "Calcium: 12mg",
    "Iron: 1mg",
    ""
  ],
  "Comments": [
    "Sharon Babcock says:I’m looking for an unbaked pumpkin pie. It had a graham cracker crust, then  layer of cool whip ,pecans. Then pumpkin. Spices, cool whip not sure of how much brown sugar all mixed together and poured over the layer of cool whip and pecans.  Can you help me",
    "Monique says:In your recipe it doesn’t say to cook your pie crust before you add the ingredients. You mentioned it later. So I want to know how long do you pre-cook your crust. Also do you still have to start the baking at 425 F for a pre-cooked pie crust? Or do you skip the first 15 minutes and go directly to 350 F for 40 – 50 minutes. Thanks",
    "Lori says:I made the pie crust and pie. Close to my mom’s as I’ve ever gotten. I did use pumpkin pie spice , cinammon and cloves instead.It’s a bit on the sweeter side but that’s not a bad thing. I might try and cut the sugar a bit next time.is that bad?This was my dry run before making them for turkey day.Thanks so much for the best recipe I’ve come across. And easy.",
    "SCV says:I guess this is pretty much a favorite of a lot of grandmothers, it’s been around for years.Yes, this is a good pie but how is it any different than on the back label of the Libby Pure Pumpkin can?This is the way we make it a lot of times, you should try it, it’s really good too. We like what the brown sugar and the extra spices bring to the table.2 large eggs1 large egg yolk1/2 cup packed dark brown sugar1/3 cup white sugar1/2 teaspoon salt2 teaspoons cinnamon1 teaspoon ground ginger1/4 teaspoon ground nutmeg1/4 teaspoon ground cloves1/8 teaspoon cardamom1/2 teaspoon finely grated lemon zest opt. I do use it if I have a lemon.",
    "Dianne Riehl says:I oulg like to make this pumpkin pie…How much milk or cream?",
    "Shelby says:I’d like to try this recipe too.. What are the cooking times? Are they also around 50 min? Any other suggestions I need for this?",
    "Jivan Dios says:Delicious and easy! Everyone in my family loved it. Thank you!",
    "Bobbi Rougeau says:Easy peasy and yummy! ?",
    "Sabrina says:thank you, always nice to see a new pumpkin pie recipe to try, but even more so a simple from scratch crust, like this one, always welcome!",
    "NancyH says:It has been years since I made a pumpkin pie. But my four-year-old grandson requested that Grandma make pie with his Halloween pumpkins so he could try it. And Grandma got busy cleaning, roasting, pureeing, and freezing 18 bags of pumpkin. I found this recipe and made two pies today. It was delicious, so smooth and creamy. The pies were perfectly cooked in the recommended time. This will be my go to recipe.",
    "Steph says:On this post, you say you have to “blind bake a homemade crust” but on your Grandma’s Pie Crust recipe post, you say you don’t have to blind bake that crust. Which is accurate, if I’m using your recipe for pie crust as suggested?",
    "Alyssa Rivers says:It depends on the type of pie that you are making. It is best to blind bake a homemade crust if you are using fruit pies or anything that has a juicy texture in it to make sure the crust does not become soggy. I hope that helps!",
    "Merry says:We use about the same ingredients but my recipe calls for dark molasses. If u want my recipe just let me know. It makes 2 pies instead of one and I would love to share it with u. It’s a family favorite only we use a stainless steel knife to check if it’s done. Just get with me thru my e-mail and I send it to u",
    "Heather says:I would love the recipe for your pie",
    "Fabiola says:Looks great!! What size pie dish did you use!??? Thanks",
    "Alyssa Rivers says:I used a 9 inch pie dish.",
    "David says:Great recipe! I am diabetic and substituted 2/3 of the sugar with Splenda and it turned out GREAT!! Thanks",
    "Martha says:I used half cream and half 2% milk and Oregano instead of thymeit was very delish.",
    "Alyssa Rivers says:That is great to hear! I will have to try that next time I make this pie! Thanks so much for sharing! XOXO",
    "Leanne says:Hi! I love your website! One question, I live abroad and can’t get canned pumpkin. Any idea of how I can generate an alternative. I can get real life pumpkins! Thanks 🙂",
    "Laurie says:If you can’t find pumpkin, use carrots. Cook your cooked carrots, mix the exact same way you do pumpkin. Tastes like pumpkin pie, looks the same.",
    "pam wilson says:SWEET POTATOES WILL WORK IN A PINCH!",
    "Shannon Haley says:Bake pumpkins at 350 for 45 minutes.  Slice em in half and remove seeds/guts before cooking",
    "Kathy Mader says:The pumpkin pie looks especially delicious.  Can’t wait to make it.  Thank you!",
    "Medeja says:This pie looks so good! I will try to make your grandma’s pastry. Thanks for sharing."
  ]
}