{
  "URL": "https://therecipecritic.com/the-best-swedish-meatballs/",
  "Summary": "The Best Swedish Meatballs are smothered in the most amazing rich and creamy gravy. With so much delicious flavor, you will agree these are the best you have ever had!",
  "Metadata": [
    "Prep Time:  10minutes",
    "Cook Time:  20minutes",
    "Total Time:  30minutes",
    "Servings: 6"
  ],
  "Ingredients": [
    "1 pound ground beef",
    "1/4 cup panko bread crumbs",
    "1 tablespoon parsley, chopped",
    "1/4 teaspoon ground allspice",
    "1/4 teaspoon ground nutmeg",
    "¼ cup onion, finely chopped",
    "½ teaspoon garlic powder",
    "⅛ teaspoon pepper",
    "½ teaspoon salt",
    "1 egg",
    "1 tablespoon olive oil",
    "1 tablespoon butter",
    "4 tablespoons butter",
    "3 tablespoons flour",
    "2 cups beef broth",
    "1 cup heavy cream",
    "1 tablespoon Worcestershire sauce",
    "1 teaspoon Dijon mustard",
    "Salt and pepper to taste"
  ],
  "Instructions": [
    "In a medium-sized bowl, combine 1 pound ground beef, 1/4 cup panko bread crumbs, 1 tablespoon parsley, 1/4 teaspoon ground allspice, 1/4 teaspoon ground nutmeg, ¼ cup onion, ½ teaspoon garlic powder, ⅛ teaspoon pepper, ½ teaspoon salt, and 1 egg. Mix until combined.",
    "Roll into 12 large meatballs or 20 small meatballs. In a large skillet over medium-high heat, add 1 tablespoon olive oil and 1 tablespoon butter. Add the meatballs and cook for 7-8 minutes, turning continuously until brown on each side and cooked through. Transfer to a plate and cover with foil.",
    "Add 4 tablespoons butter and 3 tablespoons flour to the skillet and whisk until it turns brown. Slowly stir in 2 cups beef broth and 1 cup heavy cream. Add 1 tablespoon Worcestershire sauce and 1 teaspoon Dijon mustard and bring to a simmer until the sauce starts to thicken. Salt and pepper to taste.",
    "Add the meatballs back to the skillet and reduce to a simmer for another 1-2 minutes. Serve over egg noodles or mashed potatoes."
  ],
  "Nutrition": [
    "Calories: 499kcal",
    "Carbohydrates: 10g",
    "Protein: 17g",
    "Fat: 43g",
    "Saturated Fat: 22g",
    "Cholesterol: 162mg",
    "Sodium: 712mg",
    "Potassium: 327mg",
    "Fiber: 1g",
    "Sugar: 1g",
    "Vitamin A: 987IU",
    "Vitamin C: 2mg",
    "Calcium: 59mg",
    "Iron: 2mg"
  ],
  "Comments": [
    "Clara says:Wonderful!! I caramelized my onions and added a splash of Worcestershire and splash of cream to the meatball mix. My fam is thrilled, thank you!!",
    "Stacey B says:These meatballs were excellent! I made mine a little smaller. Really great recipe!",
    "Alyssa Rivers says:Thank you! Glad you liked them!",
    "Phyllis Thompson says:Great recipe. Had no Dijon so had to skip that. Added nutmeg and allspice to sauce as well as meatballs. Worcestershire was the very excellent finishing touch. However, as good as it is, it is very definitely not* a recipe for “The Best *Swedish* Meatballs”. Thanks for sharing anyway. I’ll make it again.",
    "Sophie says:So good. I’ve made this exact recipe several times now. I add the nutmeg and allspice to the sauce as well, and bake the meatballs in the oven for a bit before finishing them in the sauce. It makes the house smell amazing and goes well with potatoes, peas, carrots, etc.",
    "Stephanie Cross Cross says:Such an easy recipe to follow and the sauce is delicious. I’ll make this again and again",
    "Judith says:Phenomenal"
  ]
}