{
  "URL": "https://therecipecritic.com/the-best-sweet-pork-tacos/",
  "Summary": "This is the BEST sweet pork taco recipe! It tastes just like Cafe Rio's famous sweet pork, with a blend of sweet and tangy flavors that melt into tender, juicy meat. It's perfect for tacos, salads, burritos, nachos, and anything else you can dream up!",
  "Metadata": [
    "Prep Time:  10minutes",
    "Cook Time:  4hours",
    "Total Time:    4hours10minutes",
    "Servings:  8People"
  ],
  "Ingredients": [
    "3 pounds pork roast",
    "¾ cup brown sugar",
    "10 ounces red enchilada sauce",
    "4 ounces diced green chiles",
    "⅓ cup apple cider vinegar",
    "1 tablespoon pork seasoning"
  ],
  "Instructions": [
    "Add the 3 pounds pork roast to the bottom of the crockpot.",
    "Pour in 10 ounces red enchilada sauce, ⅓ cup apple cider vinegar, ¾ cup brown sugar, 4 ounces diced green chiles, and 1 tablespoon pork seasoning.",
    "Cook on low for 4-6 hours.",
    "Shred the meat and let the juices soak into the meat.",
    "Serve in tortillas with your favorite taco toppings!"
  ],
  "Nutrition": [
    "Calories: 328kcal",
    "Carbohydrates: 25g",
    "Protein: 39g",
    "Fat: 7g",
    "Saturated Fat: 2g",
    "Polyunsaturated Fat: 1g",
    "Monounsaturated Fat: 3g",
    "Cholesterol: 107mg",
    "Sodium: 454mg",
    "Potassium: 700mg",
    "Fiber: 1g",
    "Sugar: 22g",
    "Vitamin A: 303IU",
    "Vitamin C: 6mg",
    "Calcium: 50mg",
    "Iron: 2mg"
  ],
  "Comments": [
    "Jamie says:I just made these last night for dinner.  Very tasty!  I will definitely be making these again.  Thanks for sharing!",
    "Six Sisters says:Your sweet pork tacos look so delicious! We would love to have you link up to our “Strut Your Stuff Saturday” and share this yummy recipe. We hope to see you there! -The Sisterssixsistersstuff.com",
    "Jenny @ The NY Melrose Family says:Those look so good!  Thanks so much for joining in the bloglovin blog hop.  I’m a new follower.  I host a weekly link party on Wednesdays and I’d love for you to join in.",
    "Carole says:Looks just great.  I managed to miss the cut off for the linky this time …sigh.  Have a super week.",
    "Jenny says:Oh my goodness, I absolutely LOVE Cafe Rio pork salads…I am definitely going to try this!!Modern Modest Beauty",
    "Sarah Carletti says:These look mouthwatering! Thanks for linking up to the Thursday Food Fest.",
    "Kim says:Thanks for stopping by. I’m your newest follower too!! Have a great 4th.http://mommieagain.com",
    "Kristy @ Cup of Jo says:I’m sooo going to make these! Thanks for sharing! Now following (;"
  ]
}