{
  "URL": "https://therecipecritic.com/the-best-burger-and-secret-sauce-recipe/",
  "Summary": "Get ready for the ultimate burger experience topped with my irresistible Secret Sauce. The flavor packed into this burger is a delicious twist on a classic favorite.",
  "Metadata": [
    "Prep Time:  15minutes",
    "Cook Time:  15minutes",
    "Total Time:  30minutes",
    "Servings:  5Hamburgers"
  ],
  "Ingredients": [
    "1 pound 80/20 ground beef",
    "½ teaspoon onion powder",
    "½ teaspoon garlic powder",
    "½ teaspoon salt",
    "¼ teaspoon cracked black pepper",
    "sesame seed buns, for serving",
    "⅓ cup mayonnaise",
    "1 tablespoon ketchup",
    "1 tablespoon sweet relish",
    "2 teaspoon Worcestershire sauce",
    "½ teaspoon seasoned salt"
  ],
  "Instructions": [
    "Heat up your grill to medium-high heat while you prepare the patties.",
    "Add 1 pound 80/20 ground beef, ½ teaspoon onion powder, ½ teaspoon garlic powder, ½ teaspoon salt , and ¼ teaspoon cracked black pepper to a large bowl and mix to combine.",
    "Shape the patties to be about 1-inch thick making an indention in the center of each patty. This creates a flat burger and prevents the middle of the burger from mounding as it cooks.",
    "Place the burgers on the grill. Allow this side of the patty to cook for about 4-6 minutes, but make sure it doesn’t burn. Flip the burgers over and cook to desired doneness.",
    "Add ⅓ cup mayonnaise, 1 tablespoon ketchup, 1 tablespoon sweet relish, 2 teaspoon Worcestershire sauce, and ½ teaspoon seasoned salt to a small bowl and whisk to combine. Taste and adjust ingredients to your liking.",
    "Assemble the burgers on sesame seed buns, and serve with the special sauce and all of your favorite hamburger toppings!"
  ],
  "Nutrition": [
    "Calories: 343kcal",
    "Carbohydrates: 3g",
    "Protein: 16g",
    "Fat: 29g",
    "Saturated Fat: 9g",
    "Polyunsaturated Fat: 7g",
    "Monounsaturated Fat: 10g",
    "Trans Fat: 1g",
    "Cholesterol: 71mg",
    "Sodium: 704mg",
    "Potassium: 283mg",
    "Fiber: 0.1g",
    "Sugar: 2g",
    "Vitamin A: 64IU",
    "Vitamin C: 1mg",
    "Calcium: 22mg",
    "Iron: 2mg",
    ""
  ],
  "Comments": [
    "R says:Amazing Fry Sauce and Burgers 🍔 😋With the fry sauce though I don’t like relish so I don’t use that.",
    "denier says:What an informative recipe. I have good experience with that. I made this recipe at home. it made the sauce with my cheeseburger very yum! I love cheeseburgers. sometimes I made it at home and sometimes I order it from country kebabs. country kebab has fast foods all fast foods is very delicious in taste and has a good quality of all foods. I always order from here to satisfy my hunger.",
    "Andria says:One tip that might help your burger stay together. Don’t add BBQ sauce to your meat mixture. Instead, brush your burger with it. Works for me every time.",
    "Debbie Schneider says:I just used Thousand Island dressing for the “secret sauce”. Great burger",
    "Ann Schimansky says:These are the best burgers the sauce was excellent.  Rave reviews by my husband asking when I am going to make them again. Thank you for sharing this delicious recipe,",
    "Ozie says:A dry BBQ rub will do better in the burgers. I use strawberrys BBQ rub but any of them will do. A sweet and smokey flavor is the best though I have found. And your burgers will stay together .",
    "JIMMY DUNCAN says:LOVE THESE RECIPES",
    "Karen says:Agree with Michelle…too much BBQ sauce made them fall apart.  Reduce it to 2 tablespoons and you should be golden.  I like putting 2 tbl of beef broth in my burgers.  Makes them nice and moist and very tasty.  You can use pretty much a couple of tablespoons of whatever liquid.  Mixing up some honey and soy sauce, with some fresh squeezed lemon or lime (to your taste) is nice too.  Mix it with your burger and use what’s left to baste the burgers while grilling…YUM!",
    "Michelle says:It’s the BBQ sauce in the burger that makes it fall apart.  I have used it before and you can only put a very small amount otherwise it is way too moist.  It gives it a great flavor though!",
    "Teresa says:To make sure the burgers don’t fall apart try this: make them into a patty and in between burgers put wax paper/parchment paper and put in the frig for 20 minutes or so. Everytime we do this our burgers do not fall apart.",
    "Alyssa says:Thanks for the tip on this!!  I will have to give it a try! 🙂",
    "Sarah Olson says:I tried this sauce last night, it was so good! We dipped our fries in it too! Thanks for sharing this recipe!",
    "Niecee says:I made the sauce with my own hamburger recipe. Yum! 🙂"
  ]
}