{
  "URL": "https://therecipecritic.com/the-best-quiche/",
  "Summary": "Creamy and custard-like, the best quiche starts with a basic recipe and has endless options for adding meat, vegetables, and herbs. This delicious staple recipe is perfect for breakfast, lunch, or dinner.",
  "Metadata": [
    "Prep Time:  10minutes",
    "Cook Time:  55minutes",
    "Resting Time:  15minutes",
    "Total Time:    1hour20minutes",
    "Servings:  10Slices"
  ],
  "Ingredients": [
    "1 Pie Crust homemade or store-bought",
    "6 large Eggs",
    "2 cups Heavy Cream",
    "1 cup Whole Milk",
    "1½ teaspoons Salt",
    "1 teaspoon Ground Pepper"
  ],
  "Instructions": [
    "Preheat the oven to 350℉.",
    "Prepare your pie crust according to recipe directions or line a pie dish with a store-bought pie crust.",
    "Whisk the eggs, heavy cream, milk, salt and pepper together in a large bowl.",
    "(If adding any meats or vegetables make sure to brown or saute them in a skillet before adding them to the egg mixture).",
    "Pour the egg mixture into the pie crust and bake for 45 to 55 minutes until the center is set. If the crust edges begin to brown use a pie shield or foil wrapped around the edge. Let the quiche sit for 15 minutes before slicing."
  ],
  "Nutrition": [
    "Serving: 1slice",
    "Calories: 306kcal",
    "Carbohydrates: 11g",
    "Protein: 7g",
    "Fat: 26g",
    "Saturated Fat: 14g",
    "Cholesterol: 194mg",
    "Sodium: 495mg",
    "Potassium: 131mg",
    "Fiber: 1g",
    "Sugar: 1g",
    "Vitamin A: 923IU",
    "Vitamin C: 1mg",
    "Calcium: 81mg",
    "Iron: 1mg",
    ""
  ],
  "Comments": [
    "Kathy says:I am looking for a very custard filling and know temp and ratio of egg to cream/milk is important.Going to try this but question if so only use cream will I get a more custard texture?",
    "Alyssa Rivers says:Hi Kathy, I believe you are asking if you only use cream instead of cream and milk will it be more of a custard texture? My answer is yes, you can probably only use cream and it will be thicker and creamier! I’d love to hear how it turns out.",
    "Joy says:I have not made this yet but my daughter-in-law has served it for us twice and it was WONDERFUL! How much cheese do I add? half cup? full cup? What about measures for meats or veggies? If you make ONE pie, what is the size of your dish? Many (including my DIL) say it makes two 8″ or 9″ pies? Do you use deep dish? I am anxious to make the recipe once I have some answers. Thanks!",
    "Alyssa Rivers says:Hi Joy! Thank you for your comment! I’m so pleased to hear you’ve loved the quiche your DIL has made for you! It looks like you’ll need1 cup cheese1/2 cup meat1/4 cup veggieWhatever measurements you use just be sure not to overload the quiche. My pie pan was deep dish so if your pie pans are a shallower depth definitely use two, especially when adding in cheese, meats and veggies. Let me know how it turns out! I hope it’s just as good as the one your DIL makes!",
    "Joy says:Absolutely delicious! Made 2 pies this morning, one without cheese for picky hubby and one with cheddar jack for me. We ate from the no cheese pie today. Mine is going in the freezer for future use. May I also add, this was SO EASY to make!! Especially to turn out so yummy! THANK YOU, ALYSSA!",
    "Dannah Young says:Those of you who are confused about the liquid ratios because you state that the recipe only call for 2 cups of cream for 6  eggs and the content says 1/2 c milk/cream per egg… please read the recipe!!! It calls for 2 c cream and 1 c milk = 3c TOTAL liquid for 6 eggs! Please read something in its entirety before commenting.",
    "Mary says:Made this recipe for dinner tonight and definitely keeping to make again!  Creamy and light. I used a pie crust with ham, salami, cheddar and Swiss. Did not all fit in my 9″ pie plate so I put the extra in 3 small 5″ pie pans to freeze to enjoy later.",
    "Shirley says:You say for every one egg to use a 1/2 cup of milk!!! Can not trust your recipe.  6 eggs would take 3 cups of milk. LOL– Egg to Milk Ratios: In order to keep the perfect custardy texture, for every egg you use, you need half a cup of milk. (This ratio also goes for heavy cream.) It has worked perfectly for me! It’s super important to follow because if you don’t use enough milk, your quiche will be dry. Too much milk, and your quiche will be soggy.",
    "Robin Cianci says:I made this recipe exactly with adding oven roasted tomatoes and asparagus, fontina cheese and fresh basil. Luscious was the first word that came to mind! The perfect savory custard. I will definitely  be making this again.Thank you for a wonderful recipe!",
    "Pamela says:I followed the recipe to the letter and ended up with soup in the middle. I’ll cut down the milk/cream I think. I ended up cooking this a good 20 minutes longer to get it done and it was still not done in the middle.",
    "Mary says:Could be your oven…I thought mine wasn’t done either but the last 10 min started Browning. Also let it set for 10 min after cooking.",
    "Leigh says:I agree that the secret to a light, soft custard like quiche vs a dense eggy one is the egg to liquid ratio. I use 4 eggs and 1.5 – 1.75 cups of cream total (or half and half or evaporated milk in a pinch).",
    "monica says:will a heavy cream substitute consisting of whole warm milk  whisked  with a certain amount of melted butter work for this recipe or canned evaporated milk? or will the texture be negatively affected?",
    "Alyssa Rivers says:I have never tried to substitute heavy cream in this recipe so I can’t speak to how that would turn out. If you change it up, let me know how it goes!",
    "Leigh says:I sub evaporated milk in quiche when I don’t have cream on hand and it works well. I usually use 4 eggs to one 12 ounce can of evaporated milk and that’s enough for one light and custard-y quiche.",
    "Mary-Lou says:I make it without a crust in a large casserole dish. I add sauteed onions and mushrooms, spinach, bacon and shredded cheese. I also use all heavy cream. I serve it for brunch or dinner with a fresh salad and some rolls. So quick and easy to toss everything together. It’s always a big success!",
    "Jeff says:I agree with Emily, the recipe was twice as much as necessary for a 9″ glass pie pan. So I cut it in half and used a Pillsbury rolled pie crust. I also added a mix of grated Swiss and cheddar cheese, one small can of sliced mushrooms, a bit of nutmeg and two leftover cooked chicken sausages that I diced up into small pieces.  I also used all heavy whipping cream… no milk.  What I liked most about the recipe is the texture.  It came out light and custardy…the texture I’ve been trying to attain for years.  Thanks for pointing me in the right direction, Alyssa.",
    "June Byrd says:Hi Jeff, I’m aiming for a custard-type texture too. I notice the recipe has 6 eggs and 2 cups milk or cream but the “hints” suggest 1/2 cup for every egg.  Can I ask which one you used?  thanks!  -June",
    "Emily says:Creamy and delicious! I added sauteed mushrooms, caramelized onions and chopped bacon, and 1% milk in place of whole milk. Only negative was that I couldn’t even fit half of the egg mixture in my pie dish (I used a 9” glass pan). Next time I will half it. Thank you for the recipe!"
  ]
}