{
  "URL": "https://therecipecritic.com/the-best-chocolate-chip-cookies/",
  "Summary": "The Best Chocolate Chip Cookies that turn out perfect every single time and don't require any chilling time. This is a classic tried and true chocolate chip cookie recipe that you will make again and again!",
  "Metadata": [
    "Prep Time:  5minutes",
    "Cook Time:  8minutes",
    "Total Time:  13minutes",
    "Servings:  24Cookies"
  ],
  "Ingredients": [
    "1 cup unsalted butter softened",
    "3/4  cup brown sugar",
    "1 cup  sugar",
    "2  large  eggs",
    "2 teaspoons vanilla",
    "3 1/2  cups all-purpose flour",
    "1 teaspoon baking soda",
    "1/2 teaspoon baking powder",
    "1 teaspoon salt",
    "2 cups milk chocolate chips"
  ],
  "Instructions": [
    "Preheat the oven to 350°F. Line a baking sheet with parchment paper.",
    "In a medium bowl, and using a mixer on medium, cream together the butter, brown sugar, and granulated sugar.",
    "Add the eggs and vanilla extract, and beat until fluffy.",
    "Add the all-purpose flour, baking soda, baking powder, and salt, and mix until combined. Add the chocolate chips, and mix well.",
    "Using a 1-inch cookie scoop, drop the dough onto the prepared baking sheet. Bake for 7 or 8 minutes per batch.",
    "Transfer the cookies to a wire rack to cool."
  ],
  "Nutrition": [
    "Calories: 281kcal",
    "Carbohydrates: 41g",
    "Protein: 3g",
    "Fat: 12g",
    "Saturated Fat: 7g",
    "Polyunsaturated Fat: 0.4g",
    "Monounsaturated Fat: 2g",
    "Trans Fat: 0.3g",
    "Cholesterol: 38mg",
    "Sodium: 162mg",
    "Potassium: 46mg",
    "Fiber: 1g",
    "Sugar: 26g",
    "Vitamin A: 292IU",
    "Vitamin C: 0.1mg",
    "Calcium: 34mg",
    "Iron: 1mg",
    ""
  ],
  "Comments": [
    "Georgia March says:This is such a simple recipe but is sooo good. I would say if you like your cookies more crunchy on the outside start them on the bottom then move them up to the top shelf, if you prefer them more chewy i would start them on the top then move them to the bottom shelf. Highly reccomend x",
    "Cassie says:It’s the best cookies I’ve ever made. It’s chewy but crispy at the same time. My dad usually don’t like cookies but he loved this one. But it definitely needs more than 8min in the oven.",
    "Cait says:Definitely helped reading the comments to understand that these do need to bake around 12 to 14 minutes in the oven and not the seven or eight recommended in the recipe. I have gotten lots of compliments on these cookies because the of the light biscuit like texture. I know the recipe indicates that these should be chewy but I have never ever had them turn out chewy and I have made them a handful of times.",
    "Hanna says:So glad to have read your comment. I looked at this batter 5 minutes in and was like “no way” are these done in 3! Why, how in 8?",
    "Alyssa Rivers says:These cookies can take longer than 7-8 minutes if you use larger than a 1-inch cookie scoop. The bake time can also vary slightly depending on your oven. I recommend removing them from the oven while the centers look underbaked, but the edges are set and just barely light golden brown. Let them cool on the baking sheet for 5 minutes before transferring them to a wire rack and you should have gooey centers!",
    "Lisa Egbert says:These were dry and disappointing. I have gotten some good recipes from this site but this is not one of them.",
    "Anita says:This is the BEST chocolate chip cookie recipe I have ever tried. I added pecans, walnuts and cinnamon to mine. This is my new go to recipe, I highly recommend it.",
    "Arlene garcia says:haha oh well don’t have a mixer lol. they are in the oven. hope santa likes them!",
    "Abby says:The recipe was very flour heavy for me. It ended up not coming together like a dough at all. I had to add butter & milk and even so the cookies taste of flour and do not bake normally. Unfortunately, I wouldn’t use this recipe again.",
    "Sydnee says:use 1 cup both sugars, add vanilla to taste, use 2 cups flour for flat cookies, I usually use 2.5-2.75 cups. honestly I’ve had success baking at 350 and 400. bake until cookie no longer looks sticky to the touch or wet. the most important though, I add a LOT of cinnamon. I’ve used lots of recipes in the past but this is the one (after some tweaking) that has been my most popular cookie. I also often use salted butter and it doesn’t taste too salty.",
    "marguerite ondesko says:it took me 14 minutes to cook  the cookies at 350 not 8 minutes.  I think the receipe needs a hotter oven",
    "Jasmin Williams says:The taste of these cookies is delicious, but like many have said too much flour. The first round came out like balls, they didn’t spread much. So I added some more melted butter and heavy whipping cream, milk will do fine as well, and they spread just fine. I had to bake them longer as well like 10-15 min. They come out well they just don’t look like the picture.",
    "Tammi says:Came out perfectly both times I made it. I did switch the sugar measurements though. ( 1cup brown sugar, 3/4c white sugar) Otherwise I followed the recipe exactly",
    "Linda says:This is the best recipe ever but even better with Toll House Chocolate Chips.  This is our go to recipe every Christmas",
    "Katie says:Do not make unless you are trying to feed a small army! I ended up with 60 cookies instead of 24!",
    "Anita says:This recipe did yield a lot of cookies, however if you store them in an air tight container with a slice of bread, they will retain their freshness. Personally, I am glad they yielded a lot of cookies, I’m a Cookie Monster.?",
    "sasha says:i followed the recipe exactly and the cookies took three times longer in the oven than the 8 mins stated in the recipe and were not very good wouldn’t use this recipe again",
    "Sherry says:These are really good chocolate chip cookies.  My grandson says they’re the best, so that makes them a winner in this house.  Thank you for sharing this recipe!!"
  ]
}