{
  "URL": "https://therecipecritic.com/the-best-homemade-taco-seasoning/",
  "Summary": "This Homemade Taco Seasoning is so flavorful and takes less than 5 minutes to make. You will never buy taco seasoning from the store again!",
  "Metadata": [
    "Prep Time:  5minutes",
    "Total Time:  5minutes",
    "Servings:  4Tablespoons"
  ],
  "Ingredients": [
    "1 tablespoon chili powder",
    "1/4 teaspoon garlic powder",
    "1/4 teaspoon onion powder",
    "1/4 teaspoon dried oregano",
    "1/2 teaspoon paprika",
    "1 1/2 teaspoons ground cumin",
    "1 teaspoon salt",
    "1 teaspoon black pepper"
  ],
  "Instructions": [
    "Combine 1 tablespoon chili powder, 1/4 teaspoon garlic powder, 1/4 teaspoon onion powder, 1/4 teaspoon dried oregano, 1/2 teaspoon paprika, 1 1/2 teaspoons ground cumin, 1 teaspoon salt, and 1 teaspoon black pepperin a bowl and stir to combine.",
    "Store in an airtight container for up to 6 months.",
    "This recipe can easily be doubled! To use the seasoning, cook 1 pound of ground beef in a skillet until no longer pink. Add 2 tablespoons of taco seasoning to the ground beef along with 1/2 cup of water."
  ],
  "Nutrition": [
    "Calories: 12kcal",
    "Carbohydrates: 2g",
    "Protein: 1g",
    "Fat: 1g",
    "Saturated Fat: 1g",
    "Polyunsaturated Fat: 1g",
    "Monounsaturated Fat: 1g",
    "Sodium: 616mg",
    "Potassium: 70mg",
    "Fiber: 1g",
    "Sugar: 1g",
    "Vitamin A: 731IU",
    "Vitamin C: 1mg",
    "Calcium: 19mg",
    "Iron: 1mg",
    ""
  ],
  "Comments": [
    "RG says:The only taco seasoning mix I ever use!  Sooo good!",
    "Lisa says:So tasty and great measurements for flavor!",
    "Cheri says:I love this recipe! My only adjustment was to use 1/2 tsp cayenne and 1/2 tsp chipotle powder instead of chilipowder.",
    "Gina says:Excellent and so easy! Thank you",
    "Chris says:When combined with our favored source for fresh spices, we absolutely LOVE this mix!The only small change is we leave out the salt and just add it to taste depending on what we’re making.  Gives some flexibility.Suggestion – Maybe add more multipliers than 1-3x, or a bulk recipe?At this point we’re making this in scaled up batches based on 1 cup of chili powder.(scaling all others up as well to match of course)Thank you!",
    "Jennifer says:My fav taco seasoning blend. Thx for sharing such a great recipe.",
    "Alyssa Rivers says:So glad you like it! I appreciate you taking the time to leave a comment and review!"
  ]
}