{
  "URL": "https://therecipecritic.com/the-best-homemade-garlic-bread/",
  "Summary": "This easy garlic bread is smothered in garlicky butter, topped with Parmesan, and baked to golden perfection.",
  "Metadata": [
    "Prep Time:  10minutes",
    "Cook Time:  15minutes",
    "Total Time:  25minutes",
    "Servings:  10slices"
  ],
  "Ingredients": [
    "1 loaf French bread",
    "½ cup softened salted butter",
    "½ teaspoon garlic powder",
    "3 cloves minced garlic",
    "1 teaspoon Italian seasoning",
    "½ cup shredded parmesan cheese",
    "fresh chopped parsley for garnish"
  ],
  "Instructions": [
    "Preheat the oven to 400 degrees Fahrenheit. Cut the 1 loaf French bread in half lengthwise, separating the top from the bottom, and place them, cut side face up, on a parchment-lined baking sheet.",
    "In a small bowl, combine ½ cup softened salted butter, ½ teaspoon garlic powder, 3 cloves minced garlic, 1 teaspoon Italian seasoning, and ½ cup shredded parmesan cheese.",
    "Spread the butter mixture evenly on the cut sides of each bread half. Bake the garlic bread for 12-15 minutes until the butter is melted and bubbly. If desired, broil for 1-2 minutes for a crispier top.",
    "Top with fresh chopped parsley for garnish if desired, and serve fresh."
  ],
  "Nutrition": [
    "Calories: 212kcal",
    "Carbohydrates: 21g",
    "Protein: 6g",
    "Fat: 11g",
    "Saturated Fat: 7g",
    "Polyunsaturated Fat: 1g",
    "Monounsaturated Fat: 3g",
    "Trans Fat: 0.4g",
    "Cholesterol: 28mg",
    "Sodium: 394mg",
    "Potassium: 62mg",
    "Fiber: 1g",
    "Sugar: 2g",
    "Vitamin A: 326IU",
    "Vitamin C: 0.3mg",
    "Calcium: 88mg",
    "Iron: 2mg",
    ""
  ],
  "Comments": [
    "Jack Hartman says:I’ve tried lots of garlic bread recipes but none worked well. This one knocked both me and my guests out. Just perfect first try.",
    "Alyssa Rivers says:Oh, that makes me so happy to hear that you all loved it! Next you need to make my Alfredo sauce and dip the garlic bread in it! Life-changing!",
    "Lev says:I made this (my first time making garlic bread) and it was SO delicious. Used baguette slices I had frozen, which worked perfectly. I cannot recommend this recipe enough",
    "Andrea Fortkamp says:this recipe was a huge hit. Had company over and decided to make this up with roast beef. I didn’t have Italian seasoning but I did have individual Thyme, Oregano and basil so added those in and the flavour was amazing.  This will now be my go too recipe for garlic bread.",
    "T says:I sliced it before putting it in the oven (and only buttered one side). Haven’t baked it yet but just snuck a piece before baking and omg it’s already heavenlyyyyy. (Used freshly home baked french bread)",
    "Carrie says:We love garlic bread. Eat it for many meals. Could this butter be made ahead and froze for those days you don’t have much time?",
    "Alyssa Rivers says:Great idea! You can store the garlic butter in an airtight container and store it for up to 3 months in your freezer.",
    "Wendy says:My Italian family (in laws) loved this secret recipe for garlic bread!! Was a HUGE hit!! They took home the left overs!!"
  ]
}