{
  "URL": "https://therecipecritic.com/the-best-sugar-cookies-ever/",
  "Summary": "You cannot beat homemade sugar cookies with a crisp edge and a soft center. These are the BEST! Topped with my favorite cream cheese frosting and sprinkles, these sugar cookies are a tried and true favorite. ",
  "Metadata": [
    "Prep Time:    1hour15minutes",
    "Cook Time:  10minutes",
    "Total Time:    1hour25minutes",
    "Servings:  24cookies"
  ],
  "Ingredients": [
    "3/4 cup Butter (softened)",
    "3/4 cup Sugar",
    "1 large Egg",
    "1 teaspoon Vanilla Extract",
    "1/2 teaspoon Almond Extract",
    "2 1/4 cups All-Purpose Flour",
    "1/2 teaspoon Baking Powder",
    "1/2 teaspoon Salt",
    "8 ounces Cream Cheese (softened)",
    "1/2  cup Butter (softened)",
    "4  cups Powdered Sugar",
    "2 teaspoons Vanilla Extract",
    "Food Coloring (Optional)"
  ],
  "Instructions": [
    "In a large mixing bowl, beat the butter until smooth and creamy for about one minute. Add the sugar and continue to beat until creamy for about 2 minutes. Add the egg, vanilla, and almond extract and continue to beat until incorporated.",
    "In a medium-sized bowl, whisk together the flour, baking powder, and salt. Slowly add to the creamed mixture and continue to beat until the dough comes together. Form the dough into a ball and chill in the fridge for one hour and can be chilled overnight.",
    "Preheat oven to 350 degrees. Line a large cookie sheet with parchment paper. Roll dough out to desired thickness (mine were 1/4 inch thick) and cut with cookie cutters. Transfer to baking sheet.",
    "Bake for 8-11 minutes or until just set. I like mine more soft so I cooked mine for 8 minutes. Let cookies cool completely before frosting.",
    "Beat together cream cheese and butter until smooth. Add powdered sugar and vanilla and continue to beat until it is smooth and creamy. Frost cooled cookies."
  ],
  "Nutrition": [
    "Calories: 266kcal",
    "Carbohydrates: 36g",
    "Protein: 2g",
    "Fat: 13g",
    "Saturated Fat: 8g",
    "Polyunsaturated Fat: 1g",
    "Monounsaturated Fat: 3g",
    "Trans Fat: 1g",
    "Cholesterol: 44mg",
    "Sodium: 167mg",
    "Potassium: 41mg",
    "Fiber: 1g",
    "Sugar: 26g",
    "Vitamin A: 434IU",
    "Calcium: 19mg",
    "Iron: 1mg"
  ],
  "Comments": [
    "Sharron says:Hi Alyssa, I can’t  wait to try your cookie recipe!!  Would you have a buttercream frosting that you wouldn’t mind sharing? I am looking for a frosting that will harden after cookies are frosted. I would like to put these cookies into individual cookie bags?  Thank you in advance! Sharron",
    "Alyssa Rivers says:Hi Sharron, what a fun idea. I would suggest using royal icing over buttercream. Buttercream will crust but not harden. Follow this link for my royal icing recipe! Let me know how they turn out!"
  ]
}