{
  "URL": "https://therecipecritic.com/thin-mints/",
  "Summary": "These Thin Mints are way better than the popular boxed version! Perfectly crispy chocolaty cookies are sweetened with just the right amount of mint!",
  "Metadata": [
    "Prep Time:  20minutes",
    "Cook Time:  15minutes",
    "Total Time:  35minutes",
    "Servings:  17cookies"
  ],
  "Ingredients": [
    "4 ounces unsalted butter room temperature",
    "⅓ cup granulated sugar",
    "½ teaspoon pure vanilla extract",
    "¼ teaspoon peppermint extract",
    "1 cup all-purpose flour",
    "¼ cup Dutch-processed cocoa powder",
    "⅛ teaspoon kosher salt",
    "8 ounces chocolate melting wafers",
    "¼ teaspoon coconut oil",
    "¼ teaspoon peppermint extract"
  ],
  "Instructions": [
    "Beat together 4 ounces unsalted butter, ⅓ cup granulated sugar, ¼ teaspoon peppermint extract, and ½ teaspoon pure vanilla extract in a mixing bowl until combined and fluffy.",
    "Sift 1 cup all-purpose flour and ¼ cup Dutch-processed cocoa powder into a small mixing bowl. Stir in ⅛ teaspoon kosher salt. Add the flour mixture to the butter mixture. Mix until a dough forms, scraping the side of the bowl as necessary while mixing to ensure the flour is mixed well with the butter.<img decoding=\"async\" width=\"333\" height=\"500\" src=\"https://therecipecritic.com/wp-content/uploads/2021/03/Homemade-Thin-Mints-1-333x500.jpg\" class=\"attachment-medium size-medium\" alt=\"\" srcset=\"https://therecipecritic.com/wp-content/uploads/2021/03/Homemade-Thin-Mints-1-333x500.jpg 333w, https://therecipecritic.com/wp-content/uploads/2021/03/Homemade-Thin-Mints-1-400x600.jpg 400w, https://therecipecritic.com/wp-content/uploads/2021/03/Homemade-Thin-Mints-1-1024x1536.jpg 1024w, https://therecipecritic.com/wp-content/uploads/2021/03/Homemade-Thin-Mints-1.jpg 1000w\" sizes=\"(max-width: 333px) 100vw, 333px\" data-jpibfi-post-excerpt=\"\" data-jpibfi-post-url=\"https://therecipecritic.com/thin-mints/\" data-jpibfi-post-title=\"Homemade Thin Mints\" data-jpibfi-src=\"https://therecipecritic.com/wp-content/uploads/2021/03/Homemade-Thin-Mints-1-333x500.jpg\" >",
    "Scrape the dough out of the bowl onto a piece of plastic wrap. Flatten it into a disk, wrap well, and refrigerate for at least 30 minutes and up to 1 hour.",
    "When the dough is firm but still malleable, remove it from the refrigerator and roll it into a ¼ inch thick on a cocoa-dusted surface. Cut with a 2-inch cookie cutter. Reroll the scraps and keep cutting out cookies until the dough is gone.<img decoding=\"async\" width=\"333\" height=\"500\" src=\"https://therecipecritic.com/wp-content/uploads/2021/03/Homemade-Thin-Mints-2-333x500.jpg\" class=\"attachment-medium size-medium\" alt=\"\" srcset=\"https://therecipecritic.com/wp-content/uploads/2021/03/Homemade-Thin-Mints-2-333x500.jpg 333w, https://therecipecritic.com/wp-content/uploads/2021/03/Homemade-Thin-Mints-2-400x600.jpg 400w, https://therecipecritic.com/wp-content/uploads/2021/03/Homemade-Thin-Mints-2-1024x1536.jpg 1024w, https://therecipecritic.com/wp-content/uploads/2021/03/Homemade-Thin-Mints-2.jpg 1000w\" sizes=\"(max-width: 333px) 100vw, 333px\" data-jpibfi-post-excerpt=\"\" data-jpibfi-post-url=\"https://therecipecritic.com/thin-mints/\" data-jpibfi-post-title=\"Homemade Thin Mints\" data-jpibfi-src=\"https://therecipecritic.com/wp-content/uploads/2021/03/Homemade-Thin-Mints-2-333x500.jpg\" >",
    "Place the cookies in a container or a lined baking sheet and freeze for about 15 minutes.",
    "Preheat the oven to 350 degrees Fahrenheit. When the oven is ready, place cookies on another parchment-lined baking sheet 1-2 inches apart and bake for 15 minutes.",
    "Remove from the oven, and let cookies cool on the baking sheet for 5-10 minutes before transferring to a wire rack to cool completely.",
    "Combine 8 ounces chocolate melting wafers, ¼ teaspoon coconut oil, and ¼ teaspoon peppermint extract in a heatproof bowl, set it over a pot of simmering water, and stir until the chocolate is completely melted.",
    "Dip cooled cookies in the melted chocolate using a fork, then turn to coat both sides. Tap excess chocolate off and place coated cookies on a parchment-lined baking sheet. Allow the chocolate coating to dry completely at room temperature or refrigerate to speed it up."
  ],
  "Nutrition": [
    "Calories: 161kcal",
    "Carbohydrates: 18g",
    "Protein: 2g",
    "Fat: 10g",
    "Saturated Fat: 6g",
    "Polyunsaturated Fat: 0.4g",
    "Monounsaturated Fat: 3g",
    "Trans Fat: 0.2g",
    "Cholesterol: 14mg",
    "Sodium: 20mg",
    "Potassium: 68mg",
    "Fiber: 1g",
    "Sugar: 11g",
    "Vitamin A: 167IU",
    "Calcium: 8mg",
    "Iron: 1mg"
  ],
  "Comments": [
    "Debbie says:Never mind. It just dawned on me that the butter amount is 4 ounces and not 4 Tbs. That’s what I get for not reading carefully. I have another 4 TBS. softening now. They should turn out okay. Sorry to take up space.",
    "Debbie says:Hi Alyssa. I’m making these right now. I followed the recipe but my dough is very dry and won’t come together. It seems like it needs liquid or more butter to bring it together to look like the picture of your dough. What am I doing wrong?",
    "tiffany says:this looks delicious!",
    "Judy Kaiser says:Hi!  Thank you for this amazing recipe!! Can’t wait to try it. Where did you get your cookie cutter?"
  ]
}