{
  "URL": "https://therecipecritic.com/thin-mint-milkshake/",
  "Summary": "Creamy and delicious milkshakes with thin mints inside!",
  "Metadata": [
    "Prep Time:  15minutes",
    "Total Time:  15minutes",
    "Servings:  4Servings"
  ],
  "Ingredients": [
    "3 cups chocolate ice cream, or vanilla",
    "1 ¼ cups milk",
    "8-10 thin mint cookies, or generic brand",
    "whipped cream for serving",
    "2 thin mint cookies, crushed for garnish"
  ],
  "Instructions": [
    "In a blender combine the3 cups chocolate ice cream, 1 ¼ cups milk, and 8-10 thin mint cookies,.",
    "Blend on high speed until completely combined and until the cookies are crushed.",
    "Pour into glasses and top with whipped cream. Garnish with 2 thin mint cookies, crushed."
  ],
  "Nutrition": [
    "Calories: 593kcal",
    "Carbohydrates: 102g",
    "Protein: 8g",
    "Fat: 20g",
    "Saturated Fat: 12g",
    "Cholesterol: 42mg",
    "Sodium: 132mg",
    "Potassium: 443mg",
    "Fiber: 3g",
    "Sugar: 84g",
    "Vitamin A: 535IU",
    "Vitamin C: 1mg",
    "Calcium: 204mg",
    "Iron: 2mg"
  ],
  "Comments": [
    "hit me up says:I mean if anyone is thin mint deprived im a girl scout",
    "Alyssa Rivers says:Good to know!  I love Girl Scout Cookie season.  So glad the Thin Mints freeze well!  I need to make room in my freezer 😉",
    "Lisa @ Practically Perfect Home says:Thin mints are one of my favorite girl scout cookies…I love the idea of making a milkshake out of them.  Pinned! ~Lisa",
    "Averie @ Averie Cooks says:I love that you blended the Thin Mints right up! Perfect 🙂 pinned",
    "Happy Valley Chow says:I’m not much of a thin mint guy, but my wife is addicted to them. So I am sure she would absolutely love this. Great recipe 🙂Happy Blogging!Happy Valley Chow",
    "Lauren says:Thin Mints are amazing, but you can also get Keebler’s Grasshoppers which are pretty much exactly the same as the Thin Mints. Walmart and other grocery stores also sell the store brand for about $2 a box. Those get me through my thin mint withdrawal during the year!I definitely want to try the milkshake soon!"
  ]
}