{
  "URL": "https://therecipecritic.com/thousand-island-dressing/",
  "Summary": "Sweet and tangy all at the same time, this thousand island dressing is just what every salad needs! It's creamy and packed with delicious flavor. You will want to put it on everything! ",
  "Metadata": [
    "Prep Time:  5minutes",
    "Total Time:  5minutes",
    "Servings:  14Servings"
  ],
  "Ingredients": [
    "1 1/2 cups Mayonnaise",
    "1/4 cup Ketchup",
    "Juice from Half a Lemon",
    "2 Tablespoons Relish",
    "3 Tablespoons Diced Onion",
    "1 teaspoon Garlic Powder",
    "1/2 teaspoon Salt",
    "1/2 teaspoon Paprika"
  ],
  "Instructions": [
    "In a bowl add the mayonnaise, ketchup, lemon juice, relish, diced onion, garlic powder, salt, and paprika, and stir until combined.",
    "Top the dressing on your favorite salad or hamburger."
  ],
  "Nutrition": [
    "Serving: 2Tablespoons",
    "Calories: 171kcal",
    "Carbohydrates: 2g",
    "Protein: 0.4g",
    "Fat: 18g",
    "Saturated Fat: 3g",
    "Polyunsaturated Fat: 11g",
    "Monounsaturated Fat: 4g",
    "Trans Fat: 0.04g",
    "Cholesterol: 10mg",
    "Sodium: 298mg",
    "Potassium: 24mg",
    "Fiber: 0.1g",
    "Sugar: 1g",
    "Vitamin A: 76IU",
    "Vitamin C: 0.4mg",
    "Calcium: 4mg",
    "Iron: 0.1mg"
  ],
  "Comments": [
    "Greg F. says:I made this recipe, and it tastes great!I used 1-1/2 Tablespoons of lemon juice instead of that from a fresh lemon half, and smoked paprika instead of plain, which gave it a nice bit of ‘bite’ without using Tabasco sauce.This is my new go-to Thousand Island recipe, Alyssa. Thanks!",
    "Alyssa Rivers says:Smoked paprika is the best! So happy you liked the recipe, thanks for trying it!",
    "Brian says:Turned out amazing.  Thank you for sharing!"
  ]
}