{
  "URL": "https://therecipecritic.com/three-cheese-stuffed-shells/",
  "Summary": "Three Cheese Stuffed Shells are a delicious twist on lasagna using jumbo shells that are stuffed with the classic lasagna cheese blend with Italian seasoning all baked in spaghetti sauce for a classic Italian dish. A tried and true family favorite dinner!  ",
  "Metadata": [
    "Prep Time:  20minutes",
    "Cook Time:  40minutes",
    "Total Time:  1hour",
    "Servings:  6people"
  ],
  "Ingredients": [
    "20 uncooked jumbo pasta shells",
    "15 ounce container ricotta cheese",
    "8 ounces 2 cups grated mozzarella cheese",
    "1/2 cup grated Parmesan cheese",
    "2 Tablespoons chopped basil",
    "1 teaspoon Italian Seasoning",
    "1 egg",
    "1/2 teaspoon salt",
    "1/4 teaspoon fresh ground black pepper",
    "1 – 26 ounce jar spaghetti sauce"
  ],
  "Instructions": [
    "Preheat oven to 350 degrees. Cook pasta shells according to package directions for al dente, about 9 minutes. Drain and rinse in cold water.",
    "In a large bowl, combine the ricotta, 1 1/2 cups of the mozzarella, parmesan, basil, Italian seasoning,  egg, salt and pepper.  Spread 3/4 of the spaghetti sauce on the bottom of a 13×9 inch baking dish.",
    "Spoon the cheese mixture into the pasta shells and place in the baking dish. Pour remaining spaghetti sauce over shells and sprinkle with remaining mozzarella. Cover with foil and bake at 350 degrees for 30 minutes. Uncover and bake for 5-10 minutes more."
  ],
  "Nutrition": [
    "Calories: 414kcal",
    "Carbohydrates: 30g",
    "Protein: 26g",
    "Fat: 21g",
    "Saturated Fat: 13g",
    "Cholesterol: 101mg",
    "Sodium: 1298mg",
    "Potassium: 605mg",
    "Fiber: 3g",
    "Sugar: 7g",
    "Vitamin A: 1270IU",
    "Vitamin C: 9mg",
    "Calcium: 462mg",
    "Iron: 2mg"
  ],
  "Comments": [
    "Clare says:I made the three cheese pasta shell recipe and it was very good even though I am not a cheese lover. The cheese lovers couldn’t’ get enough and everyone went for seconds besides me. Excited to make it again for company this weekend. What to serve with it?????",
    "Alyssa Rivers says:I’m so glad you all loved it! You could serve it with my homemade bread twists, and my favorite caesar salad. You could even serve my lemon cheesecake bars for dessert!",
    "Carl C Federl says:Made this dish 5 times and the basic recipe is good but there are some variations for different tastes.  Try these changes:If too mild, try adding garlic, oregano, lemon zest and/or red pepper flakes.  Chili powder or paprika do not seem to have the desired results.Spinach and mushrooms had a good result.Adding meat did not have a good result.  Meatball on the side went well.",
    "Mary says:I have made this recipe every year for a few years now-it is our favorite Italian dish and is perfect…right around the holidays when family visits.  I thought you had a link for a homemade tomato sauce that I don’t see anymore.  Do you still have a link for that?  Thank you!",
    "Shannon says:Do I need to bake these for longer if I prep them the night before and they are cold from being in the fridge?",
    "Alyssa Rivers says:You might try adding about 5 minutes to the cooking time at a time. Check on it often and take it out once it’s heated through!",
    "Katie says:Was good overall but a little too spicy. I’d say to cut down on the basil to 1 tablespoon since 2 tablespoons is a lot and pepper to 1/8 a teaspoon.",
    "Toni Louise Davis says:Excellent ?",
    "Rosie says:Amazing recipe, my picky kids even liked it! Super easy, fast. Bake some frozen meatball and served it with a salad. Definitely will be in rotation! Thank you",
    "Laura says:Meat, no meat it’s all personal preference.  Another option is to serve some large meatballs or Italian sausage, (simmered in sauce), on the side if you feel the need to include meat in your meal.  Either way this sounds delicious!",
    "Sarah says:This was an instant hit at our dinner table. All of the boys (3) plus my forth child (husband) loved this. I quickly made my own sauces with crushed tomatoes, tomato sauce, diced onion, red and yellow peppers, Worcestershire, garlic, and salt and pepper. I went to three store for the large or jumbo shells and was unable to find them:( I bought manicotti noodles instead and filled those. I cannot wait to make these again!",
    "Terry Duchin says:You used to have your pasta sauce with Italian sausage recipe on here but I can no longer find it. We love it! I’d love to have it, please!!",
    "Alyssa Rivers says:Hi Terry,I do have this Italian orzo and sausage skillet or sausage tomato gnocchi. If these are not one of them, explain a little more of the ingredients and I will see what other recipes match that description. Thanks,Alyssa",
    "Juan says:Can you use any kind of cheese?",
    "Alyssa Rivers says:Yes, if you prefer a different cheese that sounds great! Let me know how it turns out!"
  ]
}