{
  "URL": "https://therecipecritic.com/three-cheese-garlic-pull-apart-bread/",
  "Summary": "An amazing pull apart bread stuffed with three cheeses and a buttery garlic! You won't be able to get enough!",
  "Metadata": [
    "Prep Time:  15minutes",
    "Cook Time:  30minutes",
    "Total Time:  45minutes",
    "Servings:  6Servings"
  ],
  "Ingredients": [
    "1 small loaf artisan bread",
    "½ cup melted salted butter",
    "4 teaspoons minced garlic, about 4 cloves",
    "2 tablespoons chopped fresh parsley",
    "2 tablespoons grated parmesan cheese",
    "2 ounces sliced mozzarella cheese",
    "2 ounces sliced cheddar cheese"
  ],
  "Instructions": [
    "Preheat the oven to 375 degrees Fahrenheit. Use a serrated knife to cut 1 small loaf artisan bread in a crosshatch pattern, being careful not to slice it all the way through to the bottom.",
    "In a small bowl combine ½ cup melted salted butter, 4 teaspoons minced garlic, 2 tablespoons chopped fresh parsley, and 2 tablespoons grated parmesan cheese. Brush the butter inside of the bread, pulling it gently apart to brush it evenly on the outside and inside.",
    "Tuck 2 ounces sliced mozzarella cheese and 2 ounces sliced cheddar cheese into the bread sections, filling the entire loaf. Place the bread on a large sheet of aluminum foil and wrap it up entirely.",
    "Place the wrapped bread on a baking sheet and bake for 15 minutes. Unwrap the foil and bake for an additional 10-15, until the crust is crisp. Serve immediately."
  ],
  "Nutrition": [
    "Calories: 524kcal",
    "Carbohydrates: 55g",
    "Protein: 17g",
    "Fat: 26g",
    "Saturated Fat: 14g",
    "Polyunsaturated Fat: 3g",
    "Monounsaturated Fat: 6g",
    "Trans Fat: 1g",
    "Cholesterol: 59mg",
    "Sodium: 809mg",
    "Potassium: 197mg",
    "Fiber: 5g",
    "Sugar: 7g",
    "Vitamin A: 760IU",
    "Vitamin C: 3mg",
    "Calcium: 281mg",
    "Iron: 4mg",
    ""
  ],
  "Comments": [
    "Chels R. says:That looks delish!",
    "Dayna @ Tabs and Tidbits says:This pull apart bread is everything love in one dish. Bread, cheese, butter …!Thank you for sharing this recipe. I will be making this for sure!",
    "Medeja says:Definitely need to try this bread! I have  seen recipes for stuffed bread with one kind of cheese, this oine sounds even better!"
  ]
}