{
  "URL": "https://therecipecritic.com/three-cheese-chicken-broccoli-alfredo/",
  "Summary": "Delicious homemade three cheese alfredo gets tossed with pasta, broccoli and chicken.  It is quick and easy and out of this world good!   It will become an instant favorite!",
  "Metadata": [
    "Prep Time:  5minutes",
    "Cook Time:  15minutes",
    "Total Time:  20minutes",
    "Servings:  6Servings"
  ],
  "Ingredients": [
    "1 pound penne pasta noodles, or pasta of choice",
    "2 cups cooked and diced chicken",
    "2 cups steamed broccoli",
    "½ cup unsalted butter",
    "2 cups heavy whipping cream",
    "4 ounces cream cheese",
    "1 cup grated parmesan cheese",
    "½ teaspoon minced garlic",
    "1 teaspoon garlic powder",
    "1 teaspoon Italian seasoning",
    "¼ teaspoon salt",
    "¼ teaspoon pepper",
    "1 cup mozzarella cheese",
    "optional- shredded parmesan cheese for garnish"
  ],
  "Instructions": [
    "Cook the 1 pound penne pasta noodles, according to package directions. Drain and set aside.",
    "While the pasta is cooking, make the three-cheese alfredo sauce. In a large skillet add ½ cup unsalted butter, 2 cups heavy whipping cream, and 4 ounces cream cheese. Cook over medium heat and whisk until melted. Add the 1 cup grated parmesan cheese.",
    "Add the ½ teaspoon minced garlic, 1 teaspoon garlic powder, 1 teaspoon Italian seasoning, ¼ teaspoon salt, and ¼ teaspoon pepper. Continue to whisk until smooth.",
    "Bring to a simmer and continue to cook for about 3-5 minutes or until it starts to thicken. Add 1 cup mozzarella cheese and stir until melted.",
    "Add the pasta, 2 cups cooked and diced chicken, and 2 cups steamed broccoli to the skillet and toss to coat Garnish with optional- shredded parmesan cheese for garnish cheese if desired, and serve."
  ],
  "Nutrition": [
    "Calories: 926kcal",
    "Carbohydrates: 63g",
    "Protein: 27g",
    "Fat: 63g",
    "Saturated Fat: 38g",
    "Cholesterol: 209mg",
    "Sodium: 734mg",
    "Potassium: 419mg",
    "Fiber: 3g",
    "Sugar: 4g",
    "Vitamin A: 2356IU",
    "Vitamin C: 28mg",
    "Calcium: 403mg",
    "Iron: 2mg"
  ],
  "Comments": [
    "SharonK says:Your directions add the Parmesan cheese twice. When do you add it?",
    "Alyssa Rivers says:Hi Sharon, thank you for letting me know I mixed that up. The addition of parmesan in step 2 needs to be removed. I believe the addition in step 4 is the correct place to add the parmesan into the sauce.",
    "Ashley says:This Alfredo recipe is so easy to make and so delicious! Everyone that I’ve had try it says it’s the best Alfredo they’ve ever tried. Definitely my favorite go to recipe to make. Thank you for this flavorful recipe.",
    "Sher says:Was using another recipe that lacked flavor. Found this one and it was perfect!",
    "Alyssa Rivers says:Yay! I’m so glad to hear that you loved it!",
    "Julie T. says:Terrific recipe! I made half and it was enough for 4 servings. I saved the leftovers and reheated as follows: Add chicken broth to cover bottom of a high-sided saute pan, add leftovers; break up gently using wooden spoon or spatula. Heat for about 5 minutes over med-low heat until heated through. I added some add’l parm and it was as good as the first night. Thanks for the recipe!"
  ]
}