{
  "URL": "https://therecipecritic.com/three-bean-salad/",
  "Summary": "A quick and healthy three bean salad with tangy dressing, plant-based protein, and fiber-packed beans. Great for meal prep, picnics, or backyard BBQs.",
  "Metadata": [
    "Prep Time:  10minutes",
    "Marinate:  20minutes",
    "Total Time:  30minutes",
    "Servings:  4Servings"
  ],
  "Ingredients": [
    "1 (12-ounce) bag frozen cut green beans thawed",
    "1 (16-ounce) canned dark kidney beans drained",
    "1 (16-ounce) canned garbanzo beans drained",
    "½ medium diced red onion",
    "⅓ cup white wine vinegar",
    "2 tablespoons apple cider vinegar",
    "2 tablespoons granulated sugar",
    "2 tablespoons olive oil",
    "salt and pepper to taste"
  ],
  "Instructions": [
    "In a colander, drain and rinse 1 (16-ounce) canned dark kidney beans and 1 (16-ounce) canned garbanzo beans in cold water. Transfer the drained beans to a large bowl. Add 1 (12-ounce) bag frozen cut green beans and ½ medium diced red onion.",
    "In a small bowl, whisk ⅓ cup white wine vinegar, 2 tablespoons apple cider vinegar, 2 tablespoons granulated sugar, and 2 tablespoons olive oil.",
    "Pour the dressing over the bean mixture and toss until coated. Season with salt and pepper to taste. Cover and refrigerate for 20 minutes before serving to let the beans marinate in the dressing."
  ],
  "Nutrition": [
    "Calories: 96kcal",
    "Carbohydrates: 7g",
    "Protein: 0.2g",
    "Fat: 7g",
    "Saturated Fat: 1g",
    "Polyunsaturated Fat: 1g",
    "Monounsaturated Fat: 5g",
    "Sodium: 3mg",
    "Potassium: 35mg",
    "Fiber: 0.3g",
    "Sugar: 7g",
    "Vitamin A: 2IU",
    "Vitamin C: 1mg",
    "Calcium: 5mg",
    "Iron: 0.2mg",
    ""
  ],
  "Comments": [
    "Laurie J says:Great recipe only thing, would add green pepper but, that’s a me thing.  Reminded me of my childhood picnics.",
    "Lynda C says:The 3 bean salad is a real hit. Have made it 3 times now – never a bean left over!",
    "Alyssa Rivers says:I love hearing this! It’s the best when something that is good for you tastes amazing!",
    "Connie Rowe says:Thanks for sharing.",
    "JM says:I’m just checking to see how many servings it actually makes. It’s listed as four but there’s no way that could be possible at 96 calories each. Is it 12 servings?",
    "Alyssa Rivers says:That is correct! The software I use to create the recipe card calculates the calories per serving according to the ingredients I add based on the servings I provide.",
    "Samuel Sietsma says:Quick and easy for my family and they all love it.",
    "Dee Ryd says:I added a can of wax beans to the three listed & doubled the dressing, perfect!  I love having this to add to the side of my green salad with cottage cheese for dinner, reminds me of trips to restaurant salad bar!",
    "Felicia steele says:I tried it and my family loves itWhen my children come home they always asking me to make itSo thanks for the help",
    "Kris says:Really simple but flavorful recipe – I took it to a potluck and it got devoured.  I made a double batch and appreciated being able to select 2X to get the correct amounts.  I subbed out 1/2 cup of minced garlic instead of onion (since raw onion doesn’t agree with me) and it worked well.  Other than that I followed the recipe exactly.  I did have to add at least a tsp each of sea salt and fresh ground pepper to bring out the flavors.  I love that it is vegan and will make this again and again!",
    "Joanne Duguay says:Delicious! I like that it doesn’t gel in the fridge. Tangy and sweet. ?",
    "Sabrina says:great classic, another one of those that I’d missed without realizing it until I saw this recipe, so thank you for the reminder and recipe"
  ]
}