{
  "URL": "https://therecipecritic.com/three-cheese-zucchini-gratin/",
  "Summary": "Three Cheese Zucchini Gratin has layers of creamy, cheesy sauce and is topped with a crunchy buttery topping. Ooey-gooey and cheesy, this low-carb take-on comfort food will please any crowd!",
  "Metadata": [
    "Prep Time:  15minutes",
    "Cook Time:  25minutes",
    "Total Time:  40minutes",
    "Servings:  6Servings"
  ],
  "Ingredients": [
    "2 tablespoons unsalted butter",
    "2 tablespoons all-purpose flour",
    "1 teaspoon salt",
    "1/2 teaspoon freshly ground black pepper",
    "2 cups whipping cream  (or half and half)",
    "1/2 cup grated Parmesan cheese",
    "1 cup shredded mozzarella cheese",
    "1/2  cup Gruyere cheese",
    "6 small zucchini sliced about 1/4 inch thick",
    "snipped fresh chives for garnish"
  ],
  "Instructions": [
    "Preheat oven to 400 degrees. Lightly spray a 2-quart casserole dish with cooking spray and set aside.",
    "In a small saucepan, melt 2 tablespoons unsalted butter over medium heat, and whisk in 2 tablespoons all-purpose flour, 1 teaspoon salt, and 1/2 teaspoon freshly ground black pepper. Add 2 cups whipping cream  and stir for about 2 minutes until it thickens. Add half of the 1/2 cup grated Parmesan cheese.",
    "Arrange half of the sliced 6 small zucchini in the prepared casserole dish overlapping each other. Spread half of the sauce on top, followed by half of the 1 cup shredded mozzarella cheese and 1/2  cup Gruyere cheese . Repeat with another layer of zucchini and sauce.",
    "Top with the remaining mozzarella cheese and parmesan cheese.",
    "Bake for 25 minutes or until the zucchini is fork tender and the top starts to brown. Sprinkle with snipped fresh chives for garnish before serving."
  ],
  "Nutrition": [
    "Calories: 423kcal",
    "Carbohydrates: 18g",
    "Protein: 21g",
    "Fat: 31g",
    "Saturated Fat: 19g",
    "Cholesterol: 93mg",
    "Sodium: 1103mg",
    "Potassium: 619mg",
    "Fiber: 2g",
    "Sugar: 7g",
    "Vitamin A: 1369IU",
    "Vitamin C: 35mg",
    "Calcium: 560mg",
    "Iron: 2mg"
  ],
  "Comments": [
    "Brandi says:Super tasty!!!  Does anyone know how much 6 small zucchini comes out to in weight or otherwise?  I made this last night and only had huge zucchini’s and I’m pretty sure I got the ratio way wrong since it was super runny.  I don’t think I used enough zucchini and I’m not sure I cooked the sauce long enough.  Even being runny, my husband and I still ate it all and I will definitely be making it again (with a couple modifications).  🙂",
    "Lisa says:Sometimes I’ll google an average zucchini size and weight and try to go that way. Also  in.tops – you can a) sprinkle zucchini with salt and let it sweat or b) preroast to get some of the water out before you layer it. I think this info is also in.tips.",
    "Lisa says:Made it today, it’s cooking now. Smells amazing! I’m curious, description says 3 cheese but recipe only mentions mozzarella & parmesan. I had to double the recipe & so I also added in cheddar. Also, mentions garlic powder but doesn’t say how much or when to add. I substituted the 2 teaspoons of salt for doubling to 1 teaspoon salt & 1 teaspoon of garlic salt & added some garlic powder. The only other change I added was some breadcrumbs on top for a little crunch. I can’t wait to bring it to our picnic,  it smells amazing! Thank you! I’ll come back and add review after I’ve tried it.",
    "sandi says:I’m a bit confused at the 3 cheese mention?  I only see 2 in the recipe.  Also, you don’t have the bread crumbs amt to use?",
    "anon says:Promising recipe, but there are only 2 cheeses in the recipe – what happened to the cheddar cheese mentioned in the preamble?",
    "Lisa says:Oh good, it wasn’t just me not seeing the 3rd cheese and any bread crumbs?",
    "Amanda says:Apparently some of you can’t  read well!The recipe states the 3 cheeses clearly.",
    "restaurantthatdeliversnearme.website says:Nice recipe. Thanks!",
    "sabrina says:Great ingredient swap, especially for me since potatoes just vet in the way! Might as well have zucchini, especially this time of year, so thank you!",
    "usirish says:Looks delicious!  Since I could eat it all by myself how many people does it serve?",
    "Jennifer says:I have zucchini coming out of my ears and am ALWAYS looking for a new and unique ways to cook it. This looks amazing! Thank you so much!",
    "Allison B says:That looks amazing. I haven’t been able to convince my kids that zucchini is edible yet. Perhaps the cheese will turn them into believers. I’m in NC too, I’m over the rain too. My house is always dark anyway since we have so many trees, but lately I have to turn on every light in the house to see.",
    "Ashton says:I have never even once thought to do this with zucchini!! OMG! It looks incredible girl. Love 🙂PS- I don’t know what the lighting situation in your house is, but I’ve found on the cloudy days here (since we’re in the same place for a week or two longer), if I’m shooting at 1pm on the nose, I can usually get good light."
  ]
}