{
  "URL": "https://therecipecritic.com/toasted-ravioli/",
  "Summary": "Tender ravioli coated in Italian breadcrumbs and parmesan cheese, toasted to golden brown perfection! Served with a side of marinara for dipping, this is one appetizer you don’t want to miss!",
  "Metadata": [
    "Prep Time:  10minutes",
    "Cook Time:  5minutes",
    "Total Time:  15minutes",
    "Servings:  4servings"
  ],
  "Ingredients": [
    "3 cups vegetable oil",
    "3 whole eggs",
    "¼ cup milk",
    "1 cup Italian bread crumbs",
    "¾ cup parmesan cheese, grated",
    "½ teaspoon Italian seasoning",
    "1 teaspoon salt",
    "½ teaspoon ground black pepper",
    "10 ounces frozen or refrigerated ravioli",
    "marinara sauce, for dipping",
    "fresh parsley or basil, for garnish"
  ],
  "Instructions": [
    "With the heat on medium, fill the bottom of a wide skillet with enough oil to a depth of 1 inch, about 3 cups vegetable oil, or enough to 1 ½-inch. For me, this was just about 3 cups. Heat until the oil reaches 375 degrees Fahrenheit. You can sprinkle a pinch of the dry mixture into the oil to test if it’s ready. The dry mixture should immediately sizzle and pop when added. If it does, you’re ready to add your ravioli!",
    "In a shallow dish, like a pie pan or a wide bowl, whisk together 3 whole eggs and ¼ cup milk.",
    "Add ¾ cup parmesan cheese,1 cup Italian bread crumbs, ½ teaspoon Italian seasoning, 1 teaspoon salt, and ½ teaspoon ground black pepper to a large ziplock bag. Close the bag and mix until it’s fully combined.",
    "Add 10 ounces frozen or refrigerated ravioli to the egg mixture until they are fully coated. Remove the ravioli from the egg mixture and shake off any excess before adding them to the ziplock bag. Close the bag and shake until all the ravioli are evenly coated in the dry mixture.",
    "Carefully add the breaded ravioli to the hot oil. I did about three batches so as not to overcrowd the pan. Fry the ravioli for 1 minute on both sides before removing it to a paper towel-lined tray or plate.",
    "Sprinkle the ravioli with fresh parsley or basil, and serve warm with marinara sauce,."
  ],
  "Nutrition": [
    "Calories: 530kcal",
    "Carbohydrates: 52g",
    "Protein: 26g",
    "Fat: 24g",
    "Saturated Fat: 8g",
    "Polyunsaturated Fat: 5g",
    "Monounsaturated Fat: 4g",
    "Trans Fat: 0.1g",
    "Cholesterol: 176mg",
    "Sodium: 1773mg",
    "Potassium: 162mg",
    "Fiber: 4g",
    "Sugar: 4g",
    "Vitamin A: 413IU",
    "Vitamin C: 1mg",
    "Calcium: 333mg",
    "Iron: 10mg",
    ""
  ],
  "Comments": []
}