{
  "URL": "https://therecipecritic.com/toffee-apple-dip/",
  "Summary": "Toffee apple dip is a family favorite! A sweet dip complete with heath bar candy bits and cream cheese mixed with brown sugar, this dip is so delicious you won't be able to stop eating it! ",
  "Metadata": [
    "Prep Time:  5minutes",
    " 5minutes",
    "Total Time:  10minutes",
    "Servings: 6"
  ],
  "Ingredients": [
    "8 ounces Cream Cheese,  softened",
    "1/2 cup Brown Sugar",
    "1 tsp Vanilla Extract",
    "3/4 cup Heath Bar Candy Bits",
    "2 large Granny Smith Apples, sliced (for serving)"
  ],
  "Instructions": [
    "In a medium-sized bowl, add softened cream cheese, brown sugar, and vanilla extract.",
    "Mix with an electric hand mixer until ingredients are smooth and incorporated.",
    "Fold in the heath bar candy bits.",
    "Enjoy right away or cover and refrigerate until ready to eat.  Serve with sliced apples and enjoy!"
  ],
  "Nutrition": [
    "Calories: 401kcal",
    "Carbohydrates: 49g",
    "Protein: 3g",
    "Fat: 23g",
    "Saturated Fat: 12g",
    "Polyunsaturated Fat: 1g",
    "Monounsaturated Fat: 3g",
    "Cholesterol: 45mg",
    "Sodium: 228mg",
    "Potassium: 155mg",
    "Fiber: 2g",
    "Sugar: 45g",
    "Vitamin A: 548IU",
    "Vitamin C: 3mg",
    "Calcium: 58mg",
    "Iron: 1mg"
  ],
  "Comments": [
    "Barbara says:Will the apples turn brown  how many heath bars did u use ?",
    "Alyssa Rivers says:I would slice up the apples just before you plan on serving your dip! I bought a bag of heath bar bits and used 3/4 cup Heath Bar Candy Bits. 🙂",
    "Barbara says:Will the apples turn brown",
    "Alyssa Rivers says:I would wait to slice up the apples until just before you serve the dip."
  ]
}