{
  "URL": "https://therecipecritic.com/tomato-basil-soup/",
  "Summary": "Tomato basil soup is a healthy classic that's simple to make from scratch and full of flavor! It only takes just over half an hour. The whole family will enjoy it as the temperatures drop and the evenings become crisper.",
  "Metadata": [
    "Prep Time:  10minutes",
    "Cook Time:  25minutes",
    "Total Time:  35minutes",
    "Servings: 6"
  ],
  "Ingredients": [
    "1 tablespoon olive oil",
    "2 tablespoons butter",
    "1 medium onion  (chopped)",
    "1 clove  garlic  (minced)",
    "1 dash Italian seasoning",
    "2 (28 fluid ounce) cans whole San Marzano tomatoes  (with juices)",
    "1.5 cups chicken or vegetable broth",
    "1/2 cup heavy cream (or to taste)",
    "12 leaves fresh basil (torn)",
    "Salt & pepper (to taste)"
  ],
  "Instructions": [
    "Add the oil, butter, and onion to a soup pot over medium-high heat. Sauté the onion for 5-7 minutes or until it's lightly browned.",
    "Stir in the garlic and Italian seasoning, followed by the tomatoes and chicken broth.",
    "Increase the heat to high and bring the soup to a boil. Reduce the heat and simmer for 8 minutes, covered, with the lid slightly ajar.",
    "Blend the soup (I like to use an immersion blender) until it's smooth (you may want to let it cool a little bit first). Stir in the cream and basil and season with salt & pepper as needed."
  ],
  "Nutrition": [
    "Calories: 134kcal",
    "Carbohydrates: 3g",
    "Protein: 1g",
    "Fat: 13g",
    "Saturated Fat: 7g",
    "Cholesterol: 37mg",
    "Sodium: 277mg",
    "Potassium: 42mg",
    "Fiber: 1g",
    "Sugar: 1g",
    "Vitamin A: 586IU",
    "Vitamin C: 2mg",
    "Calcium: 22mg",
    "Iron: 1mg"
  ],
  "Comments": [
    "ALISON says:Thank youLovely RecipesI am going to try the Tomato and Basil Soup next",
    "Alyssa Rivers says:You are so welcome! You are going to love it! Let me know what you think!",
    "Becky says:This soup recipe is excellent! I make it with some of my frozen tomatoes and basil from the garden! Great for a cold winter’s night!",
    "Cindy says:It’s a delicious recipe! My family will not even think of making the popular brand of Tomato soup anymore!",
    "Maggie says:Can I use half and half instead of heavy cream?",
    "Alyssa Rivers says:Hi Maggie, thank you for your question. Yes! It won’t be as creamy but it’s just fine to use.",
    "Angie says:Can you switch the heavy cream with coconut cream? But I wonder if the coconut flavor will come through?",
    "Alyssa Rivers says:Hi Angie, thank you for your question. Yes, you could use coconut cream, but I think the coconut flavor would come through a bit. You could also use cashew cream if that’s something you can find.",
    "Susan says:Wondering if there is something you might could use instead of the heavy cream? Something that would work to make it creamy that’s lactose free?",
    "Alyssa Rivers says:Hi Susan thank you for the question! Coconut milk is the best dairy free replacement for the heavy cream. I would use regular, not lite coconut milk and use the canned kind, not the thinner coconut milk that comes in cartons. Let me know how it turns out!",
    "Charles Englert says:These recipes sound delicious ?",
    "RB says:Made this last week.  I subbed half and half for the heavy cream. Was surprised I found those canned tomatoes.  But the taste was terrible. Family of 5 added salt, then pepper, then ALOT of sugar to be able to eat it.Leftovers a few days later were better but not all could finish.Sorry.",
    "Toni says:I thought this was delicious & the tastiest fast tomato basil soup I have ever made. My only question is how you get 6 servings out of this as a main dish. I portioned it out & 6 servings is very little. 1 cup maybe? That’s small for a main dish serving.  But really good soup!",
    "Spencer says:What’s the serving size?",
    "Alyssa Rivers says:About 1 and 1/2 cup.",
    "Maritza Avilez says:Extremely DELICIOUS!! I’ve got my teenage daughter to thank for requesting this for dinner (along with some delicious gourmet grilled cheese) because I’ve never made tomato basil soup before. I did what all moms do to please their children and got to searching. Thanks for sharing your recipes, I should be trying more.",
    "Elaina says:Has anyone tried freezing/storing this? Just me and my husband and he doesn’t like tomato soup! Thanks in advance!",
    "Susan says:In the description of methods she has storage hints. You can freeze in bags 4-6 months.  I love making big batch soups to freeze for quick meals later. Just the two of us now also.",
    "Susan Margie says:What can u use instead of an immersion blender?",
    "Alyssa Rivers says:You can use just a regular blender. I recommend letting it cool down before adding it to the blender.",
    "Karen says:Made this the other day and it was awesome like so many of your recipes!"
  ]
}