{
  "URL": "https://therecipecritic.com/tomato-chutney/",
  "Summary": "Tomato chutney is a sweet and savory condiment bursting with tomato flavor, delicious spices, vinegar, and brown sugar.  Best known for being the perfect pairing for Indian cuisine, tomato chutney is a great addition to curries, naan bread, and charcuterie boards.",
  "Metadata": [
    "Prep Time:  10minutes",
    "Cook Time:  25minutes",
    "Total Time:  35minutes",
    "Servings: 8"
  ],
  "Ingredients": [
    "1 tablespoon olive oil",
    "1 shallot, minced",
    "2 teaspoons garlic, minced",
    "4 large tomatoes, diced",
    "1/3 cup brown sugar",
    "1/4 cup apple cider vinegar",
    "1/4 teaspoon ground ginger",
    "1/2 teaspoon cumin",
    "1/2 teaspoon chili powder",
    "1 teaspoon salt"
  ],
  "Instructions": [
    "In a large skillet, add the olive oil, shallot, and garlic and heat over medium-high heat. Gently sauté until they begin to soften.",
    "Add in the tomatoes, sugar, vinegar, ginger, cumin, chili powder, and salt.  Stir until combined.",
    "Simmer for 1 hour, stirring occasionally until the chutney reduces to a jammy consistency.",
    "Once cooked, remove from heat and mash by hand or pulse in a food processor or blender.  I lprefer chutney on the chunkier side, but feel free to make it chunky or smooth.",
    "Allow to cool and serve, or store in an airtight container in the refrigerator until ready to use."
  ],
  "Nutrition": [
    "Serving: 2tablespoons",
    "Calories: 73kcal",
    "Carbohydrates: 14g",
    "Protein: 1g",
    "Fat: 2g",
    "Saturated Fat: 0.3g",
    "Polyunsaturated Fat: 0.3g",
    "Monounsaturated Fat: 1g",
    "Sodium: 301mg",
    "Potassium: 252mg",
    "Fiber: 1g",
    "Sugar: 12g",
    "Vitamin A: 797IU",
    "Vitamin C: 13mg",
    "Calcium: 22mg",
    "Iron: 1mg"
  ],
  "Comments": [
    "Toni McCormick says:Could you provide the weight or amount of 4 large tomatoes, please?  Some tomatoes weigh 8 oz. each or more?",
    "Alyssa Rivers says:Hi Toni, I’m not sure exactly, but I would guess they weighed about 6 ounces. So you would need four 6 ounce tomatoes. Let me know how it turns out!",
    "Axel Sachs-Greeley says:Absolutely fantastic recipe! I used a pound of cherry tomatoes I had in our fridge and added chilli flakes, as I had no chilli powder. Served it to accompany Serrano ham and cheese. Just amazing! Thank you!",
    "Beth says:Oh my, that is so delicious!  I plan to add a dab to a veggie hummus sandwich for a potluck.  I can’t wait to see what others think.  Yummy!",
    "Brad Reznick says:Made this to try to stuff into sourdough bread. The stuffing didn’t stay in the bread, but no one cared. Used raspberry vinaigrette because I was out of red wine vinegar. Also used homemade black garlic. It was a big hit!",
    "Ellen F says:Looking forward to making this chutney today. I was looking for a recipe that would be both savory and sweet, and this looks like a classic complex-flavored chutney.Question: I’m thinking I should seed the tomatoes. Any advice? Won’t peel them, I think, to help preserve texture.Thanks!!",
    "Alyssa Rivers says:Hi Ellen, thank you for your question. You can absolutely seed the tomatoes before using them if you’d like, but it is not necessary. Let me know how it turns out!",
    "Jeannie Smith says:Delicious! I didn’t want to buy a huge jar of tomato chutney so making was a better idea. It’s delicious and easy to make. We use it on Veggie Thing. Toast tortilla in pan, sprinkle with all season, top with shredded cheese. After the cheese melts and tortilla is lightly browned, add how handful of greens, chopped green onions, sour cream, and the chutney. So delicious. You can use broccoli too on top of cheese.",
    "Joan says:Unfortunately, some fresh tomatoes can have little flavor. If using canned tomatoes, how many cups, please?",
    "Alyssa Rivers says:I would try using 1-1.5 cups of canned tomatoes.",
    "CSim says:I made it and came up a treat. Really tasty. Tangy, sweet and spicy. Goes with anything.  Making another batch today. Thanks for this lovely recipe.",
    "Anne says:The recipe does not mention whether the tomatoes are peeled. Is it necessary to remove the skin before using the tomatoes? Thanks. Anne.",
    "Alyssa Rivers says:No need to remove the skin, you can keep it on!"
  ]
}