{
  "URL": "https://therecipecritic.com/tomato-pie/",
  "Summary": "Filled with a mozzarella cheese mixture layered in between thick slices of summer tomatoes makes this the best tomato pie. There's no better way to close out summer than making this delicious southern recipe.",
  "Metadata": [
    "Prep Time:  20minutes",
    "Cook Time:  45minutes",
    "Total Time:    1hour5minutes",
    "Servings:  10Servings"
  ],
  "Ingredients": [
    "1 9-inch pie shell",
    "6 large tomatoes very ripe",
    "1 tablespoon kosher salt",
    "8 ounces shredded mozzarella cheese",
    "1/2 cup mayonnaise",
    "1/4 cup fresh basil chopped",
    "1/4 teaspoon garlic powder",
    "1/4 teaspoon salt",
    "1/8 teaspoon ground black pepper"
  ],
  "Instructions": [
    "Preheat the oven to 350ºF and if making prepare the pie dough.",
    "Slice the tomatoes to about 1/4-inch in thickness and arrange them in a single layer on a paper towel-lined baking sheet. Coat the tomatoes in salt and cover again with another layer of paper towels. Let sit for 10 minutes.",
    "In a medium bowl combine the shredded cheese, mayonnaise, fresh basil, and spices together until mixed well. Set aside.",
    "Place the 9-inch pie shell into your pie dish and arrange a single layer of sliced tomatoes on the bottom. Cover the tomatoes with half of the cheese mixture and repeat this step.",
    "Layer the last of the tomato slices on top, overlapping is okay, and firmly press them into the pie. This helps the ingredients come together.",
    "Place the pie into the oven and bake for 35 to 45 minutes, until the cheese begins to bubble and the crust turns a golden brown."
  ],
  "Nutrition": [
    "Serving: 1slice",
    "Calories: 281kcal",
    "Carbohydrates: 15g",
    "Protein: 8g",
    "Fat: 22g",
    "Saturated Fat: 7g",
    "Polyunsaturated Fat: 6g",
    "Monounsaturated Fat: 6g",
    "Trans Fat: 0.02g",
    "Cholesterol: 27mg",
    "Sodium: 375mg",
    "Potassium: 305mg",
    "Fiber: 2g",
    "Sugar: 3g",
    "Vitamin A: 1184IU",
    "Vitamin C: 15mg",
    "Calcium: 178mg",
    "Iron: 1mg"
  ],
  "Comments": [
    "Eddie says:Yummy yummy in my tummy .",
    "Cathey says:Very good!  I will make it again.  Also I used oregano instead of basil and added some diced ham.",
    "Lori says:I made this recipe with tomatoes fresh off the vine from my backyard. It was delicious but I did make a few changes to suit my taste. I added chopped onion and Parmesan cheese because I love both. Next time, I don’t think I’ll layer too much of the spread in between and just put a light coating on the bottom and then, the rest on the top.  Other than that, it really is delicious. It’s like an eggless quiche and you can change it up with other herbs, spices and veg/protein additions. Thanks!",
    "Alyssa Rivers says:Thanks Lori! Is there anything better than a fresh home grown tomato? So glad you enjoyed it and I love all of your changes!",
    "Elizabeth says:This was delicious!  My husband loved it.  I increased the basil to 1/2 cup and also increases the garlic powder.  Had to bake it for a good 50-55 min.  So good.",
    "Frances says:Delicious!  I sprinkled grated parmesan cheese over the first layer and then again before I put it in the oven.",
    "Darcy Cleaver says:I just discovered Tomato Pie and this recipe is delicious.  I made two changes.  I used fresh mozzarella instead of cheddar and I put about a 1/4 c of Italian bread crumbs as the first layer.  The bread crumbs soaked up the moisture and provided extra flavor to the pie.",
    "Cookinmonster says:Recipe calls for mozzarella!!! Where did u get cheddar cheese from???",
    "Barbara says:Delicious!  We had a bunch of fresh picked tomatoes to use up.  Drizzled top with some olive oil and also put some fresh sliced garlic on there.  Definitely worth a try … you won’t be disappointed!",
    "Roberta Johnson says:Hi Alyssa. Is it possible to use something other than mayo to hold this pie together?",
    "Alyssa Rivers says:You can use sour cream, cottage cheese, or even plain Greek yogurt!",
    "Janis Mitchell says:The recipe came together quickly, and I liked that!  I didn’t see any indication in the recipe about prebaking the pie crust, so I didn’t do that before adding the filling.  Also, after salting the tomatoes and allowing them to drain, should they just be used like that, or should the salt be rinsed off first?  We have baked the tomato pie but haven’t eaten it yet, so I don’t have a verdict as to the results.  Just wanted to let you know that there were several questions about the prepping that popped up, and maybe you could address them.",
    "Melissa Gimenez says:Do you prep bake the pie crust if making homemade??",
    "Alyssa Rivers says:Yes, I blind bake my crust using this recipe: How To Blind Bake a Pie Crust",
    "Janet Peters says:This was OUT OF THIS WORLD DELISH! I made homemade crust. Not soggy at all but I let sit for an hour before eating that may have helped. I ended up with cheese layer on top not tomatoes and think that was a better finish, just my opinion. now I wish I had more home grown tomatoes!",
    "Kat says:Delicious! I used sharp cheddar & queso fresco in a fresh pie she. We loved it and will definitely make again. Thank you for sharing this yummy recipe!",
    "Julie Boydston says:If I use store bought pie crust and layer them like you said we could do do you have to pre bake them a little bit before using? Just want to make sure it gets done once baked.",
    "Ginger Hite says:Thinking the same thing.  I like crusts to be somewhat crispy. I haven’t made this one yet, but I will pre-bake for 10 or 15 mins.",
    "Barbara says:Looks great!  Will give it a try!",
    "Peggy Pitts says:My pie was also very runny. Great taste! I did salt the tomatoes & soaked up a lot of moisture before putting the pie together. Next time I might add some flour to thicken those juices.",
    "Evonne says:I always coat my tomatoes in flour or cornstarch which helps with that runny factor"
  ]
}