{
  "URL": "https://therecipecritic.com/tomahawk-steak/",
  "Summary": "This tomahawk steak is juicy, tender, and filled with insanely delicious flavor! Make it your main dish for any occasion and your guests will keep coming back for more!",
  "Metadata": [
    "Prep Time:  10minutes",
    "Cook Time:  45minutes",
    "Resting Time:  10minutes",
    "Total Time:    1hour5minutes",
    "Servings:  2people"
  ],
  "Ingredients": [
    "1 Tomahawk Steak (rib-eye)",
    "3 teaspoons kosher salt",
    "2 teaspoons pepper",
    "1-2 Tablespoon olive oil",
    "fresh rosemary and parsley to garnish"
  ],
  "Instructions": [
    "Allow the steaks to rest at room temperature for 45 minutes before cooking.",
    "Preheat oven to 300°F. Line a baking sheet with parchment paper.  Place a cooling rack in the baking sheet and set it aside.",
    "Rub olive oil on all sides and edges of the steak using your hands. Season the steak generously with salt and pepper. Be sure to get all the areas you rubbed the oil.",
    "In a large skillet, sear both sides of the steak. About 3-4 minutes per side. Use tongs to help sear the edges as well.",
    "Place the steak on the prepared baking sheet. Cook in the oven until the desired doneness. About 35 minutes for rare, 45 minutes for medium-rare, and 55 minutes for medium. Be sure to use a digital thermometer to be certain of the temperature doneness.",
    "Remove the steak from the oven. Cover tightly with foil and rest for 10 minutes before slicing and serving. Serve with delicious sides, and garnish with fresh herbs."
  ],
  "Nutrition": [
    "Calories: 302kcal",
    "Carbohydrates: 1g",
    "Protein: 23g",
    "Fat: 23g",
    "Saturated Fat: 8g",
    "Polyunsaturated Fat: 2g",
    "Monounsaturated Fat: 13g",
    "Cholesterol: 69mg",
    "Sodium: 3548mg",
    "Potassium: 330mg",
    "Fiber: 1g",
    "Sugar: 1g",
    "Vitamin A: 28IU",
    "Calcium: 19mg",
    "Iron: 2mg",
    ""
  ],
  "Comments": []
}