{
  "URL": "https://therecipecritic.com/traditional-corned-beef-cabbage/",
  "Summary": "Making corned beef is a lot easier than you think! Corned beef is made in a homemade brine and then slow cooks to tender perfection alongside cabbage, carrots, and potatoes. This meal is perfect for St. Patrick's Day!",
  "Metadata": [
    "Prep Time:  20minutes",
    "Cook Time:  8hours",
    "Total Time:    8hours20minutes",
    "Servings:  6People"
  ],
  "Ingredients": [
    "1 gallon warm water",
    "2 cups kosher salt",
    "1/4  cup brown sugar",
    "5 teaspoons pink curing salt  (not pink Himalayan salt)",
    "2 Tablespoons pickling spice",
    "4-5 lbs flat cut beef brisket",
    "4 medium carrots  (sliced)",
    "1 lb baby potatoes (halved)",
    "1 onion  (quartered)",
    "salt and pepper",
    "1 Tablespoon pickling spice",
    "1/2 cabbage  (quartered)"
  ],
  "Instructions": [
    "Combine warm water, salt, brown sugar, and pink curing salt if using and stir until sugar and salt in a large pot until dissolved. Add the brisket and cover and put in the fridge for 5-7 days until your meat brines equally. If your meat starts to float, put a heavy plate on top. *Pink curing salt is optional but is what makes the meat turn pink in color. You can find it online or at a specialty meat shop. Read warnings about ingesting directly.",
    "In a 5 quart slow cooker add carrots, potatoes, onion and salt and pepper. Remove the brisket from the brine and rinse in cold water. Place on top of the vegetables and top brisket with pickling spice. Fill with water until meat is almost fully covered. Cook for 7-8 hours on low and 5-6 on high adding in the cabbage the last hour of cooking.",
    "Rinse the corned beef with water to remove salt.  Place the corned beef in a large pot and fill with water and add pickling spice.  Cover and bring to a boil.  Reduce to a simmer to 50 minutes per pound or until tender.  Add in the vegetables the last hour and cabbage the last 15 minutes before serving.",
    "Rinse the corned beef with water to remove the salt. Place the beef in the instant pot and fill with water and pickling spice.  Select high pressure and cook for 90 minutes.  When finished cooking quick release the pressure according to the manual.   Remove the brisket and leave 2 cups water.  Add in the potatoes, carrots, onion, and top with cabbage.  Salt and pepper.  Select manual setting and cook on high for 5 minutes or until the veggies are tender.  Release the pressure according to the manual.",
    "Preheat oven to 350 degrees.  Place the brisket into a roasting pan and add 3 cups of water and pickling spice.  Cook for 2 hours.  Remove from the oven and add vegetables.  Bake uncovered for another hour until vegetables are tender."
  ],
  "Nutrition": [
    "Calories: 638kcal",
    "Carbohydrates: 10g",
    "Protein: 45g",
    "Fat: 45g",
    "Saturated Fat: 14g",
    "Polyunsaturated Fat: 2g",
    "Monounsaturated Fat: 22g",
    "Cholesterol: 163mg",
    "Sodium: 43406mg",
    "Potassium: 1134mg",
    "Fiber: 2g",
    "Sugar: 3g",
    "Vitamin A: 6811IU",
    "Vitamin C: 88mg",
    "Calcium: 103mg",
    "Iron: 6mg"
  ],
  "Comments": [
    "shannon says:The ingredients list for the brine says pickling spice but the instructions leaves them out.  Do you use the pickling spice both with the brine and when you cook it or just when you cook it?",
    "Colleen Sendldorfer says:Is the corned beef covered when baked in the oven?",
    "Alyssa Rivers says:Bake it covered for the first 2 hours and then you will bake it uncovered for the last hour.",
    "Patty says:Happy to try this, but having 20 guests! Can I triple the recipe and cook the 3 together at one time in the oven? And how many pounds of beef for each recipe?",
    "Alyssa Rivers says:Sounds like a party!! I would only cook one at a time. Adding more than that could make them cook unevenly in the oven! Each recipe will need 4-5 lbs of flat cut beef brisket. I hope that you love it!!",
    "Patrick Nugent says:Made this at the end of February and we agree it was the best ever.  I did 3 hours on high and then 4 hours on low.  Doing again next week for St. Patrick’s day.  Americans love this tradition but not so much the Irish.  It’s a British recipe and the Irish will more than likely have Irish Stew or Irish Pot Roast.  At the time of it’s invention there was little to no beef in Ireland to speak of or was it affordable at that time.  St. Patrick  (Patrick was not his real name) was born a Roman and ordained as a French priest.  Sorry TMI.  Got carried away there.",
    "Julia Starkweather says:Help!  Recipe says  Cook for 7-8 hours on low and 5-6.  So should this be or 5-6 on high.",
    "Alyssa Rivers says:Correct, it’s 7-8 hours on low or 5-6 hours on high. When cooking any meat there is always a possibility of overcooking even in a slow cooker. I would recommend using a meat thermometer to be sure or checking it with 1 to 2 hours left in the slow cooker!",
    "Marlene Hoffner says:we made this on March 22-28, left it for 7 days in fridge, it turned out beautiful..couldn’t have made it any better than it was. thank you for this wonderful way to make our own rather than store made which is soo much more expensive.   Excellent recipe!!!!",
    "Daniela says:When it says add water to slow cooker.. do i add The water from the brine ??? Or regular water?? I was Going to add the brine water for more flavor!",
    "Alyssa Rivers says:New fresh water is best!",
    "Chuck Riesebeck says:I assume 4-5 Lbs. but, I’m suprised you don”t list the Bisket size this recipe is for.",
    "John C says:This recipe is so good- it tastes like “holiday”! I had to order pink curing salt #1 online (do not use pink curing salt #2- they are not interchangeable) and brine it in a plastic bag. I almost brined it in a disposable aluminum roasting pan and thought, “I better look that up”- big no! Salt and acids will react to aluminum. Once I got that all straightened out, the rest was easy-peasy! Thanks for the deliciousness!",
    "Sabrina says:thank you for this very detailed walk through, I don’t make corned beef often enough to remember all of the steps, but will need it fairly soon!",
    "nancy says:salt free diet. Is there a way to cook this and have the flavor,but not the salt."
  ]
}