{
  "URL": "https://therecipecritic.com/treacle-tart/",
  "Summary": "Treacle Tart is a buttery, creamy dessert brightened up by fresh lemon. The brown sugar shortbread crust is flaky and full of flavor. This tart is perfect for your holiday party or served with a cup of tea or coffee after dinner. Add a little whipped cream on top, and enjoy this delicious English dessert!",
  "Metadata": [
    "Prep Time:  1hour",
    "Cook Time:  30minutes",
    "Total Time:    1hour30minutes",
    "Servings:  12people"
  ],
  "Ingredients": [
    "1 ½ cup all purpose flour",
    "⅓ cup packed brown sugar",
    "¼ teaspoon salt",
    "10 tablespoons unsalted butter room temp",
    "1 ¼ cup golden syrup",
    "½ cup heavy whipping cream",
    "1 cup breadcrumbs",
    "1 teaspoon vanilla extract",
    "1 lemon zested",
    "4 tablespoons lemon juice fresh or bottled is fine",
    "1 egg"
  ],
  "Instructions": [
    "In a bowl with a hand mixer, or in the bowl if a stand mixer fitted with a paddle, whisk together your dry ingredients; flour, brown sugar, and salt.",
    "Add in your vanilla and room temp butter, mix well. Mixture should have a crumbly texture, add more flour if needed.",
    "In a standard 9 ½” tart pan, dump your crust and using your hands or the back of a spoon, pack the crust into the pan firmly and evenly.",
    "Set aside to be filled.",
    "Add the golden syrup, heavy whipping cream, breadcrumbs, lemon zest, lemon juice, and egg to a medium saucepan.",
    "Bring to a gentle boil on medium-high heat, stirring constantly.",
    "Once a gentle boil has been reached, reduce heat and cook for 2 minutes, then remove from heat.",
    "Pour mixture into your shortbread crust and place into your oven, preheated to 375℉.",
    "Bake for 25-30 minutes until your filling has nicely browned, the crust should be a golden color.",
    "Treacle tarts are typically served warm with whipped cream."
  ],
  "Nutrition": [
    "Calories: 357kcal",
    "Carbohydrates: 54g",
    "Protein: 4g",
    "Fat: 14g",
    "Saturated Fat: 9g",
    "Polyunsaturated Fat: 1g",
    "Monounsaturated Fat: 4g",
    "Trans Fat: 0.4g",
    "Cholesterol: 50mg",
    "Sodium: 126mg",
    "Potassium: 78mg",
    "Fiber: 1g",
    "Sugar: 35g",
    "Vitamin A: 459IU",
    "Vitamin C: 7mg",
    "Calcium: 38mg",
    "Iron: 1mg",
    ""
  ],
  "Comments": [
    "Jill says:Seeing this recipe brought back so many memories! My mum used to make this. Sometimes she used coconut instead of breadcrumbs. I loved this desert so much. Thank you",
    "Sabrina says:very nice and very different for me, really great set of ingredients, thank you!"
  ]
}