{
  "URL": "https://therecipecritic.com/tres-leches-cake/",
  "Summary": "This tender Tres Leches cake is drenched in a three-milk mixture and is topped with fluffy whipped cream, cinnamon, or fresh fruit.",
  "Metadata": [
    "Prep Time:  20minutes",
    "Cook Time:  30minutes",
    "Chill Time:  4hours",
    "Total Time:    4hours50minutes",
    "Servings:  12slices"
  ],
  "Ingredients": [
    "5 large eggs separated",
    "1 ¼ cup granulated sugar",
    "1 tablespoon vanilla extract",
    "½ cup whole milk",
    "1 ⅔ cup all-purpose flour",
    "1 ½ teaspoons baking powder",
    "½ teaspoon salt",
    "1 cup whole milk",
    "1 (14-ounce) can sweetened condensed milk",
    "1  (12-ounce) can evaporated milk",
    "2 cups heavy whipping cream chilled",
    "⅓ cup powdered sugar",
    "1 teaspoon vanilla extract"
  ],
  "Instructions": [
    "Preheat the oven to 350 degrees Fahrenheit. Spray a 13 x 9 x 2-inch baking pan with nonstick cooking spray and set aside.",
    "To a large bowl, add the egg yolks and sugar and beat with an electric mixer or stand mixer fitted with the whisk attachment for 3-4 minutes. Add the vanilla and milk and mix until combined.",
    "Add the flour, baking powder, and salt to a small bowl and whisk to combine. Add the flour mixture to the egg yolk mixture and fold gently until all the flour has been absorbed.",
    "Whip the egg whites with a hand mixer in a separate large bowl until stiff peaks form.",
    "Fold ⅓ of the egg whites into the cake batter to loosen it, followed by the remaining ⅔ of the egg whites. Fold just until no white streaks of egg whites remain.",
    "Add the batter to the prepared pan and bake for 25 to 30 minutes, until a toothpick comes out clean from the center of the cake or the center springs back when you gently press your fingers on it. Let the cake cool completely.",
    "Add the milk, sweetened condensed milk, and evaporated milk to a bowl or large measuring cup. Whisk until combined.",
    "Once the cake cools completely, poke holes all over it with a fork.",
    "Slowly pour the milk mixture evenly over the cake, letting it soak into all the holes.",
    "Add the heavy whipping cream, powdered sugar, and vanilla to a large bowl and whip with a hand mixer or a stand mixer fitted with the whisk attachment until you reach medium-stiff peaks.",
    "Spread the whipped cream evenly over the top of the soaking cake and cover. Refrigerate for at least 4 hours. Serve with fresh fruit and a dusting of ground cinnamon."
  ],
  "Nutrition": [
    "Calories: 485kcal",
    "Carbohydrates: 61g",
    "Protein: 11g",
    "Fat: 22g",
    "Saturated Fat: 13g",
    "Polyunsaturated Fat: 1g",
    "Monounsaturated Fat: 6g",
    "Trans Fat: 0.01g",
    "Cholesterol: 136mg",
    "Sodium: 271mg",
    "Potassium: 339mg",
    "Fiber: 0.5g",
    "Sugar: 48g",
    "Vitamin A: 888IU",
    "Vitamin C: 2mg",
    "Calcium: 274mg",
    "Iron: 1mg",
    ""
  ],
  "Comments": [
    "Halle says:I wanted Tres Leches cake for my birthday and I was nervous to attempt it. My mom helped me, and we followed this recipe exactly. It turned out perfectly! The cake was moist, slightly dense but with a light airy texture that melted in your mouth. Mixed with the whipped cream topping and strawberries, it was so good!",
    "Gale says:Can you tell me how to double the tres leches cake recipie? Your prompt response is greatly appreciated",
    "Alyssa Rivers says:Hi Gale, you can double this recipe, I would double the ingredients and bake it in two separate pans. If you are wanting to bake one large cake in an industrial sized pan, reduce the heat to 325 degrees, and bake for 40-45 minutes or until the top is golden and a toothpick comes out clean. I hope this helps!",
    "Michelle Paris says:Excellent!!! My whole family LOVED IT!!! Made for special occasions. Truly, this tres leches cake is DELICIOUS!",
    "Alyssa Rivers says:I LOVE finding recipes that everyone in my family will eat! Thanks so much for trying it!",
    "Caria says:Came out perfect! Will be making it again.",
    "Kristin says:Loved this recipe! However my cake came out of the oven beautifully, while it was cooling, it fell and also shrunk like another persons comment! I was careful to not over stir the batter and whites- my baking powder was brand new- not sure what happened. BUT, the cake was not sticky on the bottom- it was a great consistency- tasted wonderful and even my boyfriend who doesn’t try many new things loved it! Taking to work tomorrow! Hope it is a hit!",
    "Lynn says:Made this during the first  lockdown for a Mexican family night. Making it again tonight because the kids have been asking what special occasion they need to wait for to have it again!",
    "Robin says:Not sure why my cake shriveled up and sank while it was cooling.Being the first time making this I followed the recipe to a T, double checking everything. The cake itself tasted very good but was tough and not fluffy. That’s usually caused by too much of a leveling agent like baking powder….I used 2 tsp exactly.Went with another recipe from a family member and it was delicious.Maybe I’d try this again but add less baking powder.",
    "Jannymae says:Cakes often don’t rise as high if they have been over-folded. The air bubbles you created in whisking the eggs get popped.  Also, if you under fold the batter and whites you can get a wet sticky layer on the bottom of the pan when you bake it.",
    "Marta E Green says:I am looking forward to making this cake!  Only one restaurant in the city next to us, serves this cake so I am excited to have have found a straight forward, easy to follow recipe!  Thanks so much for publishing!",
    "Dari says:A crowd-pleaser. My chief and boyfriend loved it. They ate it amongst them only.??",
    "Michelle says:My family RAVED about this cake!! It was decadent, moist, and milky deliciousness! I used two pints of whipping cream and topped with strawberries. My Mother already said she wants it for her birthday instead of a bakery cake ❤️❤️❤️",
    "Jaishree says:What can be used instead of eggs",
    "Alyssa Rivers says:You can use butter or oil to help substitute for this recipe.",
    "Migdalia says:How can i make this recipe into cupcakes? Will the baking time be the same or less time?",
    "Alyssa Rivers says:The baking time will be about 15 to 18 minutes for cupcakes. Let me know how you like them in a cupcake form!",
    "Lauranne says:For the Topping is this (1 pint 2 cups heavy whipping cream) actually 1 pint + 2 cups, or just 1 pint?",
    "Alyssa Rivers says:It is 1 pint or 2 cups heavy whipping cream. Hope that helps clarify! You will love this cake! Enjoy! XOXO"
  ]
}