{
  "URL": "https://therecipecritic.com/tres-leches-cupcakes/",
  "Summary": "Light, fluffy Tres Leches Cupcakes are drenched in a three milk mixture, just like classic Tres Leches Cake, but in handheld form! Topped with sweetened whipped cream, a light dusting of cinnamon, and fresh strawberries, these make a wonderful finish to any Mexican dinner!",
  "Metadata": [
    "Prep Time:  25minutes",
    "Cook Time:  15minutes",
    "Chilling time:  2hours",
    "Total Time:    2hours40minutes",
    "Servings:  24cupcakes"
  ],
  "Ingredients": [
    "1 ½ cups all-purpose flour",
    "1 teaspoon baking powder",
    "½ teaspoon baking soda",
    "¼ teaspoon salt",
    "1 cup granulated sugar divided",
    "5 large eggs separated",
    "1 teaspoon vanilla extract",
    "⅓ cup whole milk",
    "1 (14-ounce) can sweetened condensed milk",
    "1 (12-ounce) can evaporated milk",
    "½ cup whole milk",
    "2 cups heavy cream",
    "½ cup powdered sugar",
    "2 teaspoons vanilla extract",
    "ground cinnamon for sprinkling",
    "strawberries or maraschino cherries for garnish"
  ],
  "Instructions": [
    "Preheat oven to 350 degrees Fahrenheit. Line two 12-count muffin tins with foil cupcake liners. Whisk flour, baking powder, baking soda, and salt together in a bowl and set aside. Separate egg yolks and whites into separate bowls.",
    "In a large bowl, beat the egg yolks and ¾ cup of the sugar on medium-high speed for 2-3 minutes until creamy and light in color. Add the milk and vanilla, beating and scraping down the sides and bottom of the bowl to combine.",
    "Add the flour mixture, mixing just to combine. The batter will be thick.",
    "Beat the egg whites on medium-high speed using an electric mixer until frothy, about 1 minute. Gradually add the remaining ¼ cup of sugar and beat until stiff peaks form.",
    "Gently fold the egg whites into the cake batter so as not to deflate the egg whites. Use an ice cream scoop to evenly divide the batter between the cupcake liners.",
    "Bake for 15-16 minutes until golden brown on top and the cupcakes bounce back to the touch, or a toothpick inserted into the center of the cupcakes comes out clean. Cool completely.",
    "Pierce the tops of each cupcake several times with the tines of a fork to create holes down into the cupcakes. Whisk the sweetened condensed milk, evaporated milk, and whole milk, then transfer to a squeeze bottle.",
    "Soak each cupcake with the milk mixture, a little at a time, until all of the milk has been soaked up. It may seem like too much at first, but if you do a little on each cupcake, then let it soak in while you move on to the others, you can return to the first ones and repeat the process a couple of times until all of the milk mixture has been soaked up. Refrigerate for two hours.",
    "Beat the heavy cream, powdered sugar, and vanilla in a bowl until stiff peaks form. Pipe or spoon onto the tops of the soaked cupcakes, then sprinkle with a dusting of ground cinnamon. Top with sliced strawberries or maraschino cherries, then serve."
  ],
  "Nutrition": [
    "Calories: 231kcal",
    "Carbohydrates: 28g",
    "Protein: 5g",
    "Fat: 11g",
    "Saturated Fat: 7g",
    "Polyunsaturated Fat: 1g",
    "Monounsaturated Fat: 3g",
    "Trans Fat: 0.004g",
    "Cholesterol: 72mg",
    "Sodium: 124mg",
    "Potassium: 160mg",
    "Fiber: 0.2g",
    "Sugar: 22g",
    "Vitamin A: 440IU",
    "Vitamin C: 1mg",
    "Calcium: 124mg",
    "Iron: 1mg",
    ""
  ],
  "Comments": [
    "carol says:yum yum i am sharing the recipe with my mom and ask her to make them for my birthday",
    "jenny summers says:i have never made cupcakes or baked anything to be frank but the way you are explaining gave me confidence to try these",
    "anna says:Amy what a yummy recipe i love leches and the way you gave the reason for adding those ingredients made be want to have them made right away"
  ]
}