{
  "URL": "https://therecipecritic.com/triple-chocolate-peppermint-cookies/",
  "Summary": "Triple chocolate peppermint cookies are soft and chewy cookies that get drizzled with white and dark chocolate. They are topped with crushed candy canes and are the perfect treat for the holidays! ",
  "Metadata": [
    "Prep Time:  10minutes",
    "Cook Time:  10minutes",
    "Total Time:  20minutes",
    "Servings:  36cookies"
  ],
  "Ingredients": [
    "¾ cup butter, softened",
    "1 cup sugar",
    "1 large egg",
    "¼ teaspoon peppermint extract",
    "1¾ cups flour",
    "½ cup unsweetened cocoa powder",
    "¼ teaspoon baking soda",
    "¼ teaspoon salt",
    "1 cup white baking chocolate",
    "1 cup semisweet baking chocolate",
    "¼ cup candy canes, crushed"
  ],
  "Instructions": [
    "Preheat the oven to 350 degrees Fahrenheit. In a medium-sized mixing bowl cream the butter and sugar until light and fluffy. Add the egg and peppermint extract and mix until incorporated.",
    "Whisk the flour, cocoa, baking soda, and salt in another bowl. Slowly add to the butter mixture.",
    "Shape the dough into 2-inch balls and place on an ungreased baking sheet. Slightly flatten the tops of the balls into 2-inch rounds with the bottom of a glass.",
    "Bake for 8-10 minutes or until set. Do not overbake! Let the cookies cool for 10 minutes on the pans before transferring to a wire rack.",
    "Add the white chocolate in a microwave-safe bowl. Heat in the microwave in 30-second increments, stirring in between, until melted. Drizzle over the cookies. Repeat for the semisweet chocolate and drizzle. Top with crushed candy canes and let set."
  ],
  "Nutrition": [
    "Calories: 131kcal",
    "Carbohydrates: 16g",
    "Protein: 2g",
    "Fat: 7g",
    "Saturated Fat: 4g",
    "Polyunsaturated Fat: 0.3g",
    "Monounsaturated Fat: 2g",
    "Trans Fat: 0.2g",
    "Cholesterol: 16mg",
    "Sodium: 60mg",
    "Potassium: 67mg",
    "Fiber: 1g",
    "Sugar: 10g",
    "Vitamin A: 129IU",
    "Vitamin C: 0.02mg",
    "Calcium: 15mg",
    "Iron: 1mg",
    ""
  ],
  "Comments": [
    "Denise Rincon says:These were so easy to make and they looked so nice perfect for Christmas and of course they are soooo good!!! I will always make these. Lots of compliments.",
    "Mari says:These cookies are amazing. I made these for my daughter’s school bake sale and they were a hit. I’ll be making these again. Thank you for the recipe.",
    "Alyssa Rivers says:Thank you so much!!",
    "J says:It looks so delicious, but unfortunately I’m not good at making chocolate peppermint",
    "Alyssa Rivers says:Give this recipe a try! It’s simple and really delicious! Let me know how it turns out for you 🙂",
    "Android guy says:Thanks. The chocolate hardens somewhat quickly so they are a little messy with crushed peppermint as it did not all stick.But nummy and simple to make",
    "Jean says:Made these and they are delicious. I only used 1/2 the amount of melted chocolate which seemed plenty for the 32 cookies I made.The chocolate hardens somewhat quickly so they are a little messy with crushed peppermint as it did not all stick.But nummy and simple to make",
    "Kelly Mahan says:OMG, these just made my mouth water. It looks sooo delicious! Can’t wait to try these cookies myself. Thanks!"
  ]
}