{
  "URL": "https://therecipecritic.com/triple-berry-pie/",
  "Summary": "A patriotic fourth-of-July triple berry pie made simple with easy ingredients! This berry pie is bursting with juicy flavor and almost looks too good to eat. It's the perfect centerpiece for any summer celebration!",
  "Metadata": [
    "Prep Time:  10minutes",
    "Cook Time:  55minutes",
    "Total Time:    1hour5minutes",
    "Servings:  1Pie"
  ],
  "Ingredients": [
    "2 packaged pie crusts",
    "1 cup frozen strawberries",
    "1 and 1/2 cup frozen raspberries",
    "1 and 1/2 cup frozen blueberries",
    "3/4 cup white sugar separated",
    "1/4 cup cornstarch",
    "1 and 1/2 teaspoons ground cinnamon separated",
    "2 tablespoons unsalted butter"
  ],
  "Instructions": [
    "Place all the frozen berries in a colander in the sink and allow to completely defrost.",
    "Preheat the oven to 375 degrees and spray a pie pan with nonstick spray. Place one prepared pie crust in the bottom of the pie pan and flute the edges.",
    "In a bowl, stir together 1/2 cup sugar, 1/2 teaspoon cinnamon, and cornstarch.",
    "Add with the thawed berries and allow to sit for 10 minutes.",
    "Place the berries on top of the prepared pie crust.",
    "With the remaining pie crust, cut out stars with a cookie cutter. Place the cut pie stars on top of the pie.",
    "Toss the remaining 1/4 cup sugar with remaining 1 teaspoon cinnamon.",
    "Using a pastry brush, brush the melted butter over the stars. Sprinkle with cinnamon sugar mixture.",
    "Place the pie on a parchment or foil lined large tray (catch bubbling over fruit).",
    "Cover the pie with foil.",
    "Place the pie in the oven and bake for 25 minutes. Remove the foil.",
    "Bake for another 20-30 minutes or until the filling is bubbling and crust is golden brown.",
    "Allow to cool and enjoy!"
  ],
  "Nutrition": [
    "Calories: 903kcal",
    "Carbohydrates: 179g",
    "Protein: 1g",
    "Fat: 23g",
    "Saturated Fat: 14g",
    "Cholesterol: 60mg",
    "Sodium: 7mg",
    "Fiber: 1g",
    "Sugar: 150g",
    "Vitamin A: 700IU"
  ],
  "Comments": [
    "Mrs J M d'Arcy Thompson says:Do not use cornflour, (cornstarch) to thicken your pie filling. Use powdered arrowroot, this thickens but leaves a crystal clear mix. I was taught his in school and use it to this day.",
    "Alyssa Rivers says:That’s a great tip! Thank you!!",
    "Carol says:I am thinking Step 5 should be Step one and then bump all the directions accordingly.  I have been making a Triple Berry Pie for years for our Church Pie and Ice Cream Social, discard the extra liquid, I use Tapioca instead of cornstarch AND add orange extract.  It is a huge hit!",
    "Bjacques says:This was great!  Thanks so much!",
    "Mat says:The cooking spray. Yeah, what’s up with that? As for the runny pie syndrome, drain the excess liquid or better yet use fresh fruit.An aside, I have yet to have any of your recipes turn out unfavorably.",
    "Terry says:Made this pie…epic fail!  I am wondering if the directions should say something about the extra liquid in the frozen fruit.  My pie is runny!  Any help you ca give would be great.",
    "Chris says:Will the frozen berries render a considerable amount of juices? Do you discard the juices?",
    "Shawnna says:hey girl yummy for my tummy!",
    "glenda lewis says:Per your directions, I’m curious why you spray the pie pan with baking spray after you have put the bottom pie crust in the pie pan.   Can you please clarify?thanks,",
    "Siobhan says:I am equally confused on this."
  ]
}