{
  "URL": "https://therecipecritic.com/triple-berry-kale-salad-creamy-strawberry-poppyseed-dressing/",
  "Summary": "Triple Berry Kale Salad with Creamy Strawberry Poppyseed Dressing is made with delicious fresh summer berries and is tossed with kale, crunchy almonds and topped with feta cheese. A healthy and light salad that is perfect for summer!",
  "Metadata": [
    "Prep Time:  15minutes",
    "Total Time:  15minutes",
    "Servings:  6servings"
  ],
  "Ingredients": [
    "2 cups chopped kale",
    "1 cup chopped strawberries",
    "1 cup blueberries",
    "1 cup blackberries",
    "¼ cup sliced almonds",
    "¼ cup feta cheese",
    "⅓ cup plain Greek yogurt",
    "½ cup chopped strawberries",
    "1 tablespoon milk",
    "3 tablespoons granulated sugar",
    "4 teaspoons apple cider vinegar",
    "2 teaspoons poppy seeds"
  ],
  "Instructions": [
    "In a large bowl, combine 2 cups chopped kale, 1 cup chopped strawberries, 1 cup blueberries, 1 cup blackberries, ¼ cup sliced almonds, and ¼ cup feta cheese.",
    "In a food process or blender, pulse ⅓ cup plain Greek yogurt, ½ cup chopped strawberries, 1 tablespoon milk, 3 tablespoons granulated sugar, 4 teaspoons apple cider vinegar, and 2 teaspoons poppy seeds until fully combined.",
    "Pour half of the dressing over the salad and toss to combine. Add additional dressing as desired. Serve immediately."
  ],
  "Nutrition": [
    "Calories: 127kcal",
    "Carbohydrates: 17g",
    "Protein: 5g",
    "Fat: 5g",
    "Saturated Fat: 1g",
    "Polyunsaturated Fat: 1g",
    "Monounsaturated Fat: 2g",
    "Trans Fat: 0.002g",
    "Cholesterol: 6mg",
    "Sodium: 81mg",
    "Potassium: 214mg",
    "Fiber: 4g",
    "Sugar: 12g",
    "Vitamin A: 799IU",
    "Vitamin C: 35mg",
    "Calcium: 109mg",
    "Iron: 1mg",
    ""
  ],
  "Comments": [
    "Cheryl Sorenson says:Very good. I thought the dressing was that perfect consistency. My salad hating husband even liked it. I’m making it for company next week.",
    "Michele says:I made this with baby kale.  I also used mayo instead of greek yogurt and added about a quarter teaspoon of salt to the dressing.  I left out the feta cheese.   It was really tasty.  Thanks.",
    "Eva Lightsey says:Did you do anything to the kale before adding the rest of the ingredients? It seems most kale salad recipes include some sort of massage or soak first.",
    "Alyssa Rivers says:I did soak the kale, other than that I added it to the salad! You will love this salad and the dressing is even better! XOXO",
    "Sabrina says:nice salad and love the fruit, even though a summer salad, still happy to have it in winter since I can get all of these ingredients, thank you for this recipe!",
    "Will says:Awesome!",
    "Kathy Mader says:This is pretty good.  I just made it and thought the dressing was too thin.  I prefer a dressing with more body so would reduce the milk or leave it out altogether.  The dressing also needs a pinch of salt to bring out the flavor (although I did not use feta cheese, so if I used feta that may be all the salt needed…just saying because this dressing would be good on lots of salad combos, with or without cheese, so adjust accordingly).  You do not need 3 Tablespoons of sugar.  I used half that and thought it was still too sweet.  Next time I will use 1 teaspoon.  Overall a pleasant recipe and beautiful presentation.",
    "Alyssa says:I agree with the dressing being a little thin.  I have reduced the amount of milk.  Although I do think the sugar is necessary when using plain greek yogurt.  Thank you for your feedback!",
    "Kathy Mader says:You’re welcome, Alyssa.  Thank you for being a good sport 😉 I do think you are brilliant with your recipes.  I have been interested in more of your recipes than any other blog I follow because they look delicious, are full of comfort and fairly simple and are accessible, as in normal, tasty food men and children like to eat 🙂  Of course, I love to eat the recipes, too!",
    "Patricia Wilson says:What other cheese would be really good in this salad I do not like feta cheese.",
    "Alyssa Rivers says:You are welcome to leave the feta cheese out. If you like blue cheese crumbles that would work or just omit all the cheese.",
    "Shawnna says:hey girl this looks really yummy!"
  ]
}