{
  "URL": "https://therecipecritic.com/tuna-noodle-casserole/",
  "Summary": "This tuna noodle casserole is a family favorite that is filled with thick noodles, vegetables and tender chunks of tuna fish. All baked together in one pan in 30 minutes!",
  "Metadata": [
    "Prep Time:  15minutes",
    "Cook Time:  30minutes",
    "Total Time:  45minutes",
    "Servings:  8People"
  ],
  "Ingredients": [
    "12 ounces wide egg noodles",
    "1 tablespoon olive oil",
    "1 diced small onion",
    "1 cup diced celery",
    "1 cup sliced mushrooms",
    "2 tablespoons butter",
    "¼ cup flour",
    "1 ½ cups chicken broth",
    "2 cups whole milk",
    "salt and pepper",
    "2 (6-ounce) cans tuna fish",
    "1 cup thawed frozen peas",
    "1 cup shredded cheddar cheese",
    "½ cup grated parmesan",
    "½ cup Italian breadcrumbs",
    "¼ cup melted butter melted"
  ],
  "Instructions": [
    "Preheat the oven to 375 degrees Fahrenheit. In a large pot, boil the 12 ounces wide egg noodles according to package directions, and drain and rinse.",
    "In a medium skillet over medium-high heat, add the 1 tablespoon olive oil, 1 diced small onion, and 1 cup diced celery.  Cook for 2-3 minutes until almost tender. Add in the 1 cup sliced mushrooms and continue to cook until tender.  Remove from heat and add to a large bowl.",
    "Add the 2 tablespoons butter to the skillet and whisk the ¼ cup flour until golden. Slowly whisk in the 1 ½ cups chicken broth and 2 cups whole milk.  Let simmer until thickened. season with salt and pepper",
    "In the large bowl, add the pasta, gravy mixture, 2 (6-ounce) cans tuna fish, 1 cup thawed frozen peas, and 1 cup shredded cheddar cheese and mix. Spread the mixture in a 9x13-inch casserole dish",
    "In a small bowl, combine ½ cup grated parmesan, ½ cup Italian breadcrumbs, and ¼ cup melted butter.  Sprinkle on top of casserole.",
    "Bake for 25-30 minutes or until bubble and golden brown on top."
  ],
  "Nutrition": [
    "Calories: 446kcal",
    "Carbohydrates: 47g",
    "Protein: 17g",
    "Fat: 21g",
    "Saturated Fat: 11g",
    "Polyunsaturated Fat: 2g",
    "Monounsaturated Fat: 6g",
    "Trans Fat: 0.4g",
    "Cholesterol: 86mg",
    "Sodium: 578mg",
    "Potassium: 385mg",
    "Fiber: 3g",
    "Sugar: 6g",
    "Vitamin A: 797IU",
    "Vitamin C: 9mg",
    "Calcium: 277mg",
    "Iron: 2mg",
    ""
  ],
  "Comments": [
    "Kellie Werner says:I made it but recipe didn’t say what to do with the skillet of sauce I just poured it over the dish",
    "Alyssa Rivers says:I’m sorry for the confusion. What you did was great! It looks like I missed the step of adding it to the mixture. I fixed it. I hope you enjoyed it!",
    "Monica and Scott B. :) says:Just like all of Alyssa’s recipe’s, AWESOME!! Old fashion, low salt , good cooking!!",
    "Donna Turner says:Best Tuna Noodle casserole ever! Just ask my husband!Great flavor, wholesome ingredients, easy to make. ❤️ it.",
    "Cyrus Atkinson says:Allergic to mushrooms, a substitute recommended?",
    "Dave says:The casserole tasted great and we really liked it. I’ll definitely make it again. The recipe didn’t tell you when to add the roux so I poured the roux on the top of everything after I put it in the casserole dish and before I added the topping.",
    "Lindsay Donaldson says:This is not everyone’s great aunts tuna casserole ?. This is the best!  So delish!!!!!! Great recipe… I love all of your recipes and have never been disappointed!!",
    "Susan says:When do you add in the roux?",
    "Jake says:We drizzled the roux in over all the ingredients mixed together in our casserole dish and just let it percolate through with some gentle mixing. Then added the cracker mix on top before going into the oven. Worked fine.",
    "Kirt Kimerer says:Can you tell me what the serving size is? Trying to see if it will fit into my daily Diabetic diet plan.Thanks!",
    "Alyssa Rivers says:The serving size is about 1 cup per serving per person. These are rough estimates and something to use however, is not 100% accurate.",
    "gourmand says:Thank you for sharing!Just looking at it makes my eyes happy,I am definitely going to try this recipe. I’m out to the market to buy ingredients now."
  ]
}