{
  "URL": "https://therecipecritic.com/tuna-melt/",
  "Summary": "Tuna melts are the ultimate sandwich with a flavorful fish mixture, melty cheddar cheese, and freshly sliced tomatoes all melted together in a skillet on crispy, golden bread. So easy to make and delicious, this sandwich will literally melt in your mouth!",
  "Metadata": [
    "Prep Time:  10minutes",
    "Cook Time:  5minutes",
    "Total Time:  15minutes",
    "Servings:  8People"
  ],
  "Ingredients": [
    "16 ounces tuna fish, drained",
    "1/4 cup mayonnaise",
    "1/4 cup celery, finely chopped",
    "1/4 cup red onion, finely chopped",
    "1 tablespoon dijon mustard",
    "2 tablespoons parsley, chopped",
    "salt and pepper, to taste",
    "16 slices bread",
    "8 slices cheddar cheese, more if you want a layer on the bottom",
    "tomato, sliced",
    "1/4 cup butter, softened"
  ],
  "Instructions": [
    "In a medium sized bowl combine the tuna, mayonnaise, celery, red onion, dijon mustard, parsley, salt and pepper.",
    "Butter one side of each slice of bread.  Putting the butter side down add the cheese on the unbuttered side.  Add the tuna mixture on top.  Top with tomato and additional cheese.",
    "Preheat a skillet to medium heat.  Add the sandwich on the skillet and heat for about 2-3 minutes until cheese starts to melt and it is golden brown.  Flip to the other side and cook until the cheese is fully melted and sandwich is golden brown.",
    "Preheat a broiler.  Spread the bread butter side up and toast for a couple of minutes.  Top with cheese, tuna mixture and Broil for 2-3 miutes until cheese is melted."
  ],
  "Nutrition": [
    "Serving: 1sandwich",
    "Calories: 391kcal",
    "Carbohydrates: 28g",
    "Protein: 25g",
    "Fat: 20g",
    "Saturated Fat: 8g",
    "Polyunsaturated Fat: 5g",
    "Monounsaturated Fat: 4g",
    "Trans Fat: 0.3g",
    "Cholesterol: 52mg",
    "Sodium: 518mg",
    "Potassium: 253mg",
    "Fiber: 2g",
    "Sugar: 4g",
    "Vitamin A: 485IU",
    "Vitamin C: 2mg",
    "Calcium: 204mg",
    "Iron: 3mg"
  ],
  "Comments": [
    "Bev says:Are 16 oz tuna really needed for 8 sandwiches?  Just sounds like a lot.",
    "Alyssa Rivers says:Hi Bev, you can use less if you don’t like as much tuna in your sandwiches.",
    "Gloria Simpson says:Absolutely enjoyed this recipe, will definitely be making again.  We made them on Canadian Rye bread and used Roma tomatoes.Delicious and quick to make. Thank you so much.",
    "L L DeWitt says:Made with sou vide albacore tuna and celery from my garden. OMG so delish"
  ]
}