{
  "URL": "https://therecipecritic.com/tuna-avocado-macaroni-salad/",
  "Summary": "Tuna Avocado Macaroni Salad is an AMAZING macaroni salad that is filled with chopped veggies, avocado, and tuna.  This is going to impress everyone at your next potluck!",
  "Metadata": [
    "Prep Time:  20minutes",
    "Total Time:  20minutes",
    "Servings:  6servings"
  ],
  "Ingredients": [
    "8 ounces elbow macaroni",
    "5 ounces drained canned white albacore tuna",
    "½ cup shredded carrots",
    "⅔ cup diced red onion about 1 small red onion",
    "1 cup diced red bell pepper about 1 whole pepper",
    "1 cup diced green bell pepper about 1 whole pepper",
    "2 cups diced avocados about 2 large avocados",
    "1 cup mayonnaise",
    "2 tablespoons apple cider vinegar",
    "1 tablespoon granulated sugar",
    "1 tablespoon dijon mustard",
    "salt  to taste",
    "ground black pepper to taste"
  ],
  "Instructions": [
    "Bring a large pot of water to a boil over high heat and add 8 ounces elbow macaroni. Cook according to the directions on the package until the pasta is al dente. Drain and rinse with cold water to stop the cooking.",
    "In a large bowl, add the cooked and cooled pasta, 5 ounces drained canned white albacore tuna, ½ cup shredded carrots, ⅔ cup diced red onion, 1 cup diced red bell pepper, 1 cup diced green bell pepper, and 2 cups diced avocados. If you plan to chill the salad before serving, I recommend leaving out the avocado until serving it to prevent it from browning.",
    "In a small bowl, whisk together 1 cup mayonnaise, 2 tablespoons apple cider vinegar, 1 tablespoon granulated sugar, and 1 tablespoon dijon mustard.",
    "Pour over the pasta mixture and toss to coat. Season with salt  and ground black pepper to taste. Serve immediately or chilled. Be sure to add the avocado before serving if you are chilling the salad."
  ],
  "Nutrition": [
    "Calories: 551kcal",
    "Carbohydrates: 40g",
    "Protein: 13g",
    "Fat: 38g",
    "Saturated Fat: 6g",
    "Polyunsaturated Fat: 19g",
    "Monounsaturated Fat: 12g",
    "Trans Fat: 0.1g",
    "Cholesterol: 23mg",
    "Sodium: 374mg",
    "Potassium: 576mg",
    "Fiber: 6g",
    "Sugar: 7g",
    "Vitamin A: 2755IU",
    "Vitamin C: 59mg",
    "Calcium: 32mg",
    "Iron: 1mg",
    ""
  ],
  "Comments": [
    "Gladys Sharpe says:How do you keep an avocado from turning a brownish color in a salad, when the air gets at the fruit it’s not nice to eat",
    "Carolyn says:It would be nice to have the servings for a recipe. I love the Tuna Avocado Macaroni Salad but need to know how many it serves before I make it.",
    "Alyssa Rivers says:This serves about 6 to 8 people.",
    "Betty Hensley says:what are the calories and nutritional values on this recipe.",
    "Alyssa Rivers says:I like to use skinnytaste.com or myfitnesspal.com for any nutritional information that I may have. Hope that helps and you find what you are looking for. XOXO",
    "Melissa Trundle says:I made this for dinner last night. Unfortunately, I had to leave out the bell pepper. My husband just can’t tolerate it. Even without the bell pepper, it was delicious. I did feel like it needed something else. Any suggestions as to what I can add to replace the bell pepper? I though about just a hint of chipolte or some other type of pepper. I will definitely be making this again.",
    "iona says:celery, green peas, broccoli florets,  garnish with cherry tomatoes for some color,  add fresh herbs, cilantro, parsley or basil.",
    "ERIN says:I replaced the bell pepper with chopped pepperocini.",
    "Wendy Ann Woodyear says:I live in the West Indies, to be exact I’m from the island of Trinidad.  This recipe looks so delicious, I can taste it.  We are in the month of June, that’s the season for avocados and most of us enjoy them, I will certainly make this dish.  It is exciting!",
    "The Modern Proper says:It really could be a simple summer dinner once you add all that protein in there! Yum!"
  ]
}