{
  "URL": "https://therecipecritic.com/tuna-salad/",
  "Summary": "This tuna salad is a classic favorite that mixes up well and tastes rich and creamy with slices of crisp celery and red onions for that added crunch. All comes together quickly and easily with pantry ingredients!",
  "Metadata": [
    "Prep Time:  5minutes",
    "Total Time:  5minutes",
    "Servings:  4servings"
  ],
  "Ingredients": [
    "4 (5-ounce)  cans tuna fish drained  (I used white albacore)",
    "½ cup mayonnaise",
    "¼ cup diced red onion",
    "¼ cup diced celery",
    "1 teaspoon minced dill",
    "2 tablespoons pickle relish",
    "2 tablespoons Dijon mustard",
    "1 tablespoon lemon juice",
    "salt and pepper to taste"
  ],
  "Instructions": [
    "In a medium-sized bowl combine the drained 4 (5-ounce)  cans tuna fish. Add ½ cup mayonnaise, ¼ cup diced red onion, ¼ cup diced celery, 1 teaspoon minced dill, 2 tablespoons pickle relish, 2 tablespoons Dijon mustard, 1 tablespoon lemon juice, and salt and pepper.",
    "Stir the ingredients together until combined.",
    "Serve on bread, a croissant, or with a side of crackers!"
  ],
  "Nutrition": [
    "Serving: 1g",
    "Calories: 208kcal",
    "Carbohydrates: 4g",
    "Protein: 1g",
    "Fat: 21g",
    "Saturated Fat: 3g",
    "Polyunsaturated Fat: 13g",
    "Monounsaturated Fat: 5g",
    "Trans Fat: 0.1g",
    "Cholesterol: 12mg",
    "Sodium: 350mg",
    "Potassium: 60mg",
    "Fiber: 1g",
    "Sugar: 1g",
    "Vitamin A: 67IU",
    "Vitamin C: 3mg",
    "Calcium: 13mg",
    "Iron: 0.3mg"
  ],
  "Comments": [
    "Carroll Springer says:How do I print the receipe & directions?  Worthless without that feature!",
    "Alyssa Rivers says:If you click on ‘jump to recipe’ at the top of the post, it will take you to the recipe card which can be printed.",
    "Phoebe M Downes says:It really was an awesome tuna salad.  I reduced the mayonnaise to make it healthier and the flavor was still there.  Great recipe.",
    "Sue says:Try this",
    "Mac mackie says:Try putting tuna on a toasted English muffin, top with some cheese and put it ion the broiler long enough to meditate the cheese.  Delicious.",
    "Jolene says:I assume since you are adding dill that you are using dill relish and not sweet. Is that correct?",
    "Larry Dean says:Very good.  The second time I made it I substituted finely chopped water chestnut for the celery and left out the dill,  A bit more crunch and it seemed a bit sweeter."
  ]
}