{
  "URL": "https://therecipecritic.com/turkey-charcuterie-board/",
  "Summary": "Gobble gobble your way to Thanksgiving dinner with the cutest turkey charcuterie board there ever was! Guests of all ages will love this fun way to enjoy a snack or appetizer full of meat, cheese, crackers, and lots of fruit!",
  "Metadata": [
    "Prep Time:  15minutes",
    "Total Time:  15minutes",
    "Servings: 15"
  ],
  "Ingredients": [
    "Pear",
    "Blackberries",
    "Raspberries",
    "Strawberries",
    "Spicy Buffalo Cheddar Cheese Trader Joes",
    "Creamy Toscano Cheese Trader Joes",
    "Whole Almonds",
    "Salami",
    "Pepperoni",
    "Red Wine Artisan Salami",
    "Pumpkin Cranberry Crackers Trader Joes",
    "Pumpkin Joe Joe’s Trader Joes"
  ],
  "Instructions": [
    "Cut the whole pear in half starting at the stem and cutting through to the bottom.  Place the cut side down near the bottom of the board.",
    "Add the blackberries by placing them around the pear.",
    "Add the salami slices around the blackberries, followed by the cheese.",
    "Then, add in the nuts, crackers, and raspberries following the same shape of the board.",
    "Fill in the rest of the board by following the order of ingredients in the pictures.",
    "To decorate the turkey, cut some cheddar cheese into a triangle for the beak, and strips for the feet.  Arrange them on the pear so it looks like a real turkey!"
  ],
  "Nutrition": [
    "Calories: 11kcal",
    "Carbohydrates: 3g",
    "Protein: 0.3g",
    "Fat: 0.1g",
    "Saturated Fat: 0.004g",
    "Polyunsaturated Fat: 0.1g",
    "Monounsaturated Fat: 0.01g",
    "Sodium: 0.3mg",
    "Potassium: 42mg",
    "Fiber: 1g",
    "Sugar: 1g",
    "Vitamin A: 24IU",
    "Vitamin C: 10mg",
    "Calcium: 6mg",
    "Iron: 0.2mg",
    ""
  ],
  "Comments": [
    "Lisa says:This looks great. I’m curious where you find the red wine salami. I enjoy all kinds of salami but never heard of that kind.",
    "Alyssa Rivers says:Hi! You can get it at your local grocery store or, if you have one near you, Trader Joe’s has it!"
  ]
}