{
  "URL": "https://therecipecritic.com/turkey-cupcakes/",
  "Summary": "These turkey cupcakes are cute, festive, and oh so delicious! Your kids will love making these and they are perfect for the Thanksgiving season! ",
  "Metadata": [
    "Prep Time:  25minutes",
    "Total Time:  25minutes",
    "Servings:  12Cupcakes"
  ],
  "Ingredients": [
    "12 baked chocolate cupcakes",
    "12 ounces Chocolate frosting store-bought or homemade",
    "12 mini Oreos",
    "24 mini Candy eyeball very small",
    "132 regular Candy corn",
    "6 classic Gummy worms cut in half"
  ],
  "Instructions": [
    "Use your favorite recipe or a box mix to bake your choice of cupcakes. I used my recipe for chocolate cupcakes! Frost the tops of them with chocolate frosting (I used my classic chocolate buttercream frosting) using a frosting spatula or a knife.",
    "Assemble the turkey’s face by using the leftover chocolate frosting as “glue” to add the eyeballs to the mini oreo. Break off or cut the end of the candy corn for the beak, and cut the end of a red gummy worm off to use as the wattle. I made the gummy worm thinner by cutting off the back half and just using the top part for the wattle.",
    "Spread a small smear of frosting on the back of the oreo and press onto the center of the cupcake, just a little bit forward from the direct center.",
    "Use candy corn to create the tail feathers. I used six in the back row and five in the second row. And voila! You’ve got yourself a festive turkey cupcake! Repeat the steps for the remaining cupcakes."
  ],
  "Nutrition": [
    "Serving: 1cupcake",
    "Calories: 163kcal",
    "Carbohydrates: 29g",
    "Protein: 1g",
    "Fat: 5g",
    "Saturated Fat: 2g",
    "Polyunsaturated Fat: 1g",
    "Monounsaturated Fat: 3g",
    "Trans Fat: 1g",
    "Cholesterol: 1mg",
    "Sodium: 89mg",
    "Potassium: 59mg",
    "Fiber: 1g",
    "Sugar: 26g",
    "Vitamin A: 1IU",
    "Vitamin C: 1mg",
    "Calcium: 4mg",
    "Iron: 1mg"
  ],
  "Comments": []
}