{
  "URL": "https://therecipecritic.com/turkey-bacon-ranch-pinwheels/",
  "Summary": "Turkey Bacon Ranch Pinwheels are an easy wrap with turkey, bacon, ranch and cheese and are perfect for an appetizer or lunch!  They are delicious served hot or cold and are sure to please your tastebuds.",
  "Metadata": [
    "Prep Time:  20minutes",
    "Total Time:  20minutes",
    "Servings: 6"
  ],
  "Ingredients": [
    "1 (8-ounce) package softened cream cheese",
    "1 tablespoon ranch seasoning mix",
    "1 cup shredded cheddar cheese",
    "1-2 tablespoons milk",
    "¼ cup thinly sliced chives",
    "12 slices cooked and diced center-cut bacon",
    "4 large 12-inch burrito-sized tortillas",
    "1 head romaine lettuce",
    "¼ pound thinly sliced deli turkey",
    "¼ pound thinly sliced deli ham"
  ],
  "Instructions": [
    "In a bowl, combine the 1 (8-ounce) package softened cream cheese, 1 tablespoon ranch seasoning mix, 1 cup shredded cheddar cheese, 1-2 tablespoons milk (as needed), ¼ cup thinly sliced chives, and 12 slices cooked and diced center-cut bacon. Stir until the ingredients are completely combined and smooth.",
    "Spread about 3 tablespoons of the cream cheese mixture evenly on each 4 large 12-inch burrito-sized tortillas. Then add a single layer of the 1 head romaine lettuce, a single layer of ¼ pound thinly sliced deli turkey, and a single layer of ¼ pound thinly sliced deli ham to each tortilla.",
    "Roll the tortillas tightly, while being gentle. cover them and place them in the fridge for about 20 minutes to firm up the cream cheese mixture.",
    "Remove from the fridge, cut off the ends, and slice the rolled tortillas into 1-inch rounds. serve fresh!"
  ],
  "Nutrition": [
    "Calories: 394kcal",
    "Carbohydrates: 13g",
    "Protein: 19g",
    "Fat: 29g",
    "Saturated Fat: 11g",
    "Polyunsaturated Fat: 4g",
    "Monounsaturated Fat: 11g",
    "Trans Fat: 0.1g",
    "Cholesterol: 66mg",
    "Sodium: 1201mg",
    "Potassium: 240mg",
    "Fiber: 1g",
    "Sugar: 1g",
    "Vitamin A: 690IU",
    "Vitamin C: 1mg",
    "Calcium: 174mg",
    "Iron: 1mg",
    ""
  ],
  "Comments": [
    "Jayni mattes says:What is de steamed spinach?",
    "Alyssa Rivers says:Hello! I’m not quite sure what you are referring to on this recipe, can you please explain?"
  ]
}