{
  "URL": "https://therecipecritic.com/turkey-bolognese-spaghetti-squash/",
  "Summary": "Turkey Bolognese with Roasted Spaghetti Squash is a hearty Italian feast with a low carb twist.",
  "Metadata": [
    "Prep Time:  10minutes",
    "Cook Time:    1hour20minutes",
    "Total Time:    1hour30minutes",
    "Servings:  6servings"
  ],
  "Ingredients": [
    "3 pounds spaghetti squash",
    "2 tablespoons olive oil",
    "salt to taste",
    "1 pound ground turkey",
    "2 tablespoons olive oil",
    "½ cup diced carrots",
    "½ cup minced yellow onion",
    "1 teaspoon minced garlic",
    "1 cup sliced brown mushrooms",
    "3 tablespoons tomato paste",
    "1 (28-ounce) can crushed tomatoes",
    "¼ teaspoon dried oregano",
    "1 teaspoon kosher salt",
    "¼ teaspoon black pepper",
    "½ cup grated parmesan cheese",
    "¼ cup chopped Italian parsley leaves"
  ],
  "Instructions": [
    "Place the oven rack in the center position, preheat oven to 400 degrees Fahrenheit. Line a large baking sheet with foil.",
    "Cut 3 pounds spaghetti squash into 1-inch wide rings, scoop out the seeds, and transfer to a baking sheet. Lightly brush the rings with 2 tablespoons olive oil and sprinkle with salt to taste on both sides.",
    "Roast the squash until tender, about 35 to 40 minutes. Cool slightly and then use a fork to remove and separate the strands.",
    "Heat 2 tablespoons olive oil over medium-high heat in a large heavy saucepan. Add 1 pound ground turkey and cook the meat, stirring occasionally, about 5 to 7 minutes. Transfer the cooked meat to a medium-sized bowl.",
    "Turn the heat down to medium-low. Add ½ cup diced carrots and ½ cup minced yellow onion and cook until the vegetables begin to soften, 4 to 5 minutes. Add 1 teaspoon minced garlic and cook for 1 minute. Add 1 cup sliced brown mushrooms cook for 2 minutes. Add 3 tablespoons tomato paste and cook for 1 minute.",
    "Add the browned meat, 1 (28-ounce) can crushed tomatoes, ¼ teaspoon dried oregano, 1 teaspoon kosher salt, and ¼ teaspoon black pepper then stir well to combine.",
    "Simmer the sauce over medium-low heat. Cover the pan, leaving a small opening for steam to escape.",
    "Cook sauce until the meat is tender and the flavors have melded, at least 30 minutes to 1 hour, stirring every 10 minutes. Add some water if the sauce starts to look dry.",
    "Top the roasted spaghetti squash with turkey bolognese sauce and garnish with ½ cup grated parmesan cheese and ¼ cup chopped Italian parsley leaves."
  ],
  "Nutrition": [
    "Calories: 312kcal",
    "Carbohydrates: 26g",
    "Protein: 24g",
    "Fat: 14g",
    "Saturated Fat: 3g",
    "Polyunsaturated Fat: 2g",
    "Monounsaturated Fat: 8g",
    "Trans Fat: 0.01g",
    "Cholesterol: 49mg",
    "Sodium: 846mg",
    "Potassium: 994mg",
    "Fiber: 6g",
    "Sugar: 13g",
    "Vitamin A: 2475IU",
    "Vitamin C: 19mg",
    "Calcium: 173mg",
    "Iron: 3mg",
    ""
  ],
  "Comments": [
    "SueskiNH says:I made it with ground chicken and added red wine instead of water or broth. Very delicious and light!",
    "Brandy says:I’m with Andrea.  How many calories is this dish?  There is no way it is 1500 for a serving.",
    "Alyssa Rivers says:Hi! That is for the entire dish, not per serving. It will be about 300-500 calories per serving depending on your serving size.",
    "Kirsten says:Great recipe! What is the serving size the nutrition facts are based on?",
    "Alyssa Rivers says:Each serving is about 1 and a half cups’ worth!",
    "Jeff A. says:Very good and healthy meal that could whip up with what we had around the kitchen. Loved the “rings” of spaghetti squash as a new way to cook rather than just halving the squash…cooked faster and was less watery. So filling and delicious.",
    "Helen Gedzelman says:Omg this is so good.  I had left over turkey and used that.   Instead of water to thin out sauce used lo sodium chicken broth.  Added more garlic. This dish is a keeper",
    "Kim Teweles says:Making this for the second time in a week! Soooo good!",
    "Cara says:This dish was really great. I omitted the carrots because I ran out, but followed everything else exactly and it was fabulous. Definitely will make again! Thanks for the delicious recipe.",
    "Nilian Velasquez says:Thanks girl… u got me outta what’s for dinner jam… easy enough … used whatever I had on hand and added lots of seasoning to spice things up …",
    "Judi Murray says:While Sheltering in Place in Chicagoland I have been cooking all kinds of new dishes and this is one of our favorites so far!  So delicious and so healthy!  I am going to definelty explore your other recipes!  Thanks for sharing this!",
    "Sheena says:I really enjoyed this straightforward tasty recipe. I had never used the roasting method of cutting the squash into 1 inch rounds before and found it very easy and now preferred over the “boat.” I roasted the squash for 40 minutes and prepped the sauce during that time frame. Simmered the sauce for 1 hour and would have let it go longer but the buttery squash was so tasty it would have been eaten up if we waited any longer!",
    "Christy Balcita says:Just a tip, onions and garlic are always cooked before the meat. They sauté much better when they go in first.",
    "Sheila Wilhide says:How many services is this nutritional information for?",
    "Alyssa Rivers says:I am in the process of adding in nutritional information at this time. In the mean time you can use myfitnesspal.com.",
    "Annette Burke says:Do you have the nutritional information for this recipe?",
    "Alyssa Rivers says:I like to use myfitnesspal.com or skinny taste.com for any nutritional information that you may have.",
    "Cecelia says:My 16 year old son choose this dish for dinner. I tweaked it a little bit. It was amazing we loved it!",
    "Cecelia says:My 16 year old choose this fish for dinner, I  tweaked it a little bit, but  It was amazing.",
    "andrea porto says:this stuff is sinfully delicious. how many weight watcher points is it do you know?",
    "Alyssa Rivers says:I am not affiliated with Weight Watchers. You will have to seek out their assistance.",
    "Andrea Porto says:Is this dish really 1500 calories?????? How can that be right??? Is that for the whole pot??? Holy vow"
  ]
}