{
  "URL": "https://therecipecritic.com/turkey-stuffing-balls/",
  "Summary": "Turkey Stuffing Balls capture the taste of Thanksgiving in a single bite! Made with tender turkey, flavorful stuffing, and mashed potatoes. They’re rolled into perfectly poppable bites and served with rich gravy for dipping. ",
  "Metadata": [
    "Prep Time:  10minutes",
    "Cook Time:  20minutes",
    "Total Time:  30minutes",
    "Servings:  40balls"
  ],
  "Ingredients": [
    "2 cups cooked finely shredded turkey, leftovers or fresh",
    "2 ½ cups prepared stuffing, leftovers or fresh",
    "2 ½ cups mashed potatoes, leftovers or fresh",
    "Salt and pepper to taste",
    "plain breadcrumbs, as needed"
  ],
  "Instructions": [
    "Preheat oven to 375 degrees Fahrenheit. Line a baking sheet with parchment paper and set aside.",
    "Heat the 2 ½ cups prepared stuffing, and 2 ½ cups mashed potatoes, leftovers in the microwave for about a minute so they are easier to work with.",
    "In a large bowl mix 2 cups cooked finely shredded turkey,stuffing, mashed potatoes, and Salt and pepper to taste.",
    "Once the ingredients are thoroughly incorporated, shape them into about 1-inch balls. If the mixture isn’t holding together, add in plain breadcrumbs, two tablespoons at a time until they hold their shape.",
    "Place the formed balls onto the prepared baking sheet and bake for 15-20 minutes, turning halfway through baking.",
    "Remove the meatballs from the oven and serve fresh with gravy or cranberry sauce."
  ],
  "Nutrition": [
    "Serving: 1ball",
    "Calories: 43kcal",
    "Carbohydrates: 6g",
    "Protein: 2g",
    "Fat: 1g",
    "Saturated Fat: 0.3g",
    "Polyunsaturated Fat: 0.4g",
    "Monounsaturated Fat: 1g",
    "Trans Fat: 0.001g",
    "Cholesterol: 5mg",
    "Sodium: 72mg",
    "Potassium: 67mg",
    "Fiber: 1g",
    "Sugar: 0.4g",
    "Vitamin A: 42IU",
    "Vitamin C: 3mg",
    "Calcium: 6mg",
    "Iron: 0.2mg"
  ],
  "Comments": [
    "Yvonne says:I’m going to try these recipes a try .  Can’t wait to share with family and friendsThank you .Merry Christmas ❣️",
    "Alyssa Rivers says:Awww, thanks Yvonne! Merry Christmas to you too!",
    "Karen says:Would adding some cranberry sauce to mix work.",
    "Alyssa Rivers says:Hi Karen, thank you for your question. I’m not sure, I would be worried that adding too much moisture would make them fall apart, but you could definitely try! I would actually recommend making a cranberry sauce that you could dip the turkey balls in to get that yummy cranberry flavor with them! Let me know what you decide and how they turned out!"
  ]
}