{
  "URL": "https://therecipecritic.com/turkey-salad/",
  "Summary": "This Turkey Salad is a fresh, satisfying dish loaded with fruit, veggies, and nuts. It comes together quickly and is the perfect way to use up leftover turkey from Thanksgiving!",
  "Metadata": [
    "Prep Time:  15minutes",
    "Total Time:  15minutes",
    "Servings:  6people"
  ],
  "Ingredients": [
    "2 ½ cups leftover turkey meat, chopped",
    "1/2 cup dried cranberries",
    "1 cup pecans,  chopped",
    "4 green onions,  chopped",
    "1/2 cup celery, finely diced",
    "1 cup mayonnaise",
    "1/2 lemon, juiced",
    "1 tablespoon Dijon mustard",
    "salt and pepper to taste"
  ],
  "Instructions": [
    "In a medium-sized bowl, combine 2 ½ cups leftover turkey meat,1/2 cup dried cranberries, 1 cup pecans, 4 green onions,  and 1/2 cup celery,.",
    "In another bowl, whisk together 1 cup mayonnaise, 1/2 lemon, and 1 tablespoon Dijon mustard.",
    "Add the mayonnaise mixture to the turkey mixture. Stir to combine, then season with salt and pepper to taste.",
    "Serve with croissants, romaine, or with crackers."
  ],
  "Nutrition": [
    "Serving: 1serving",
    "Calories: 472kcal",
    "Carbohydrates: 13g",
    "Protein: 16g",
    "Fat: 41g",
    "Saturated Fat: 6g",
    "Polyunsaturated Fat: 21g",
    "Monounsaturated Fat: 13g",
    "Trans Fat: 0.1g",
    "Cholesterol: 55mg",
    "Sodium: 342mg",
    "Potassium: 277mg",
    "Fiber: 3g",
    "Sugar: 9g",
    "Vitamin A: 172IU",
    "Vitamin C: 7mg",
    "Calcium: 35mg",
    "Iron: 1mg"
  ],
  "Comments": [
    "Angie Reed says:Loved this recipe!! Now I will not hate left over turkey! Thank you so much!",
    "Alyssa Rivers says:No problem, I hope you love it as much as I do!!"
  ]
}