{
  "URL": "https://therecipecritic.com/turkey-meatloaf/",
  "Summary": "This tasty turkey meatloaf is light and lean but filled with so much flavor! Each bite is perfectly seasoned and tender, you'll love it!",
  "Metadata": [
    "Prep Time:  10minutes",
    "Cook Time:  1hour",
    "Total Time:    1hour10minutes",
    "Servings:  6slices"
  ],
  "Ingredients": [
    "2 pounds ground turkey",
    "1 small onion chopped",
    "3 Tablespoons fresh parsley chopped",
    "1 cup Italian Bread Crumbs",
    "1 Tablespoon Worcestershire sauce",
    "2 large eggs",
    "1 teaspoon garlic powder",
    "1/2 teaspoon kosher salt",
    "1/4 teaspoon pepper",
    "1/4 cup ketchup",
    "1 Tablespoon balsamic vinegar",
    "1 Tablespoon brown sugar"
  ],
  "Instructions": [
    "Preheat oven to 350 degrees. In a large bowl combine ground turkey, onion, parsley, Italian breadcrumbs, Worcestershire sauce, eggs, garlic powder, salt, and pepper. Use your hands to mix until combined being careful not to overmix. Press into a 9×5 inch loaf pan lined with parchment paper.",
    "In a small bowl whisk together ketchup, vinegar, and brown sugar. Brush half of the mixture on the top of the meatloaf.",
    "Bake in preheated oven for 50 minutes. Brush the remaining glaze on top for the last 10 minutes. Bake until the beef is cooked throughout and 160 degrees."
  ],
  "Nutrition": [
    "Calories: 300kcal",
    "Carbohydrates: 21g",
    "Protein: 41g",
    "Fat: 6g",
    "Saturated Fat: 2g",
    "Polyunsaturated Fat: 2g",
    "Monounsaturated Fat: 2g",
    "Trans Fat: 1g",
    "Cholesterol: 145mg",
    "Sodium: 683mg",
    "Potassium: 610mg",
    "Fiber: 1g",
    "Sugar: 7g",
    "Vitamin A: 389IU",
    "Vitamin C: 5mg",
    "Calcium: 64mg",
    "Iron: 3mg",
    ""
  ],
  "Comments": []
}