{
  "URL": "https://therecipecritic.com/turkey-brine-recipe/",
  "Summary": "Turkey Brine creates a tender, moist and juicy turkey with sweet citrusy flavoring and a hint of spice all submerged in a water bath for your turkey to soak from the inside-out. Make your turkey irresistible this holiday season!",
  "Metadata": [
    "Prep Time:  5minutes",
    "Total Time:    1day5minutes",
    "Servings:  8people"
  ],
  "Ingredients": [
    "1 gallon warm water",
    "1 cup salt",
    "1 orange sliced",
    "1 medium onion quartered",
    "1 lemon sliced",
    "2 sprigs rosemary",
    "2 sprigs thyme",
    "3 tablespoons peppercorn",
    "1 turkey"
  ],
  "Instructions": [
    "Place the turkey in a large pot.  In a large bowl add 1 gallon warm water and 1 cup salt. Stir to dissolve. Pour the water over the turkey and add 1 orange, 1 medium onion, 1 lemon, 2 sprigs rosemary, 2 sprigs thyme, and 3 tablespoons peppercorn. Add more water if needed to make sure that the turkey is fully submerged.",
    "Cover the pot and place into the fridge for 1-3 days.  Before you roast the turkey, place it on a rack and pat to dry with a paper towel.",
    "Follow my turkey recipe for instructions on how to cook the turkey."
  ],
  "Nutrition": [
    "Calories: 481kcal",
    "Carbohydrates: 7g",
    "Protein: 71g",
    "Fat: 18g",
    "Saturated Fat: 5g",
    "Cholesterol: 232mg",
    "Sodium: 14533mg",
    "Potassium: 839mg",
    "Fiber: 2g",
    "Sugar: 3g",
    "Vitamin A: 250IU",
    "Vitamin C: 17mg",
    "Calcium: 88mg",
    "Iron: 3mg"
  ],
  "Comments": [
    "Margo Landry Anderson says:I will try your turkey stuffing for Christmas this year,as l am Canadian , no Thanksgiving this week for me. Happy Thanksgiving!Margo",
    "Kathy says:I just used this recipe for my Thanksgiving day dinner. One thing that should be noted in the recipe is to use Kosher salt, I did not but it is too late. I can’t wait to see how it turns out.",
    "Julie Mushing says:We are planning to smoke our turkey, would you still but it in a brine?",
    "Alyssa Rivers says:I love to brine my turkey but sometimes there is not enough time. It will taste great either way but brining does add flavor and tenderness to the turkey.",
    "David Smith says:To make sure your turkey is cooked to perfection, check the temperature of your turkey in the thickest part of the thigh. It will need to reach 165 degrees Fahrenheit. By thickest part of the thigh…is this in the frontal area or the back?",
    "Alyssa Rivers says:I like to check a few spots just to make sure. Hope that helps!"
  ]
}