{
  "URL": "https://therecipecritic.com/turkey-taco-stuffed-avocados/",
  "Summary": "Taco stuffed avocados are a healthy twist on tacos and you will love the textures of this flavorful version. Ripe avocados stuffed with seasoned beef and loaded with all your favorite taco toppings!",
  "Metadata": [
    "Prep Time:  5minutes",
    "Cook Time:  5minutes",
    "Total Time:  10minutes",
    "Servings:  6people"
  ],
  "Ingredients": [
    "1 pound ground beef",
    "1 tablespoon chili powder",
    "1/2 teaspoon salt",
    "3/4 teaspoon cumin",
    "1/2 teaspoon dried oregano",
    "1/4 teaspoon garlic powder",
    "1/4 teaspoon onion powder",
    "4 ounces tomato sauce",
    "3 avocados, halved",
    "1 cup shredded cheddar cheese",
    "1/4 cup cherry tomatoes, sliced",
    "1/4 cup lettuce, shredded",
    "cilantro",
    "sour cream"
  ],
  "Instructions": [
    "Add the ground beef to a medium-sized skillet then cook over medium heat until browned.",
    "Add all of the seasonings and the tomato sauce. Stir to combine. Cook for about 3-4 minutes.",
    "Slice the avocados in half lengthwise then remove the pits. Load the crater left from the pit with the taco meat.",
    "Top with cheese, tomatoes, lettuce, cilantro, and sour cream. Enjoy!"
  ],
  "Nutrition": [
    "Calories: 278kcal",
    "Carbohydrates: 2g",
    "Protein: 18g",
    "Fat: 22g",
    "Saturated Fat: 10g",
    "Cholesterol: 73mg",
    "Sodium: 483mg",
    "Potassium: 311mg",
    "Fiber: 1g",
    "Sugar: 1g",
    "Vitamin A: 665IU",
    "Vitamin C: 1.3mg",
    "Calcium: 159mg",
    "Iron: 2.2mg"
  ],
  "Comments": [
    "brandy says:sounds really yummy. giving it a go for tonights dinner. thank you for the reciepe.",
    "Sabrina says:great idea, love this swap for tortillas, and don’t always miss them with the rest of these ingredients, thank you!",
    "Elle W says:This is perfect for my portion control eating plan! Thank you! Scooping part of the avocado out makes room for the yummy filling. Looks very pretty with the extra avocado diced on top!",
    "Ginger says:How many net carbs ???",
    "Alyssa Rivers says:I like to use myfitnesspal.com or skinnytaste.com for any nutritional information. Hope that helps! XOXO",
    "Mary Freeman says:I tried this about a month ago and again tonight and I think it’s my new favorite!  I’ve been trying to get healthy fats in my diet and not only are the avocados great but I don’t know that I’ll even need the sour cream!  Thanks for this recipe",
    "Jerry walker says:Looks good.",
    "lois shofstahl says:excellent.",
    "Angela says:I am really tired of cooking the same boring stuff. I want to learn how to cook all these foods that u have in these pictures with the recipes.Thanks, from Angela",
    "maria ramirez says:very good meal  thank you",
    "Ondrea says:Any nutritional values available for this recipe? It looks good but I also have to watch my fat & calorie intake as well as carbs. I’m diabetic and always looking for good, low-fat, low-calorie, & low-carb recipes.",
    "Alyssa Rivers says:I like using skinnytaste.com or myfitnesspal.com for any nutritional questions. Hope you are able to find what you are needing! XOXO",
    "Mark Haswell says:I made this for the first time today, and it was very good! The only suggestion I would make, and some thing I will try next time, is to scoop the avocado “meat” out and mash it up, then put it back in the shell, with the fixings on top. That would make it easier to eat.",
    "Hope says:Great idea! We scooped the entire inside out smeared half back in then topped. Much easier to eat. I also tried slicing in 8ths without taking much out. Either way. FANTASTIC fun recipe!",
    "Kool Breez says:You can even mix the mashed avocado with the meat mixture, then fill the empty avocado shell back up with the mixture. It is very yummy, and a few drops of lemon juice keeps it from turning brown, although it is still good, just not pretty anymore.",
    "Michelle says:I want to learn to cook",
    "Ashley says:How many servings is this?",
    "Alyssa Rivers says:This serves 6 people. Enjoy!! XOXO",
    "D says:What is the calorie breakdown for the guacamole taco and my co worker is a diabetic.  And by the way yummy.  Will be eating weekly",
    "Alyssa Rivers says:I have found the best way to get nutritional info on all of the recipes is through MyFitnessPal.com. You just type in the recipe and it tells you! Skinnytaste.com is also a great resource for healthy and delicious meals and provides nutritional info. Hope this helps! XOXO",
    "Kathy says:Oh, Thank You!!!!"
  ]
}