{
  "URL": "https://therecipecritic.com/turkey-pot-pie/",
  "Summary": "This turkey pot pie is a hearty and classic dinner! It has a flakey crust and a creamy, vegetable and turkey filling that your entire family will go crazy over! ",
  "Metadata": [
    "Prep Time:  20minutes",
    "Cook Time:  30minutes",
    "Total Time:  50minutes",
    "Servings:  8slices"
  ],
  "Ingredients": [
    "1 package homemade pie crust refrigerated pie crust, or puff pastry at room temperature",
    "2 Tablespoon butter",
    "1/2 onion, diced",
    "2 stalks celery, chopped",
    "2 medium carrots, chopped",
    "2 teaspoon garlic, minced",
    "1/2 teaspoon dried thyme",
    "1 teaspoon dried parsley",
    "3 cups cooked turkey, shredded",
    "1/2  cup frozen peas (added last)",
    "4 Tablespoons butter",
    "1/2 cup flour",
    "2 cups chicken broth",
    "1/8  teaspoon nutmeg",
    "1/2 teaspoon salt, or to taste",
    "1/2 teaspoon pepper, or to taste",
    "1 cup heavy cream or half & half"
  ],
  "Instructions": [
    "Preheat oven to 375°F. Line a 9 or 10-inch pie dish with one of the packaged pie crusts. Set aside. The other crust will be saved for the top.",
    "Melt the butter in a large skillet over medium-high heat. Add the onion, celery, and carrots.  Cook until vegetables are tender, about 5 minutes.",
    "Add the garlic and cook for 1 minute. Add the cooked shredded turkey.  Stir all the ingredients together and cook for an additional minute. You can add a splash of chicken broth if the mixture seems a little dry.",
    "Stir in the frozen peas. Remove from heat and prepare the sauce.",
    "In a large saucepan, melt the butter over medium-high heat. Gradually add the flour and stir into a paste.",
    "Add the chicken broth and whisk together until the sauce starts to thicken.  Add the parsley, thyme, nutmeg, salt, and pepper.  Stir until all the ingredients are incorporated.",
    "Stir in the heavy cream. Cook over medium heat, and stir constantly until the sauce thickens.",
    "Pour the sauce over the vegetable/turkey mixture. Stir to combine.",
    "Fill the pie crust in the prepared pan. Top with the second pie crust and form pie edges. Cut and X in the middle of the crust with a knife.",
    "Bake for 1 hour or until fully baked. Remove from oven and let the pie sit for 10 minutes before serving."
  ],
  "Nutrition": [
    "Serving: 1slice",
    "Calories: 377kcal",
    "Carbohydrates: 37g",
    "Protein: 5g",
    "Fat: 23g",
    "Saturated Fat: 10g",
    "Polyunsaturated Fat: 2g",
    "Monounsaturated Fat: 9g",
    "Trans Fat: 1g",
    "Cholesterol: 23mg",
    "Sodium: 535mg",
    "Potassium: 222mg",
    "Fiber: 3g",
    "Sugar: 2g",
    "Vitamin A: 2929IU",
    "Vitamin C: 10mg",
    "Calcium: 33mg",
    "Iron: 2mg"
  ],
  "Comments": [
    "Barbara says:I love turkey pie – but I’m a senior on my own so I look to see how I can freeze portions for later use.  I was trying to figure out what you meant with your freezing instructions.  When you say “make as directed and let cool” – is this before or after you bake.  (ie will the crust be cooked or uncooked).  How to Make Turkey Pot Pie Ahead of TimeIf you are trying to meal prep, this is a fantastic meal to make ahead of time and freeze.    Freeze: Make the pie as directed and let it cool completely. Then, cover it in plastic and then wrap it in some foil. Make sure to label the foil with the date. This can last in your freezer for up to 3 months!    Reheat: Preheat your oven to 375 degrees. Unwrap your pie and cook it for 75-85 minutes until it is bubbly and golden.Thanks",
    "Donna says:We really enjoyed this!Need to taste the mixture prior to adding to the pie shell. Mine, I felt, needed more salt…I also added an egg wash over the crust which made the pie shiny and golden brown.We loved this, and would definitely make it again! Thank you!",
    "Denise says:It was so good!I used 1 1/2 lb of chicken breasts cooked.It served 4 hungry people!I only used a top crust in a 10 inch  Le CreusetSkillet. Will make again and again for sure!"
  ]
}