{
  "URL": "https://therecipecritic.com/turkey-gravy/",
  "Summary": "Turkey gravy is rich, thick, and creamy! This gravy takes less than 15 minutes to make! Once you drizzle it all over your turkey and potatoes, well, you will use this recipe for every holiday season!",
  "Metadata": [
    "Prep Time:  5minutes",
    "Cook Time:  10minutes",
    "Total Time:  15minutes",
    "Servings:  12people"
  ],
  "Ingredients": [
    "Pan Drippings from 12-14 pound turkey",
    "1 1/2-2 cups chicken broth",
    "1/4 cup flour",
    "salt and pepper to taste"
  ],
  "Instructions": [
    "In a saucepan or roasting pan allow the drippings to deglaze over medium-high heat.  Whisk in 1 cup chicken broth and skim large pieces of fat.",
    "Whisk in flour and continue to simmer until lumps have dissolved and gravy has thickened.  Add an additional 1/2 cup- 1 cup chicken broth to get the desired thickness. Salt and Pepper to taste."
  ],
  "Nutrition": [
    "Calories: 11kcal",
    "Carbohydrates: 2g",
    "Protein: 1g",
    "Fat: 1g",
    "Saturated Fat: 1g",
    "Sodium: 108mg",
    "Potassium: 24mg",
    "Fiber: 1g",
    "Sugar: 1g",
    "Vitamin C: 2mg",
    "Calcium: 2mg",
    "Iron: 1mg"
  ],
  "Comments": [
    "John Jones says:Thanks can’t wait until Thanksgiving day to serve those delicious recipes put together Thanks John Casey Jones",
    "Brenda Cook says:Your recipes that I have tried so far is wonderful! Thank you for sharing them with me",
    "Pam Campbell says:I love your recipes and am now looking at your Thanksgiving menu. I am not sure if you have tried this, I’m sure you have, but the best thing I learned is to cook the turkey 1 to 2 days before the big day.  Cook the turkey as you normally do, I like my stuffed.  Take it out of the oven 30 to 45 minutes before it is done.  (still red/pink around the bone).  I let it cool, remove the stuffing and microwave it so no raw juices are left in it, about 6 minutes.  Cut the breast down against the back bone and across the bottom in one big chunk. Slice the breast starting from the small end.  This comes so much juicer.Lay all your pieces back into the baking pan and make it pretty.  Remove some of the best juices for your gravy. Add can chicken or turkey broth to cover most of the turkey, cover the turkey and keep cold.  Thanksgiving day, just pop into a hot over 425 degrees and finish cooking.  Your turkey, gravy, stuffing and I pre make my mash potatoes are done and no mess Thanksgiving day.  I use a large foil pan to cook and serve in and double it up with another foil pan so if it gets picked with a fork, no juices are spilled. Best thing I ever learned.Thank you and love your posts.",
    "Patrick says:You can also use the gizzard to make a gravy as well. Usually just reserve 1-2T of the herb butter, and make sure to sear the gizzard before everything. Then add your desired amount of chicken stock depending on how much you are looking to make. 2-4 C is usually fine. Ones it comes to a simmer, I add the herb butter. Salt and pepper to taste. Can also add a little more of the herbs if you do so desire, but you can also add the drippings from the turkey directly into the premade gravy and let it simmer for 15 min.",
    "Anniedav says:All purpose flour is much better for the roux as cornflour dies not stay thick when reheated",
    "Cheryl says:I use turkey broth rather than chicken (either homemade or Better than Bouillon) to keep keep the flavor profile all turkey.",
    "Debbie says:We are going away for thanksgiving this year.  Can I make this ahead of time and freeze either just the drippings or even a completed gravy?",
    "Alyssa Rivers says:Yes, just slowly warm it up when reheating so it does not get too hot and separate. Enjoy!"
  ]
}