{
  "URL": "https://therecipecritic.com/turkey-burgers/",
  "Summary": "These Turkey Burgers are loaded with flavor and perfect for summer grilling! Easy to prep ahead and freeze to enjoy all summer long. ",
  "Metadata": [
    "Prep Time:  10minutes",
    "Cook Time:  12minutes",
    "Total Time:  22minutes",
    "Servings:  4burgers"
  ],
  "Ingredients": [
    "1 pound ground turkey",
    "¼ cup plain bread crumbs",
    "1 tablespoon dijon mustard",
    "1  tablespoon worchestershire sauce",
    "3 teaspoons minced garlic",
    "1  large egg",
    "½ teaspoon salt",
    "¼ teaspoon ground black pepper"
  ],
  "Instructions": [
    "Preheat the grill to medium-high heat.",
    "In a large bowl, combine 1 pound ground turkey, ¼ cup plain bread crumbs, 1 tablespoon dijon mustard , 1  tablespoon worchestershire sauce , 3 teaspoons minced garlic, 1  large egg, ½ teaspoon salt, and ¼ teaspoon ground black pepper.",
    "Shape the meat mixture into four large patties. Place the patties on the preheated grill and grill on each side for 5-6 minutes or until they reach an internal temperature of 165 degrees Fahrenheit.  Serve warm with your desired toppings and favorite buns."
  ],
  "Nutrition": [
    "Calories: 181kcal",
    "Carbohydrates: 7g",
    "Protein: 30g",
    "Fat: 4g",
    "Saturated Fat: 1g",
    "Polyunsaturated Fat: 1g",
    "Monounsaturated Fat: 1g",
    "Trans Fat: 0.03g",
    "Cholesterol: 109mg",
    "Sodium: 513mg",
    "Potassium: 415mg",
    "Fiber: 1g",
    "Sugar: 1g",
    "Vitamin A: 103IU",
    "Vitamin C: 1mg",
    "Calcium: 34mg",
    "Iron: 2mg",
    ""
  ],
  "Comments": [
    "sue buresh says:Can I use a air fryer for this recipe? I don’t have a grill..",
    "Alyssa Rivers says:Sure! Just try out this recipe instead: Air Fryer Turkey Burgers",
    "Chelsea says:Hey there! I see in the pictures and description you said these pictures have lots of herbs and seasoning but I only see salt and pepper in the ingredients list? Was there something I was missing? Thank you!",
    "Alyssa Rivers says:Hello! Everything on the recipe card is used to season the turkey burger as you mix all of those ingredients together with the turkey meat before forming a patty! Let me know if you try them and how they turn out for you! 🙂",
    "Sue says:You mentioned adding bbq sauce but it’s not on the ingredients list. Do I add it or not and if so how much. Thanks",
    "Alyssa Rivers says:That is just a topping. You are welcome to add as little or as much as you would like on your burger.",
    "Jan says:If you use a burger press, you can forgo adding egg, bread crumbs ,etc. pop in your ground turkey and ur good. I’ve not grilled them fresh. I make a lot, freeze them , pull out and thaw",
    "Susan says:These burgers are juicy and delicious!  I cooked them in a cast iron pan immediately after patting them out. I cooked to 165, checked with my Thermapen, and had burger perfection!",
    "Emily Van Zante says:I used 24 oz of all natural ground turkey so it was super smooth then doubled the recipe and omitted the garlic (too much spice for kiddos). I cooked them on a blackstone griddle with olive oil and butter for about 10 minutes. I smashed them with a hamburger press while cooking and added cheese at the end. Super delicious and moist! Thanks for sharing. Hubs and I ate with no bun and Frank’s hot sauce.",
    "Cheryl says:Very good! Made per recipe but I cooked over fairly high heat in a non stick pan. Stayed together and browned nicely.",
    "Kim C says:These are delicious. I’ve made them exactly as directed in the recipe a few times now BUT I cannot get the burger to stay together when cooked. The flavor is spot on so I’m afraid to use more burger or bread crumbs. Any suggestions?",
    "Alyssa Rivers says:I am sorry that it is crumbling on you. I would suggest adding a scrambled egg to help bind it.",
    "Best Restaurants In Flagstaff says:very delicious it looks. I will surly try this receipy. Thanks for sharing it with us.",
    "olivia says:This looks so simply and delicious! I have to give this a try 😉 I’ve been trying to eat lean meat more so this is perfect for me. Thank you for sharing your recipe!"
  ]
}