{
  "URL": "https://therecipecritic.com/turkey-seasoning/",
  "Summary": "Look no further for the BEST turkey seasoning recipe you will ever make! The combination of herbs and spices in this rub will flavor your turkey to perfection and it will be your go-to turkey rub.",
  "Metadata": [
    "Prep Time:  5minutes",
    "Total Time:  5minutes",
    "Servings: 1"
  ],
  "Ingredients": [
    "2 teaspoons thyme",
    "2 teaspoons Rosemary",
    "2 teaspoons sage",
    "2 teaspoons parsley",
    "1 teaspoon paprika",
    "1 tablespoon Kosher salt",
    "1 teaspoon pepper",
    "1 teaspoon garlic powder",
    "1 teaspoon onion powder"
  ],
  "Instructions": [
    "Place all of the ingredients into a bowl and whisk to combine.",
    "Rub the seasoning all over the turkey making sure to get the top and bottom. Then cook your seasoned turkey according to your recipe.",
    "If you aren't using it right away, store it in a sealed container for up to 2 months."
  ],
  "Nutrition": [
    "Calories: 38kcal",
    "Carbohydrates: 8g",
    "Protein: 2g",
    "Fat: 1g",
    "Saturated Fat: 0.2g",
    "Polyunsaturated Fat: 0.3g",
    "Monounsaturated Fat: 0.1g",
    "Sodium: 6982mg",
    "Potassium: 174mg",
    "Fiber: 3g",
    "Sugar: 0.4g",
    "Vitamin A: 1209IU",
    "Vitamin C: 7mg",
    "Calcium: 73mg",
    "Iron: 2mg",
    ""
  ],
  "Comments": [
    "Theresa Buhl says:This was amazing!!!I will be using this rub again and again!! The gravy from the drippings was the best I’ve ever made in 30 years!!!",
    "Gwenn Pruitt says:Thankyou ❤️",
    "Katina says:In a pot, I added all of these herbs with butter. Melted it down and let it infuse.  Once complete, I strained the butter to a bowl which I injected into the turkey. Then rubbed the remaining herbs and butter all over the turkey.Turned out great, thank you for the recipe!",
    "DavidK93 says:This was fantastic!  I added it to a gravy recipe made from roux, wine, and stock, replacing that recipe’s spices, and I was tempted to lick the raw gravy!  (I resisted.)  For the size of my bird, I halved your recipe, and then I also tweaked down the salt because you specifically mentioned that option and I know I don’t like overly salty foods.  Half of a tablespoon of salt would have been 1.5 tsp, but instead I did 0.5 tsp of salt and 0.5 tsp of MSG.",
    "Melissa see says:Awesome!",
    "Gerry says:Made the best seasoned turkey ever! And the gravy was fantastic!",
    "Alyssa Rivers says:I’m so happy you liked it!! Happy Thanksgiving!",
    "Deena says:I applied the rub and used olive oil on a turkey breast in a Ninja Foodi all-in-one air-fryer.  I’m keeping this recipe for all turkey days forward.It was fantastic!",
    "Alyssa Rivers says:Sounds great!! Thanks for trying it!",
    "Darlene says:Can I mix with butter and put under skin",
    "Alyssa Rivers says:You definitely can!",
    "Kenzie says:Perfect seasoning recipe! We mixed with 2 sticks of softened butter and rubbed mix under and on top of turkey skin."
  ]
}