{
  "URL": "https://therecipecritic.com/turkey-noodle-soup/",
  "Summary": "Making a big pot of turkey noodle soup is the best way to use up your Thanksgiving leftovers! It’s creamy, savory, and filled with delicious herbs and veggies! Your family is going to love this easy, hearty meal.",
  "Metadata": [
    "Prep Time:  10minutes",
    "Cook Time:  18minutes",
    "Total Time:  28minutes",
    "Servings: 6"
  ],
  "Ingredients": [
    "4 tbsp butter",
    "1/2 onion, diced",
    "3 carrots, peeled and diced",
    "2 celery stalks, diced",
    "1 tsp garlic, minced",
    "1 1/2 tsp dried thyme",
    "1 tsp dried parsley",
    "1/2 tsp dried basil",
    "1/3 cup flour",
    "8 cups turkey broth (or chicken)",
    "4 cups turkey (shredded)",
    "12 oz canned evaporated milk",
    "1 1/2 tsp salt or more to taste",
    "1/2 tsp pepper or more to taste",
    "12 oz dried homemade style egg noodles",
    "1 cup frozen peas (added last)"
  ],
  "Instructions": [
    "In a large pot over medium high heat, add the butter and melt.  Add the onion, carrots, and celery.  Cook and stir until vegetables are softened.  Stir in garlic, thyme, parsley, and basil, and cook for 1 minute.",
    "Sprinkle the flour over the cooked vegetables.  Stir until a paste forms.",
    "Add the broth, thyme, parsley, and basil, and whisk for about 5 minutes or until the mixture starts to slightly thicken.",
    "Add the shredded turkey, evaporated milk, and noodles to the pot.  Reduce the heat to low and simmer for about 15 minutes, or until the noodles are tender.  Stir in the frozen peas and cook an additional 5 minutes.",
    "Before serving, adjust the seasoning by adding salt and pepper if needed.  The seasoning will need to be adjusted depending on how seasoned the turkey is that you are using.  Garnish with fresh parsley!"
  ],
  "Nutrition": [
    "Calories: 410kcal",
    "Carbohydrates: 35g",
    "Protein: 32g",
    "Fat: 16g",
    "Saturated Fat: 8g",
    "Polyunsaturated Fat: 1g",
    "Monounsaturated Fat: 4g",
    "Trans Fat: 0.3g",
    "Cholesterol: 122mg",
    "Sodium: 1429mg",
    "Potassium: 690mg",
    "Fiber: 4g",
    "Sugar: 11g",
    "Vitamin A: 5766IU",
    "Vitamin C: 14mg",
    "Calcium: 212mg",
    "Iron: 3mg",
    ""
  ],
  "Comments": [
    "Karen Jackson says:So good! Note: In step 3, there’s a typo adding in the herbs. That is done in step 1. Also, instead of adding in evaporated milk, I used heavy cream. I’m sure either is great. Thank you Alyssa Rivers… absolutely delicious!",
    "Janice Black says:Really good!  Perfect for Thanksgiving leftovers.(A minor note on editing, though . . . the instructions say to add the thyme, parsley, and basil in both step 1 and step 2.)",
    "Ruby says:I made this tonight for hubby who has a cold and served with my leftover homemade yeast dinner rolls .  He loved it.  Made plenty for us to freeze and have at least two more meals!",
    "Erin says:Made this today just the way it’s written. It’s delicious!! This one is a keeper.",
    "GiGi says:I made this tonight and I paired it with some bread that I just baked today. It was delicious!"
  ]
}