{
  "URL": "https://therecipecritic.com/turkey-in-a-bag/",
  "Summary": "Thanksgiving dinner is made easy with this incredibly moist and perfectly cooked turkey in a bag. The oven-safe roasting bag creates a tender and golden turkey with just a few simple steps making this the BEST way to cook a turkey.",
  "Metadata": [
    "Prep Time:  10minutes",
    "Cook Time:    2hours30minutes",
    "Total Time:    2hours40minutes",
    "Servings: 12"
  ],
  "Ingredients": [
    "1 Turkey about 12-18 lbs. (thawed according to package)",
    "1 tablespoon flour",
    "4 tablespoons butter,  softened",
    "1 tablespoon dried Italian seasoning",
    "1 teaspoon garlic powder",
    "1 teaspoon onion powder",
    "1 teaspoon Kosher salt",
    "1 teaspoon cracked black pepper"
  ],
  "Instructions": [
    "Adjust the rack of your oven to be on the second position from the bottom and remove any racks above. Preheat the oven to 350° Farhenheit.",
    "Ensure the pan is at least 2 inches larger than the turkey.  Also, make sure your oven-safe turkey bag is larger than your turkey so it can wrap all the way around it.",
    "Sprinkle 1 tablespoon of flour into the turkey bag.  Shake well making sure to coat the inside of the bag with flour.  Place the bag in the pan and prepare the turkey.",
    "Remove the neck and the bag of giblets from the turkey's cavities.  Rinse the turkey well (inside and outside) and pat dry with paper towels.  Be sure to throw away the paper towels and wash your hands well.",
    "Using string or twine, tie up the turkey legs and the wings together.",
    "Mix together the dried Italian seasonings, onion powder, garlic powder, salt, and pepper.",
    "Rub the outside and inside of the turkey generously with the softened butter. Season well with the mixture of seasonings.",
    "Add the turkey to the bag, breast side up.",
    "Close the bag and seal it with the enclosed nylon tie.  You can also twist it tightly and tie it in a knot.",
    "Tuck the bag into the pan to keep it from touching the element in the oven.",
    "To allow steam to release, cut 5 slits in the top of the bag.",
    "Place the turkey in the oven and bake for about 2 1/2-3 hours.  Cooking time will depend on the size of your turkey.  My turkey was 14 pounds and it took 2 1/2 hours to reach the right temperature.",
    "Refer to the cooking chart enclosed with the baking bag. Check the temperature by placing a thermometer in the thickest part of the turkey thigh. When the internal temperature reaches 165° Farhenheit, it's ready!",
    "Allow the turkey to rest for 10-15 minutes.",
    "Open the bag and carefully remove the turkey to a serving platter.",
    "Garnish around the turkey with sliced fresh parsley or herbs, oranges, lemons, and cranberries.  It will make it festive and beautiful!"
  ],
  "Nutrition": [
    "Serving: 3oz",
    "Calories: 341kcal",
    "Carbohydrates: 1g",
    "Protein: 47g",
    "Fat: 16g",
    "Saturated Fat: 6g",
    "Polyunsaturated Fat: 3g",
    "Monounsaturated Fat: 5g",
    "Trans Fat: 0.3g",
    "Cholesterol: 165mg",
    "Sodium: 465mg",
    "Potassium: 493mg",
    "Fiber: 0.3g",
    "Sugar: 0.2g",
    "Vitamin A: 245IU",
    "Vitamin C: 0.01mg",
    "Calcium: 33mg",
    "Iron: 2mg"
  ],
  "Comments": [
    "Carol says:Where do you buy bags for cooking a turkey in.  And do they come large enough for a 25 pound turkey.  We live in Canada & I have never saw them in our grocery stores.",
    "Alyssa Rivers says:Hi Carol, they are usually easier to find seasonally. I would ask your local grocery store if they have any and if they will be getting any in for the holidays. Here is a link I found to purchase them online through Target, but I’m not sure if you will be able to get them in Canada. If not, I have a new dry brine turkey recipe I will be posting later today. You don’t need a bag for that recipe and it makes the turkey incredibly flavorful and juicy.",
    "Rosemarie says:I saw where you had a recipe for turkey gravey without the drippings.  I can’t seem to find it now today.  Can you send me the recipe. Thanks Rosemarie",
    "Alyssa Rivers says:Hi Rosemarie! I think the recipe you’re looking for is this one for brown gravy. Happy Thanksgiving!",
    "Tonia Walter says:I love this, it is the only way I cook my turkey. So much easier and the turkey stays moist.",
    "Sally says:I have used a bag for years. Best way to cook a Turkey, plus it cooks faster. You get lots of drippings for gravy. I also stuff my turkey with the dressing.",
    "Lesley says:I do all of the steps above except, no holes in the bag, squeeze into a glass baking dish & cook at 70% power in my microwave ?  10-12lb turkey   Been doing it for 35 yrs this way, delicious every time.    .",
    "Jennifer says:I’m going to try this!  I’ve never been in charge of the Turkey before!  Can I use your Oven Baked Herb Turkey recipe and cook it in the bag?  Love the herbs and citrus idea but want to use the bag!",
    "Alyssa Rivers says:I’m sure that would work great!",
    "Marcy Brosseau says:Thank you, Hon! I have seen but never tried it in a bag! Since it will only be John and I, I will try it that way!! Will let you know how we like it! Thanks again, hon….Marcy",
    "Alyssa Rivers says:Oh, this is my new favorite way, you’re going to love it! I don’t know if I will ever go back to cooking it any other way. Let me know what you think!!"
  ]
}