{
  "URL": "https://therecipecritic.com/turtle-cookies/",
  "Summary": "Turtle Cookies are bite-size brownies loaded with pecans, then filled with a creamy caramel center for a rich, decadent holiday cookie! They are always a huge hit and are gone in minutes.",
  "Metadata": [
    "Prep Time:  25minutes",
    "Cook Time:  12minutes",
    "chill:  1hour",
    "Total Time:    1hour37minutes",
    "Servings:  24cookies"
  ],
  "Ingredients": [
    "1 cup all-purpose flour",
    "⅓ cup unsweetened cocoa powder",
    "¼ teaspoon salt",
    "½ cup unsalted butter softened",
    "⅔ cup granulated sugar",
    "1 large egg separated",
    "1 egg white in addition to whole egg",
    "2 tablespoons milk",
    "1 teaspoon vanilla extract",
    "1 ¼ cup pecans finely chopped",
    "14 soft caramel candies",
    "3 tablespoons heavy cream",
    "2 ounces semi-sweet chocolate",
    "1 teaspoon shortening"
  ],
  "Instructions": [
    "Whisk together 1 cup all-purpose flour, ⅓ cup unsweetened cocoa powder, and ¼ teaspoon salt in a medium bowl. Set aside.",
    "Use a hand mixer or a stand mixer fitted with the paddle attachment to beat ½ cup unsalted butter softened and ⅔ cup granulated sugar together on high speed for 3-4 minutes until light and fluffy. Add 1 large egg yolk (set aside egg white for later), 2 tablespoons milk, and 1 teaspoon vanilla extract and mix until incorporated.",
    "Reduce the speed to low and add the flour mixture to the sugar mixture until combined. Wrap the dough in plastic wrap and refrigerate for an hour.",
    "When the dough is nearly finished chilling, preheat the oven to 350 degrees Fahrenheit, line two baking sheets with parchment paper, and set aside.",
    "Scoop and roll the dough into one-inch balls. In a small bowl, whisk 1 egg white with reserved egg white until frothy.",
    "Roll the cookie dough balls in the egg white until fully coated, then roll them in 1 ¼ cup pecans chopped until the outside is coated. I like to press the pecans into the dough gently.",
    "Place the balls on the prepared baking sheets, leaving 2-inch between them. Use a teaspoon to press an indentation into each ball.",
    "Bake for 10-12 minutes or until set.",
    "While the cookies are baking, melt 14 soft caramel candies and 3 tablespoons heavy cream in the microwave in 30-second increments, stirring between each increment until it is fully melted.",
    "Once the cookies are baked, use the teaspoon to press the indentation again since the cookies will puff in the oven. Fill each indentation with the warm caramel, about one scant teaspoon.",
    "Melt 2 ounces semi-sweet chocolate and 1 teaspoon shortening in the microwave in 20-second increments, then pour the melted chocolate into a sandwich bag. Barely snip the corner and drizzle the chocolate over the cookies."
  ],
  "Nutrition": [
    "Calories: 159kcal",
    "Carbohydrates: 17g",
    "Protein: 2g",
    "Fat: 10g",
    "Saturated Fat: 4g",
    "Polyunsaturated Fat: 2g",
    "Monounsaturated Fat: 4g",
    "Trans Fat: 0.2g",
    "Cholesterol: 13mg",
    "Sodium: 43mg",
    "Potassium: 78mg",
    "Fiber: 1g",
    "Sugar: 11g",
    "Vitamin A: 154IU",
    "Vitamin C: 0.1mg",
    "Calcium: 20mg",
    "Iron: 1mg",
    ""
  ],
  "Comments": [
    "Temperance says:Super tasty! They came out perfect! Thanks for a great recipe!",
    "Jacqueline Bitting says:I made these several times already and every time they come out great!! Yesterday I had posted a picture of them in a Facebook group and I got 270 requests for the recipe 🙂  I have been messaging people the link to this page for hours because we are not allowed to post them on that page, which I understand. That was a lot of work but I know people will be happy with the results 🙂 Great recipe!!!!",
    "Gina says:I thought these were just okay, but my 10 year old would’ve eaten the whole batch if I let her. To be fair, I am very picky about my brownies (don’t let the name fool you, that’s exactly what these are!) and the kid will eat any brownie she can lay her hands on. I love the idea and the method of dipping the cookie dough into the egg and rolling around in the chopped nuts, though, so I will try using another cookie/brownie dough recipe with the nut/filling/chocolate drizzle technique. Thanks for this recipe! I would never have thought to make turtle cookies had I not seen this.",
    "Mysha Engelstad-Patray says:These are, BY FAR, the BEST COOKIE ever!!! My 15 year old and I have made at least 5-6 batches.. I have the recipe memorized <3 Perfect for any party or work function and easy to make too! Will probably be making a couple more batches before the years over",
    "Kate says:Can you freeze these?",
    "Alyssa Rivers says:Yes, these are perfect for freezing!",
    "Laura says:These turtle cookies are amazing!! Definitely a show stopper and the best part they are easy to make!! Thanks Alyssa!!!!"
  ]
}