{
  "URL": "https://therecipecritic.com/tuscan-garlic-chicken/",
  "Summary": "It was so delicious over my chicken and noodles. It really tasted like the real deal and I am so happy I can make it at home!",
  "Metadata": [
    "Prep Time:  20minutes",
    "Cook Time:  25minutes",
    "Total Time:  45minutes",
    "Servings:  6Servings"
  ],
  "Ingredients": [
    "4 boneless skinless chicken breasts, about 3-4 pounds",
    "¾ cup all-purpose flour",
    "½ tablespoon salt",
    "1 teaspoon pepper",
    "½ teaspoon dried basil",
    "½ teaspoon dried oregano",
    "5 tablespoons extra virgin olive oil divided",
    "1 tablespoon finely minced garlic",
    "1 red bell pepper, cut into thin strips",
    "½ cup low-sodium chicken broth",
    "6 ounces fresh spinach",
    "½ cup heavy cream",
    "2 tablespoons cornstarch",
    "1 cup low-fat milk",
    "1 cup parmesan cheese freshly grated",
    "1 pound fettucini noodles"
  ],
  "Instructions": [
    "Preheat the oven to 350 degrees Fahrenheit. Line a baking sheet with foil and spray with cooking spray. Whisk together the flour, salt, pepper, basil, and oregano.",
    "Dip each chicken breast in the flour mixture and coat well. In a large skillet, heat 3 tablespoons of oil over medium-high heat.",
    "Carefully place the breaded chicken in the oil and cook for 3-4 minutes until each side is golden brown. Don't cook all the way through.",
    "Place each browned chicken breast on the prepared baking sheet and bake for about 15 minutes, until they temp out to 165 degrees Fahrenheit. Remove from the oven and set aside.",
    "While the chicken is cooking, in a large pot cook the fettucini noodles according to package directions.",
    "Wipe the skillet out and add the remaining 2 tablespoons of olive oil. Cook the chopped red pepper and garlic for about 2-3 minutes.",
    "Whisk in 1 tablespoon of flour and stir constantly for one minute to create a paste.",
    "Slowly whisk in the chicken broth and bring to a light simmer while whisking constantly until it thickens.",
    "In a separate small bowl, whisk together the heavy cream and cornstarch.",
    "Add the spinach, cream mixture, and milk to the skillet. Bring this to a simmer and continue to cook until spinach starts to wilt. Stir in the parmesan cheese.",
    "Add the fettuccini noodles to the sauce. Serve topped with breaded chicken and spoon more of the sauce on top. Enjoy!"
  ],
  "Nutrition": [
    "Calories: 802kcal",
    "Carbohydrates: 75g",
    "Protein: 54g",
    "Fat: 31g",
    "Saturated Fat: 11g",
    "Cholesterol: 200mg",
    "Sodium: 1094mg",
    "Potassium: 1065mg",
    "Fiber: 4g",
    "Sugar: 5g",
    "Vitamin A: 3870IU",
    "Vitamin C: 36mg",
    "Calcium: 329mg",
    "Iron: 4mg"
  ],
  "Comments": [
    "Jason says:I also wasn’t entirely impressed with the sauce as directed.  I added more garlic powder, basil and oregano, as well as course salt, cracked pepper, and onion powder. It ended up tasting quite good but extremely bland as it was to begin with ."
  ]
}