{
  "URL": "https://therecipecritic.com/tuscan-basil-chicken/",
  "Summary": "A quick and easy 30 minute meal that is packed with flavor and a meal that the family will love!",
  "Metadata": [
    "Prep Time:  10minutes",
    "Cook Time:  25minutes",
    "Total Time:  35minutes",
    "Servings:  6Servings"
  ],
  "Ingredients": [
    "1 pound boneless, skinless chicken breasts, about 3 whole breasts",
    "1 tablespoon olive oil",
    "1 ½ cup diced onion, about 1 large onion",
    "1 cup diced carrot, about 1 large carrot",
    "⅓ cup diced celery, about 1 large celery rib",
    "1 (14.5-ounce) can crushed tomatoes with basil, oregano, and garlic",
    "¼ cup grated parmesan cheese",
    "1 tablespoon chopped fresh basil",
    "½ teaspoon salt",
    "¼ teaspoon ground black pepper"
  ],
  "Instructions": [
    "Heat 1 tablespoon olive oil in a large skillet over medium heat. Add 1 ½ cup diced onion,, 1 cup diced carrot,, and ⅓ cup diced celery, and cook for 2-3 minutes, until the vegetables start to soften.",
    "Slice 1 pound boneless, skinless chicken breasts, into strips and add them to the skillet. Cook for about 5-6 minutes, until the chicken is no longer pink.",
    "Stir in 1 (14.5-ounce) can crushed tomatoes with basil, oregano, and garlic, ¼ cup grated parmesan cheese,1 tablespoon chopped fresh basil, ½ teaspoon salt, and ¼ teaspoon ground black pepper. Bring to a boil before reducing the heat to medium-low. Simmer for about 10 minutes before serving over rice or pasta."
  ],
  "Nutrition": [
    "Calories: 172kcal",
    "Carbohydrates: 12g",
    "Protein: 19g",
    "Fat: 6g",
    "Saturated Fat: 1g",
    "Polyunsaturated Fat: 1g",
    "Monounsaturated Fat: 3g",
    "Trans Fat: 0.01g",
    "Cholesterol: 52mg",
    "Sodium: 466mg",
    "Potassium: 632mg",
    "Fiber: 3g",
    "Sugar: 6g",
    "Vitamin A: 3814IU",
    "Vitamin C: 12mg",
    "Calcium: 83mg",
    "Iron: 1mg",
    ""
  ],
  "Comments": [
    "Kristen says:We LOVE this meal. Think this would freeze well?",
    "Alyssa Rivers says:Yes, of course! I love using my freezer bags and laying them flat in the freezer. Hope that helps and you are able to make them! XOXO",
    "Stacey says:I loved this! Easy to make and delicious!  It’s a keeper for me!",
    "Laura says:Can I make this a day ahead and refrigerate?  Looks delish!Thanks!",
    "Alyssa says:Yep!  We had enough for leftovers the next day and reheated it. It was great!",
    "Jocelyn says:My family loved this!  It is amazing that something so simple can taste so good.",
    "Cayla says:Love this!",
    "Amy @ Chew Out Loud says:I’d would never have thought this was so healthy, especially that it’s from WW!  This looks so awesome… currently scanning my brain to see if I’ve got all the goods in my pantry to make this asap.  🙂",
    "Danielle W says:My husband absolutely refuses to eat tomatoes, but likes tomato sauce. Could I substitute sauce for the can of crushed tomatoes?  Thanks, this looks delicious!",
    "Nancy Long says:tomato sauce has a totally different taste and texture then the tomatoes – I would slightly pureeing them, but leave some texture",
    "Stacey says:I hate tomatoes too, but this was awesome!"
  ]
}