{
  "URL": "https://therecipecritic.com/tuscan-pasta-salad/",
  "Summary": "Tuscan Pasta Salad is an easy pasta salad with sun dried tomatoes, peppers spinach, and olives tossed in a tangy dressing. This pasta salad is perfect for your next potluck!",
  "Metadata": [
    "Prep Time:  20minutes",
    "Total Time:  20minutes",
    "Servings: 6"
  ],
  "Ingredients": [
    "16 ounces uncooked bowtie pasta",
    "1  (7-ounce) jar sun-dried tomatoes in oil, drained",
    "1 diced red bell pepper",
    "1 (6.5-ounce) can sliced olives",
    "1 cup spinach",
    "¼ cup chopped basil",
    "½ cup grated parmesan cheese",
    "¾ cup olive oil",
    "2 tablespoons white vinegar",
    "2 tablespoons water",
    "1 teaspoon salt",
    "1 teaspoon sugar",
    "1 teaspoon dry oregano",
    "1 teaspoon dry basil",
    "1 clove minced garlic",
    "black pepper to taste"
  ],
  "Instructions": [
    "Bring a large pot of water to boil over high heat.  Add the 16 ounces uncooked bowtie pasta and cook until tender but slightly firm about 10 minutes.  Drain and rinse the pasta in cold water.",
    "In a large bowl combine pasta, 1  (7-ounce) jar sun-dried tomatoes in oil, drained , 1 diced red bell pepper, 1 (6.5-ounce) can sliced olives, 1 cup spinach, ¼ cup chopped basil and p½ cup grated parmesan cheese. Toss until combined.",
    "In a small bowl whisk ¾ cup olive oil, 2 tablespoons white vinegar, 2 tablespoons water, 1 teaspoon salt, 1 teaspoon sugar, 1 teaspoon dry oregano, 1 teaspoon dry basil, 1 clove minced garlic, and black pepper to taste.",
    "Drizzle the dressing over the pasta salad and toss until coated in the dressing.  Serve"
  ],
  "Nutrition": [
    "Calories: 567kcal",
    "Carbohydrates: 59g",
    "Protein: 13g",
    "Fat: 31g",
    "Saturated Fat: 5g",
    "Cholesterol: 7mg",
    "Sodium: 525mg",
    "Potassium: 249mg",
    "Fiber: 3g",
    "Sugar: 4g",
    "Vitamin A: 1215IU",
    "Vitamin C: 27.1mg",
    "Calcium: 115mg",
    "Iron: 1.5mg"
  ],
  "Comments": [
    "Cheryl says:Can you make this the day before?",
    "Alyssa Rivers says:Yes, but wait to put the spinach in until you’re ready to serve it so it doesn’t wilt and get soggy.",
    "Edward Grace says:I’m on a low salt diet the pasta salad looks amazing although it says 525 of sodium does that mean a serving or the whole salad I’m always on the hunt for low sodium recipes thanks",
    "Alyssa Rivers says:That sodium amount is per serving.",
    "Jenn Taylor says:How much is a serving? Seems like a lot of sodium",
    "Alyssa Rivers says:1/6th of the recipe is a serving size.",
    "Jeannie Louise Ruzicka says:this turned out to be excellent…I 1/2 the recipe using rotini because that’s what I had…wonderful to the last bit…",
    "Alyssa Rivers says:Yay! I’m so glad you liked it!",
    "Janet L Oresick says:Did anyone make this pasta salad as is…without any changes/additions?  I was going to make it for my sister’s July 4th picnic, but I’m a little leary about doing this since I’ve never made/tasted it myself.  People have changed the dressing, added mozzarella balls, added salami, decreased the amount of olive oil…etc.",
    "Kathleen says:Hi Janet!I’ve been making this every week since I saw this recipe! I’ve added red onion to it.I’m thinking about adding artichoke next time! This is the absolute best pasta salad that keeps in the fridge for days! It doesn’t get gooey!Alyssa has some of the BEST recipes! Highly recommend!",
    "Kathleen says:YUM~O! I just made this! It’s so delicious and I haven’t put it in the fridge!You have the best recipes! This is a definite keeper!",
    "Liza San Agustin says:Next time, I will double the sun dried tomatoes, use only 3/4 of the pasta, double the cheese and the dressing recipe I will lessen the olive oil just a little bit and will add a little more vinegar. Thank you!"
  ]
}