{
  "URL": "https://therecipecritic.com/tuscan-garlic-skillet-chicken/",
  "Summary": "Juicy chicken simmered with garlic, sun-dried tomatoes, mushrooms, and a rich Tuscan-inspired sauce, all made in one skillet in just 30 minutes!",
  "Metadata": [
    "Prep Time:  10minutes",
    "Cook Time:  15minutes",
    "Total Time:  25minutes",
    "Servings:  6Servings"
  ],
  "Ingredients": [
    "1 tablespoon olive oil",
    "1 pound thinly sliced chicken breasts",
    "salt and pepper",
    "1 tablespoon sun-dried tomato oil",
    "¼ cup chopped onion",
    "3 garlic cloves minced",
    "12 ounces sliced mushrooms",
    "½ cup chopped sun-dried tomatoes",
    "2 (15-ounce) cans fire-roasted tomatoes",
    "¼ cup grated parmesan cheese",
    "1 teaspoon salt",
    "1 teaspoon pepper",
    "1 teaspoon oregano",
    "¼ teaspoon thyme",
    "fresh chopped basil for garnish"
  ],
  "Instructions": [
    "Heat 1 tablespoon olive oil in a large skillet over medium-high heat.",
    "Season 1 pound thinly sliced chicken breastswith salt and pepperand cook the chicken in the skillet for about 3 minutes on each side until the chicken is seared and fully cooked. Remove the chicken and set aside.",
    "Add 1 tablespoon sun-dried tomato oil to the skillet with ¼ cup chopped onion, 3 garlic cloves minced, and 12 ounces sliced mushroomscook until tender.",
    "Stir in ½ cup chopped sun-dried tomatoes, 2 (15-ounce) cans fire-roasted tomatoes, ¼ cup grated parmesan cheese, 1 teaspoon salt, 1 teaspoon pepper, 1 teaspoon oregano, and ¼ teaspoon thyme.",
    "Place chicken back into the skillet and cook until the sauce is bubbling. Remove from heat, add salt and pepper as needed. Garnish with fresh chopped basil."
  ],
  "Nutrition": [
    "Calories: 188kcal",
    "Carbohydrates: 9g",
    "Protein: 21g",
    "Fat: 8g",
    "Saturated Fat: 2g",
    "Polyunsaturated Fat: 1g",
    "Monounsaturated Fat: 4g",
    "Trans Fat: 0.01g",
    "Cholesterol: 52mg",
    "Sodium: 562mg",
    "Potassium: 807mg",
    "Fiber: 2g",
    "Sugar: 5g",
    "Vitamin A: 152IU",
    "Vitamin C: 7mg",
    "Calcium: 64mg",
    "Iron: 2mg",
    ""
  ],
  "Comments": [
    "BBQ Focus says:The recipe looks great but I’m wondering what kind of tomatoes I could sub for the fire roasted tomatoes (I’ve never seen them in the UK). Would ordinary tinned tomatoes be okay? What kind of flavor do they have when they’re fire roasted?",
    "Lynne says:I made this tonight and it was really good!  I love quick and easy recipes like this.  I did make two small changes:  I only used one can of the fire roasted tomatoes and I didn’t have sun dried tomatoes, but I did have a jar of sun dried tomato bruschetta so I used that instead.  Yummy!!  Thanks so much for sharing this recipe; I’ll make it often.",
    "Natalie says:I’ve made this dish twice already in a month, and with some family coming over this weekend.. I’m making it again! It’s so flavorful and easy, I’m in love with it!Thanks for sharing!",
    "Rach's Recipes says:I love Tuscan garlic skillet chicken. We make it with heavy cream and white wine, as well as a large shredded spinach leaf, served with fettuccine pasta. Just glorious -you can be sure that it will be a hit wherever you serve it."
  ]
}