{
  "URL": "https://therecipecritic.com/tuscan-garlic-burger-pesto-mayo/",
  "Summary": "Delicious and juicy burgers packed with flavor and grilled to perfection!",
  "Metadata": [
    "Prep Time:  25minutes",
    "Cook Time:  20minutes",
    "Total Time:  45minutes",
    "Servings:  4Servings"
  ],
  "Ingredients": [
    "1 pound ground beef",
    "3 ounces sliced pancetta, finely chopped",
    "1 teaspoon minced garlic",
    "¼ teaspoon pepper",
    "¼ teaspoon salt",
    "¼ cup mayonnaise",
    "¼ cup prepared pesto, divided",
    "4 slices mozzarella cheese",
    "4 Italian rolls",
    "1 cup fresh arugula or baby spinach",
    "¼ red onion, sliced"
  ],
  "Instructions": [
    "In a medium-sized mixing bowl combine 1 pound ground beef, 3 ounces sliced pancetta, 1 teaspoon minced garlic, ¼ teaspoon salt, ¼ teaspoon pepper, and 2 tablespoons prepared pesto. Mix well then divide and shape the meat mixture into four patties.",
    "In a small bowl combine ¼ cup mayonnaise and the remaining 2 tablespoons pesto. Chill until ready to use.",
    "Heat the grill to medium-high heat. Grill burgers for about 5-7 minutes on each side or until a thermometer reads 160 degrees Fahrenheit.",
    "Top each burger with a slice of mozzarella cheese and grill until the cheese is melted.",
    "Spread the pesto mayonnaise on 4 Italian rolls and top with sliced red onion, tomato, and arugula."
  ],
  "Nutrition": [
    "Calories: 740kcal",
    "Carbohydrates: 23g",
    "Protein: 33g",
    "Fat: 56g",
    "Saturated Fat: 19g",
    "Polyunsaturated Fat: 9g",
    "Monounsaturated Fat: 19g",
    "Trans Fat: 1g",
    "Cholesterol: 124mg",
    "Sodium: 1005mg",
    "Potassium: 479mg",
    "Fiber: 2g",
    "Sugar: 2g",
    "Vitamin A: 1225IU",
    "Vitamin C: 3mg",
    "Calcium: 277mg",
    "Iron: 4mg",
    ""
  ],
  "Comments": [
    "Megan says:Absolutely delicious",
    "Renee says:Very moist and yummy ?",
    "Carole from Carole's Chatter says:Fab burger – hopw you bring it over to Food on FRiday.  Cheers",
    "CLBD says:I live in an apartment and have no access to a grill.  Can I make these in the oven or in a skillet.  I don’twant to miss out on this recipe.  Please reply.",
    "Alyssa says:Yes.  I would probably fry the burgers in a skillet for best results. 🙂",
    "kathy says:Hello, I am not a huge fan of cooking but these were worth the effort! I have still been getting compliments and will be making these again!",
    "Jocelyn says:I served these for dinner tonight, and they were wonderful!  I highly recommend using Italian rolls, as the recipe calls for, rather than traditional hamburger buns.",
    "Conni says:I made these today and they were delicious!",
    "Jaren (Diary of a Recipe Collector) says:These sound and look amazing!!",
    "Jocelyn says:These burgers look scrumptious!  I don’t have any pancetta.  Do you think I could use precooked bacon instead?  Thanks!",
    "Laura @ Baking Outside the Box says:Ooooh.  This looks so good.  I make my own pesto in the fall and freeze it to have on hand.  Gotta go nut haw some for this.  Thanks for sharing."
  ]
}