{
  "URL": "https://therecipecritic.com/tuscan-chicken-pasta-bake/",
  "Summary": "Enjoy the best of both worlds with my creamy, cheesy Tuscan Chicken Pasta Bake, which combines your love for Tuscan chicken and casseroles!",
  "Metadata": [
    "Prep Time:  5minutes",
    "Cook Time:  1hour",
    "Total Time:    1hour5minutes",
    "Servings:  6people"
  ],
  "Ingredients": [
    "2 diced chicken breasts, 1-inch pieces, about 1 ½ pounds",
    "10 ounces penne pasta uncooked",
    "2 cups heavy cream",
    "2 ½ cups chicken broth",
    "2 cups chopped spinach",
    "2 (8-ounce)  jars drained and chopped sundried tomatoes",
    "2 teaspoons Italian seasoning",
    "1 ½ teaspoon garlic powder",
    "1 teaspoon onion powder",
    "1 teaspoon salt",
    "½ teaspoon pepper",
    "1 cup shredded parmesan cheese",
    "1 cup grated mozzarella cheese"
  ],
  "Instructions": [
    "Preheat the oven to 400 degrees Fahrenheit and spray a 9×13-inch baking dish with non-stick cooking spray.",
    "Add the 2 diced chicken breasts, 10 ounces penne pasta, 2 cups heavy cream, 2 ½ cups chicken broth, 2 cups chopped spinach, 2 (8-ounce)  jars drained and chopped sundried tomatoes, 2 teaspoons Italian seasoning, 1 ½ teaspoon garlic powder, 1 teaspoon onion powder, 1 teaspoon salt, and ½ teaspoon pepper to the baking dish.",
    "Stir everything together to combine, cover with foil, and bake for 30 minutes. Remove from the oven and stir to ensure all the pasta is coated in liquid. Cook for 20 more minutes, then remove the foil and stir the casserole again.",
    "Top the dish with 1 cup shredded parmesan cheese and 1 cup grated mozzarella cheese and bake for an additional 5 minutes, until the cheese is melted and bubbly.",
    "Remove from the oven and stir in the cheese, and let it rest a few minutes before serving."
  ],
  "Nutrition": [
    "Calories: 667kcal",
    "Carbohydrates: 41g",
    "Protein: 36g",
    "Fat: 40g",
    "Saturated Fat: 24g",
    "Polyunsaturated Fat: 2g",
    "Monounsaturated Fat: 10g",
    "Trans Fat: 0.01g",
    "Cholesterol: 166mg",
    "Sodium: 1256mg",
    "Potassium: 597mg",
    "Fiber: 2g",
    "Sugar: 5g",
    "Vitamin A: 2400IU",
    "Vitamin C: 4mg",
    "Calcium: 385mg",
    "Iron: 2mg",
    ""
  ],
  "Comments": [
    "Annette Bravard says:can assemble this the day before and then bake the next day?",
    "Alyssa Rivers says:Yes! You can assemble this Tuscan Chicken Casserole up to 24 hours ahead! Complete steps one and two (except preheat), then cover, and put in the fridge. Handle carefully so the liquid doesn’t spill out. Bake as directed when ready.",
    "Roni Bruner says:I just want to say I love your recipes!Everything I have cooked from you has been outstanding! Thank you for sharing!",
    "Alyssa Rivers says:That means a lot! Thank you!"
  ]
}