{
  "URL": "https://therecipecritic.com/tuxedo-cake/",
  "Summary": "Chocolate lovers, this tuxedo cake is for you! Two layers of moist chocolate cake wrapped in chocolate and white chocolate ganache. So rich and delicious, it's almost sinful.",
  "Metadata": [
    "Prep Time:  35minutes",
    "Cook Time:  30minutes",
    "Total Time:    1hour5minutes",
    "Servings:  12servings"
  ],
  "Ingredients": [
    "¾ cup vegetable oil",
    "1 ¼ cup warm coffee",
    "2 large eggs, room temperature",
    "2 ¼ teaspoons vanilla extract",
    "2 cups all-purpose flour",
    "1 ½ cup granulated sugar",
    "¾ cup unsweetened cocoa powder, not Dutch process",
    "2 teaspoons  baking soda",
    "1 teaspoon salt",
    "6 ounces white chocolate, chopped",
    "1 tablespoon butter",
    "⅓ cup heavy whipping cream",
    "16 ounces semi-sweet chocolate, chopped",
    "2 cups heavy whipping cream"
  ],
  "Instructions": [
    "Preheat the oven to 325 degrees Fahrenheit. Spray two 8-inch round cake pans with pan spray. Add parchment rounds to the bottom of the pans and spray the parchment with pan spray. Set aside.",
    "In a large bowl, whisk together ¾ cup vegetable oil, 1 ¼ cup warm coffee, 2 large eggs, and 2 ¼ teaspoons vanilla extract until combined.",
    "In a medium bowl, sift together 2 cups all-purpose flour, 1 ½ cup granulated sugar, ¾ cup unsweetened cocoa powder, 2 teaspoons  baking soda, and 1 teaspoon salt.  Add the dry ingredients to the wet ingredients and gently whisk together until fully combined.",
    "Fill the two pans evenly and bake for 30-35 minutes, until the center of the cake springs back lightly when pressed on, or a toothpick comes out clean. Allow the cake to cool for 10 minutes in the pan before inverting the pan on a cooling rack to finish cooling.",
    "Once completely cooled, wrap the cakes in two layers of plastic wrap and place in the fridge for at least 4 hours.",
    "Place the 6 ounces white chocolate, in a large bowl. Heat ⅓ cup heavy whipping cream and 1 tablespoon butter together in the microwave for 45 seconds or until the butter is melted and the mixture is steaming.",
    "Pour the cream and butter mixture over the white chocolate and let sit for 1 minute before stirring until the chocolate is completely melted. Cover and set aside for 30 minutes or so until the ganache is set.",
    "Use a hand mixer to whip the white chocolate ganache until it is light and fluffy. Set aside.",
    "Place 16 ounces semi-sweet chocolate, in the bowl of a mixer. Heat 2 cups heavy whipping cream in the microwave until steaming or about 90 seconds. Pour the hot cream over the chocolate and let it sit for 2 minutes. Use a whisk to stir the chocolate and the cream until the chocolate is fully melted and mixed with the cream.",
    "Let the ganache cool to room temperature, or cool in the refrigerator for about 20 minutes.",
    "Wait until you are ready to assemble your cake to do this step! Use the mixer fitted with the whisk attachment to whip the cooled ganache on high speed for 3-4 minutes or until it has lightened in color and turned very fluffy.",
    "Place one cake round on a cake stand or serving plate. Spread a very thin layer of dark chocolate ganache across the top of the cake. Use a piping bag to pipe a thick ring of dark chocolate ganache around the outer edge of the top of the cake to create a dam.",
    "Add the white chocolate ganache in the middle of the cake and carefully spread it evenly until it covers the entire top of the cake and meets the dam. Place the second cake layer on top.",
    "Use an offset spatula to spread the remaining dark chocolate ganache around the entire outside of the cake, smoothing as you go. Top with chocolate curls, fresh berries, or a dusting of powdered sugar."
  ],
  "Nutrition": [
    "Calories: 778kcal",
    "Carbohydrates: 74g",
    "Protein: 9g",
    "Fat: 52g",
    "Saturated Fat: 25g",
    "Polyunsaturated Fat: 9g",
    "Monounsaturated Fat: 14g",
    "Trans Fat: 0.2g",
    "Cholesterol: 87mg",
    "Sodium: 425mg",
    "Potassium: 428mg",
    "Fiber: 6g",
    "Sugar: 49g",
    "Vitamin A: 772IU",
    "Vitamin C: 0.3mg",
    "Calcium: 98mg",
    "Iron: 4mg",
    ""
  ],
  "Comments": [
    "Kathy says:Can I use chocolate chips for the chocolates?",
    "Alyssa Rivers says:For the ganache? That should work just fine. ?",
    "Ann Bement says:Can you substitute something for the coffee?",
    "Alyssa Rivers says:Yes, you can use buttermilk 1:1!"
  ]
}