{
  "URL": "https://therecipecritic.com/twisted-bacon/",
  "Summary": "This TikTok-inspired recipe is taking the internet by storm! The twisted shape makes it both soft and crispy. It's a tasty new take on breakfast that you won't want to miss!",
  "Metadata": [
    "Prep Time:  5minutes",
    "Cook Time:  20minutes",
    "Total Time:  25minutes",
    "Servings:  6people"
  ],
  "Ingredients": [
    "2 pounds bacon",
    "baking sheet",
    "aluminum foil"
  ],
  "Instructions": [
    "Preheat oven to 400 degrees.  Twist the bacon tightly.  Place them closely on the baking sheet so they don’t unravel.",
    "Cook for 20 minutes.  Flip and cook an additional 10-15 until the bacon has reached the desired crispiness."
  ],
  "Nutrition": [
    "Calories: 630kcal",
    "Carbohydrates: 2g",
    "Protein: 19g",
    "Fat: 60g",
    "Saturated Fat: 20g",
    "Polyunsaturated Fat: 10g",
    "Monounsaturated Fat: 26g",
    "Trans Fat: 0.2g",
    "Cholesterol: 100mg",
    "Sodium: 1001mg",
    "Potassium: 299mg",
    "Vitamin A: 56IU",
    "Calcium: 8mg",
    "Iron: 1mg"
  ],
  "Comments": [
    "Margaret says:Do you need to put the twisted bacon on paper towels to absorb grease while it’s baking?",
    "Alyssa Rivers says:Hi Margaret, thanks for the question. No, not while it’s baking. I prefer to line my baking sheets with parchment paper while making bacon. You can transfer the cooked bacon to a plate lined with paper towels right after coming out of the oven to catch any excess grease from the twists.Let the remaining bacon fat in the pan cool before discarding in the garbage. You can pour it into a paper cup or other disposable container while it is still hot for easier clean up.",
    "Alana says:What thickness of bacon did you use?",
    "Alyssa Rivers says:I just used regular thickness for this.",
    "Joan Pfeifer says:We made these last year for our Bloody Mary bar and plan on making them again. Do you think they could be made the week before, frozen, then reheated",
    "Alyssa Rivers says:Hi Joan, I think the bacon would become too brittle and break if cooked then frozen. I would recommend caking the day of!",
    "Jennifer Louise Mahoney says:Try using with Millionaires seasoning….so good!",
    "Max BLM says:What is Millionaires seasoning? Is it made with real millionaires?",
    "Christine says:I’m glad you have been inspired by TikTok to try this recipe. My family restaurant has been making candied twisted bacon like this for 40 years.",
    "Alyssa Rivers says:It’s so delicious!",
    "Kelsey Plaggmier says:I was able to cook 3lbs of bacon on one baking sheet for a group of 12 for brunch which was just what I needed. It was great to cook such a large quantity using only one pan so it was all ready at the same time. I got a lot of comments from those who attended asking in amazement if I twisted the bacon so it was a great talking point and fun “twist” on traditional bacon. I also ended up cooking the bacon ahead of time then reheating before serving which worked well. I prefer my bacon more crispy so I cooked this larger quantity for longer. Thanks so much for the perfect brunch recipe!",
    "Gramie says:Want to impress the grandkids?!!!  …. they LOVED it!   (Well so did I) 😉",
    "Patricia Skinner says:Sounds good but you did not tell us how to use the Air Fryer.",
    "Alyssa Rivers says:This recipe is cooked in the oven! Here is a link to my air fryer bacon! https://therecipecritic.com/air-fryer-bacon/"
  ]
}