{
  "URL": "https://therecipecritic.com/twix-thumbprint-cookies/",
  "Summary": "The buttery shortbread base and a chewy caramel center. They were just missing one thing. Chocolate. I drizzled that chocolate on as fast as I could and viola! A Twix Thumbprint Cookie.",
  "Metadata": [
    "Prep Time:  15minutes",
    "Cook Time:  10minutes",
    "Total Time:  25minutes",
    "Servings:  24Cookies"
  ],
  "Ingredients": [
    "⅔ cup unsalted butter, softened",
    "½ cup sugar",
    "2 egg yolks",
    "1 teaspoon vanilla",
    "1 ½ cups all-purpose flour",
    "14 soft caramel candies, Kraft caramels",
    "3 tablespoons heavy cream",
    "6 ounces milk chocolate chips"
  ],
  "Instructions": [
    "Preheat the oven to 375 degrees Fahrenheit. In a medium-sized bowl, combine ⅔ cup unsalted butter, ½ cup sugar, 2 egg yolks, and 1 teaspoon vanilla in a bowl. Beat at medium speed, scraping bowl often, until creamy.",
    "Add the 1 ½ cups all-purpose flour and beat at low speed until mixed well. Cover and refrigerate for at least 1 hour or until firm.",
    "Shape dough into 1-inch balls. Place 2 inches apart onto ungreased cookie sheets. Make an indentation in the center of each cookie with the thumb or end of a wooden spoon handle.",
    "Bake for 7-10 minutes or until edges begin to brown. Cool completely.",
    "Melt the 14 soft caramel candies, and  3 tablespoons heavy cream in the microwave stirring every 30 seconds until it is fully melted. Using a teaspoon fill each indentation with the caramel.",
    "Melt the 6 ounces milk chocolate chips in the microwave stirring 30 seconds at a time until smooth. Pour the chocolate into a ziplock bag. Barely snip the corner and drizzle over the cookies."
  ],
  "Nutrition": [
    "Calories: 159kcal",
    "Carbohydrates: 20g",
    "Protein: 2g",
    "Fat: 8g",
    "Saturated Fat: 5g",
    "Polyunsaturated Fat: 1g",
    "Monounsaturated Fat: 2g",
    "Trans Fat: 0.2g",
    "Cholesterol: 33mg",
    "Sodium: 21mg",
    "Potassium: 26mg",
    "Fiber: 0.4g",
    "Sugar: 13g",
    "Vitamin A: 225IU",
    "Vitamin C: 0.1mg",
    "Calcium: 22mg",
    "Iron: 1mg",
    ""
  ],
  "Comments": [
    "Kellie says:Love these! We make them every year and they go fast!",
    "Tammy Adams says:I’ve made these several times. Always a hit, but I put a little touch of my own. I added kosher salt and chopped pecans.",
    "peggy says:Thank you Alyssa for your quick reply.  I’m making these next week.",
    "peggy says:I’m confused.  When do I put the caramel in the indention?  Before the cookies bake or after?Step 2 of the instructions says to “Make indentation in center of each cookie with thumb or end of wooden spoon handle. Bake 7-10 minutes. In the instructions to make the caramel filling, the instructions say to “Using a teaspoon fill each indentation with the caramel.”   The caramel filling instructions are AFTER the baking instructions.  This indicates to me that the caramel is put on the cookies AFTER they have baked.However, a reviewer, Jerri Boone on Dec. 7, 2020, asked a similar question and you replied that the caramel is put on the cookies BEFORE baking.  If the caramel is put on the cookies before baking you might consider rewriting the instructions to clarify that.Thank you",
    "Alyssa Rivers says:Sorry for the confusion! The cookies are made as written. Cooked before adding in the caramel.",
    "Rosie says:I used the good butter, Kerrygold….if you do you may have to refrigerate once formed before baking…it will help keep their shape. They are just delious!! Doubled this year",
    "JERRI BOONE says:do you put the caramel on before you bake or after?",
    "Carol says:Has anyone tried using almond flour with these? Would love to hear results.",
    "Wendy Fratangelo says:can I double this recipe?",
    "Alyssa Rivers says:Yes, of course! Enjoy your Twix cookies! They are addicting!",
    "Morgan Gonya says:Can i use semi sweet chocolate chips instead of milk chocolate?",
    "Alyssa Rivers says:Of course!",
    "Dani says:I’ve made these as the recipe calls for before and loved them so much, but now I’m no longer able to tolerate dairy. Would using coconut or almond milk as a dairy free substitution work in the caramel filling?",
    "Alyssa Rivers says:Yes, that is a great substitute! Thanks for asking! XOXO",
    "Ema says:How long do these store for please and Is the fridge best thanks",
    "Alyssa Rivers says:They store best in a refrigerator for 2 to 3 days. You can freeze them longer or put them in a plastic container for about 1-2 days. Enjoy! XOXO",
    "Melisa says:This was such a success. I tried it for my work Christmas cookie exchange and it was such a hit. I’m definitely going to make some more this Christmas season! Thanks Alyssa!",
    "Tanya says:Just an FYI..at the beginning of the recipie where it says to preheat oven to 375°. Wait until AFTER you have refrigerated the dough and are prepping them for the oven that you turn your oven on or else you have just wasted a bunch of electricity."
  ]
}