{
  "URL": "https://therecipecritic.com/twix-muddy-buddies/",
  "Summary": "Delicious and addicting Muddy Buddies that taste just like a Twix Bar!",
  "Metadata": [
    "Prep Time:  10minutes",
    "Cook Time:  10minutes",
    "Total Time:  20minutes",
    "Servings:  8Servings"
  ],
  "Ingredients": [
    "4 Cups Rice Chex Cereal",
    "1 (12-ounce) bag milk chocolate chips",
    "15 kraft caramel squares, or 1/2 cup caramel bits",
    "1 tablespoon heavy cream",
    "6 shortbread cookies",
    "1/2 cup powdered sugar",
    "2 Twix bars, chopped",
    "5 Kraft caramels, optional for final drizzle"
  ],
  "Instructions": [
    "Place 4 cups of Chex cereal in a large bowl. Melt the chocolate chips in a microwave-safe dish in the microwave in 30-second intervals, stirring well between until the chocolates are melted.",
    "Pour the melted chocolate over the cereal and mix until the cereal is completely covered in the chocolate.",
    "Melt the caramel and heavy cream using the same method as the chocolate.",
    "Drizzle the caramel over the chocolate-covered cereal. Stir lightly getting all of the cereal pieces drizzled in caramel.",
    "Pulse the shortbread cookies in a food processor until fine, and mix the shortbread crumbs with the powdered sugar in a gallon-sized bag.",
    "Dump the chocolate and caramel-covered cereal into the bag with the powdered sugar, and shake to coat in the powdered sugar shortbread cookie crumbs. Add the chopped Twix bars to the bag.",
    "If you want a final caramel drizzle, lay them out on a parchment-covered cookie sheet. Melt the 5 caramels and drizzle on the top of the muddy buddies."
  ],
  "Nutrition": [
    "Calories: 465kcal",
    "Carbohydrates: 76g",
    "Protein: 5g",
    "Fat: 16g",
    "Saturated Fat: 9g",
    "Cholesterol: 13mg",
    "Sodium: 264mg",
    "Potassium: 95mg",
    "Fiber: 2g",
    "Sugar: 56g",
    "Vitamin A: 387IU",
    "Vitamin C: 3mg",
    "Calcium: 143mg",
    "Iron: 5mg"
  ],
  "Comments": [
    "Lisa K says:Wow!!  I’ve made several times as my family loves Twix.  Beware, it’s sooooo addicting.",
    "Joan says:Can’t you substitute 1 T. of milk for the heavy cream?",
    "Amanda says:I’m new to making Muddy Buddies. I see in this recipe it says to use Rice Chex., but in the others it just says Chex. Do I use Rice Chex for all Muddy Buddy recipes?  Thanks!",
    "capturing joy with kristen duke says:I didn’t realize you and Nikki were due so close–how fun! Great pic, those look delish!",
    "Desiree @ The36thAvenue says:I love TWIXS! I can’t wait t try this recipe… I am pinning 🙂",
    "Emily says:Twix are my fav too!  Have to try these soon!!",
    "Taylor @ Food Faith Fitness says:Alyssa, these muddy buddies look like a home run! I have never seen a Twix version and it is about time that someone created one! I love the caramel and shortbread inside as well, and I love love love these!"
  ]
}