{
  "URL": "https://therecipecritic.com/tzatziki-recipe/",
  "Summary": "Tzatziki Sauce is a Greek inspired, yogurt-based sauce you and your family will go crazy over.  It is creamy and bursting with light and refreshing cucumber, dill, and garlic flavors that will make this a Mediterranean inspired favorite this summer!",
  "Metadata": [
    "Prep Time:  5minutes",
    "chill time:  30minutes",
    "Total Time:  35minutes",
    "Servings:  3cups"
  ],
  "Ingredients": [
    "2 cups finely grated cucumber  about 1 medium cucumber",
    "2 cups plain greek yogurt",
    "2 ½ teaspoons minced garlic",
    "1 tablespoon white wine vinegar",
    "1 teaspoon dried dill",
    "1 teaspoon dried oregano",
    "salt to taste",
    "ground black pepper to taste",
    "2 tablespoons fresh lemon juice about half of 1 medium lemon",
    "1 tablespoon extra virgin olive oil"
  ],
  "Instructions": [
    "Wrap 2 cups finely grated cucumber  in cheesecloth or a couple paper towels and squeeze it well to get rid of the excess moisture.",
    "In a medium bowl, combine the squeezed cucumber, 2 cups plain greek yogurt, 2 ½ teaspoons minced garlic , 1 tablespoon white wine vinegar, 1 teaspoon dried dill, 1 teaspoon dried oregano, and 2 tablespoons fresh lemon juice. Add salt and ground black pepper to taste.",
    "Drizzle 1 tablespoon extra virgin olive oil on top. Cover and chill in the refrigerator fo 30 minutes to let the flavors blend.  Serve with fresh vegetables and pita bread."
  ],
  "Nutrition": [
    "Calories: 143kcal",
    "Carbohydrates: 9g",
    "Protein: 15g",
    "Fat: 5g",
    "Saturated Fat: 1g",
    "Polyunsaturated Fat: 1g",
    "Monounsaturated Fat: 3g",
    "Trans Fat: 0.01g",
    "Cholesterol: 7mg",
    "Sodium: 52mg",
    "Potassium: 350mg",
    "Fiber: 1g",
    "Sugar: 6g",
    "Vitamin A: 101IU",
    "Vitamin C: 8mg",
    "Calcium: 182mg",
    "Iron: 1mg",
    ""
  ],
  "Comments": [
    "Maneesh Singh says:Thank you maam for this amazing sauce recipe. Before reading this post i didn’t knew the correct pronunciation of it. So, thank you so much.",
    "Jason says:Do you actually use a whole cucumber?"
  ]
}