{
  "URL": "https://therecipecritic.com/unstuffed-pepper-skillet/",
  "Summary": "Unstuffed Pepper Skillet has all of the things that you loved about a stuffed pepper in an easy to make skillet meal!  This is loaded with ground beef, peppers, tomato sauce, and cheese, and is sure to become a new family favorite!",
  "Metadata": [
    "Prep Time:  5minutes",
    "Cook Time:  15minutes",
    "Total Time:  20minutes",
    "Servings: 5"
  ],
  "Ingredients": [
    "1 pound lean ground beef",
    "½ cup chopped onion",
    "1 diced green bell pepper",
    "1 diced red bell pepper",
    "3 minced garlic cloves",
    "1 teaspoon chili powder",
    "½ teaspoon paprika",
    "½ teaspoon salt",
    "¼ teaspoon pepper",
    "1 (16-ounce) can tomato sauce",
    "1⅓ cups instant rice",
    "2 cups shredded cheddar cheese",
    "chopped cilantro for garnish"
  ],
  "Instructions": [
    "In a medium sized skillet over medium high heat, add 1 pound lean ground beef, ½ cup chopped onion, 1 diced green bell pepper, 1 diced red bell pepper and 3 minced garlic cloves.  Cook until the ground beef is no longer pink and the veggies are tender 4-5 minutes.",
    "Add 1 teaspoon chili powder,½ teaspoon paprika, ½ teaspoon salt, ¼ teaspoon pepper, 1 (16-ounce) can tomato sauce, and 1⅓ cups instant rice. Bring to a boil and cover and reduce heat and let simmer 5-7 minutes or until rice is tender. Sprinkle with 2 cups shredded cheddar cheese and stir until cheese has melted.",
    "Sprinkle with cheese and stir until cheese has melted.  Top with chopped cilantro for garnish."
  ],
  "Nutrition": [
    "Calories: 428kcal",
    "Carbohydrates: 27g",
    "Protein: 34g",
    "Fat: 20g",
    "Saturated Fat: 12g",
    "Cholesterol: 104mg",
    "Sodium: 585mg",
    "Potassium: 488mg",
    "Fiber: 2g",
    "Sugar: 3g",
    "Vitamin A: 1505IU",
    "Vitamin C: 51.2mg",
    "Calcium: 349mg",
    "Iron: 4.4mg"
  ],
  "Comments": [
    "Erin Levine says:I love this recipe. I make it all the time. The only change I make is because I don’t buy instant rice. I make regular rice and serve this on top of the cooked rice. It’s always delicious. Thanks for a keeper.",
    "JE McGann says:Delicious, will definitely keep it for future use. Cutting up onions and peppers was time consuming.I cooked long grain rice and added it at time of serving. Definitely not a 30 minute meal.",
    "Nicole says:There is no way 5-7 minutes is enough time for the rice to cook & not nearly enough liquid…Mine has been simmering for 20 minutes; rice is still hard and I had to add liquid twice.",
    "Alyssa Rivers says:Hi Nicole, did you use instant rice? Regular rice will not work in this recipe. You could try this stuffed pepper casserole recipe that uses regular white rice if that is what you have.",
    "Lauren says:I was wondering if it was possible to make this with regular rice instead of instant rice. I was thinking maybe follow the recipe as is, but add regular rice and enough broth to cook the rice. Do you think that will work?",
    "Alyssa Rivers says:Hi Lauren, I’m not sure that would work. You could try this stuffed pepper casserole recipe that uses long grain rice.",
    "Maureen D says:Delicious! I doubled the recipe, used 3 peppers, added a jalapeño. I I did sauté the onion for about 2 minutes in a little EVOO and then added the other veggie for a few minutes and then added the meat.I made brown rice ahead and added at the end. Didn’t add cheese but thought if someone wanted it they could add on their own. The seasoning was perfect IMO. The chopping was time consuming but worth it!",
    "CR says:Yum! I’m not a big meat-eater so if I go back for 2nds…it’s VERY GOOD!!Mini modifications: I used leftover canned diced tomatoes and a bit of pasta sauce instead of the full can called for (didn’t want it to go to waste) and a 1/2 packet of taco seasoning in place of the spices called for (I need to order more spice variety apparently). I really liked the chunks of tomato in there.I’m sharing a bit with our neighbor but keeping enough for us because I CAN’T WAIT FOR DINNER NOW! ☺",
    "Mary says:This is the second time I have fixed this. I really like cutting the peppers up and fixing this on the stove. I added fresh mushrooms this time. It was delicious ?Thank you for this delicious recipe."
  ]
}