{
  "URL": "https://therecipecritic.com/valentines-day-cupcakes/",
  "Summary": "Show your sweetheart how much you care with these decadent chocolate and strawberry Valentine's Day Cupcakes. They are simple to make for parties and gatherings and are always a hit. ",
  "Metadata": [
    "Prep Time:  30minutes",
    "Cook Time:  22minutes",
    "Total Time:  52minutes",
    "Servings:  15cupcakes"
  ],
  "Ingredients": [
    "½ cup vegetable oil",
    "¾ cups warm coffee",
    "1 large egg",
    "2 teaspoons vanilla",
    "1 ½ cup all purpose flour",
    "1 cup granulated sugar",
    "6 tablespoons cocoa powder",
    "1 teaspoon baking soda",
    "½ teaspoon baking powder",
    "½ teaspoon salt",
    "1 cup unsalted butter room temp",
    "3 cups powdered sugar",
    "1 cup freeze dried strawberries",
    "3 tablespoons milk more as needed",
    "1 teaspoon vanilla extract",
    "½ teaspoon salt"
  ],
  "Instructions": [
    "Preheat your oven to 350 degrees fahrenheit and line a cupcake pan with cupcake liners, set aside.",
    "In a large bowl whisk together the vegetable oil, warm coffee, egg, and vanilla until combined.",
    "In a medium bowl sift together the flour, sugar, unsweetened cocoa powder, baking soda, baking powder, and salt. Add the dry ingredients to the wet ingredients and gently whisk together until fully combined.",
    "Scoop the batter into the prepared cupcake pan and only fill the cupcake liners 2/3 of the way full. Bake for 18-22 minutes, or until the cupcakes spring bake when lightly pressed. Cool completely before frosting.",
    "Beat the butter in the bowl of a mixer until fluffy. Add the powdered sugar and beat slowly until incorporated, increasing the speed to beat it more fully.",
    "Scrape down the sides and the bottom of the bowl and add the freeze dried strawberries, milk, vanilla, and salt. Mix on medium-high until completely smooth and combined. If the frosting is too stiff, add more milk one tablespoon at a time until it is a pipeable consistency.",
    "Pipe the frosting onto the tops of the cooled cupcakes and decorate however you’d like!"
  ],
  "Nutrition": [
    "Calories: 373kcal",
    "Carbohydrates: 62g",
    "Protein: 2g",
    "Fat: 13g",
    "Saturated Fat: 8g",
    "Polyunsaturated Fat: 1g",
    "Monounsaturated Fat: 3g",
    "Trans Fat: 0.5g",
    "Cholesterol: 44mg",
    "Sodium: 237mg",
    "Potassium: 288mg",
    "Fiber: 3g",
    "Sugar: 48g",
    "Vitamin A: 399IU",
    "Vitamin C: 193mg",
    "Calcium: 23mg",
    "Iron: 4mg",
    ""
  ],
  "Comments": []
}