{
  "URL": "https://therecipecritic.com/valentines-charcuterie-board/",
  "Summary": "The holiday of love is just around the corner, and you need to try out this Valentine's day charcuterie board! It's packed with meat, cheeses and all sorts of festive red and pink fruits and candy to start the holiday off right.",
  "Metadata": [
    "Prep Time:  15minutes",
    "Total Time:  15minutes",
    "Servings:  8people"
  ],
  "Ingredients": [
    "1 (5.3-ounce) package garlic and herb Boursin",
    "1 wedge Wensleydale with cranberries, about 5.3 ounces",
    "8 ounces sharp cheddar",
    "8 ounces goat cheese, brushed with pink food coloring",
    "8 ounces Italian dry Salami, made into flowers",
    "1  pound fresh cherries, if available",
    "1 pint blueberries",
    "1  pound strawberries, cut into half",
    "1 pint raspberries",
    "2 pounds red grapes",
    "½ cup grape jam",
    "1 (8.5-ounce) bag Lindor chocolate truffles",
    "1  (5-ounce) bag conversation heart candies",
    "1  (12-ounce) bag cinnamon heart candies",
    "1 (9.2-ounce) bag Hershey's chocolate hearts"
  ],
  "Instructions": [
    "Start by placing 1 (5.3-ounce) package garlic and herb Boursin, 1 wedge Wensleydale with cranberries, 8 ounces sharp cheddar, and 8 ounces goat cheese, on a heart shape charcuterie board.",
    "Next, add 8 ounces Italian dry Salami, I used a small cup to fold the pieces of salami around the rim and then inverted onto the board to form flowers.",
    "Add 1  pound fresh cherries, 1 pint blueberries, 1  pound strawberries, 1 pint raspberries, and 2 pounds red grapes to the board along with ½ cup grape jam in a small bowl.",
    "Fill in the empty spaces with 1 (8.5-ounce) bag Lindor chocolate truffles, 1  (5-ounce) bag conversation heart candies, 1  (12-ounce) bag cinnamon heart candies, and 1 (9.2-ounce) bag Hershey's chocolate hearts",
    "Add fresh roses or other fresh flowers for an extra romantic touch!"
  ],
  "Nutrition": [
    "Calories: 1243kcal",
    "Carbohydrates: 147g",
    "Protein: 35g",
    "Fat: 62g",
    "Saturated Fat: 35g",
    "Polyunsaturated Fat: 2g",
    "Monounsaturated Fat: 12g",
    "Trans Fat: 0.01g",
    "Cholesterol: 111mg",
    "Sodium: 1200mg",
    "Potassium: 950mg",
    "Fiber: 13g",
    "Sugar: 107g",
    "Vitamin A: 996IU",
    "Vitamin C: 64mg",
    "Calcium: 510mg",
    "Iron: 6mg",
    ""
  ],
  "Comments": []
}