{
  "URL": "https://therecipecritic.com/vanilla-fudge/",
  "Summary": "Vanilla Fudge is rich, indulgent and absolutely amazing! This is going to such a nice addition to your holiday sweet treats.",
  "Metadata": [
    "Prep Time:  10minutes",
    "Cook Time:  10minutes",
    "Chill Time:  2hours",
    "Total Time:    2hours20minutes",
    "Servings:  16Pieces"
  ],
  "Ingredients": [
    "1 (16-ounce) bag white chocolate chips",
    "½ cup marshmallow cream",
    "1 teaspoon vanilla extract",
    "2 cups granulated sugar",
    "1 cup evaporated milk",
    "½ cup unsalted butter"
  ],
  "Instructions": [
    "Line an 8 x 8 x 2-inch dish with parchment paper or aluminum foil and set aside.",
    "In a medium-sized mixing bowl, add 1 (16-ounce) bag white chocolate chips, ½ cup marshmallow cream, and 1 teaspoon vanilla extract.",
    "In a medium-sized saucepan, add 2 cups granulated sugar, 1 cup evaporated milk, and ½ cup unsalted butter. Stir and heat over the stove on medium-high heat and bring the mixture to a boil.  Boil for 10 minutes, stirring occasionally with a wire whisk.",
    "Remove the sugar mixture from the heat and pour over the white chocolate chips, marshmallow cream, and vanilla. Stir with a spoon to incorporate. Then, use an electric mixer to mix until almost set.",
    "Pour the fudge into the prepared dish. Place into the refrigerator for a couple of hours to set. Cut into 2-inch squares and enjoy!"
  ],
  "Nutrition": [
    "Calories: 335kcal",
    "Carbohydrates: 47g",
    "Protein: 3g",
    "Fat: 16g",
    "Saturated Fat: 10g",
    "Cholesterol: 26mg",
    "Sodium: 93mg",
    "Potassium: 130mg",
    "Fiber: 1g",
    "Sugar: 46g",
    "Vitamin A: 224IU",
    "Vitamin C: 1mg",
    "Calcium: 100mg",
    "Iron: 1mg"
  ],
  "Comments": [
    "Gosia says:Hi, how many grams or oz is half a cup of butter?",
    "Alyssa Rivers says:4 oz or 115 grams!",
    "Jennifer says:I have tried twice to make this fudge and both times I have gotten burning on the bottom. I have lowered the heat both times. I switched pots. Why does it keep burning?",
    "Alyssa Rivers says:You need a sauce pan that has a thick bottom to prevent it from burning. If you don’t have that then just make sure that you are using a wooden spoon so that you aren’t scraping the burnt parts and putting them back into the fudge.",
    "Lisa says:I followed the directions exactly and it did not set. What could have gone wrong?",
    "Alyssa Rivers says:Oh no! Typically fudge doesn’t set because it doesn’t get hot enough when cooked. Did you make sure the mixture was boiled for 10 minutes?",
    "Kathy says:I have the ultimate sweet tooth.  I can’t eat this stuff.  It is sickeningly sweet.  And in no way does it taste vanilla and I put in at least twice the amount called for.  It might be better with something to cut some of the sweetness.  But I won’t try it again.",
    "Nancy Mackenzie says:Delicious. I cut the fudge into squares which I freeze for about 1/2 hour then I coat each with a thin layer of melted white chocolate. I press a toasted pecan half on top.",
    "john gizzi says:im gonna try it both ways",
    "Christine Hodgson says:This was amazing! I added peppermint extract and crushed peppermint candy.I’m sharing this with my neighbors because I love sharing what I love to do. And It’s Christmas time and sharing joy is what I do. I’m also sharing the peanut butter one. and no bake cookiesLove & Light from OregonStay Safe and healthy.",
    "Sabrina says:yum, really nice, thank you, had never had vanilla fudge before!"
  ]
}