{
  "URL": "https://therecipecritic.com/vanilla-soft-serve-frozen-yogurt/",
  "Summary": "This vanilla soft serve frozen yogurt is delicious and perfect for the hot summer days! Everyone goes crazy for it!",
  "Metadata": [
    "Prep Time:  10minutes",
    "Cook Time:  45minutes",
    "Total Time:  55minutes",
    "Servings: 6"
  ],
  "Ingredients": [
    "1 cup heavy whipping cream",
    "1 (32-ounce) container full-fat vanilla Greek yogurt",
    "1 tablespoon vanilla bean paste",
    "1 cup granulated sugar",
    "fresh fruit for topping"
  ],
  "Instructions": [
    "To a large blender add the 1 cup heavy whipping cream, 1 (32-ounce) container full-fat vanilla Greek yogurt, 1 tablespoon vanilla bean paste, and 1 cup granulated sugar, and blend until completely combined.",
    "Pour the mixture into a prepared ice cream maker and follow the ice cream maker's directions to chill the yogurt.",
    "Once it is done, you can transfer the mixture to an airtight container and freeze it to make a more solid mixture or eat it right away.",
    "Top with fresh fruit for topping and enjoy!"
  ],
  "Nutrition": [
    "Calories: 273kcal",
    "Carbohydrates: 36g",
    "Protein: 1g",
    "Fat: 14g",
    "Saturated Fat: 9g",
    "Polyunsaturated Fat: 1g",
    "Monounsaturated Fat: 4g",
    "Cholesterol: 45mg",
    "Sodium: 11mg",
    "Potassium: 39mg",
    "Sugar: 36g",
    "Vitamin A: 583IU",
    "Vitamin C: 0.2mg",
    "Calcium: 27mg",
    "Iron: 0.1mg",
    ""
  ],
  "Comments": [
    "Reynalda Krysinski says:great thanks",
    "shawnna griffin says:hey girl- this looks amazing!",
    "Pat says:Looks interesting, just starting out!"
  ]
}