{
  "URL": "https://therecipecritic.com/vanilla-cupcakes/",
  "Summary": "Easy Vanilla Cupcakes with vanilla frosting are such a classic treat for birthdays and perfect for any celebratory occasions. These moist cupcakes with their creamy crown of frosting will surely bring a smile to your face!",
  "Metadata": [
    "Prep Time:  40minutes",
    "Cook Time:  17minutes",
    "Total Time:  57minutes",
    "Servings:  12cupcakes"
  ],
  "Ingredients": [
    "1 ½ cups all-purpose flour",
    "¾ cup granulated sugar",
    "¼ teaspoon kosher salt",
    "1 teaspoon baking powder",
    "½ teaspoon baking soda",
    "¾ cup sour cream room temperature",
    "½ cup vegetable oil",
    "1 large egg room temperature",
    "1 tablespoon pure vanilla extract",
    "12 ounces unsalted butter 3 sticks, room temperature",
    "1 ½ cups powdered sugar",
    "6 tablespoons heavy whipping cream",
    "1 ½ teaspoons pure vanilla extract",
    "a big pinch of salt"
  ],
  "Instructions": [
    "Preheat oven to 350 degrees Fahrenheit. Line a muffin pan with cupcake liners and set aside.",
    "In a small mixing bowl, sift together 1 ½ cups all-purpose flour, ¾ cup granulated sugar, ¼ teaspoon kosher salt, 1 teaspoon baking powder, and ½ teaspoon baking soda. Stir with a whisk to distribute evenly. Set aside.",
    "To a medium bowl, add ¾ cup sour cream, ½ cup vegetable oil, 1 large egg, and 1 tablespoon pure vanilla extractBeat together with a whisk until smooth. Add the flour mixture to the wet ingredient mixture and fold until just combined.",
    "Use a large ice cream scoop to divide batter evenly into 12 cupcake cavities.",
    "Bake in the middle oven rack for 16-17 minutes until a toothpick inserted in the middle of a cupcake comes out clean with just a few crumbs attached. Remove from the oven and allow to cool to the touch. Remove cupcakes from the pan and allow to cool completely on a wire rack.",
    "Add 12 ounces unsalted butter, 1 ½ cups powdered sugar, 6 tablespoons heavy whipping cream, 1 ½ teaspoons pure vanilla extract, and a big pinch of salt to the bowl of a stand mixer. Stir to incorporate all the ingredients, then turn the mixer on high speed and beat until the frosting is white and fluffy. This will take about 10-15 minutes.",
    "Add a piping tip of your choice to a pastry bag, fill the bag with frosting, and pipe frosting on top of the cooled cupcakes. Garnish with sprinkles if desired."
  ],
  "Nutrition": [
    "Calories: 511kcal",
    "Carbohydrates: 41g",
    "Protein: 3g",
    "Fat: 38g",
    "Saturated Fat: 19g",
    "Polyunsaturated Fat: 6g",
    "Monounsaturated Fat: 10g",
    "Trans Fat: 1g",
    "Cholesterol: 92mg",
    "Sodium: 145mg",
    "Potassium: 57mg",
    "Fiber: 0.4g",
    "Sugar: 28g",
    "Vitamin A: 928IU",
    "Vitamin C: 0.2mg",
    "Calcium: 51mg",
    "Iron: 1mg",
    ""
  ],
  "Comments": [
    "AmbalaCakes says:Nice recipe Trang",
    "daisy says:suggestion – maybe give more options for the oven temperature.  What is 350 degrees in gas mark or assisted fan ovens?",
    "Alyssa Rivers says:A 350 degree Fahrenheit oven.",
    "Daisy says:mouth watering recipes. Love your cinnamon roll cake.  Will definitely give it a try.  Liked how you have a video to show how it’s made.",
    "Alyssa Rivers says:Thank you Daisy!  The cinnamon roll cake is a favorite of ours as well!",
    "shalini sharma says:fantastic article..keep it up."
  ]
}