{
  "URL": "https://therecipecritic.com/vegetarian-chili/",
  "Summary": "Introducing the ULTIMATE vegetarian chili recipe! It's full of tender vegetables, a combination of beans, and loaded with seasonings. It's an easy one-pot chili bursting with so many flavors and textures that you won't even miss the meat!",
  "Metadata": [
    "Prep Time:  10minutes",
    "Cook Time:  20minutes",
    "Total Time:  30minutes",
    "Servings:  6people"
  ],
  "Ingredients": [
    "2 tablespoons olive oil",
    "½ yellow onion, diced",
    "1 ½ cups bell peppers, diced (I use a combination of red, green and yellow)",
    "2 teaspoons garlic, minced",
    "28 ounces fire roasted tomatoes,  with juices",
    "4 ounces green chilies, canned",
    "3 cups vegetable broth, or water",
    "15 ounces black beans, rinsed and drained",
    "15 ounces chili beans, with juices",
    "15 ounces kidney beans, rinsed and drained",
    "2 tablespoons chili powder",
    "2 teaspoons smoked paprika",
    "1 tablespoon ground cumin",
    "1 teaspoon dried oregano",
    "1  teaspoon coarse salt",
    "avocado, cilantro, or limes, for topping"
  ],
  "Instructions": [
    "In a large pot, add 2 tablespoons olive oil over medium-high heat. Add the ½ yellow onion,1 ½ cups bell peppers, and 2 teaspoons garlic,. Sauté until tender.",
    "Add in the 28 ounces fire roasted tomatoes,  4 ounces green chilies, 3 cups vegetable broth, 15 ounces black beans, 15 ounces chili beans, 15 ounces kidney beans, 2 tablespoons chili powder, 1 tablespoon ground cumin, 2 teaspoons smoked paprika, 1 teaspoon dried oregano, and 1  teaspoon coarse salt.",
    "Bring to a boil and reduce to a simmer for 20 minutes.",
    "Taste and adjust the seasonings if desired. Enjoy the chili with your favorite toppings like avocado, cilantro, or limes,!"
  ],
  "Nutrition": [
    "Serving: 1cup",
    "Calories: 364kcal",
    "Carbohydrates: 60g",
    "Protein: 18g",
    "Fat: 7g",
    "Saturated Fat: 1g",
    "Polyunsaturated Fat: 2g",
    "Monounsaturated Fat: 4g",
    "Sodium: 1688mg",
    "Potassium: 1042mg",
    "Fiber: 18g",
    "Sugar: 11g",
    "Vitamin A: 3096IU",
    "Vitamin C: 55mg",
    "Calcium: 132mg",
    "Iron: 7mg"
  ],
  "Comments": [
    "John says:What are “chili beans” ? Pintos?",
    "Alyssa Rivers says:Hi John, thank you for your question. Yes chili beans are basically just pinto beans. The only difference is the sauce they are canned in is slightly different. You can use whatever beans you’d like. I just like the flavor they add.",
    "Mari says:This is very flavorful, but as others mentioned thin. With that in mind, I used 2 1/2 cups water with the amount of Better Than Bouillion that I’d use for 3 cups. It was still thin. Normally, I’d mash some of the beans then add them back like I do when making Cajun Red Beans. However, I had Masa Harina in the pantry, so instead used 2T of that(same that I add to a pot of my regular chili). Perfect.Best veggie chili that I’ve tasted or made. Thank you!",
    "Linda Matthews says:Veggies good but found it to be too watery. I only added the appropriate broth as per instructions. Is there a way to thicken it? Might serve over rice.",
    "Mari says:When making Cajun red beans,,I mash a large spoonful of beans to thicken it. That should work with this recipe.",
    "Louise Cartagenise says:Alyssa … Thank you so much for sharing these recipes with us.  I am anxious to try this Chili Recipe."
  ]
}