{
  "URL": "https://therecipecritic.com/vegetable-detox-soup/",
  "Summary": "Vegetable Detox Soup is an easy one pot recipe perfect for getting back on track for the new year! Best of all, it's comforting, flavorful and packed with lots of healthy vegetables.",
  "Metadata": [
    "Prep Time:  20minutes",
    "Cook Time:  20minutes",
    "Total Time:  40minutes",
    "Servings:  6people"
  ],
  "Ingredients": [
    "olive oil",
    "1/2 of a red onion diced",
    "2 cloves garlic minced",
    "1 tablespoon fresh ginger peeled and minced",
    "2 cups chopped celery",
    "1 cup chopped carrots",
    "3 cups broccoli florets",
    "1 cup cauliflower florets",
    "1/2 teaspoon turmeric optional or to taste",
    "1 can 14.5 oz can of no salt diced tomatoes (preferably organic)",
    "4 cups water",
    "1 teaspoon Italian seasoning",
    "pink Himalayan salt or sea salt, to taste",
    "fresh cracked black pepper to taste",
    "2 cups kale de-stemmed and torn in pieces",
    "1 cup purple cabbage chopped",
    "juice from 1/2 of a small lemon",
    "handful chopped parsley for serving"
  ],
  "Instructions": [
    "In a large pot, add oil and turn on the heat to medium-high. Add the onion, garlic and ginger. Sauté for 2 minutes, stirring occasionally. Add the celery, carrots, broccoli and cauliflower. Stir and cook for about 2-3 minutes, until slightly softened. Stir in the turmeric and diced tomatoes.",
    "Add water and bring to a boil. Reduce heat and simmer for 15-20 minutes or until vegetables are soft. Stir in the Italian seasoning, salt and pepper to taste, kale, cabbage and lemon juice near the last 2-3 minutes of simmering.",
    "Serve hot with chopped parsley."
  ],
  "Nutrition": [
    "Calories: 39kcal",
    "Carbohydrates: 8g",
    "Protein: 3g",
    "Fat: 1g",
    "Saturated Fat: 1g",
    "Sodium: 41mg",
    "Potassium: 339mg",
    "Fiber: 2g",
    "Sugar: 2g",
    "Vitamin A: 2680IU",
    "Vitamin C: 84.2mg",
    "Calcium: 77mg",
    "Iron: 1mg",
    ""
  ],
  "Comments": [
    "Elyse says:Is that 39 calories for a cup?",
    "Alyssa Rivers says:Thanks for the question! This recipe has 6 servings so it’s about 39 calories per serving and based on the ingredients, I’d say each serving is more like 1.5-2 cups! I hope that helps!",
    "Ruth Renedo says:Just had my first bowl!  Yummy in my tummy! This will be repeated from time to time. I’m getting ready for knee replacement and need to take off some weight and with this soup I see success in my future.",
    "Dawne Clancy says:My go to detox soup. Such delicious flavour, satisfying so I’m not craving heavy carbs after. A must try! I add some red pepper flakes for some heat and double up on the ginger. Fantastic",
    "Heather says:I see you have suggestions to add proteins of meat and tofu, but not beans. Is there a reason you don’t suggest this as an option?",
    "Alyssa Rivers says:You can use beans if you prefer!",
    "Tirsa pacheco says:Thank you",
    "Jesse says:Thanks for the recipe. This is worth a try. I tried a detox soup from iahas.com and it was very good and effective. But this one looks a little unique, and I would love to give it a try.",
    "Tammy says:Am doing weekly fasting but am having a hard time getting through the day…this soup is amazingly good and eases the poor feelings that come from fasting without adding unhealthy carbs,or oils.   We make it as directed with the turmeric and a bit of cayenne…and use 4 cups chicken stock and 2 cups chicken bouillon.   Everyone in the family loves it!    Great taste, great nutrition, and gets me through the day without destroying the fast.  Have looked everywhere for others and this is the best yet.    Thank you Recipe Critic!!!",
    "Leticia Ramos michel says:I put spinach ínstead of Kale, but I liquefied it and also use mushrooms, it was very good",
    "Colleen says:I followed the recipe as written and added mushrooms and jalapeños (they needed to be used, so why not). The vegetables were soft but not mushy and the broth was tasty. My husband, who is not a vegetable person, enjoyed the soup and asked if there was enough for a second meal.",
    "MaryAnn says:I love the soup!  I used beef broth and the spices make it taste so good.",
    "Kathi says:Love the soup but made one change.  Because of my thyroid meds – can’t do Kale – so switched it to spinach – which I can do.  Then pureed the whole thing and drank it for a hot breakfast drink.  Thanks for sharing.",
    "Elle W says:I prefer my cabbage cooked more; is their some detox benefit to adding it last? We used to do cabbage soup for detox and weight loss thirty years ago! This recipe adds to that the Himalayan salt (back then, we just used “salt” ?,) broccoli, and cauliflower. Thanks for including this recipe in today’s newsletter! The latest “healthiest” salt is now “Celtic” salt. According to a friend’s doctor in Charlotte, NC, it doesn’t affect blood pressure the way table salt and Himalayan do. I’ve been using it and loving it! I guess it’s true, because my BP has been fine using it! ❤️",
    "Kathi says:Where does one get Celtic salt Elle?  I tried to google it and got nowhere.  I would love to try it.",
    "Lisa says:How much liquid do you use?",
    "Alyssa Rivers says:The 4 cups of water is part of the liquid.",
    "veronica says:Just tried this but added some fresh chili to it and used coriander instead of parsley…. AMAZING!!!!!!Thank you",
    "Kristy says:Just wondering what other foods to eat while taking the soup?",
    "Jane says:How well will this soup freeze? Is it mushy when defrosted? Considering for a weekly meal prep",
    "Alyssa Rivers says:This soup does well in the freezer. I would recommend warming it up on the stove top or slow cooker. Enjoy your soup!",
    "Laurie says:Do you have the nutrition chart already prepared?",
    "Alyssa Rivers says:I am getting one ready for my new site redesign. For now, I like to use myfitnesspal.com or skinny taste.com with any nutritional information. Hope that helps! XOXO",
    "Sarah says:Hey Kelly, love the detox soup recipe! I’ve been experimenting with mixing it with different proteins and wanted to know what your’s favorite to pair this soup with! I would prefer to pair it with beans, but not sure what would work best!"
  ]
}