{
  "URL": "https://therecipecritic.com/vegetable-stir-fry/",
  "Summary": "With my easy vegetable stir fry recipe, you can use whatever veggies you have on hand for a quick 30-minute meal your whole family will love.",
  "Metadata": [
    "Prep Time:  15minutes",
    "Cook Time:  5minutes",
    "Total Time:  20minutes",
    "Servings: 6"
  ],
  "Ingredients": [
    "1 tablespoon olive oil",
    "1 sliced red bell pepper",
    "1 sliced yellow bell pepper",
    "1 small sliced zucchini",
    "1 cup sugar snap peas",
    "1 cup sliced carrots",
    "1 cup sliced mushrooms",
    "2 cups broccoli",
    "1 (15-ounce) can baby corn drained",
    "1 (8-ounce) can water chestnuts drained",
    "green onions  for garnish",
    "sesame seeds for garnish",
    "¼ cup soy sauce",
    "3 garlic cloves, minced",
    "3 tablespoons brown sugar",
    "1 teaspoon sesame oil",
    "½ cup chicken broth",
    "1 tablespoon cornstarch"
  ],
  "Instructions": [
    "Add 1 tablespoon olive oil over medium-high heat in a wok or large skillet.  Add 1 sliced red bell pepper, 1 sliced yellow bell pepper, 1 small sliced zucchini, 1 cup sugar snap peas, 1 cup sliced carrots, 1 cup sliced mushrooms, 2 cups broccoli, 1 (15-ounce) can baby corn, and 1 (8-ounce) can water chestnuts. Cook for 2-3 minutes, stirring frequently until the veggies are almost tender.",
    "In a small bowl, whisk together ¼ cup soy sauce, 3 garlic cloves, minced,  3 tablespoons brown sugar, 1 teaspoon sesame oil, ½ cup chicken broth, and 1 tablespoon cornstarch.",
    "Pour the sauce over the veggies and cook until the sauce has thickened and the veggies are tender. Garnish with green onions  and sesame seeds if desired."
  ],
  "Nutrition": [
    "Calories: 204kcal",
    "Carbohydrates: 39g",
    "Protein: 7g",
    "Fat: 5g",
    "Saturated Fat: 1g",
    "Polyunsaturated Fat: 1g",
    "Monounsaturated Fat: 2g",
    "Cholesterol: 0.4mg",
    "Sodium: 649mg",
    "Potassium: 642mg",
    "Fiber: 6g",
    "Sugar: 15g",
    "Vitamin A: 4811IU",
    "Vitamin C: 108mg",
    "Calcium: 50mg",
    "Iron: 2mg"
  ],
  "Comments": [
    "Nisa says:Quick. Fast. The sauce went down well just like the real deal stuff will totally use again.",
    "Vicki Fletcher says:The sauce is a perfect amount to coat vegetables and noodles. Subtle but tasty.",
    "Tanya says:I have tried to make stir fry before, and it never turned out. I did a search for stir fry because my husband and I were wanting veggies. I found this recipe. It was amazing! We both loved it and it will become a staple recipe. I’m sending it to all of our adult children too.I did omit the sesame oil and some veggies as I didn’t have them. I only used 1 Tbl brown sugar, and it was the perfect sweetness. Looking forward to having this again!",
    "Karen says:Love this recipe!! Have made it twice in the past week. Has a wonderful flavor & so easy to make.",
    "Alyssa Rivers says:So happy you love it!",
    "Shannon Manning says:Hi there! If you want to skip making the sauce, pick up a packet of PRE-MADE P.F. Chang’s Home Menu Chicken Lettuce Wrap Cooking Sauce and Marinade….Walmart has it for $3.19. So good! I suggest draining the veggies before adding sauce to make it less watery. Add cooked protein for a more filling meal! There are also other varieties of the PF Chang’s Home Menu Cooking Sauces as well! Try them!!",
    "Alyssa Rivers says:Thanks for the heads up!"
  ]
}