{
  "URL": "https://therecipecritic.com/vegetable-curry/",
  "Summary": "This One Pan Vegetable Curry is super easy to make and is LOADED with flavor! This vegetable curry is healthy, vegetarian and is ready in under 30 minutes! Make this for dinner tonight!",
  "Metadata": [
    "Prep Time:  15minutes",
    "Cook Time:  15minutes",
    "Total Time:  30minutes",
    "Servings:  4People"
  ],
  "Ingredients": [
    "1 Tablespoon olive oil",
    "1  medium red bell pepper, cut into large dice",
    "1  medium yellow bell pepper, cut into large dice",
    "1 medium red onion, cut into large dice",
    "1 medium zucchini, cut into large dice",
    "1 medium carrots, sliced on a diagonal",
    "1 Tablespoon ginger, minced",
    "3 cloves  garlic, minced",
    "2 Tablespoon red curry paste",
    "13.5 ounces coconut milk",
    "1/2 cup water",
    "1 Tablespoon soy sauce",
    "1 teaspoon light brown sugar",
    "1 whole lime, juiced",
    "green onions for garnish, if desired",
    "rice for serving"
  ],
  "Instructions": [
    "Add olive oil to a large skillet and heat over high heat.",
    "Add in the bell pepper, onion, zucchini and carrots. Saute for 4-5 minutes or until they are starting to get tender and golden brown on the outside. (They will continue to cook and soften as they simmer with the sauce).",
    "Stir in ginger and garlic and cook for an additional minute.",
    "Add in curry paste and continuously whisk for 1 minute.",
    "Next add in the coconut milk, water, soy sauce and sugar. Bring the mixture to a simmer. Cook for 5 minutes or until the curry has thickened up to your liking.",
    "Take off of the heat and stir in juice from one lime. Serve immediately with green onions and rice!"
  ],
  "Nutrition": [
    "Calories: 238kcal",
    "Carbohydrates: 5g",
    "Protein: 3g",
    "Fat: 24g",
    "Saturated Fat: 19g",
    "Sodium: 266mg",
    "Potassium: 229mg",
    "Fiber: 1g",
    "Sugar: 2g",
    "Vitamin A: 1181IU",
    "Vitamin C: 2mg",
    "Calcium: 32mg",
    "Iron: 3mg",
    ""
  ],
  "Comments": []
}