{
  "URL": "https://therecipecritic.com/vegetable-beef-soup/",
  "Summary": "This hearty Vegetable Beef Soup is comforting and flavor-packed! It's loaded with beef, potatoes, and veggies that simmer to tender perfection. A classic and easy one-pot soup for a chilly night.",
  "Metadata": [
    "Prep Time:  15minutes",
    "Cook Time:  30minutes",
    "Total Time:  45minutes",
    "Servings:  6Servings"
  ],
  "Ingredients": [
    "2 tablespoons olive oil",
    "1 pound boneless beef chuck, cut into 1-inch pieces",
    "1 teaspoon salt",
    "½ teaspoon pepper",
    "1 small diced yellow onion",
    "1 cup diced carrots",
    "1 cup diced celery",
    "2 teaspoons minced garlic",
    "1 pound Yukon gold potatoes, peeled and cut into 1-inch pieces",
    "1 cup frozen peas",
    "2 (14-ounce) cans diced tomatoes, with juices",
    "6 cups beef broth",
    "1 tablespoon Worcestershire sauce",
    "2 teaspoons basil",
    "2 teaspoons oregano",
    "1 teaspoon thyme",
    "1 teaspoon paprika",
    "salt and pepper to taste, for serving"
  ],
  "Instructions": [
    "Heat 2 tablespoons olive oil in a large stock pot over medium-high heat. Season 1 pound boneless beef chuck, cut into 1-inch pieces, with 1 teaspoon salt and ½ teaspoon pepper, and toss into the pot.",
    "Sear the pieces of beef until golden brown on the outside. It doesn’t need to be cooked through at this point. Remove the beef from the pot.",
    "Add in 1 small diced yellow onion, 1 cup diced carrots, and 1 cup diced celery then cook until the vegetables begin to soften. Add in 2 teaspoons minced garlic and saute for another minute.",
    "Add the beef back into the pot along with 1 pound Yukon gold potatoes, peeled and cut, 1 cup frozen peas, 2 (14-ounce) cans diced tomatoes, 6 cups beef broth, 2 teaspoons basil, 2 teaspoons oregano, 1 teaspoon thyme, 1 tablespoon Worcestershire sauce, 1 teaspoon paprika.",
    "Bring everything to a gentle boil, reduce heat to low, cover the pot, and simmer until the potatoes are tender, about 25-30 minutes.",
    "Season with additional salt and pepper to taste, if needed, and serve warm and enjoy!"
  ],
  "Nutrition": [
    "Calories: 299kcal",
    "Carbohydrates: 23g",
    "Protein: 21g",
    "Fat: 14g",
    "Saturated Fat: 5g",
    "Polyunsaturated Fat: 1g",
    "Monounsaturated Fat: 8g",
    "Trans Fat: 1g",
    "Cholesterol: 52mg",
    "Sodium: 1413mg",
    "Potassium: 941mg",
    "Fiber: 4g",
    "Sugar: 4g",
    "Vitamin A: 4032IU",
    "Vitamin C: 18mg",
    "Calcium: 80mg",
    "Iron: 4mg",
    ""
  ],
  "Comments": [
    "Victor Bye says:Excellent, hardy soup!  A few modifications:  I chose to make the 2X quantity, because it’s the about same amount of work and it freezes well. I used 1.5 lbs of baby gold potato’s (vs 2 lbs in the recipe) with skin on and cut to spoon size pieces. I added 2 cups of frozen corn kernels, and swapped out 2 cups peas for two cups fresh cut green beans.  I also cut back on the dried spices using about 2/3 of what the 2X recipe called for.   This makes for a delicious, nutritious meal, with no processed ingredients (except perhaps the Worcesteshire sauce).  Keeps well in the fridge for a few days and it’s great for quick lunches and suppers.  Real comfort food!",
    "Shanna says:This recipe is delicious! Made no changes at all. The whole family loved it. Will be on our menu regularly.",
    "Jean says:I made it today and it looks delicious but it has a bitter taste. What could be wrong?",
    "Alyssa Rivers says:Hi Jean, I’m sorry it ended up being bitter. The only thing I can think of is maybe your vegetables or garlic were overcooked and became bitter? It’s possibly from burned garlic, or even overcooked onions or celery. I’m not sure.",
    "Stef says:Wonderful flavor! Will make again!",
    "Teri says:My hubbys favorite",
    "Jenn Henderson says:Making this tonight, had some venison loin from my husbands last trip. Always looking for a way to utilize this type of lean meat in a way that would cover some of the potential game flavor. This was amazing. I used better than bouillon –added frozen peas and corn at the end. Doubled it…had enough for leftovers and some to take to a friend with a new baby. Love this!! Thank you!!",
    "Maggie says:Just what I needed!I added heaps more veg…….swedes, turnips, parsnips ……..and more carrots and celery so a huge veg hit.Also substituted passata for tomatoes (what I had on hand) and beef cubes with extra water (made a HUGE batch so the freezer will be full!)I used skirt steak and it is great with no trimming required.A BIG hit!",
    "Tracy says:How well did it freeze?  I will be out of commission in they kitchen for a while looking to put a few things in the freezer for the hubs.",
    "Stephanie Wo says:Added corn and green beans. I served it with cornbread..delish! Oh and a dash more of garlic and some fresh diced tomatoes!",
    "Brian says:This is a solid and very very delicious base recipe. The first time I made this, I needed to use some meat that was going to expire and substituted ground sausage and corn, for the steak and potatoes. Just the stuff I had in the house. Now I am at the grocery store buying ingredients to make this  for the 3rd time because my family loves it. Any other changes I made are just small and done by feel.",
    "Suzanne McKay says:Only used 1 small potato to make it lower carb for a diabetic family member. Bumped up the carrots and celery to 1 cup each and added 1 cup cut green beans to keep the veggie proportions about the same. Very tasty soup and so easy to make. Served it with homemade almond flour crackers (low carb) and cheese. Very nice.",
    "John Caddy says:Use a couple of turnips instead of potatoes",
    "Jean says:Making right now but using a soup bone that I have. Adding to my Yummly Recipe Box, because I couldn’t find a recipe this good on their site!! Thank you very much. Jean",
    "Colt Lightfoot says:Made this tonight. After a quick turnaround trip to Charlotte and back. My wife and I have been so very sick and wanting soup but just not that canned soup. So we stopped at the grocery store picked up the listed ingedients and added a few more lol and wow It turned out fabulous.  Totally recommend this recipe and will deffinately make it again. 10/10",
    "Alyssa Rivers says:Hello Colt!!I am so glad that you and your wife loved it.  I love that you enjoyed it so much.  Thanks for following along with me!",
    "Susan says:Can this be made in the crock pot?",
    "Alyssa Rivers says:Yes! Cooking for the same amount of time."
  ]
}