{
  "URL": "https://therecipecritic.com/veggie-dip/",
  "Summary": "This Veggie Dip is easy, quick and the yummiest dip! This creamy, full of flavor dip is the perfect way to get your kids to eat their vegetables!",
  "Metadata": [
    "Prep Time:  5minutes",
    "Total Time:  5minutes",
    "Servings:  12People"
  ],
  "Ingredients": [
    "1 cup sour cream",
    "3/4 cup mayonnaise",
    "1 tablespoon dill",
    "1 tablespoon chives chopped",
    "1/4 teaspoon garlic powder",
    "1 Tablespoon dried onion",
    "salt and pepper"
  ],
  "Instructions": [
    "In a small bowl whisk the sour cream, mayonnaise, dill, chives, garlic powder, dried onion and salt and pepper to taste.<img decoding=\"async\" width=\"500\" height=\"334\" src=\"https://therecipecritic.com/wp-content/uploads/2021/03/veggiediphowto-500x334.jpg\" class=\"attachment-medium size-medium\" alt=\"\" srcset=\"https://therecipecritic.com/wp-content/uploads/2021/03/veggiediphowto-500x334.jpg 500w, https://therecipecritic.com/wp-content/uploads/2021/03/veggiediphowto-400x267.jpg 400w, https://therecipecritic.com/wp-content/uploads/2021/03/veggiediphowto.jpg 1000w\" sizes=\"(max-width: 500px) 100vw, 500px\" />",
    "Use your favorite veggies to dip."
  ],
  "Nutrition": [
    "Calories: 134kcal",
    "Carbohydrates: 1g",
    "Protein: 1g",
    "Fat: 14g",
    "Saturated Fat: 4g",
    "Trans Fat: 1g",
    "Cholesterol: 16mg",
    "Sodium: 104mg",
    "Potassium: 38mg",
    "Fiber: 1g",
    "Sugar: 1g",
    "Vitamin A: 142IU",
    "Vitamin C: 1mg",
    "Calcium: 24mg",
    "Iron: 1mg",
    ""
  ],
  "Comments": []
}