{
  "URL": "https://therecipecritic.com/very-berry-cheesecake-salad/",
  "Summary": "Fresh berries combine with a creamy cheesecake fluff. This is so amazing and will be the hit of any gathering!",
  "Metadata": [
    "Prep Time:  15minutes",
    "Total Time:  15minutes",
    "Servings:  8people"
  ],
  "Ingredients": [
    "1 (8 ounces)  cream cheese softened",
    "1/2 cup sugar",
    "8 ounces cool whip thawed*",
    "6 cups berries I used:",
    "3 cups strawberries sliced",
    "1 cup blackberries",
    "1 cup blueberries",
    "1 cup raspberries"
  ],
  "Instructions": [
    "In a large bowl, beat together cream cheese and sugar until smooth and creamy. Fold in the thawed cool whip.",
    "Add strawberries, blueberries, blackberries, blueberries, and raspberries. Fold carefully into the cream cheese mixture. Serve immediately."
  ],
  "Nutrition": [
    "Calories: 193kcal",
    "Carbohydrates: 44g",
    "Protein: 2g",
    "Fat: 3g",
    "Saturated Fat: 1g",
    "Cholesterol: 5mg",
    "Sodium: 23mg",
    "Potassium: 242mg",
    "Fiber: 7g",
    "Sugar: 33g",
    "Vitamin A: 160IU",
    "Vitamin C: 44.1mg",
    "Calcium: 58mg",
    "Iron: 0.7mg"
  ],
  "Comments": [
    "Chasity says:I made this for the 4th of July and everyone LOVED it!I’m making it again for a family reunion this weekend!!Thank you for all your yummy recipes!!😋",
    "Amber J says:So easy and delicious! I’ve made this several times, and it’s always a hit. Great for any occasion."
  ]
}