{
  "URL": "https://therecipecritic.com/vietnamese-noodle-soup/",
  "Summary": "This simplified version of Vietnamese noodle soup brings the comforting flavors of Pho you love with less effort. ",
  "Metadata": [
    "Prep Time:  10minutes",
    "Cook Time:  40minutes",
    "Total Time:  50minutes",
    "Servings:  8servings"
  ],
  "Ingredients": [
    "½ pound beef tenderloin, sliced thinly",
    "1 tablespoon sesame oil",
    "1 medium yellow onion, quartered",
    "1 large knob of ginger, peeled and quartered",
    "4 cloves garlic, cut in half",
    "4 cups beef broth",
    "4 cups water",
    "1 cinnamon stick",
    "1 whole star anise",
    "1 clove",
    "½ teaspoon coriander",
    "1 tablespoon fish sauce",
    "2 teaspoons hoisin sauce",
    "2 teaspoons soy sauce",
    "8 ounces rice stick noodles, pad thai noodles",
    "Lime wedges",
    "Sriracha",
    "Bean sprouts"
  ],
  "Instructions": [
    "Heat the 1 tablespoon sesame oil in a large pot over medium-high heat. Add the ½ pound beef tenderloin, and sear it just barely on all sides, it will finish cooking in the broth.",
    "Remove the seared meat and set aside. Add the 1 medium yellow onion, 1 large knob of ginger, and 4 cloves garlic, to the pot and cook, stirring occasionally, until everything is tender and toasted.",
    "Add the 4 cups beef broth, 4 cups water, 1 cinnamon stick, 1 whole star anise, 1 clove, ½ teaspoon coriander, 1 tablespoon fish sauce, 2 teaspoons hoisin sauce, 2 teaspoons soy sauce, and stir everything together and bring it to a gentle boil.",
    "Add the beef back to the pot, reduce the heat to low, and simmer until it is cooked. While the beef is cooking, boil the 8 ounces rice stick noodles, according to the package directions, drain, and set aside.",
    "Remove the onions, ginger, garlic, cinnamon stick, star anise, and clove from the soup and discard.",
    "Serve the soup in bowls with a serving of cooked noodles and the suggested toppings."
  ],
  "Nutrition": [
    "Calories: 141kcal",
    "Carbohydrates: 27g",
    "Protein: 3g",
    "Fat: 2g",
    "Saturated Fat: 0.4g",
    "Polyunsaturated Fat: 1g",
    "Monounsaturated Fat: 1g",
    "Cholesterol: 0.03mg",
    "Sodium: 782mg",
    "Potassium: 118mg",
    "Fiber: 1g",
    "Sugar: 1g",
    "Vitamin A: 3IU",
    "Vitamin C: 2mg",
    "Calcium: 29mg",
    "Iron: 1mg"
  ],
  "Comments": []
}