{
  "URL": "https://therecipecritic.com/virgin-mojito/",
  "Summary": "My Virgin Mojito is your instant vacation in a glass. Crisp, minty, and packed with fresh lime flavor.",
  "Metadata": [
    "Prep Time:  5minutes",
    "Total Time:  5minutes",
    "Servings:  2Mojitos"
  ],
  "Ingredients": [
    "¼ cup fresh lime juice",
    "2 teaspoons agave, or sweetener of choice",
    "10 mint leaves",
    "sparkling water",
    "wedged limes for garnish",
    "additional mint leaves for garnish"
  ],
  "Instructions": [
    "In a small bowl, muddle together the ¼ cup fresh lime juice, 2 teaspoons agave, and 10 mint leaves for at least 1 minute.",
    "Pour the muddled mixture into a glass with ice and pour the sparkling water over it all.",
    "Mix lightly, place wedged limes for garnish and additional mint leaves for garnish on the glasses, and enjoy!"
  ],
  "Nutrition": [
    "Calories: 42kcal",
    "Carbohydrates: 11g",
    "Protein: 0.3g",
    "Fat: 0.1g",
    "Saturated Fat: 0.01g",
    "Polyunsaturated Fat: 0.03g",
    "Sodium: 3mg",
    "Potassium: 64mg",
    "Fiber: 1g",
    "Sugar: 7g",
    "Vitamin A: 228IU",
    "Vitamin C: 12mg",
    "Calcium: 16mg",
    "Iron: 0.3mg"
  ],
  "Comments": [
    "Sabrina says:good idea for a daytime drink, love mojito flavor and nice to be able to have one any time, not just cocktail hour, thank you!"
  ]
}