{
  "URL": "https://therecipecritic.com/wacky-cake/",
  "Summary": "If you're looking for a fun and delicious dessert then you have to try this Wacky Cake recipe! This cake is full of rich chocolate flavor and topped with easy-to make chocolate whipped cream. ",
  "Metadata": [
    "Prep Time:  10minutes",
    "Cook Time:  40minutes",
    "Total Time:  50minutes",
    "Servings:  12Servings"
  ],
  "Ingredients": [
    "2 ¾ cups all-purpose flour",
    "½ cup cocoa powder",
    "1 ¾ cup granulated sugar",
    "2 teaspoons baking soda",
    "¾ teaspoon salt",
    "2 tablespoons white vinegar",
    "2 teaspoons vanilla extract",
    "⅔ cup vegetable oil",
    "2 cups water",
    "1 ½ cup heavy whipping cream",
    "⅔ cup powdered sugar",
    "3 tablespoons cocoa powder"
  ],
  "Instructions": [
    "Preheat the oven to 350 degrees Fahrenheit. Spray a 9×13 baking pan with pan spray and set aside.",
    "In a large bowl, whisk together the flour, cocoa powder, sugar, baking soda, and salt.",
    "Add the vinegar, vanilla, oil and water and stir until just combined.",
    "Pour the batter into the prepared baking pan and bake for 35-40 minutes, until the center of the cake springs back when lightly pressed on or a toothpick comes out clean.",
    "Let the cake cool completely before topping with the chocolate whipped cream.",
    "To make the whipped cream, add the cream, powdered sugar, and cocoa powder to a large bowl and beat until medium stiff peaks form. Spread evenly over the cake and enjoy!"
  ],
  "Nutrition": [
    "Calories: 357kcal",
    "Carbohydrates: 61g",
    "Protein: 5g",
    "Fat: 12g",
    "Saturated Fat: 7g",
    "Polyunsaturated Fat: 1g",
    "Monounsaturated Fat: 3g",
    "Cholesterol: 34mg",
    "Sodium: 340mg",
    "Potassium: 134mg",
    "Fiber: 3g",
    "Sugar: 37g",
    "Vitamin A: 437IU",
    "Vitamin C: 0.2mg",
    "Calcium: 32mg",
    "Iron: 2mg"
  ],
  "Comments": [
    "LG says:Really easy and the frosting is really good and light",
    "Brenda Beighley says:I made this cake for a weekend getaway with my husband and his brothers. Everyone loved this cake, even my sister in law that is always on a diet.  So quick and easy to make and the frosting is so good.  I always love your recipes.",
    "Jacquelynn Miller says:My great grandmother use to make this cake when I was a child. The only difference was that she would not frost it but sprinkle powdered sugar over the top. This cake brings back such good memories.",
    "Alyssa Rivers says:Awww, what a lovely memory, thank you for sharing, I’m glad you liked it and it had a deeper meaning for you!",
    "Terri Lamprecht says:I was surprised to see there are no eggs in your Wacky Cake!",
    "Lori says:I want to make this cake and I’m wondering if anyone has tried baking the cake in two 8 or 9 inch round cake pans or cup cake tins.  If so, how long and at what temperature?  Thanks!",
    "CHRISTOPHER L MORROW says:I grew up on this and it’s really a very good everyday, family cake — easy and economical. No one in my family needed to avoid eggs or dairy, but my mom made a beautiful, shiny, boiled chocolate glaze that also happened to be vegan (provided your sugar is organic).",
    "Deb Good says:We grew up on this cake. Its a great recipe, always moist but you need to be careful releasing the air bubbles so it is not full of wholes after baking. Its slso called Crazy cake or Cockeyed cake. Of only I could find a vanilla cake this good ?",
    "Sue Patton says:My great grandmother made wacky cakes more than 75 years ago. She taught grandma and my mom to mix the cake right in the baking pan. And it’s never been iced in anything but peanut butter icing – at least in our family. You haven’t had wacky cake til you’ve had it our way!?",
    "Karen says:That sounds delicious! Would it happen to be vegan? (Just wondering!)",
    "Hughlene says:I first discoverd this recipe when I was young. Mom would make the cake and frost it with German chocolate cake frosting. After I got married my husband’s aunt would frost it with a frosting that you cooked milk and flour till thickened and whip this pudding with sugar and butter. My husband didn’t eat eggs so loved making this cake and frosting it with milk chocolate tube frostingOne of the best chocolate cakes recipes ever found!!"
  ]
}