{
  "URL": "https://therecipecritic.com/waldorf-chicken-salad/",
  "Summary": "This Waldorf Chicken Salad is a refreshing and filling dish loaded with fruit, veggies, and nuts. It comes together quickly and packs up well for taking to work or even a picnic.",
  "Metadata": [
    "Prep Time:  10minutes",
    "Cook Time:  5minutes",
    "Total Time:  15minutes",
    "Servings:  4People"
  ],
  "Ingredients": [
    "¼ cup plain Greek yogurt",
    "¼ cup mayonnaise",
    "1 tablespoon lemon juice",
    "½ teaspoon salt",
    "¼ teaspoon fresh ground black pepper",
    "8-10 ounce cooked diced chicken breast about 1 large breast",
    "2 stalks chopped celery about 1 cup",
    "1 chopped apple",
    "1 cup halved grapes",
    "1 cup toasted chopped walnuts",
    "6 leaves Boston lettuce"
  ],
  "Instructions": [
    "Place walnuts on a baking sheet and bake at 350 degrees Fahrenheit for 5 minutes. Cool.",
    "In a small bowl, mix ¼ cup plain Greek yogurt, ¼ cup mayonnaise, 1 tablespoon lemon juice, ½ teaspoon salt, and ¼ teaspoon fresh ground black pepper.",
    "In a large bowl, toss together 8-10 ounce cooked diced chicken breast, 2 stalks chopped celery, 1 chopped apple, 1 cup halved grapes, 1 cup toasted chopped walnuts, and the dressing. Spoon into 6 leaves Boston lettuce and serve immediately."
  ],
  "Nutrition": [
    "Calories: 415kcal",
    "Carbohydrates: 19g",
    "Protein: 19g",
    "Fat: 31g",
    "Saturated Fat: 4g",
    "Polyunsaturated Fat: 20g",
    "Monounsaturated Fat: 5g",
    "Trans Fat: 0.03g",
    "Cholesterol: 43mg",
    "Sodium: 469mg",
    "Potassium: 591mg",
    "Fiber: 4g",
    "Sugar: 12g",
    "Vitamin A: 918IU",
    "Vitamin C: 7mg",
    "Calcium: 70mg",
    "Iron: 2mg",
    ""
  ],
  "Comments": [
    "Rose Mary Mariucci says:Can I use canned chicken in this recipe?",
    "Alyssa Rivers says:Yes, that sounds great! Drain the chicken before adding it to the salad.",
    "Jeffrey says:These recipe is really awesome ,,easy to prepare and to cook no need to hurry .thanx alot for sharing these recipe",
    "Alyssa Rivers says:Thank you so much for sharing and following along with me!! I really appreciate it! XOXO",
    "Patricia says:Incredible recipes; thanks!  I am taking turns cooking for four in our household now.  My grandson is living with us (daughter, son-in-law and me Grandma (by the way a young spirited Grandma); Grandson is a good cook, so my skills need to go up a notch.  You will make me look good!  Thanks!",
    "Alyssa Rivers says:OH FUN!! That sounds like a great challenge and I hope you win;)! Thanks so much for following along with me! XOXO",
    "Deb says:This recipe looks great!  I am going to try it next week.  One thing.  The ads on the side are VERY annoying.  They blink and change trying to get your attention.  I can hardly stand to look at your recipes because of this.  Is there a way to at least keep them from blinking and also from scrolling down and following you as you read the entire post?  Thanks!",
    "shawnna griffin says:hey girl- this looks so good!"
  ]
}