{
  "URL": "https://therecipecritic.com/walking-tacos/",
  "Summary": "Walking Tacos are quick and easy deconstructed tacos that are made and served right in a chip bag.  Great for active parties or on the go meals because they are filling and fast!",
  "Metadata": [
    "Prep Time:  5minutes",
    "Cook Time:  15minutes",
    "Total Time:  20minutes",
    "Servings:  5servings"
  ],
  "Ingredients": [
    "1 pound lean ground beef",
    "2 tablespoons homemade taco seasoning",
    "5 (1-ounce) small bags Fritos chips (Doritos also are great)",
    "sliced tomatoes",
    "sliced olives",
    "shredded lettuce",
    "shredded cheese",
    "sour cream",
    "sliced avocado"
  ],
  "Instructions": [
    "In a medium-sized skillet, cook and crumble 1 pound lean ground beef, for about 7-10 minutes.",
    "Add in 2 tablespoons homemade taco seasoning and stir to combine.",
    "Assemble the walking tacos by dividing the ground beef mixture between 5 (1-ounce) small bags Fritos chips.",
    "Add your favorite toppings to the bag of chips! We love sliced tomatoes, sliced olives, shredded lettuce, shredded cheese, sour cream, and sliced avocado."
  ],
  "Nutrition": [
    "Calories: 126kcal",
    "Carbohydrates: 1g",
    "Protein: 19g",
    "Fat: 5g",
    "Saturated Fat: 2g",
    "Cholesterol: 56mg",
    "Sodium: 141mg",
    "Potassium: 314mg",
    "Fiber: 1g",
    "Sugar: 1g",
    "Vitamin A: 94IU",
    "Vitamin C: 1mg",
    "Calcium: 8mg",
    "Iron: 2mg"
  ],
  "Comments": [
    "Tracy says:I’m from Missouri but now reside in Florida. We like to camp in Missouri so walking tacos were always a fave. When I saw this recipe I KNEW I had to try (again). These were utterly amazing. This wasn’t just a recipe this was a ticket to re-visit a time long ago when I was inexorably happy. Thank you for taking me to a happy place. If only briefly."
  ]
}