{
  "URL": "https://therecipecritic.com/walnut-pie/",
  "Summary": "This sweet and nutty walnut pie is the perfect dessert for all of your holiday parties. There are flavors of caramelized brown sugar and butter running throughout, making each bite a dream!",
  "Metadata": [
    "Prep Time:  15minutes",
    "Cook Time:  40minutes",
    "Total Time:  55minutes",
    "Servings:  8slices"
  ],
  "Ingredients": [
    "1 Pie crust homemade  or store-bought",
    "4 large eggs",
    "1/4 Teaspoon Salt",
    "¾ Cup Brown Sugar",
    "1 ½ Teaspoon Vanilla",
    "¾ Cup Light Corn Syrup",
    "¼ Cup Unsalted Butter melted",
    "1 ½ Cup Chopped Walnuts"
  ],
  "Instructions": [
    "Preheat the oven to 400° and place the oven rack in the lower third of the oven.",
    "Place the rolled pie crust into a 9-inch pie pan and either flute the edges or make a decorative edge. Place in the fridge until you are ready to bake the pie.",
    "In a large bowl beat together the eggs, brown sugar, salt, vanilla, and corn syrup. Stir in the walnuts and add the filling to the chilled pie crust.",
    "Bake for 15 minutes at 400° and then lower the heat to 350° and bake for another 35-40 minutes, until the center of the pie is slightly jiggly but set. If the top of the pie or the crust seems to be getting too dark too fast, place a sheet of foil gently over the whole pie to keep it from burning while the pie finishes baking.",
    "Cool the pie to room temperature and serve."
  ],
  "Nutrition": [
    "Calories: 498kcal",
    "Carbohydrates: 58g",
    "Protein: 8g",
    "Fat: 28g",
    "Saturated Fat: 8g",
    "Polyunsaturated Fat: 12g",
    "Monounsaturated Fat: 7g",
    "Trans Fat: 1g",
    "Cholesterol: 108mg",
    "Sodium: 222mg",
    "Potassium: 182mg",
    "Fiber: 2g",
    "Sugar: 45g",
    "Vitamin A: 317IU",
    "Vitamin C: 1mg",
    "Calcium: 63mg",
    "Iron: 2mg",
    ""
  ],
  "Comments": [
    "Misha Kennedy says:I also didn’t see butter listed in steps- but added it anyway…hope it turns out as well!Was hoping you would list the results 🙂",
    "Robin says:Melted the butter in the microwave. Followed your recipe. Mixed everything together as it says to in step #3. I forget about the butter in the microwave since it wasn’t mentioned in step 3. Pie looks great, but let’s hope it tastes good ?",
    "Misha Kennedy says:I also didn’t see butter listed in steps- but added it anyway…hope it turns out as well!Was hoping you would list the results 🙂",
    "Corrie says:I almost forgot the butter as well, I was able to mix it in before it got to the pie shell and I think it’ll come out fine 🙂",
    "Cheryl says:Can you replace the corn syrup with honey?"
  ]
}