{
  "URL": "https://therecipecritic.com/walnut-pesto/",
  "Summary": "Move over, traditional basil pesto, there's a new nut in town! Walnut pesto is the perfect combination of earthy, nutty goodness with just the right amount of zing. You won't want it any other way. Spread it on chicken, toss it with pasta, or even eat it by the spoonful- no judgement here!",
  "Metadata": [
    "Prep Time:  10minutes",
    "Total Time:  10minutes",
    "Servings: 4"
  ],
  "Ingredients": [
    "3 cups fresh basil leaves, packed",
    "1/3 cup walnuts",
    "2 whole garlic cloves",
    "1/2 cup freshly grated parmesan cheese",
    "1 tablespoon lemon juice",
    "1/3 cup olive oil, plus more if needed",
    "½ teaspoon Kosher salt to taste"
  ],
  "Instructions": [
    "Add the basil leaves into a food processor along with the walnuts, parmesan cheese, garlic cloves, lemon juice, and salt. Pulse until the ingredients are finely chopped but not quite a paste.",
    "Remove the lid and slowly pour half in the olive oil and pulse the ingredients together until it’s mixed well. For a more liquid style pesto add the remainder olive oil and pulse again to mix.",
    "Taste the sauce and adjust the seasoning as desired."
  ],
  "Nutrition": [
    "Calories: 278kcal",
    "Carbohydrates: 3g",
    "Protein: 7g",
    "Fat: 28g",
    "Saturated Fat: 5g",
    "Polyunsaturated Fat: 7g",
    "Monounsaturated Fat: 15g",
    "Cholesterol: 9mg",
    "Sodium: 492mg",
    "Potassium: 114mg",
    "Fiber: 1g",
    "Sugar: 1g",
    "Vitamin A: 1049IU",
    "Vitamin C: 5mg",
    "Calcium: 191mg",
    "Iron: 1mg"
  ],
  "Comments": []
}