{
  "URL": "https://therecipecritic.com/walnut-crusted-maple-salmon/",
  "Summary": "Walnut Crusted Maple Salmon is a savory salmon dish that is coated in a sweet maple syrup, delicious Dijon mustard coated with a thick walnut crust all baked to perfection. Baked in under 30 minutes!",
  "Metadata": [
    "Prep Time:  10minutes",
    "Cook Time:  15minutes",
    "Total Time:  25minutes",
    "Servings:  8people"
  ],
  "Ingredients": [
    "2 pounds salmon",
    "salt and pepper",
    "2 tablespoons maple syrup",
    "1 tablespoon Dijon mustard",
    "1 cup chopped walnuts"
  ],
  "Instructions": [
    "Preheat oven to 375 degrees Fahrenheit.  Line a baking sheet with aluminum foil and spray with non-stick cooking spray.",
    "Lay the 2 pounds salmon skin side down on the prepared pan and sprinkle with salt and pepper.",
    "In a small bowl whisk 2 tablespoons maple syrup and 1 tablespoon Dijon mustard. Spread the mixture evenly on top of the salmon.",
    "Press the 1 cup chopped walnuts onto the top of the salmon and bake for 15-20 minutes or until the salmon is lightly browned and flakes easily."
  ],
  "Nutrition": [
    "Calories: 271kcal",
    "Carbohydrates: 5g",
    "Protein: 25g",
    "Fat: 17g",
    "Saturated Fat: 2g",
    "Polyunsaturated Fat: 10g",
    "Monounsaturated Fat: 4g",
    "Cholesterol: 62mg",
    "Sodium: 71mg",
    "Potassium: 634mg",
    "Fiber: 1g",
    "Sugar: 3g",
    "Vitamin A: 50IU",
    "Vitamin C: 0.2mg",
    "Calcium: 35mg",
    "Iron: 1mg"
  ],
  "Comments": [
    "Glenda says:Can you cook this in the bbq at 375 on tinfoil",
    "Alyssa Rivers says:Yes! That will be great! Let me know how it turns out!",
    "Dawn says:This recipe really worked out!  Thank you for sharing it.",
    "Kathleen says:Hi would this work with cod filletsI have made so many recipes on your siteEveryone has come out amazingYou are my go to FAVORITEI believe i your number one Fan!!",
    "Amy says:This turned out amazing! Thank you for the wonderful recipe!"
  ]
}