{
  "URL": "https://therecipecritic.com/warm-gingerbread-cake-caramel-sauce/",
  "Summary": "This warm gingerbread cake is made of up delicious and classic holiday flavors. Topped with a homemade caramel sauce, it melts in your mouth and flies off of the table. Your guests will love it! ",
  "Metadata": [
    "Prep Time:  15minutes",
    "Cook Time:  35minutes",
    "Total Time:  50minutes",
    "Servings:  9Servings"
  ],
  "Ingredients": [
    "9 tablespoons butter softened",
    "1/3 cup sugar",
    "1 cup molasses",
    "1 large egg",
    "2-1/4 cups all-purpose flour",
    "1 teaspoon baking soda",
    "1 teaspoon ground ginger",
    "1 teaspoon ground cinnamon",
    "1/4 teaspoon salt",
    "3/4 cup water",
    "1 cup brown sugar packed",
    "1 tablespoon plus 2 teaspoons cornstarch",
    "1 cup cold water",
    "1/4 cup butter cubed",
    "1 teaspoon vanilla extract",
    "heavy whipped cream optional"
  ],
  "Instructions": [
    "Preheat oven to 325 degrees. Grease a 9 inch round or square pan and set it aside. (I used a 9-inch springform pan and it worked great)",
    "In a large bowl or kitchen aid mixer, cream butter and sugar until light and fluffy. Beat in molasses and egg until blended together.",
    "In a separate bowl combine the flour, baking soda, ginger, cinnamon, and salt; add to creamed mixture alternately with the water.",
    "Pour the cake into the 9-inch pan. Bake for 35-40 minutes or until the toothpick in the center comes out clean. Place on a wire rack.",
    "In a medium-size saucepan, combine brown sugar and cornstarch. Add the water and bring to a boil until the sauce starts to thicken for about 2 minutes.  This is not a thick sauce, so it will be fairly runny. Remove from heat and stir in the cubed butter and vanilla until melted and smooth. Serve over warm cake with whipped cream."
  ],
  "Nutrition": [
    "Serving: 9slices",
    "Calories: 414kcal",
    "Carbohydrates: 66g",
    "Protein: 2g",
    "Fat: 17g",
    "Saturated Fat: 11g",
    "Cholesterol: 62mg",
    "Sodium: 360mg",
    "Potassium: 595mg",
    "Fiber: 1g",
    "Sugar: 59g",
    "Vitamin A: 534IU",
    "Calcium: 107mg",
    "Iron: 2mg"
  ],
  "Comments": [
    "Jean Tillis says:Have you stored this cake for a couple of days – refrigerator or freezer?  And can you reward the cake to serve with the sauce?  Would appreciate your experiences in making ahead for an event.Thank you, Jean",
    "Alyssa Rivers says:I would store it in a refrigerator for about 2 to 3 days. I would wait to add the sauce until before you are ready to serve. Hope that answers your questions and helps! Enjoy your cake! XOXO",
    "Nikki says:This looks delicious! I am going to make for my mom’s birthday. Just wondering, if I make the sauce beforehand, would it be just as good to microwave right before using? Thanks.",
    "E says:Is the temperature supposed to be 325? Mine has had to bake for a long time and the edges are burned now that the middle is finally done. Just wondering if it should be a little hotter.",
    "Jen Pepler says:I just made this tonight. My gosh was it awesome! I added about an extra 1/4 tsp of ground ginger and instead of the sauce posted, I used what I call my “Crack Sauce”. It is just equal parts 35% cream (whip cream) and brown sugar. Heat over the stove and whisk til it is just about to come to a boil. Remove from heat and enjoy. I can’t see why you couldn’t make a slurry of cornstarch and add it once it is about to boil to help thicken it up a bit. However, the gingerbread was so good. It was just what I have been craving. I cooked about 37min at recommended temp and it turned out amazing. Thanks so very much for sharing your easy but delicious recipe with us!",
    "Amanda says:I was thinking of taking this to a friends place for dessert – it sounds delicious. Would it be possible to take The cake and sauce and reheat both or would that not work?",
    "MElanie Adams says:It is tasty, but the oven temp and/or cooking time is inaccurate.  It took about an hour to cook in my oven (which heats to an accurate temperature), and by the time it was done in the middle, the edges were burnt.",
    "Kylie says:Made this today as we were having an early xmas due to people going on holidays and I have to say I was dubious when I put it into the oven but it turned out amazing. So moist and delicious! Alyssa is right, warm is the way to go and the sauce is a perfect compliment. Thanks for the awesome recipe!",
    "Karly says:Is this someone I can make the day before to serve on Christmas night? Thanks.",
    "Alyssa says:I think it tastes best warm out of the oven with the sauce drizzled on top but that is just my opinion. 🙂",
    "payal says:Plz tell some replacement for egg for thr ginginger bread cake with caramel…",
    "Atlantis says:I think 1/4 cup apple sauce would work fine",
    "Linda says:This sounds amazing.  I love warm gingerbread.  That’s how my mom served it with whipped cream.I’d love it if you shared this at Holiday Best with the Tumbleweed Contessa.Linda",
    "Marty R says:This brought back a childhood memory of going after Sunday night church to a friend’s house, where they served this dessert……we are going back 40+ years!  I’ve looked all over for something similar….thank you!",
    "Christina @ The Beautiful Balance says:Warm gingerbread and caramel?  Sign me up!  This looks so rich and fluffy! Pinned!",
    "Lisa says:This looks & sounds absolutely delicious!! Going to have to make this for the holidays.",
    "Kristine @ Kristine's Kitchen says:The combination of the caramel sauce and this warm gingerbread cake sounds just amazing!  I’ve been on a total gingerbread kick lately.  I might have to continue it with this cake!",
    "Kris says:Wow!  This recipe sounds amazing!  I am a gingerbread-aholic this time of year!  I just discovered your blog!  Great recipes!  Hope to try more out!"
  ]
}