{
  "URL": "https://therecipecritic.com/wassail/",
  "Summary": "This traditional English drink is the perfect combination of fruit and spice! Wassail mixes up in a snap and is the perfect holiday crowd-pleaser!",
  "Metadata": [
    "Prep Time:  15minutes",
    "Cook Time:  1hour",
    "Total Time:    1hour15minutes",
    "Servings:  8people"
  ],
  "Ingredients": [
    "2 quarts apple cider",
    "2 cups orange juice",
    "1 cup pineapple juice",
    "10 whole cloves",
    "5 cinnamon sticks",
    "5 star anise",
    "pinch of nutmeg",
    "1/2 cup cranberries",
    "1 sliced orange",
    "1 sliced apple"
  ],
  "Instructions": [
    "In a large pot over medium-low heat, add the 2 quarts apple cider, 2 cups orange juice, and 1 cup pineapple juice.",
    "Add in the 10 whole cloves, 5 cinnamon sticks, 5 star anise, pinch of nutmeg, 1/2 cup cranberries, 1 sliced orange, and 1 sliced apple.",
    "Let simmer for an hour or all day. Serve hot."
  ],
  "Nutrition": [
    "Calories: 175kcal",
    "Carbohydrates: 43g",
    "Protein: 1g",
    "Fat: 1g",
    "Saturated Fat: 0.1g",
    "Polyunsaturated Fat: 0.2g",
    "Monounsaturated Fat: 0.1g",
    "Trans Fat: 0.001g",
    "Sodium: 12mg",
    "Potassium: 466mg",
    "Fiber: 3g",
    "Sugar: 34g",
    "Vitamin A: 181IU",
    "Vitamin C: 47mg",
    "Calcium: 65mg",
    "Iron: 1mg"
  ],
  "Comments": [
    "J B Morgan says:I would consider this Mulled Cider… not traditional Wassail. It is a festive drink and certainly would make the house smell wonderful and welcoming for the holiday, but I grew up with wassail and this is not that.",
    "Bob Marley says:I’m pretty confident this would last longer than 5 days in the fridge lol",
    "Chriisty says:thank you for sharing",
    "Lanette says:Made this for my work party. Followed the recipe exactly and simmered in the crockpot. The whole office demanded a copy of the recipe!!! It’s absolutely perfect!!",
    "Scott Reid Parker says:This was one of my FAVORITE Family Christmas Transitions when I was growing up! Sadley my Nanna’s ‘Secret’ recipe has been lost. She used other interesting ingredients like Crabapples, Pomegranates, Brown Sugar, Ginger Root, Allspice… not to mention generous amounts of ‘Hooch’! Brandy, Sherry, even Drambuie! Can you suggest amounts of these other ingredients?"
  ]
}