{
  "URL": "https://therecipecritic.com/watermelon-lemonade/",
  "Summary": "Juicy, sweet, and just a little bit sour, this sparkling watermelon lemonade is the most refreshing summer drink. Serve it at your next get-together and I promise it will be a huge hit!",
  "Metadata": [
    "Prep Time:  10minutes",
    "Total Time:  10minutes",
    "Servings:  6Servings"
  ],
  "Ingredients": [
    "7 cups seedless watermelon cut into cubes",
    "1 cup fresh lemon juice about 3 whole lemons",
    "2/3 cup granulated sugar",
    "2 cups sparkling lemon flavored water",
    "2 cups sparkling watermelon flavored water",
    "ice cubes",
    "lemon & watermelon slice for garnish"
  ],
  "Instructions": [
    "Place watermelon cubes into blender and blend until the watermelon is completely pureed. Pour over a fine mesh strainer into a large bowl.",
    "Pour strained watermelon into a large pitcher. Add fresh squeezed lemon juice and sugar. Add lemon and watermelon flavored sparkling water. Stir well.",
    "Serve over ice and garnish with a lemon and/or watermelon slice."
  ],
  "Nutrition": [
    "Calories: 148kcal",
    "Carbohydrates: 38g",
    "Protein: 1g",
    "Fat: 1g",
    "Saturated Fat: 1g",
    "Sodium: 69mg",
    "Potassium: 241mg",
    "Fiber: 1g",
    "Sugar: 34g",
    "Vitamin A: 1009IU",
    "Vitamin C: 30mg",
    "Calcium: 31mg",
    "Iron: 1mg",
    ""
  ],
  "Comments": [
    "Virginia Panoncillo says:I cannot wait to make this for New Year’s and I thank you for sharing. Happy Holiday!!",
    "Lexi says:I made this this past summer and it was tasty! Really refreshing! Not quite as sweet as I would’ve hoped but good none-the-less 😉"
  ]
}