{
  "URL": "https://therecipecritic.com/watermelon-salad/",
  "Summary": "Watermelon Salad is bursting with flavors from the juicy watermelon and salty feta cheese, then topped off with hints of lime and mint.  It is the perfect fresh sweet and savory mix of flavors that just scream summer!!",
  "Metadata": [
    "Prep Time:  15minutes",
    "Total Time:  15minutes",
    "Servings:  8People"
  ],
  "Ingredients": [
    "3 cups diced watermelon",
    "1 sliced medium cucumber",
    "¼ cup sliced red onion",
    "2 tablespoon chopped mint",
    "1 cup crumbled feta cheese",
    "2 tablespoons olive oil",
    "juice of one lime",
    "1 tablespoon honey"
  ],
  "Instructions": [
    "In a large bowl, combine 3 cups diced watermelon, 1 sliced medium cucumber, ¼ cup sliced red onion, 2 tablespoon chopped mint, and 1 cup crumbled feta cheese.",
    "In a small bowl, whisk together the 2 tablespoons olive oil, juice of one lime, and 1 tablespoon honey.",
    "Pour the dressing on top of the watermelon mixture and toss to coat well. Serve fresh."
  ],
  "Nutrition": [
    "Calories: 113kcal",
    "Carbohydrates: 9g",
    "Protein: 3g",
    "Fat: 8g",
    "Saturated Fat: 3g",
    "Polyunsaturated Fat: 1g",
    "Monounsaturated Fat: 3g",
    "Cholesterol: 17mg",
    "Sodium: 216mg",
    "Potassium: 142mg",
    "Fiber: 1g",
    "Sugar: 6g",
    "Vitamin A: 484IU",
    "Vitamin C: 7mg",
    "Calcium: 106mg",
    "Iron: 0.4mg"
  ],
  "Comments": [
    "Becky says:What type of mint do you think works best in this salad?",
    "Alyssa Rivers says:I like using mentha mint whenever a recipe calls for mint.",
    "Pooja Singh says:Absolutely tasty! Made multiple times. Household requests often.",
    "textspeed says:This is a nice bolg.",
    "Shailendra Jha says:Fabulous, Alyssa! what a mouthwatering watermelon salad it is! keep it up.",
    "Kartik Prajapati says:Looking like very tasty.. and Really my mouth fill of water. I like your recipe.",
    "Rahul Yadav says:Just made this – Absolutely delicious!"
  ]
}