{
  "URL": "https://therecipecritic.com/watermelon-arugula-salad/",
  "Summary": "Nothing beats a fresh and healthy watermelon arugula salad in the summertime! The sweet watermelon is a surprising complement to the peppery arugula, creamy feta cheese, and balsamic glaze. Don't knock it until you try it!",
  "Metadata": [
    "Prep Time:  5minutes",
    "Total Time:  5minutes",
    "Servings: 6"
  ],
  "Ingredients": [
    "5 oz Baby Arugula (about 6 cups)",
    "2 cups Seedless Watermelon, cut into 1-inch cubes",
    "1/3 cup Feta Cheese,  crumbled",
    "1/2 Lime",
    "1 tbsp Balsamic Glaze",
    "Fresh Mint,  for garnish"
  ],
  "Instructions": [
    "Place the arugula into a large bowl.  Layer on the cubed watermelon, and sprinkle on the feta cheese.",
    "The trick to this salad is not to toss the ingredients together or the feta cheese will get too wet.",
    "Cut and squeeze the juice of half a lime over the whole salad.  Use more if you prefer.",
    "Drizzle with balsamic glaze, and garnish with freshly chopped mint leaves.  Serve immediately and enjoy!"
  ],
  "Nutrition": [
    "Serving: 1cup",
    "Calories: 49kcal",
    "Carbohydrates: 7g",
    "Protein: 2g",
    "Fat: 2g",
    "Saturated Fat: 1g",
    "Polyunsaturated Fat: 1g",
    "Monounsaturated Fat: 1g",
    "Cholesterol: 7mg",
    "Sodium: 102mg",
    "Potassium: 155mg",
    "Fiber: 1g",
    "Sugar: 4g",
    "Vitamin A: 887IU",
    "Vitamin C: 9mg",
    "Calcium: 84mg",
    "Iron: 1mg",
    ""
  ],
  "Comments": [
    "Stephanie says:This was a great way to use up a watermelon.  The family loved it and it looked so pretty plated.",
    "Maree says:This is an awesome salad and a great starter to a 3 course meal.with freinds"
  ]
}