{
  "URL": "https://therecipecritic.com/wedge-salad/",
  "Summary": "This wedge salad is my go-to when I need something quick, fresh, and a little fancy without the effort. It’s crisp, creamy, and always a hit at dinner.",
  "Metadata": [
    "Prep Time:  10minutes",
    "Total Time:  10minutes",
    "Servings:  8Wedges"
  ],
  "Ingredients": [
    "1 head iceberg lettuce",
    "1 diced Roma tomato",
    "6 slices cooked and crumbled bacon",
    "¼ cup minced red onion",
    "Homemade Blue Cheese Dressing or store-bought",
    "1 cup blue cheese crumbles"
  ],
  "Instructions": [
    "Wash and cut 1 head iceberg lettuce in half.",
    "Cut and remove the stem off of each half.",
    "Cut each lettuce half into 4 equal wedges.",
    "Drizzle with blue cheese dressing. Divide the toppings evenly for each wedge using 1 diced Roma tomato, 6 slices cooked and crumbled bacon, ¼ cup minced red onion, Homemade Blue Cheese Dressing, and 1 cup blue cheese crumbles. Garnish with fresh chives, if desired!"
  ],
  "Nutrition": [
    "Calories: 141kcal",
    "Carbohydrates: 3g",
    "Protein: 6g",
    "Fat: 12g",
    "Saturated Fat: 5g",
    "Polyunsaturated Fat: 1g",
    "Monounsaturated Fat: 4g",
    "Trans Fat: 0.02g",
    "Cholesterol: 24mg",
    "Sodium: 311mg",
    "Potassium: 197mg",
    "Fiber: 1g",
    "Sugar: 2g",
    "Vitamin A: 538IU",
    "Vitamin C: 3mg",
    "Calcium: 104mg",
    "Iron: 0.4mg",
    ""
  ],
  "Comments": [
    "John Ott says:Fantastic. Followed exactly but cut in half for the two of us. Made the recommended blue cheese dressing from scratch and much better than any from a bottle. Thanks Alyssa.",
    "Suzanne says:This is always my favorite salad but when I order it at a restaurant, I always ask them to chop it because I can never figure out … what is an appropriate way to eat a wedge salad? I’m always worried I will try to cut it at the table and will have a huge mess.",
    "Joe britz says:I think you mite use a drizzle of a balsamic glaze to sweeten and kick up to another level"
  ]
}