{
  "URL": "https://therecipecritic.com/white-chocolate-cranberry-macadamia-cookies/",
  "Summary": "White Chocolate Cranberry Macadamia Cookies are the perfect combination, of chewy, crunchy, sweet and decadence all wrapped up in a cookie! These amazing cookies have great texture and flavor! ",
  "Metadata": [
    "Prep Time:  10minutes",
    "Cook Time:  12minutes",
    "Total Time:  22minutes",
    "Servings:  36servings"
  ],
  "Ingredients": [
    "3 cups all-purpose flour",
    "¾ teaspoon baking soda",
    "¾ teaspoon salt",
    "¾ cup white sugar",
    "1 cup packed light brown sugar",
    "1 cup softened butter",
    "2 eggs",
    "1 tablespoon vanilla extract",
    "1 cup white chocolate baking chips",
    "1 cup chopped macadamia nuts",
    "1 cup dried cranberries"
  ],
  "Instructions": [
    "Sift 3 cups all-purpose flour, ¾ teaspoon baking soda, and ¾ teaspoon salt together in a medium mixing bowl. Set aside.",
    "Preheat oven to 350 degrees Fahrenheit. Cream together ¾ cup white sugar, 1 cup packed light brown sugar and 1 cup softened butter. Add 2 eggs and 1 tablespoon vanilla extract.",
    "Add flour mixture until just mixed. Stir in 1 cup white chocolate baking chips, 1 cup chopped macadamia nuts, and 1 cup dried cranberries.",
    "Drop cookies by rounded tablespoons on an ungreased baking sheet. Bake for 10-12 minutes or until just set. Allow to cool and transfer to a wire rack."
  ],
  "Nutrition": [
    "Calories: 191kcal",
    "Carbohydrates: 24g",
    "Protein: 2g",
    "Fat: 10g",
    "Saturated Fat: 5g",
    "Polyunsaturated Fat: 0.4g",
    "Monounsaturated Fat: 4g",
    "Trans Fat: 0.2g",
    "Cholesterol: 24mg",
    "Sodium: 122mg",
    "Potassium: 54mg",
    "Fiber: 1g",
    "Sugar: 16g",
    "Vitamin A: 172IU",
    "Vitamin C: 0.1mg",
    "Calcium: 23mg",
    "Iron: 1mg",
    ""
  ],
  "Comments": [
    "Janet Kappleman says:Delicious and very easy to put together.  There’s nothing easier than a drop cookie!  I added some grated orange rind to a batch. Brought it to another level.",
    "Alyssa Rivers says:YUM! I’ll have to do that the next time I make these! Thank you for the comment and review!",
    "Juliette Giffen says:Made them today, really easy, delicious recipe works a treat. Made 72 altogether…yum ?",
    "Linda Olson says:Will I need to adjust the Baking soda for a High Elevation cookie?",
    "Alyssa Rivers says:No! Just cook it as directed!",
    "Stephanie J Armes says:Absolutely the best cookie I’ve ever made!!!  This recipe is a keeper!",
    "Sarah says:Can I cook them longer? My husband likes a crisper cookie.",
    "Alyssa Rivers says:Yes, of course!",
    "Lois says:Made these 11/18/2020 and they were excellent.",
    "Simon says:looks so yummy.",
    "Rebekah says:I started making these cookies and realized I only had one stick (half a cup) of butter. I also left out the craisins because my husband is not a fan of them.  They were a hit!  He loved them. Thank you for the recipe!",
    "WANDA says:LOVE WHITE CHOCOLATE & CRANBERRIES.THESE SOUND SO YUMMY, WILL BE MY CHRISTMAS COOKIES.THANK YOU SO MUCH.",
    "Rebecca says:Best new cookie recipe that I’ve made in a long time. Everyone loved these. Making another batch today. Thanks for sharing!",
    "Rebecca says:Best new cookie recipe that I’ve made in a long time. Everyone fell in love with these. Making another batch today. 🙂 Thank you for sharing.",
    "Rhonda says:can you use fresh cranberries instead of the dried?",
    "Kelly says:These cookies look incredible Alyssa! It would definitely be very hard to eat just one of these – love cranberry, macadamia and white chocolate together!",
    "Stacy | Wicked Good Kitchen says:Alyssa, I love baking these drop cookies this time of year. I usually add toasted pecans, but I love that you added Mac nuts! Beautiful styling and photography, too. Thank you for sharing, girl. Pinning!",
    "Christina @ The Beautiful Balance says:Cranberry and white chocolate are such a perfect combination!"
  ]
}