{
  "URL": "https://therecipecritic.com/white-hot-chocolate/",
  "Summary": "White Hot Chocolate is a rich and creamy decadent drink that melts in your mouth with a smooth, sweet white chocolate and vanilla flavoring. Warm up with this delicious hot chocolate throughout the entire holiday season!",
  "Metadata": [
    "Prep Time:  5minutes",
    "Cook Time:  10minutes",
    "Total Time:  15minutes",
    "Servings:  8people"
  ],
  "Ingredients": [
    "4 cups milk of choice, *see notes",
    "1 teaspoon vanilla extract",
    "8 ounces white chocolate, chopped",
    "nutmeg (optional)",
    "whipped cream or marshmallows for topping"
  ],
  "Instructions": [
    "Combine the milk, chocolate, vanilla, and nutmeg, if using, in a medium saucepan.",
    "Heat over medium-low heat, stirring occasionally, until the white hot chocolate comes to a simmer. (Do not let it come to a boil.)",
    "Remove from heat and serve immediately, topped with whipped cream or marshmallows if desired."
  ],
  "Nutrition": [
    "Calories: 227kcal",
    "Carbohydrates: 23g",
    "Protein: 6g",
    "Fat: 13g",
    "Saturated Fat: 8g",
    "Polyunsaturated Fat: 0.4g",
    "Monounsaturated Fat: 3g",
    "Cholesterol: 21mg",
    "Sodium: 72mg",
    "Potassium: 265mg",
    "Fiber: 0.1g",
    "Sugar: 23g",
    "Vitamin A: 206IU",
    "Vitamin C: 0.1mg",
    "Calcium: 207mg",
    "Iron: 0.1mg"
  ],
  "Comments": [
    "lazy Susan says:OMgosh! This was divine! So easy! And different. I received lots of positive compliments. Mostly people saying how fun that it is WHITE!Served with canned whipped cream and Christmas sprinkles in glass mug. Very very pretty. I could drink it forever!",
    "Stormy says:This recipe sounds so good. So when i put together the hot cocoa bar for the grandkids, i will be making this white cocoa . My husband is allergic to chocolate & i want him to join in on the hot cocoa bar fun, I’m sire this recipe will be yummylicious.",
    "Femke says:Looks great! Nothing is better than white chocolate. Is it possible to add other flavors like cinnamon of peppermint?",
    "Charlie says:I tried this and it was very good!I found it wasn’t as rich as the regular chocolate, which for me was a positive thing.Instead of nutmeg, I sprinkled the drink with cinnamon, and the addition was just perfect.Thank you for sharingHoping for a Happy New Year filled with blessings for you.",
    "Tessa says:This looks SO good can’t wait to try it!!!!!!?",
    "Studio Pillows says:This looks amazing! Thank u for sharing",
    "missmelinda says:I Love Hot Chocolate, I Love White Chocolate, I Love those cookies…I Can Not wait to put ALL of them Together  ; >)  YUM, YUM",
    "Charlie says:What cookies?",
    "Marti says:This looks mouthwatering!! I wanted to let you know I featured it in my roundup! You can see it here…http://sewlicioushomedecor.com/30-delicious-hot-chocolate-recipes. 🙂Marti"
  ]
}