{
  "URL": "https://therecipecritic.com/white-chocolate-blondies-with-maple-cream-sauce-applebees-copycat/",
  "Summary": "Warm out of the oven white chocolate blondies that get topped with a scoop of ice cream and drizzled with a maple cream sauce.  This is one amazing dessert!",
  "Metadata": [
    "Prep Time:  10minutes",
    "Cook Time:  25minutes",
    "Total Time:  35minutes",
    "Servings:  9Servings"
  ],
  "Ingredients": [
    "⅓ cup melted salted butter",
    "1 cup packed brown sugar",
    "1 large egg,",
    "1 tablespoon vanilla extract",
    "1 cup all-purpose flour",
    "½ teaspoon baking powder",
    "⅛ teaspoon baking soda",
    "⅛ teaspoon salt",
    "½ cup white chocolate chips",
    "½ cup chopped walnuts or pecans",
    "½ cup real maple syrup",
    "¼ cup salted butter",
    "½ cup packed brown sugar",
    "8 ounces cream cheese, softened",
    "chopped walnuts, optional for garnish"
  ],
  "Instructions": [
    "Preheat the oven to 350 degrees Fahrenheit. Grease an 8 x 8 x 2-inch pan and set aside.",
    "In a medium bow, add ⅓ cup melted salted butter and 1 cup packed brown sugar and mix until combined. Add 1 large egg, and 1 tablespoon vanilla extract and mix until combined.",
    "Whisk 1 cup all-purpose flour, ½ teaspoon baking powder, ⅛ teaspoon baking soda, and ⅛ teaspoon salt together in a small bowl. Gradually add the flour mixture to the sugar mixture until fully combined. Fold in ½ cup white chocolate chips and ½ cup chopped walnuts or pecans, if desired.",
    "Pour the batter into the prepared pan and bake for 20-25 minutes, until the edges are golden brown and the top is just starting to brown. Remove the blondies from the oven and set them aside to cool slightly.",
    "While the brownies are baking, prepare the maple cream sauce by combining the ½ cup real maple syrup and ¼ cup salted butter in a medium saucepan. Cook over low heat until the butter has melted.",
    "Stir in ½ cup packed brown sugar and 8 ounces cream cheese,. Continue to cook and stir until the sugar has dissolved and the cream cheese has melted. Remove from the heat.",
    "Cut the warm blondies into squares, top with ice cream, if desired, and cover with the warm maple cream sauce. Garnish with chopped walnuts, if desired."
  ],
  "Nutrition": [
    "Calories: 540kcal",
    "Carbohydrates: 67g",
    "Protein: 5g",
    "Fat: 29g",
    "Saturated Fat: 15g",
    "Polyunsaturated Fat: 4g",
    "Monounsaturated Fat: 7g",
    "Trans Fat: 0.5g",
    "Cholesterol: 77mg",
    "Sodium: 250mg",
    "Potassium: 229mg",
    "Fiber: 1g",
    "Sugar: 54g",
    "Vitamin A: 737IU",
    "Vitamin C: 0.1mg",
    "Calcium: 119mg",
    "Iron: 1mg",
    ""
  ],
  "Comments": [
    "J says:I made this recipe tonight, it tasted very similar to the Applebee’s maple butter blondies. I could not get my sauce to come out smooth though! We followed the directions exactly. After cooking it as long as we could, and also using an immersion blender, it still had like a slightly chunky texture. Tasted delicious though! Next time I might try microwaving the cream cheese a little first to see if I can avoid that chunky texture in the sauce. We did let it soften at room temperature for a long time but I will try it again. Blondies were great too!",
    "Hanah says:I have never tried a homemade White Chocolate Blondie, but they are the bomb.com",
    "Katie says:making this for my brother’s birthday (32) this was his absolute favorite when we were kids and we would go to Applebee’s for his birthday dinner specifically to have the butter pecan blondiehe will love this!!",
    "Ashley says:Oh, you’ve done it now! This is my absolute favorite restaurant dessert!",
    "Jessica Ford says:I love skillet cookies!  This looks amazing!  Nikki, at Chef in Training, posted almost the exact same recipe.  Funny!  http://www.chef-in-training.com/2015/08/blondie-skillet-cookie/#comment-370027"
  ]
}