{
  "URL": "https://therecipecritic.com/white-bbq-sauce/",
  "Summary": "Explore the taste of the South with this easy White BBQ Sauce recipe. With just a handful of ingredients, including mayonnaise, vinegar, and spices, this creamy and tangy sauce adds a flavorful twist to your favorite veggies, fries, or chicken! ",
  "Metadata": [
    "Prep Time:  5minutes",
    "Total Time:  5minutes",
    "Servings: 8"
  ],
  "Ingredients": [
    "1 cup mayonnaise",
    "3 tablespoons white vinegar",
    "1 teaspoon lemon juice",
    "1 tablespoon spicy brown mustard",
    "1/2 teaspoon Worcestershire sauce",
    "1 tablespoon brown sugar",
    "1/4 teaspoon garlic powder",
    "1/4 teaspoon cayenne pepper",
    "1/4 teaspoon Kosher salt to taste",
    "1/4 teaspoon pepper"
  ],
  "Instructions": [
    "Add 1 cup mayonnaise, 3 tablespoons white vinegar, 1 teaspoon lemon juice, 1 tablespoon spicy brown mustard, 1/2 teaspoon Worcestershire sauce, 1 tablespoon brown sugar, 1/4 teaspoon garlic powder, 1/4 teaspoon cayenne pepper, 1/4 teaspoon Kosher salt, and 1/4 teaspoon pepperto a medium bowl, whisk to combine.",
    "Taste and adjust the seasonings to your preference."
  ],
  "Nutrition": [
    "Serving: 2tablepsoons",
    "Calories: 200kcal",
    "Carbohydrates: 2g",
    "Protein: 0.4g",
    "Fat: 21g",
    "Saturated Fat: 3g",
    "Polyunsaturated Fat: 13g",
    "Monounsaturated Fat: 5g",
    "Trans Fat: 0.1g",
    "Cholesterol: 12mg",
    "Sodium: 279mg",
    "Potassium: 19mg",
    "Fiber: 0.1g",
    "Sugar: 2g",
    "Vitamin A: 46IU",
    "Vitamin C: 1mg",
    "Calcium: 6mg",
    "Iron: 0.1mg"
  ],
  "Comments": []
}