{
  "URL": "https://therecipecritic.com/white-spinach-queso/",
  "Summary": "Melty white cheese, spinach, jalapeños, and diced tomatoes come together in this incredible dip!  This is a must make dip that you won’t be able to get enough of!",
  "Metadata": [
    "Prep Time:  10minutes",
    "Cook Time:  5minutes",
    "Total Time:  15minutes",
    "Servings:  6Servings"
  ],
  "Ingredients": [
    "1 tablespoon olive oil",
    "½ cup diced white onion diced",
    "1 seeded and diced jalapeno",
    "12 ounces shredded white American cheese,",
    "4 ounces shredded pepper jack cheese",
    "⅔ cup half and half",
    "1 (15-ounce) can diced tomatoes with green chiles,   drained",
    "2 cups chopped fresh spinach",
    "½ cup chopped fresh cilantro"
  ],
  "Instructions": [
    "In a large skillet, heat the 1 tablespoon olive oil over medium heat. Add the ½ cup diced white onion and 1 seeded and diced jalapeno and saute until tender. Add the 12 ounces shredded white American cheese, 4 ounces shredded pepper jack cheese ⅔ cup half and half, and continue stirring until melted.",
    "Add the 1 (15-ounce) can diced tomatoes with green chiles,   2 cups chopped fresh spinach, and ½ cup chopped fresh cilantro and stir well. Transfer to a serving dish and serve with tortilla chips."
  ],
  "Nutrition": [
    "Calories: 345kcal",
    "Carbohydrates: 5g",
    "Protein: 16g",
    "Fat: 29g",
    "Saturated Fat: 16g",
    "Polyunsaturated Fat: 1g",
    "Monounsaturated Fat: 9g",
    "Trans Fat: 1g",
    "Cholesterol: 83mg",
    "Sodium: 1086mg",
    "Potassium: 214mg",
    "Fiber: 1g",
    "Sugar: 3g",
    "Vitamin A: 1830IU",
    "Vitamin C: 7mg",
    "Calcium: 776mg",
    "Iron: 1mg",
    ""
  ],
  "Comments": [
    "MK says:Just have to say I have been making this exact recipe for years now. I’ve become famous for it amongst my friends. It’s absolutely fantastic and so easy to make. Highly recommend buying fresh white American cheese from the deli, it makes a huge difference here! If you don’t have spinach on hand or have picky eaters, don’t worry about skipping it is still a 15/10!",
    "Alyssa Rivers says:Thank you so much for your comment!",
    "Ruthie says:I’ve made this dip twice and both times it was delicious. I used white American cheese. It was so creamy. My sister in law said she enjoyed it so much she wanted to put it on a baked potato. I want to take this to a chip and dip party at work. Can I put it in a crockpot to keep it warm?",
    "Alyssa Rivers says:Yes, it is best to keep warm. The slow cooker will be perfect for that.",
    "Beth says:I just made this for the first time and my husband and I think it’s delicious.  Great recipe, Alyssa.  I came back to forward the recipe to my Sister.   I am also shocked at the negative reviews.  First, it’s a recipe.  A guideline.  If it’s too thick, reduce the amount of spinach a bit or add a bit more cream, or cheese or use a bit of the juice from the Rotel tomatoes.   For those that said it was grainy or curdled, her directions say to saute at medium heat, ,and then add the cheese and stir till melted.   She doesn’t say to boil it.  Cheese will separate and curdle if you apply too much heat.   Once I had everything melted I transferred it to a small crock-pot to keep warm and it’s perfect.  Love a dip that uses REAL cheese, not processed cheese food product.",
    "Tracy says:I have made this two times already and each time it turned out perfect. This is absolutely my new favorite dip and it’s so easy to make. I used the white American cheese instead of the cheddar."
  ]
}