{
  "URL": "https://therecipecritic.com/white-lasagna/",
  "Summary": "This white lasagna recipe swaps out traditional marinara for a homemade alfredo sauce that’s too good to resist. Packed with tender spinach, ricotta cheese, and Italian sausage, each bite is a dream!",
  "Metadata": [
    "Prep Time:  30minutes",
    "Cook Time:  45minutes",
    "Total Time:    1hour15minutes",
    "Servings:  8people"
  ],
  "Ingredients": [
    "12 lasagna noodles",
    "1 tablespoon olive oil",
    "1 small onion, minced",
    "1 pound Italian sausage",
    "2 cloves garlic, minced",
    "12 ounces fresh spinach",
    "¼ cup butter",
    "3 tablespoons flour",
    "2 cups whole milk",
    "1 cup heavy whipping cream",
    "3 cups mozzarella cheese, shredded and divided",
    "2 tablespoons Italian seasoning",
    "1 teaspoon salt",
    "1 teaspoon pepper",
    "2 cups ricotta cheese",
    "1 cup parmesan cheese, shredded",
    "2 eggs",
    "1 teaspoon salt",
    "½ teaspoon pepper"
  ],
  "Instructions": [
    "Cook the 12 lasagna noodles according to the package directions, drain them in cold water, and set them aside.",
    "Heat the oven to 375 degrees Fahrenheit and spray a 9×13-inch baking pan with cooking spray.",
    "In a large skillet, heat 1 tablespoon olive oil over medium-high heat. Add in the minced 1 small onion, and 1 pound Italian sausage, and cook until the sausage is no longer pink.",
    "Add in the minced 2 cloves garlic, and 12 ounces fresh spinach and continue cooking until the spinach is wilted. Remove the pan from heat.",
    "In a saucepan, melt ¼ cup butter and whisk in 3 tablespoons flour to create a roux. Slowly whisk in 2 cups whole milk and 1 cup heavy whipping cream. Add in 1 ½ cups of the 3 cups mozzarella cheese, 2 tablespoons Italian seasoning, 1 teaspoon salt and 1 teaspoon pepper.",
    "Pour the white sauce over the sausage and spinach and stir to combine.",
    "In a large bowl, add 2 cups ricotta cheese, 1 cup parmesan cheese, 2 eggs, 1 teaspoon salt, and ½ teaspoon pepper.",
    "Mix until smooth and combined.",
    "To assemble the lasagna, start by spreading 1 cup of the meat sauce on the bottom of the baking dish. Arrange the noodles in a single layer over the meat sauce. Spread ½ cup of the ricotta mixture on top of the noodles, followed by about ¼ cup shredded mozzarella cheese.",
    "Repeat the layers and top with the remaining 1 cup of mozzarella cheese.",
    "Cover with aluminum foil and bake for 20 minutes. Remove the foil and bake for an additional 20-25 minutes or until it is heated throughout and the cheese is bubbly. Let it cool for 10 minutes before serving."
  ],
  "Nutrition": [
    "Calories: 886kcal",
    "Carbohydrates: 45g",
    "Protein: 40g",
    "Fat: 61g",
    "Saturated Fat: 31g",
    "Polyunsaturated Fat: 4g",
    "Monounsaturated Fat: 20g",
    "Trans Fat: 0.2g",
    "Cholesterol: 214mg",
    "Sodium: 1641mg",
    "Potassium: 767mg",
    "Fiber: 3g",
    "Sugar: 6g",
    "Vitamin A: 5441IU",
    "Vitamin C: 15mg",
    "Calcium: 679mg",
    "Iron: 4mg",
    ""
  ],
  "Comments": [
    "Allene says:Can this be assembled and then frozen?",
    "Alyssa Rivers says:Hi Allene, Yes! You can assemble the lasagna and let everything cool completely before wrapping it in 2-3 layers of plastic wrap followed by a layer or 2 of heavy-duty aluminum foil. It can be kept frozen for up to 3 months.To bake it, preheat the oven to 350 degrees Fahrenheit (lower that recipe calls for, but this will help it bake more evenly from frozen.) cover with foil and bake for about 50 minutes, then remove the foil and bake for an additional 20-25 minutes, or until the center reaches 165 degrees Fahrenheit. It may end up needing more time depending on your oven, so I suggest checking the center with a thermometer to be sure it’s fully baked. If the cheese is browning too fast and the center still needs more time, cover it with foil to prevent it from burning.",
    "Mom says:Can you use no bake lasagna noodles",
    "Alyssa Rivers says:Thank you for your comment.  I haven’t tried oven-ready lasagna noodles, but I’m sure they would work just fine in this recipe.",
    "Craig says:We loved the lasagna, but have two suggestions to make.First, the mozzarella amounts in the ingredients list do not match the instructions – whichever is incorrect should be changed.Second, the “preparation time” is wildly optimistic and may lead to frustration for some when they realize that the true time is MUCH longer.Will definitely make it again.",
    "Isa Maria says:I have no idea why this recipe doesn’t have a million more 5 star ratings!!! I made this recipe for the first time tonight (and I NEVER review recipes but this one is well worthy of 5 starts). I split the recipe between two 9×9 pans to share with a friend who just had a baby. She text me and immediately asked for the recipe and said it was the best lasagna ever!! My whole family has raved over it. My 8 year old son said “if I was a chef, I would have no bad things to say about this” and my 2 year old daughter who is easily one of the pickiest eaters I know, has said she likes it and is eating it (amazing truly). Seriously, everyone should make this recipe, if you like Alfredo, and lasagna, and good food, definitely try this recipe.Also I’ll say I followed the directions 100% as instructed and I wouldn’t change a thing.Thanks for the great recipe 🙂",
    "Alyssa Rivers says:Isa, this makes me so happy! Thank you so much for taking the time to give my recipe a review and leave such a nice comment! Makes all the hard work worth it!",
    "Marcelle says:It’s delicious, something new, not always eating the traditional lasagna.",
    "Brandy Rottenberry says:Chicken fritters was a total hit! Easy to prep easy to cook thanks girl you’re my new go to for new recipes!",
    "Robert says:Hello, any suggestions on how to make this recipe more lactose friendly?",
    "Alyssa Rivers says:Vegan cheese shreds and either tofu crumbles or vegan Ricotta cheese (like the Kite Hill brand) to replace the ricotta.",
    "June mason says:Will make soon"
  ]
}