{
  "URL": "https://therecipecritic.com/white-pizza-sauce/",
  "Summary": "This creamy white pizza sauce is made with sharp parmesan cheese and rich half and half. It is so smooth and bursting with cheesy creamy flavors, and perfect on top of pizza, over bread, or for dipping your breadsticks in.",
  "Metadata": [
    "Prep Time:  10minutes",
    "Cook Time:  0minutes",
    "Total Time:  10minutes",
    "Servings: 12"
  ],
  "Ingredients": [
    "2 tablespoons butter",
    "1 teaspoon garlic, pressed or finely grated",
    "2 tablespoons all-purpose flour",
    "1 1/2 cups half and half (or whole milk), more if needed",
    "1/2 teaspoon onion powder",
    "1/4 teaspoon Kosher salt",
    "1/8 teaspoon cracked black pepper",
    "1/2 cup Parmesan cheese, grated"
  ],
  "Instructions": [
    "Heat the butter in a small saucepan over medium heat; stir in the garlic. Cook for 30 seconds until fragrant.",
    "Whisk in the flour and stir to make a roux.",
    "Add the milk, onion powder, salt, pepper, and Parmesan cheese.",
    "Cook and whisk continuously for about 5 minutes until the cheese is melted and the sauce has thickened slightly. Add more milk if the sauce is too thick.",
    "Remove from heat and enjoy on pizza or as a dipping sauce for breadsticks."
  ],
  "Nutrition": [
    "Serving: 2tablespoons",
    "Calories: 78kcal",
    "Carbohydrates: 3g",
    "Protein: 3g",
    "Fat: 6g",
    "Saturated Fat: 4g",
    "Polyunsaturated Fat: 0.3g",
    "Monounsaturated Fat: 2g",
    "Trans Fat: 0.1g",
    "Cholesterol: 18mg",
    "Sodium: 149mg",
    "Potassium: 48mg",
    "Fiber: 0.1g",
    "Sugar: 1g",
    "Vitamin A: 198IU",
    "Vitamin C: 0.4mg",
    "Calcium: 83mg",
    "Iron: 0.1mg"
  ],
  "Comments": [
    "Gabriel says:Delish! Made a pizza with it … only had a cup of milk so i used a half cup of heavy whipping cream and it was great!",
    "Sabrina says:great sauce, there’s a white pizza at a local pizza place, but have never tried to make it, so thank you for this recipe!"
  ]
}