{
  "URL": "https://therecipecritic.com/white-chocolate-cranberry-blondies/",
  "Summary": "White Chocolate Cranberry Blondies are loaded with white chocolate chips, and dried cranberries.  These are soft, chewy, and perfect for the holidays.  ",
  "Metadata": [
    "Prep Time:  10minutes",
    "Cook Time:  25minutes",
    "Total Time:  35minutes",
    "Servings:  12bars"
  ],
  "Ingredients": [
    "½ cup melted salted butter",
    "1 cup packed light brown sugar",
    "1 large egg",
    "½ tablespoon vanilla extract",
    "1 cup all-purpose flour",
    "1 cup white chocolate chips",
    "½ cup dried cranberries",
    "Optional: sea salt for sprinkling on bars"
  ],
  "Instructions": [
    "Preheat the oven to 350 degrees Fahrenheit.  Line an 8 x 8-inch baking pan with parchment paper and set aside.",
    "In large bowl, add ½ cup melted salted butter and 1 cup packed light brown sugar. Stir until mixed and then add 1 large egg and ½ tablespoon vanilla extract. Stir vigorously until completely smooth.",
    "Add 1 cup all-purpose flour and beat until batter is completely smooth and well combined. Stir until the batter pulls away from the bowl; add 1 cup white chocolate chips and ½ cup dried cranberries. Mix until just combined.",
    "Spoon batter into prepared pan and bake 20-25 minutes or until a toothpick when inserted into the center of bars should come out mostly clean. Remove from oven and sprinkle with Optional: sea salt if desired. Allow blondies to cool completely before slicing into squares."
  ],
  "Nutrition": [
    "Calories: 279kcal",
    "Carbohydrates: 39g",
    "Protein: 3g",
    "Fat: 13g",
    "Saturated Fat: 8g",
    "Cholesterol: 37mg",
    "Sodium: 92mg",
    "Potassium: 83mg",
    "Fiber: 1g",
    "Sugar: 30g",
    "Vitamin A: 261IU",
    "Vitamin C: 1mg",
    "Calcium: 51mg",
    "Iron: 1mg"
  ],
  "Comments": [
    "Laurie says:I wrote previously I had some reservations with the recipe because of slow cooking, slightly greasy, and very chewy. These blondies are delicious. I plan to make them again, but think I will add 1/2 tsp. baking soda for leavening.",
    "Camille English Davis says:Fabulous! The white chocolate chips and sea salt are perfect touches to up the game on traditional blondies. Will definitely make again.",
    "K vonelling says:Simple to make & delicious. I thought they would be too sweet, yet they were perfect!",
    "Paula B says:I baked these on the spur of the moment as I was looking for a bar or cookie recipe that would use up my stash of frozen cranberries. Oh my! What a wonderful recipe. My friends who devoured the pan of cranberry bars had just returned from stuffing themselves at a celebratory dinner. Can you imagine they had room for these? That’s how amazing they are. Thank you for such an easy and deliciously different blonde. Making these again for the big football game tomorrow. This time with dried cranberries.",
    "Heather M. Whipple says:Can I add other ad ins sometimes instead of cranberries and white chocolate? Please let me know .",
    "Alyssa Rivers says:Yes! That sounds delicious! Let me know how it turns out.",
    "Peggy says:Can regular sugar be used in stead of brown..?",
    "Alyssa Rivers says:Yes, that would work too. It will alter the taste and texture of the blondies but should still be good. Let me know how you like it! Thanks for following along with me! XOXO"
  ]
}