{
  "URL": "https://therecipecritic.com/white-chocolate-mms-pudding-cookies/",
  "Summary": "I made a batch of these in about 10 minutes.  They are quick and easy and absolutely amazing!  Love all of the fun bright colors for spring.  Being that I now have 6 bags of these, I will definitely be making them again!",
  "Metadata": [
    "Prep Time:  10minutes",
    "Cook Time:  10minutes",
    "Total Time:  20minutes",
    "Servings:  24Cookies"
  ],
  "Ingredients": [
    "1 cup unsalted butter, softened",
    "¾ cup brown sugar",
    "¼ cup granulated sugar",
    "1 (3.4 ounce) package white chocolate instant pudding mix",
    "2 large eggs",
    "1 teaspoon vanilla extract",
    "2 ¼ cups all-purpose flour",
    "1 teaspoon baking soda",
    "½ teaspoon salt",
    "2 cups white chocolate M&M's"
  ],
  "Instructions": [
    "Preheat the oven to 350 degrees Fahrenheit, and prepare 2 baking sheets by lining them with parchment paper.",
    "In a large bowl whisk the flour, baking soda, salt, and white chocolate pudding mix. Set aside.",
    "In a mixer whisk together together butter, sugar, and brown sugar until they are light.  Add eggs and mix together.",
    "Add the flour mixture to the butter mixture and mix until just combined. Add the white chocolate M&M's and slowly incorporate.",
    "Scoop the cookie dough into about 2 tablespoon pieces and roll into balls.  Place two inches apart on the baking sheet.",
    "Bake for 10-12 minutes or until slightly golden.  Let the cookies cool, and enjoy!"
  ],
  "Nutrition": [
    "Calories: 253kcal",
    "Carbohydrates: 33g",
    "Protein: 3g",
    "Fat: 12g",
    "Saturated Fat: 8g",
    "Cholesterol: 37mg",
    "Sodium: 171mg",
    "Potassium: 38mg",
    "Fiber: 1g",
    "Sugar: 22g",
    "Vitamin A: 295IU",
    "Vitamin C: 1mg",
    "Calcium: 32mg",
    "Iron: 1mg"
  ],
  "Comments": [
    "solution says:5. A gamester.",
    "Donna Howard says:In the oven now!!  I didn’t have the white M&Ms so I just used the milk chocolate ones but still the white chocolate pudding.  Also, I almost missed adding the vanilla!  It wasn’t in the directions but of course after following you for so long I sort of knew where to add it!!  Thanks for another yum!!",
    "Cupcake Crazy Gem says:I just made these now, they were SO delicious! Thanks for sharing! They were the perfect easter treat! I am in love with those white chocolate m&m’s…I only bought one bag when I went down to the States, I wish I had 6 bags now too!",
    "kristi@ishouldbemoppingthefloor says:YUM! I adore a good pudding cookie!! Pinned! 🙂",
    "Donna says:Made these today – totally yummy!!!  Thanks for such a good recipe (and I’m usually not a fan of ‘pudding’ cookies!)",
    "Trish - Mom On Timeout says:These look delicious Alyssa!  And so pretty too!",
    "Holly Lefevre (504 Main) says:I am a pudding cookie newbie! Can you believe it! Never had one…these are so sweet looking and I bet they taste that way too!",
    "Diana Kritinar says:These look amazing! I need to try these! These earned you a new fan. YUM.Diana @ http://bakingupyum.blogspot.com/",
    "Dorothy @ Crazy for Crust says:You know I love these! So pretty!",
    "Jocelyn says:Those M&M’s are so good…too funny that you bought 6 bags of them 🙂  I puffy heart pudding cookies too!  And your little boy’s comment was too funny…super sweet, but funny.  My kids say the same things!!!",
    "Julie says:Those are so pretty! However, I love milk chocolate over white…could the recipe be swapped by using milk chocolate pudding and milk chocolate M&Ms?",
    "Alyssa Rivers says:Oh yes for sure!! Let me know how you like them.!! 🙂",
    "Tanya-Lemonsforlulu.com says:I am so with you, I’ll take white chocolate over milk any day!  I’m going to buy up several bags of those M & M”s so I can make these cookies all year around!",
    "Julie says:New follower here and what a great recipe! Can’t wait to try it 🙂The Farm Girlthefarmgirlrecipes.blogspot.com",
    "Jolene McCain says:Sounds yummy!!"
  ]
}