{
  "URL": "https://therecipecritic.com/white-chocolate-buttercream/",
  "Summary": "This smooth and creamy white chocolate buttercream is perfect for all of your favorite cakes and cupcakes! You'll want this silky frosting on everything!",
  "Metadata": [
    "Prep Time:  15minutes",
    "Total Time:  15minutes",
    "Servings:  12ounces"
  ],
  "Ingredients": [
    "8 Ounces White Chocolate",
    "1 Cup Unsalted Butter Softened",
    "2 Cups Powdered Sugar",
    "1 Teaspoon Vanilla Extract",
    "1 dash Salt",
    "1 Tablespoon Heavy Cream if needed"
  ],
  "Instructions": [
    "In a small bowl melt the white chocolate in the microwave in 30-second intervals. Allow the fully melted chocolate to cool down for at least 10 minutes until it is room temperature, not warm to the touch.",
    "In a large bowl add the softened butter and beat for 2-3 minutes until smooth and light. Reduce the mixer speed to low and slowly add in the cooled white chocolate until fully combined and smooth.",
    "Add in the powdered sugar, vanilla, and salt and mix on low until nearly completely absorbed before increasing the speed to high. Whip for 2-3 minutes until smooth and fluffy. If the texture of the frosting is too thick, add 1 tablespoon of heavy cream and mix on medium-low to combine."
  ],
  "Nutrition": [
    "Serving: 12ounces",
    "Calories: 316kcal",
    "Carbohydrates: 31g",
    "Protein: 1g",
    "Fat: 21g",
    "Saturated Fat: 13g",
    "Polyunsaturated Fat: 1g",
    "Monounsaturated Fat: 6g",
    "Trans Fat: 1g",
    "Cholesterol: 45mg",
    "Sodium: 23mg",
    "Potassium: 59mg",
    "Fiber: 1g",
    "Sugar: 31g",
    "Vitamin A: 478IU",
    "Vitamin C: 1mg",
    "Calcium: 42mg",
    "Iron: 1mg"
  ],
  "Comments": [
    "Debra Evans says:Could you use white choc.powder instead of the candy?",
    "Alyssa Rivers says:I haven’t tried that before in this recipe. If you do, let me know how it turns out!"
  ]
}