{
  "URL": "https://therecipecritic.com/white-chocolate-oreo-cookies/",
  "Summary": "White Chocolate Oreo Cookies are perfectly soft and chewy cookies loaded with slightly melted white chocolate chips and crushed Oreo cookies. These are warm and delicious cookies with just the right amount of sweetness! ",
  "Metadata": [
    "Prep Time:  10minutes",
    "Cook Time:  8minutes",
    "Total Time:  18minutes",
    "Servings:  24Cookies"
  ],
  "Ingredients": [
    "3/4 Cup butter softened",
    "3/4 Cup brown sugar",
    "3/4 Cup sugar",
    "2 eggs",
    "1 teaspoon vanilla",
    "2 1/2 cups flour",
    "1 teaspoon baking soda",
    "1/2 teaspoon baking powder",
    "1 teaspoon salt",
    "14 oreo cookies coarsely crushed",
    "2 cups white chocolate chips (12 oz) bag"
  ],
  "Instructions": [
    "Preheat oven to 350 degrees. Line a cookie sheet with parchment paper or lightly spray with cooking spray.",
    "In a medium sized mixing bowl, whisk together the flour, baking soda, baking powder, and salt. Set aside.",
    "In a stand mixer or medium sized mixing bowl, beat together butter, sugar, and brown sugar about 2 minutes until fluffy. Beat in the eggs and vanilla. Slowly beat in the dry ingredients until incorporated. Mix in the crushed oreos until combined and lastly add the white chocolate chips.",
    "Roll into 1 1/2 inch balls and place 2 inches apart on the cookie sheet. Bake for about 7-9 minutes until just starting to lightly brown."
  ],
  "Nutrition": [
    "Calories: 268kcal",
    "Carbohydrates: 37g",
    "Protein: 3g",
    "Fat: 12g",
    "Saturated Fat: 7g",
    "Cholesterol: 32mg",
    "Sodium: 246mg",
    "Potassium: 96mg",
    "Fiber: 1g",
    "Sugar: 25g",
    "Vitamin A: 202IU",
    "Vitamin C: 1mg",
    "Calcium: 46mg",
    "Iron: 1mg"
  ],
  "Comments": [
    "Sophia says:Can you make these without the white chocolate chips or would you need to substitute another flavor of chips?",
    "Alyssa Rivers says:You can leave them out, they don’t need to be replaced. But you could replace them if you wanted. It might be fun to do a peanut butter chocolate chip for that fun Parent Trap, peanut butter and Oreo, vibe!",
    "melissa bi. says:These were amazing!!! I could not resist trying one while it was still warm.I used a combination of a chopped golden milk chocolate bar, white chocolate chips and dark chocolate chips. Then, I topped each cookie with a 1/4 of a Hershey’s cookies & cream mini chocolate bar. To achieve a thicker cookie with a gooey center, I chilled the dough for 30 mins after scooping it into 1 1/2 teaspoon balls. MAKE THESE COOKIES!",
    "Lynda says:These are AMAZING!  I love Mega stuft Oreos so thats what i usually use!  Today I branched out and used Mint Oreos with chocolate fudge mint chunks (1 cup). Both are SO delicious!  And definitely dont use more than 1 cup of chips for this recipe.",
    "Cathy says:Curious if anyone has used gluten free Oreos and gluten free flours?",
    "jennifer says:These looked amazing!!! I made them and enjoyed them but I would have definitely done only 1 cup of white chocolate chips! That’s way too sweet but definitely recommend!",
    "Andi says:We been making these cookies for the past 2 years and they are a hit! So delicious!",
    "Ally says:I wanted to add this to my Christmas cookie collection this year. Can I freeze the cookies or dough for later?",
    "Alyssa Rivers says:Yes! That should work fine!",
    "Carolyn says:I’ve been making these for the past 5 years or so to take to random events, parties/Christmas and they are always a big hit!",
    "Rose B says:No amounts are shown for the ingredients!!",
    "Alyssa Rivers says:Hello! All of the ingredient measurements are on the recipe card at the bottom of the post!",
    "Marie Vastine says:I’m a teacher and I made these for a middle school dance.  The kids went nuts.  I’ve never been an Oreo fan either, but you’re right – chop them up & use them to create a new cookie !  I also drizzle them with white & semi-sweet chocolate after they cool.",
    "Daniella says:These look insane!! What size eggs do you use?",
    "Alyssa Rivers says:I usually always use a large egg, especially for baking. Enjoy your cookies.",
    "Aimee says:I loved this recipe! I used unsalted butter + room temp eggs + mismatched sandwich cookies from Whole Foods + dark brown sugar + a mix of granulated / coconut sugar + half white / regular chocolate chips. I recommend refrigerating the dough overnight to let everything meld together. I did use a food scale to get 24 even cookies and the results were amazing after 9 minutes into the oven on silicon mats and I let the cookies cool about 20-30 on the sheets before I transferred to wire racks. A hit!",
    "Leigh W says:These are fabulous!! I used mini Oreos and didn’t crush them. Everyone loved them"
  ]
}