{
  "URL": "https://therecipecritic.com/white-chicken-enchiladas/",
  "Summary": "Creamy and filling, these white enchiladas are perfect for any family dinner! They are ready in 30 minutes, so they are perfect for any of those busy, on-the-go nights! ",
  "Metadata": [
    "Prep Time:  10minutes",
    "Cook Time:  25minutes",
    "Total Time:  35minutes",
    "Servings: 5"
  ],
  "Ingredients": [
    "¼ cup butter",
    "¼ cup flour",
    "3 cups chicken broth",
    "4 ounces can diced green chilies",
    "1 cup sour cream",
    "½ cup shredded Monterey Jack cheese",
    "2 cups cooked chicken breasts shredded",
    "6 ounces cream cheese softened",
    "1/2 cup sour cream",
    "4 ounces can diced green chilies",
    "1 teaspoon cumin",
    "1½ cups shredded Monterey Jack cheese",
    "10 8 inch tortillas",
    "2 cups Monterey Jack cheese",
    "chopped cilantro for garnish"
  ],
  "Instructions": [
    "In a medium-sized saucepan over medium-high heat, add the butter and melt.  Whisk in the flour and create a roux.  Slowly add in chicken broth and whisk.  Add in the diced green chilis, sour cream, and Monterey Jack cheese.  Whisk until it starts to thicken and remove from heat.",
    "In a medium-sized bowl combine the chicken, cream cheese, sour cream, green chilies, cumin, and Monterey cheese.",
    "Preheat the oven to 350 degrees.  Spray a 9×13 inch dish with cooking spray.   Lay a tortilla on a flat surface.  Divide the filling evenly and roll the tortilla up and put it in the baking dish.  Continue until you have used all of the tortillas.",
    "Pour the sauce on top of the tortillas and sprinkle with cheese.  Bake for 25-30 minutes or until heated through and cheese is bubbly.  Garnish with cilantro if desired."
  ],
  "Nutrition": [
    "Calories: 992kcal",
    "Carbohydrates: 43g",
    "Protein: 50g",
    "Fat: 69g",
    "Saturated Fat: 39g",
    "Polyunsaturated Fat: 4g",
    "Monounsaturated Fat: 18g",
    "Trans Fat: 1g",
    "Cholesterol: 230mg",
    "Sodium: 1931mg",
    "Potassium: 516mg",
    "Fiber: 3g",
    "Sugar: 7g",
    "Vitamin A: 1942IU",
    "Vitamin C: 16mg",
    "Calcium: 902mg",
    "Iron: 5mg",
    ""
  ],
  "Comments": [
    "Sandra says:so delicious. on our regular rotation. great with a side of mexican corn."
  ]
}