{
  "URL": "https://therecipecritic.com/white-chocolate-mousse/",
  "Summary": "Ultra light and fluffy, this white chocolate mousse is perfect for satisfying any sweet tooth! It can be garnished with a variety of toppings such as fruit, nuts, or chocolate shavings. It's the perfect elegant dessert for special occasions!",
  "Metadata": [
    "Prep Time:  30minutes",
    "Total Time:  30minutes",
    "Servings:  4People"
  ],
  "Ingredients": [
    "1 cup heavy whipping cream",
    "½ cup white chocolate chips",
    "4 ounces cream cheese room temperature",
    "2 tablespoons powdered sugar",
    "1 teaspoon vanilla",
    "¼ teaspoon salt",
    "Fruit of choice for topping"
  ],
  "Instructions": [
    "In a medium bowl, using a hand mixer, whip the heavy whipping cream until stiff peaks form. Set aside.",
    "In a separate bowl, using the same mixer, cream together your cream cheese, powdered sugar, vanilla, and salt. Mix until it is smooth and creamy",
    "In a third, microwave safe bowl, melt your chocolate chips by heating in the microwave in 20 second increments, stirring between each heating, until it is all melted. Don’t over heat your chocolate or it will seize up and not mix smoothly into your mousse.",
    "Mix your melted chocolate into your cream cheese until smooth. Gently fold your whipped cream into your chocolate mixture until it is all completely incorporated.",
    "Spoon or pipe your mousse into individual serving dishes and refrigerate for an hour to set up. Enjoy cold, within 3 days of making!"
  ],
  "Nutrition": [
    "Calories: 441kcal",
    "Carbohydrates: 21g",
    "Protein: 5g",
    "Fat: 38g",
    "Saturated Fat: 24g",
    "Polyunsaturated Fat: 2g",
    "Monounsaturated Fat: 10g",
    "Cholesterol: 101mg",
    "Sodium: 271mg",
    "Potassium: 160mg",
    "Fiber: 0.04g",
    "Sugar: 20g",
    "Vitamin A: 1262IU",
    "Vitamin C: 0.5mg",
    "Calcium: 112mg",
    "Iron: 0.1mg"
  ],
  "Comments": []
}