{
  "URL": "https://therecipecritic.com/white-cheddar-mac-and-cheese/",
  "Summary": "White Cheddar Mac and Cheese is super creamy and filled with rich, decadent flavor. This pasta recipe is the perfect comforting side dish for potlucks, holidays or even weeknight dinners!",
  "Metadata": [
    "Prep Time:  20minutes",
    "Cook Time:  20minutes",
    "Total Time:  40minutes",
    "Servings:  8people"
  ],
  "Ingredients": [
    "16 ounces shell pasta",
    "½ cup unsalted butter",
    "½ cup all-purpose flour",
    "2 cups whole milk",
    "2 cups heavy whipping cream",
    "4 cups sharp white cheddar cheese, grated",
    "1 teaspoon salt",
    "½ teaspoon pepper, freshly ground",
    "½ teaspoon garlic powder",
    "½ teaspoon onion powder",
    "1 cup Italian breadcrumbs",
    "3 tablespoons unsalted butter, melted",
    "1 teaspoon dried parsley",
    "1 teaspoon dried oregano",
    "salt and pepper to taste"
  ],
  "Instructions": [
    "Cook the 16 ounces shell pasta according to the package directions until it is just al dente. Drain the pasta and drizzle a small amount of oil over them, toss the oil in the noodles to keep them from sticking together and set aside.",
    "In a large pot, melt ½ cup unsalted butter over medium heat. Whisk in ½ cup all-purpose flour to create a roux. Gradually pour in 2 cups whole milk and 2 cups heavy whipping cream. Continue to stir while bringing everything up to temp and thickening the sauce.",
    "Add in 4 cups sharp white cheddar cheese, 1 teaspoon salt, ½ teaspoon pepper, ½ teaspoon garlic powder, ½ teaspoon onion powder, and cooked pasta. Stir to incorporate everything well and remove from heat.",
    "Preheat oven to 400 degrees fahrenheit. Line a baking sheet with parchment paper.",
    "In a bowl, mix together 1 cup Italian breadcrumbs, melted 3 tablespoons unsalted butter,1 teaspoon dried parsley, 1 teaspoon dried oregano, salt and pepper to taste. Stir to mix well.",
    "Spread the breadcrumb mixture evenly across the baking sheet and bake for 5-8 minutes or until the breadcrumbs are golden brown and crispy.",
    "Serve the mac and cheese with the breadcrumbs sprinkled over the top. Add more salt and pepper to taste and enjoy!"
  ],
  "Nutrition": [
    "Calories: 907kcal",
    "Carbohydrates: 65g",
    "Protein: 27g",
    "Fat: 60g",
    "Saturated Fat: 36g",
    "Polyunsaturated Fat: 3g",
    "Monounsaturated Fat: 14g",
    "Trans Fat: 1g",
    "Cholesterol: 173mg",
    "Sodium: 906mg",
    "Potassium: 374mg",
    "Fiber: 3g",
    "Sugar: 7g",
    "Vitamin A: 2059IU",
    "Vitamin C: 1mg",
    "Calcium: 564mg",
    "Iron: 2mg",
    ""
  ],
  "Comments": [
    "Angela says:Hi.  I made this the other day and it was absolutely delicious but honestly it came out too saucy.  I followed the directions exactly as you posted.  What do you think I could have done incorrectly?"
  ]
}