{
  "URL": "https://therecipecritic.com/white-cupcakes/",
  "Summary": "White cupcakes are fluffy, light and perfectly moist! Swirled with delicious white frosting and topped with sprinkles, these cupcakes are to die for! ",
  "Metadata": [
    "Prep Time:  20minutes",
    "Cook Time:  22minutes",
    "Total Time:  42minutes",
    "Servings:  24Cupcakes"
  ],
  "Ingredients": [
    "2 ¼ cups cake flour",
    "1 ½ cups granulated sugar",
    "2 teaspoons baking powder",
    "½ teaspoon baking soda",
    "½ teaspoon salt",
    "1 cup buttermilk",
    "¼ cup milk",
    "2 teaspoons clear vanilla extract",
    "½ cup vegetable oil",
    "4 egg whites",
    "16 tablespoons unsalted butter, two sticks room temperature",
    "3 cups powdered sugar",
    "2 tablespoons Milk",
    "1 ½ teaspoon vanilla extract",
    "A big pinch of salt"
  ],
  "Instructions": [
    "Preheat the oven to 350 degrees Fahrenheit and line two muffin pans with cupcake liners.",
    "In a medium bowl, whisk together the flour, sugar, baking powder, baking soda, and salt.",
    "Add the buttermilk, milk, vanilla, and oil to the dry ingredients and beat with the paddle attachment of a stand mixer or a hand mixer just until fully combined. In a separate bowl whip the egg whites until you get medium-stiff peaks and gently fold into the batter.",
    "Scoop the batter into the cupcake liners until they are ⅔ of the way full. Bake for 20-22 minutes, until a toothpick, comes out clean and the tops of the cupcakes bounce back when lightly pressed. Let the cupcakes cool.",
    "Frost the cupcakes as desired and serve!",
    "Add butter, powdered sugar, milk, vanilla, and salt to the stand mixer bowl. Stir to incorporate all the ingredients, then turn the mixer on high speed and beat until the frosting is white and fluffy about 10-15 minutes."
  ],
  "Nutrition": [
    "Calories: 269kcal",
    "Carbohydrates: 37g",
    "Protein: 2g",
    "Fat: 13g",
    "Saturated Fat: 6g",
    "Polyunsaturated Fat: 3g",
    "Monounsaturated Fat: 3g",
    "Trans Fat: 0.3g",
    "Cholesterol: 22mg",
    "Sodium: 94mg",
    "Potassium: 76mg",
    "Fiber: 0.3g",
    "Sugar: 28g",
    "Vitamin A: 256IU",
    "Calcium: 35mg",
    "Iron: 0.2mg"
  ],
  "Comments": [
    "PegECakes says:Is 1 tablespoon of baking powder correct? It seems to be a lot! I’m thinking of substituting full fat sour cream for the buttermilk, do you think that’s ok?  Thanks.",
    "Alyssa Rivers says:Thank you for catching that! The white cupcakes should be 2 teaspoons of baking powder. I have updated the recipe card. For the sour cream, it’s less acidic and thicker than buttermilk so it may not work. The cake may end up denser and not rise properly.",
    "Bridget says:Hi Alyssa,I would love to make these cupcakes. They look delicious! Can the 1/4 cup of milk be substituted for sour cream instead? In the recipe the amount of baking powder is still 1 tablespoon instead of 2 teaspoons…Thank you",
    "Alyssa Rivers says:Yes, the milk can be replaced with sour cream!The 2 teaspoons has been changed to reflect that in the recipe card.",
    "Amanda says:Amazing!!!I used double the amount of coconut sugar for a sugar-free version.",
    "Glad says:My family is obsessed with cupcakes I made using this recipe. So good!!"
  ]
}