{
  "URL": "https://therecipecritic.com/white-chocolate-brownies/",
  "Summary": "Moist, chewy, and loaded with creamy white chocolate flavor, these brownies will be your new favorite dessert. It only takes a few pantry staples to whip them up and they turn out perfectly every time.",
  "Metadata": [
    "Prep Time:  10minutes",
    "Cook Time:  40minutes",
    "Total Time:  50minutes",
    "Servings:  24brownies"
  ],
  "Ingredients": [
    "8 ounces white chocolate chopped",
    "1 ¼ cups unsalted butter",
    "3 large eggs, room temperature",
    "1 egg yolk, room temperature",
    "1 cup granulated sugar",
    "1 ½ tablespoons vanilla extract",
    "1 ¾ cups all-purpose flour",
    "½ teaspoon salt"
  ],
  "Instructions": [
    "Preheat the oven to 325 degrees Fahrenheit and spray a 9×13-inch baking pan with pan spray. You may also line the pan with parchment paper, leaving a 1-inch overhang on either side. Spray the parchment lightly with pan spray.",
    "In a medium bowl, gently melt 8 ounces white chocolate and 1 ¼ cups unsalted butter together either over a double boiler or in the microwave. Heat at 50% power in 30-second increments, stirring between each one until it is fully melted.",
    "In a large bowl, whisk together 3 large eggs,1 egg yolk, 1 cup granulated sugar, and 1 ½ tablespoons vanilla extract . Add in 1 ¾ cups all-purpose flour and ½ teaspoon salt and mix until just combined. Fold in the melted chocolate and butter until fully combined.",
    "Pour the thick batter into the prepared pan and spread it out evenly. Bake for 35-40 minutes or until a toothpick comes out clean from the center.",
    "Let the brownies cool for 20-30 minutes before cutting and serving."
  ],
  "Nutrition": [
    "Calories: 214kcal",
    "Carbohydrates: 21g",
    "Protein: 2g",
    "Fat: 13g",
    "Saturated Fat: 8g",
    "Polyunsaturated Fat: 1g",
    "Monounsaturated Fat: 4g",
    "Trans Fat: 0.4g",
    "Cholesterol: 56mg",
    "Sodium: 67mg",
    "Potassium: 49mg",
    "Fiber: 0.3g",
    "Sugar: 14g",
    "Vitamin A: 339IU",
    "Vitamin C: 0.05mg",
    "Calcium: 27mg",
    "Iron: 1mg",
    ""
  ],
  "Comments": [
    "Pam says:I made these and there is way too much butter in this recipe. You could drain the melted butter after baking them. So it says 1 1/4 cups, that’s 2 1/2 sticks of butter.  When I looked at other recipes afterwards, I think this recipe has 1 stick too much. Please respond if there is a correction.",
    "Gail Robertson says:I didn’t see in the recipe the measurements for White Chocolate. Looking forward to trying these, as White Chocolate is my favorite!Sorry if I’ve overlooked this ingredient. If you would email measurements I would greatly appreciate it!",
    "Shondia says:I’m saving this recipe to try. I’m allergic to chocolate and white chocolate is an alternative for me when I’m craving a traditional brownie. Thank you for sharing."
  ]
}