{
  "URL": "https://therecipecritic.com/white-cake/",
  "Summary": "This white cake is a recipe you will come back to time and time again for a delicious and beautiful result. Fluffy, moist, and soft, this really is a cake to impress!",
  "Metadata": [
    "Prep Time:  20minutes",
    "Cook Time:  30minutes",
    "Total Time:  50minutes",
    "Servings:  12slices"
  ],
  "Ingredients": [
    "2 ¼ cups cake flour",
    "1 ½ cups granulated sugar",
    "2 teaspoons baking powder",
    "½ teaspoon baking soda",
    "½ teaspoon salt",
    "1 cup buttermilk",
    "¼ cup milk",
    "2 teaspoons vanilla extract",
    "½ teaspoon almond extract optional",
    "½ cup vegetable oil",
    "4 large room temperature egg whites"
  ],
  "Instructions": [
    "Preheat the oven to 350 degrees Fahrenheit. Spray two 8-inch round cake pans with non-stick cooking spray and set aside.*",
    "In a large mixing bowl or the bowl of a stand mixer, sift together 2 ¼ cups cake flour, 1 ½ cups granulated sugar, 2 teaspoons baking powder, ½ teaspoon baking soda, and ½ teaspoon salt.",
    "To the same bowl, add 1 cup buttermilk, ¼ cup milk, 2 teaspoons vanilla extract, ½ teaspoon almond extract (if using), and ½ cup vegetable oil. Mix together using the paddle attachment or use an electric hand mixer. Mix just until fully combined.",
    "In a separate bowl, add 4 large room temperature egg whites. Using a hand mixer, whip the egg whites until you reach medium stiff peaks. Gently fold the whipped egg whites into the batter.",
    "Separate the cake batter evenly into the two prepared cake pans. Bake for about 30-35 minutes, until a toothpick comes out clean and the center of the cake springs back when lightly pressed."
  ],
  "Nutrition": [
    "Calories: 454kcal",
    "Carbohydrates: 50g",
    "Protein: 6g",
    "Fat: 26g",
    "Saturated Fat: 16g",
    "Polyunsaturated Fat: 1g",
    "Monounsaturated Fat: 7g",
    "Trans Fat: 1g",
    "Cholesterol: 69mg",
    "Sodium: 685mg",
    "Potassium: 183mg",
    "Fiber: 1g",
    "Sugar: 31g",
    "Vitamin A: 818IU",
    "Vitamin C: 1mg",
    "Calcium: 86mg",
    "Iron: 1mg",
    ""
  ],
  "Comments": [
    "Connie says:Why do say you use all purpose flour but then cite cake flour for the White Cake recipe?  So which flour/how much is best for the Absolute Best White Cake recipe?  Thanks.  PS – I did not make the cake (since I didn’t want to make a mistake with the flour) so the rating is not an actual rating.",
    "Alyssa Rivers says:Hello! I used cake flour in this recipe. I do sometimes make my own cake flour from all-purpose flour and corn starch when I don’t have any on hand. Thanks for pointing that out! Let me know if you make it and how it turns out.",
    "Vikki Livfair says:This cake was awesome!"
  ]
}