{
  "URL": "https://therecipecritic.com/white-chicken-chili/",
  "Summary": "This easy white chicken chili is loaded with beans, chicken and green chiles, all in the most delicious creamy broth. A dinner option that's perfect for a cold day!",
  "Metadata": [
    "Prep Time:  10minutes",
    "Cook Time:  20minutes",
    "Total Time:  30minutes",
    "Servings:  4Servings"
  ],
  "Ingredients": [
    "1 tablespoon olive oil",
    "1 small diced onion",
    "2 teaspoons minced garlic",
    "2 cups cooked and chopped boneless skinless chicken rotisserie works great",
    "½ cup heavy cream",
    "1 ½ teaspoons ground cumin",
    "1 teaspoon ground coriander",
    "1 teaspoon salt",
    "½ teaspoon pepper",
    "4 cups chicken broth",
    "1  (4-ounce)  can green chiles drained",
    "2  (15-ounce)  cans great northern beans drained and rinsed",
    "1 cup sour cream",
    "cheese, tortilla strips, cilantro, avocado"
  ],
  "Instructions": [
    "Sauté: Heat the olive oil in a large pot over medium heat. Add the onion and cook for 3-4 minutes until translucent.",
    "Add: Put the chicken in the pot along with the cumin, coriander, salt and pepper.",
    "Cook:, stirring occasionally, until chicken is cooked through, approximately 5 minutes.",
    "Add: the chicken broth, green chiles and beans to the pot; bring to a simmer.",
    "Cook: for 10 minutes. Remove the pot from the heat and whisk in the sour cream.",
    "Serve: immediately with toppings of your choice.",
    "Heat 1 tablespoon olive oil in a large pot over medium heat. Add 1 small diced onion and cook for 3-4 minutes until translucent. Add 2 teaspoons minced garlic and cook for 30 seconds.",
    "Add 2 cups cooked and chopped boneless skinless chicken and ½ cup heavy cream to the pot. Stir to combine.",
    "Add 4 cups chicken broth, 1  (4-ounce)  can green chiles, 2  (15-ounce)  cans great northern beans, 1 ½ teaspoons ground cumin, 1 teaspoon ground coriander, 1 teaspoon salt, and ½ teaspoon pepper. Stir the soup and bring to a simmer.",
    "Cook for 10 minutes. Remove the pot from the heat and whisk 1 cup sour cream.",
    "Serve warm with toppings of your choice such as cheese, tortilla strips, cilantro, avocado."
  ],
  "Nutrition": [
    "Calories: 259kcal",
    "Carbohydrates: 7g",
    "Protein: 19g",
    "Fat: 17g",
    "Saturated Fat: 7g",
    "Polyunsaturated Fat: 1g",
    "Monounsaturated Fat: 6g",
    "Trans Fat: 0.01g",
    "Cholesterol: 87mg",
    "Sodium: 1562mg",
    "Potassium: 449mg",
    "Fiber: 1g",
    "Sugar: 4g",
    "Vitamin A: 397IU",
    "Vitamin C: 3mg",
    "Calcium: 90mg",
    "Iron: 1mg",
    ""
  ],
  "Comments": [
    "Angela says:Could I substitute heavy cream in place of the sour cream? My husband won’t eat sour cream, so I would have to omit it or substitute something else. What do you think?",
    "Alyssa Rivers says:I would try replacing it with some Greek yogurt instead!",
    "Angie says:Can this be made without the beans?  We love chicken chili but neither of us like beans.",
    "Alyssa Rivers says:Sure! Go ahead and omit the beans from the recipe.",
    "fAKHAR says:You prepared the recipe in a very good way. We hope you will continue to give us such recipes in the future. You enriched our home-cooked meals.",
    "Claire Traeger says:Hi, Could you use Greek yogurt instead of sour cream (for extra protein and less fat), or would it change the recipe too much?  Thanks!",
    "Alyssa Rivers says:It would for sure change the taste and texture of the chili.",
    "Pete says:My wife and daughter absolutely love this.  Have to make double batches to keep it on hand.  What are the implications of freezing it after the sour cream has been added?",
    "Alyssa Rivers says:That is awesome to hear! I am glad they love it! I like to use the freezer bags and lay them completely flat in the freezer. When warming them up I like to defreeze them in the fridge or put the frozen bag in a pot of boiling water. Hope that helps! XOXO",
    "angieGG says:Can i make in a slow cooker? Please advise",
    "Alyssa Rivers says:Yes, this goes great in the slow cooker! Place all the ingredients in the slow cooker on low: 4-6 hours or high 2-3 hours! Hope that helps! Enjoy! XOXO",
    "Tracey says:Hi Alyssa!Your recipes are so delish. I’ve made many of them. I want to make this White chicken chili for a chili cook off. You’ve stated in a response above to precook chicken if using a slow cooker; but in your post, you say to throw all in slow cooker, but sour cream. Please clarify if chicken needs to be precooked for slow cooker. Thank you! Tracey",
    "Alyssa Rivers says:Hello! You don’t have to precook the chicken in the slow cooker (sometimes I use a fully cooked rotisserie chicken from Costco and shred it up for this recipe). You can just put everything in but the sour cream."
  ]
}