{
  "URL": "https://therecipecritic.com/white-chocolate-sauce/",
  "Summary": "Homemade White Chocolate Sauce is a quick and creamy addition to any hot drink or dessert. It's perfect on top of pancakes and waffles, and will become a staple in your kitchen!",
  "Metadata": [
    "Prep Time:  5minutes",
    "Cook Time:  0minutes",
    "Total Time:  5minutes",
    "Servings: 10"
  ],
  "Ingredients": [
    "8 oz white chocolate, chopped",
    "1/2 cup half and half",
    "1 tablespoon unsalted butter",
    "1 teaspoon clear vanilla extract"
  ],
  "Instructions": [
    "Heat the half and half on the stovetop in a small saucepan over medium-high heat.",
    "Once it starts to boil, remove it from the heat and add the chopped chocolate and butter.",
    "Whisk until smooth and stir in the vanilla.",
    "Let cool and enjoy!"
  ],
  "Nutrition": [
    "Serving: 2tablespoons",
    "Calories: 149kcal",
    "Carbohydrates: 14g",
    "Protein: 2g",
    "Fat: 10g",
    "Saturated Fat: 6g",
    "Polyunsaturated Fat: 0.3g",
    "Monounsaturated Fat: 3g",
    "Trans Fat: 0.05g",
    "Cholesterol: 12mg",
    "Sodium: 28mg",
    "Potassium: 82mg",
    "Fiber: 0.04g",
    "Sugar: 14g",
    "Vitamin A: 85IU",
    "Vitamin C: 0.2mg",
    "Calcium: 58mg",
    "Iron: 0.1mg"
  ],
  "Comments": []
}