{
  "URL": "https://therecipecritic.com/whole-wheat-pancakes/",
  "Summary": "Fluffy Whole Wheat Pancakes are pillowy soft morsels of goodness! You are going to love this simple, easy, light but hearty pancake!",
  "Metadata": [
    "Prep Time:  10minutes",
    "Cook Time:  10minutes",
    "Total Time:  20minutes",
    "Servings:  4People"
  ],
  "Ingredients": [
    "2 cups whole wheat flour",
    "3 tablespoons granulated sugar",
    "½ teaspoon baking soda",
    "1 ½ teaspoons baking powder",
    "½ teaspoon salt",
    "2 ¼ cups buttermilk",
    "2 large eggs",
    "¼ cup canola oil or vegetable oil"
  ],
  "Instructions": [
    "In a large mixing bowl, whisk together 2 cups whole wheat flour, 3 tablespoons granulated sugar, ½ teaspoon baking soda, 1 ½ teaspoons baking powder, ½ teaspoon salt.",
    "Add 2 ¼ cups buttermilk, 2 large eggs, and ¼ cup canola oil. Stir until combined.",
    "Preheat a skillet over medium heat. Spray with cooking spray and drop about ¼ cup of the batter onto the warm skillet. Once it forms bubbles then flip to the other side and cook until golden brown.",
    "Serve with your favorite pancake toppings and enjoy!"
  ],
  "Nutrition": [
    "Calories: 360kcal",
    "Carbohydrates: 60g",
    "Protein: 15g",
    "Fat: 8g",
    "Saturated Fat: 4g",
    "Cholesterol: 108mg",
    "Sodium: 607mg",
    "Potassium: 586mg",
    "Fiber: 6g",
    "Sugar: 16g",
    "Vitamin A: 358IU",
    "Calcium: 255mg",
    "Iron: 3mg",
    ""
  ],
  "Comments": [
    "Aly says:I love these pancakes! But I can’t do milk anymore so I used my own buttermilk using coconut milk and lemon juice and they still turned out great, couldn’t tell the difference! So these can be dairy free and delicious when needed.",
    "Ashley says:Any chance we could use honey instead of sugar? Equal parts?",
    "Alyssa Rivers says:I have not tried it that way. Let me know how it turns out!",
    "Karamjit Kaur says:Thanks for sharing. Excited to try it.",
    "Julie says:This is now our family’s favorite new pancake recipe! My kids love them too! Thank you for sharing!"
  ]
}