{
  "URL": "https://therecipecritic.com/whole-wheat-bread/",
  "Summary": "One slice of this amazing wheat bread and you'll be addicted! It's warm, soft, and tender, sweetened to perfection with honey!",
  "Metadata": [
    "Prep Time:    2hours30minutes",
    "Cook Time:  35minutes",
    "Total Time:    3hours5minutes",
    "Servings:  12slices"
  ],
  "Ingredients": [
    "1 cup water",
    "½ cup milk",
    "¼ cup honey",
    "2 ¼ teaspoon active dry yeast 1 packet",
    "3 tablespoons unsalted butter melted",
    "1 ½ teaspoon salt",
    "3 ½ cups whole wheat flour more as needed"
  ],
  "Instructions": [
    "Warm the water and milk to 105°-115° and pour into the bowl of a stand mixer. Stir in the honey and yeast. Set aside for 5-10 minutes until the mixture has become frothy.",
    "Add the salt, melted butter, and flour to the bowl. Mix together using the paddle attachment. Once fully combined, clean off the paddle and switch to the dough hook. Knead on low speed for about 8-10 minutes. If the dough is very sticky, add more flour 1-2 tablespoons at a time until it is only slightly sticky. It can be beneficial to also pause the mixer so you can fully scrape down the bowl to ensure all of the dough is being well kneaded.",
    "Once the dough is smooth and soft, remove gently to a large oiled bowl. Try to keep the dough in a ball as you transfer it. Turn the dough once in the bowl to coat it all with oil and then cover with a kitchen towel and set in a warm place. Let it rise for 45-60 minutes, or until doubled in size.",
    "Once it has doubled in size spray a 9×5 bread pan with cooking spray and set aside. Gently punch down the dough to remove any air bubbles. Transfer the dough to a lightly floured surface and work the dough into a ball and then gently shape that ball into a loaf that is just about 9 inches long. Place it in the prepared bread pan.",
    "Cover with a kitchen towel and again set the pan in a warm place. Let it rise for 30-45 minutes until it is just about doubled in size. When it is almost doubled, preheat the oven to 350°.",
    "Bake for 30-35 minutes, or until the internal temperature reads 190°.",
    "Let the bread cool for at least 15-20 minutes before removing it from the pan. Allow it to cool completely before slicing in order to avoid your bread turning gummy."
  ],
  "Nutrition": [
    "Calories: 179kcal",
    "Carbohydrates: 32g",
    "Protein: 6g",
    "Fat: 4g",
    "Saturated Fat: 2g",
    "Polyunsaturated Fat: 1g",
    "Monounsaturated Fat: 1g",
    "Trans Fat: 1g",
    "Cholesterol: 9mg",
    "Sodium: 299mg",
    "Potassium: 167mg",
    "Fiber: 4g",
    "Sugar: 6g",
    "Vitamin A: 107IU",
    "Vitamin C: 1mg",
    "Calcium: 26mg",
    "Iron: 1mg",
    ""
  ],
  "Comments": [
    "Hope says:I made this today and it was awesome! The bread is soft and flavorful. I just want to eat the whole loaf right now! I do grind my own wheat but I think it would probably be great with store bought whole wheat too!",
    "Edris Todman says:My second time making this.",
    "Edris Todman says:Made it LOVE IT.Making another one today.",
    "Sandy says:Every wheat bread that I’ve made looks beautiful in the pan before baking when it bakes it falls in the middle…..what am I doing wrong?",
    "Alyssa Rivers says:There are a few different things that can cause this. It usually happens when too much liquid is used, or the dough was overmixed. You could try decreasing the liquid a bit and making sure that when you form your ball of dough it is perfectly round and smooth. I hope that helps!",
    "Lara says:Omg so good! No more buying bread from the store when this is so. Delicious.",
    "Terrissa says:Thank you for this recipe! I’ve been testing out a few different recipes for whole wheat, it seems like so many of them call for mixing in AP flour, but I really didn’t want that. I am so glad I found your recipe. All my previous attempts at whole wheat resulted in dense loaves that ended in the garbage. But I finally found a keeper! All my boys agree that it’s better than store bought bread. I’ve even experimented with using different liquids (all water) and fats (so far olive oil but maybe coconut oil next time) and even then the loaves turned out so yummy! I’m so so so glad I found your recipe. 🙂",
    "Kaylie says:yeah its great. Thanks",
    "Sabrina says:haven’t made bread in forever, might as well give it a try with this recipe, thank you and love that it’s whole wheat too",
    "Kris Sutton says:I really like how the whole wheat bread is turning out! I had some buttermilk so I added that rather than regular milk on the recipe. Thank you for your easy to follow recipe!"
  ]
}