{
  "URL": "https://therecipecritic.com/winter-pomegranate-orange-quinoa-salad-with-creamy-lemon-greek-yogurt-dressing/",
  "Summary": "A mouthwatering winter salad with quinoa, spinach, mandarine oranges, and crunchy pistachios. Topped with a creamy lemon greek yogurt dressing and feta cheese this makes one unforgettable salad!",
  "Metadata": [
    "Prep Time:  15minutes",
    "Cook Time:  15minutes",
    "cooling time:  10minutes",
    "Total Time:  40minutes",
    "Servings:  6Servings"
  ],
  "Ingredients": [
    "1 cup uncooked quinoa",
    "3 cups chopped baby spinach",
    "2 cups drained canned mandarin oranges",
    "1 cup pomegranate seeds",
    "¼ cup coarsely chopped pistachios",
    "¼ cup crumbled feta cheese",
    "3  tablespoons fresh lemon juice, about 1 lemon",
    "1 tablespoon apple cider vinegar",
    "1 tablespoon granulated sugar",
    "1 teaspoon minced garlic",
    "½ cup plain Greek yogurt",
    "⅓ cup extra virgin olive oil",
    "½ teaspoon salt",
    "¼ teaspoon freshly ground black pepper"
  ],
  "Instructions": [
    "Cook 1 cup uncooked quinoa according to the directions on the package. Once cooked, set it aside to cool for 10 minutes.",
    "Add the cooked and cooled quinoa, 3 cups chopped baby spinach, 2 cups drained canned mandarin oranges, and 1 cup pomegranate seeds to a large bowl and toss together lightly.",
    "Make the dressing by adding 3  tablespoons fresh lemon juice, 1 tablespoon apple cider vinegar, 1 tablespoon granulated sugar, 1 teaspoon minced garlic, ½ cup plain Greek yogurt, ⅓ cup extra virgin olive oil, ½ teaspoon salt, and ¼ teaspoon freshly ground black pepper to a blender or food processor and blending until smooth and creamy.",
    "Drizzle your preferred amount of dressing over the salad and toss together until evenly coated. Top with ¼ cup coarsely chopped pistachios and ¼ cup crumbled feta cheese and serve immediately."
  ],
  "Nutrition": [
    "Calories: 337kcal",
    "Carbohydrates: 37g",
    "Protein: 9g",
    "Fat: 18g",
    "Saturated Fat: 3g",
    "Polyunsaturated Fat: 3g",
    "Monounsaturated Fat: 11g",
    "Trans Fat: 0.002g",
    "Cholesterol: 6mg",
    "Sodium: 287mg",
    "Potassium: 508mg",
    "Fiber: 5g",
    "Sugar: 14g",
    "Vitamin A: 1902IU",
    "Vitamin C: 28mg",
    "Calcium: 112mg",
    "Iron: 2mg",
    ""
  ],
  "Comments": [
    "BoiseNoise says:From the title I thought I’d be using lemon Greek yogurt, so since I had purchased it I did use that instead. Otherwise follwed the instructions as directed, and this was an excellent salad!!  I do wish it had specified whether to use fresh mandarin oranges or canned ones.  (I used fresh, but dithered when selecting the ingredients.)",
    "Ercy says:I made this salad tonight and it was delicious!  Even my picky food critic five-year-old loves it!  I didn’t have pistachios on hand (wish I did since I love them), so I substituted them with toasted walnuts.  Thank you for sharing…so good!",
    "Rachel says:I just made this again, with the first pomegranate of the season. I love having salads I make on the weekends and then pack for lunch throughout the week. This has a great mix of textures and some unexpected flavors (in a good way). Nice change up from the usual quinoa salad.",
    "Alyssa Rivers says:That is exactly what I was hoping for! Thanks so much for sharing! XOXO",
    "Sarah Cresap says:We had this for dinner tonight, and it was divine! And last night we had your creamy lime cilantro chicken and it was to die for!",
    "Alyssa says:I am so glad you liked it!  Love seeing comments from people that I love! 🙂",
    "Chelsea@TableForOne says:This salad is the mother of all salads! I can just imagine all of those different flavors. What a great combo…thanks for sharing."
  ]
}