{
  "URL": "https://therecipecritic.com/witch-hat-cookies/",
  "Summary": "These Easy Witch Hat Cookies are sure to put a spell on your Halloween party guests! With a fudge cookie base and a Hershey's kiss on top, they are simple to put together and delicious to eat. These are the perfect treat for kids to help assemble and clean-up is a breeze.",
  "Metadata": [
    "Prep Time:  20minutes",
    "Total Time:  20minutes",
    "Servings:  30Cookies"
  ],
  "Ingredients": [
    "1 package 16 ounce fudge-striped cookies",
    "32 Hershey kisses unwrapped",
    "1 tub 4.25 ounce white buttercream frosting",
    "Food coloring",
    "Sanding sugar optional"
  ],
  "Instructions": [
    "Attach Hershey kisses to the bottom of each cookie using a small amount of frosting piped around the center of the cookie.",
    "Color buttercream desired colors, I used orange, purple, and green with yellow for the buckle, and pipe around the base of the kisses using a #3 piping tip. Dust buttercream with sanding sugar of the same color, if desired.",
    "Pipe a square buckle on one side of the Hershey kiss using a #2 piping tip, if desired.",
    "Keep stored in an airtight container until ready to serve. Avoid stacking the cookies if possible."
  ],
  "Nutrition": [
    "Calories: 26kcal",
    "Carbohydrates: 3g",
    "Protein: 0.4g",
    "Fat: 1g",
    "Saturated Fat: 1g",
    "Polyunsaturated Fat: 0.02g",
    "Monounsaturated Fat: 0.02g",
    "Cholesterol: 1mg",
    "Sodium: 7mg",
    "Potassium: 1mg",
    "Fiber: 0.1g",
    "Sugar: 3g",
    "Vitamin A: 0.05IU",
    "Calcium: 10mg",
    "Iron: 0.1mg",
    ""
  ],
  "Comments": []
}