{
  "URL": "https://therecipecritic.com/wonton-shrimp-stirfry/",
  "Summary": "This amazing shrimp stirfry was inspired by a popular Applebee’s dish and I am in love! The sauce is sweet, savory and a little bit spicy. ",
  "Metadata": [
    "Prep Time:  5minutes",
    "Cook Time:  15minutes",
    "Total Time:  20minutes",
    "Servings:  4Servings"
  ],
  "Ingredients": [
    "1 ½ pounds shrimp, peeled and de-veined",
    "2 cups broccoli florets",
    "1 sliced red bell pepper",
    "½ cup sliced mushrooms, steamed or boiled til just tender",
    "2 teaspoons minced garlic",
    "⅓ cup soy sauce, low-sodium",
    "3 tablespoons brown sugar",
    "4 tablespoons rice vinegar",
    "1 teaspoon sriracha, or to taste",
    "½ teaspoon sesame oil",
    "½ cup chicken broth or vegetable broth, or water",
    "1 tablespoon cornstarch",
    "1 cup crispy wonton strips",
    "½ teaspoon crushed red pepper flakes",
    "2 chopped green onions"
  ],
  "Instructions": [
    "Mix ⅓ cup soy sauce,, 3 tablespoons brown sugar, 4 tablespoons rice vinegar, 1 teaspoon sriracha,, ½ teaspoon sesame oil, ½ cup chicken broth or vegetable broth,, and 1 tablespoon cornstarch. Whisk until cornstarch is dissolved and set aside.",
    "Add 1 ½ pounds shrimp,, 2 cups broccoli florets, 1 sliced red bell pepper , ½ cup sliced mushrooms,, and 2 teaspoons minced garlic to a large greased pan and cook over medium heat for 3-5 minutes until shrimp is cooked through (fully pink), mushrooms are tender, and garlic is fragrant.",
    "Add sauce mixture and bring to a boil, reduce to a simmer and cook for 5-10 minutes.",
    "Sprinkle ½ teaspoon crushed red pepper flakes, 2 chopped green onions, and 1 cup crispy wonton strips on top and serve immediately. Serve with steamed white or brown rice."
  ],
  "Nutrition": [
    "Calories: 261kcal",
    "Carbohydrates: 18g",
    "Protein: 39g",
    "Fat: 3g",
    "Saturated Fat: 1g",
    "Cholesterol: 429mg",
    "Sodium: 2449mg",
    "Potassium: 422mg",
    "Fiber: 2g",
    "Sugar: 11g",
    "Vitamin A: 1275IU",
    "Vitamin C: 88mg",
    "Calcium: 288mg",
    "Iron: 5mg"
  ],
  "Comments": [
    "Charlene says:Hello. Can this be made with grilled chicken?",
    "Alyssa Rivers says:It will have a different taste to it but that does sound great! Let me know how it turns out! XOXO",
    "Laura Postlewait says:If you cook the shrimp thoroughly in the first step and then add sauce and simmer for 5 to 10 minutes don’t the shrimp tend to be over-cooked?  I don’t like to over-cook my shrimp as they seem to turn rubbery.",
    "cathalene walsh says:I’m looking for a seafood cannoleni recipe,do you have one?",
    "Samantha D says:Hi! My father and I love your recipe! I was wondering if you would recommend making a batch of this sauce and either freezing or refrigerating it? Thanks!",
    "Scott E Brandstetter says:My wife and I made this recipe tonight and all I have to say is, oh my goodness.  I was staying in a hotel in northern Cincinnati early this week and ordered this off the menu.  Told my wife about it in the morning and told her we had to find the recipe.  Your recipe is spot on and we are still on a food “high”, lol.  Thanks for putting this together, we will put this in the rotation for sure.  Might even add a few more red pepper flakes next time.",
    "Alyssa Rivers says:That sounds great! I am so glad you both liked it! Thanks so much for sharing! XOXO",
    "Platt College says:The pictures really make my mouth water. Quality pics!",
    "Shawnna says:Oh this looks so good!",
    "ami@naivecookcooks says:This looks delicious Tiffany!!",
    "Vivian | stayaliveandcooking says:Ohhh, looks delicious! I make stirfries so often and I simply looove shrimp… Weekend dish here I come!"
  ]
}