{
  "URL": "https://therecipecritic.com/wonton-chips/",
  "Summary": "Get ready to up your snack game, because I've got a game-changing recipe for you: wonton chips are where it's at! These golden, crispy triangles are the perfect vessel for all your favorite dips, from guacamole to hummus to sweet and sour sauce. Once you get a taste of that heavenly crunch, you'll wonder how you ever lived without them.",
  "Metadata": [
    "Prep Time:  5minutes",
    "Cook Time:  15minutes",
    "Total Time:  20minutes",
    "Servings: 4"
  ],
  "Ingredients": [
    "1 package wonton wrappers",
    "Vegetable or peanut oil"
  ],
  "Instructions": [
    "Prepare your frying station by filling a large, heavy bottomed pot ½-⅔ of the way full with your preferred frying oil.  Cover a baking sheet with layers of paper towel.",
    "Heat the oil to 360 degrees Fahrenheit. Use an oil or candy thermometer to monitor the heat while frying. Adjust the flame to maintain the heat between 350-360 degrees Fahrenheit.",
    "Cut the wonton wrappers into triangles. Cover the uncooked wrappers in a clean kitchen towel between batches.",
    "Add 6-7 triangles, or more if your pot is large enough for more, to the oil at a time and fry for 60-90 seconds, until puffed and deep golden brown. While they are frying, use a spider or slotted spoon to separate the chips from each other. Don't overcrowd the pot as you fry or the temp of the oil will drop too much and the chips will be oily.",
    "Once they are golden brown, remove to the prepared tray with a spider or slotted spoon. Let them cool completely before serving or storing."
  ],
  "Nutrition": [
    "Calories: 35kcal",
    "Carbohydrates: 1g",
    "Protein: 0.2g",
    "Fat: 3g",
    "Saturated Fat: 1g",
    "Polyunsaturated Fat: 1g",
    "Monounsaturated Fat: 2g",
    "Cholesterol: 0.2mg",
    "Sodium: 11mg",
    "Potassium: 2mg",
    "Fiber: 0.04g",
    "Vitamin A: 0.3IU",
    "Calcium: 1mg",
    "Iron: 0.1mg"
  ],
  "Comments": [
    "Linda says:Turned out perfect! Making poke nachos with them 🙂"
  ]
}