{
  "URL": "https://therecipecritic.com/wonton-soup/",
  "Summary": "This homemade wonton soup is better than Chinese takeout and so easy to make! Enjoy the comforting flavors of tender wontons, vegetables, and warm broth seasoned with classic Chinese flavors of ginger, soy sauce, sesame oil, and garlic.",
  "Metadata": [
    "Prep Time:  5minutes",
    "Cook Time:  10minutes",
    "Total Time:  15minutes",
    "Servings: 8"
  ],
  "Ingredients": [
    "2 teaspoons sesame oil",
    "3 cloves garlic, minced",
    "1 cup shiitake mushrooms chopped (optional)",
    "1 tablespoon ginger, minced",
    "8 cups chicken broth, or any broth",
    "1/2 pound baby bok choy, halved",
    "25-30 frozen wontons",
    "1 tablespoon soy sauce",
    "2 green onions, sliced"
  ],
  "Instructions": [
    "In a large pot over medium high heat add the sesame oil, garlic, mushrooms and ginger.  Saute for about 2-3 minutes or until tender.",
    "Add in the chicken broth and bring to a boil.  Reduce heat and add in the bok choy and let simmer for about 5 minutes.  Add in the wontons.  Continue to simmer for another 3-4 minutes and wontons are heated throughout.",
    "Add in soy sauce and green onions and serve."
  ],
  "Nutrition": [
    "Serving: 1cup",
    "Calories: 192kcal",
    "Carbohydrates: 29g",
    "Protein: 7g",
    "Fat: 6g",
    "Saturated Fat: 1g",
    "Polyunsaturated Fat: 0.4g",
    "Monounsaturated Fat: 0.4g",
    "Cholesterol: 7mg",
    "Sodium: 1309mg",
    "Potassium: 149mg",
    "Fiber: 3g",
    "Sugar: 5g",
    "Vitamin A: 1296IU",
    "Vitamin C: 20mg",
    "Calcium: 68mg",
    "Iron: 2mg",
    ""
  ],
  "Comments": [
    "Robin Whitesides says:Loved this soup!  I added shredded chicken, snap peas , shredded carrots and some sweet soy sauce as well. Delish, Thank you!!",
    "Wendy Farant says:What are Wonton?Where do you buy them?",
    "Alyssa Rivers says:You can typically buy the from the store in the frozen section. These are from target, but most grocery store should carry them. You can also make your own by following this recipe.",
    "Karen Stapleton says:I have made this numerous times, and we love it.  If you can’t find the wontons, get a bag of pot stickers.  They are an excellent substitute.",
    "Karen says:My family is Plant,Veggi Based. Can I substitute veggie Dumplings for the Wontons?",
    "Alyssa Rivers says:Hi Karen, thank you for your comment. Yes those should work just fine. Also be aware you will need veggie broth instead of chicken broth! Let me know how it turns out!",
    "Mick says:Love the Soup. Need a recipe for the Wontons. Please",
    "Alyssa Rivers says:So glad you liked it Mick! Here is my recipe for pork wontons! Let me know how they turn out!",
    "Patti says:Was so good and easy to make! Definitely in my soup rotation ?",
    "Larissa C says:Can I stuff the wontons with pork or chicken?",
    "Alyssa Rivers says:Yes you can!"
  ]
}