{
  "URL": "https://therecipecritic.com/wood-fired-pizza-dough/",
  "Summary": "This is the perfect beginner's guide for making wood-fired pizza dough! Pizza expert Chef Brandon Price taught me how to make authentic homemade pizza, and now you get to learn as well!",
  "Metadata": [
    "Prep Time:  25minutes",
    "Cook Time:  5minutes",
    "Resting Time:  1day",
    "Total Time:    1day30minutes",
    "Servings:  6pizzas"
  ],
  "Ingredients": [
    "8 cups '00' Flour (1000 grams)",
    "2 ¾ cups  cold water (650 grams)",
    "4 teaspoons salt (25 grams)",
    "½ teaspoon yeast (2 grams)",
    "sourdough starter (200 grams), optional",
    "canned tomatoes (Cento brand)",
    "fresh mozzarella",
    "pepperoni slices",
    "fresh basil"
  ],
  "Instructions": [
    "Add the flour, yeast, salt, and sourdough starter (if using; if not, add an extra gram of yeast) to a large bowl, then stir to combine. Create a 'well” in the center of the flour and pour in the water.",
    "Pour the water into the flour mixture then mix using your hands until a dough forms. Knead the dough a few times to help it come together.",
    "Cover the dough with the bowl and let it rest for 20 minutes.",
    "Divide the dough evenly into 6 balls, about 200 grams each. Cover and refrigerate the dough overnight or for up to 3 days.",
    "Remove the dough from the refrigerator 2 hours before using.",
    "Turn the risen dough ball over on the counter.",
    "Push the dough out from the center moving outward.",
    "Flip the dough over and continue to push a spread the dough out to be a 12\" round. Remember which side is the bottom of the crust.",
    "Pour the canned tomatoes into a medium bowl.",
    "Add a drizzle of olive oil to the tomatoes and use your hands to help break up the tomatoes. Yes, your hands! Simply squeeze and break down the whole tomatoes into small pieces.",
    "Spread 3 tablespoons of sauce onto the pizza round.",
    "Place pieces of fresh mozzarella on top of the sauce, followed by the pepperoni slices.",
    "Preheat the pizza oven to 900 degrees Fahrenheit according to manufacturer's instructions.",
    "Gently lift the edge of the assembled pizza and quickly slide the pizza spatula underneath the entire pizza.",
    "Use the pizza spatula to slide the pizza into the pizza oven using short and fast motions. The pizza cooks in less than 1 minute, so stay close and work quickly.",
    "After about 30 seconds of cooking, use the pizza spatula to quickly turn and rotate the pizza in the oven to cook all sides.",
    "Once the pizza is cooked through and slightly darkened, remove it from the oven.",
    "Top with fresh basil, slice, and enjoy!"
  ],
  "Nutrition": [
    "Calories: 603kcal",
    "Carbohydrates: 121g",
    "Protein: 20g",
    "Fat: 3g",
    "Saturated Fat: 0.4g",
    "Polyunsaturated Fat: 1g",
    "Monounsaturated Fat: 0.2g",
    "Sodium: 197mg",
    "Potassium: 172mg",
    "Fiber: 4g",
    "Sugar: 1g",
    "Vitamin A: 56IU",
    "Vitamin C: 0.2mg",
    "Calcium: 27mg",
    "Iron: 2mg",
    ""
  ],
  "Comments": [
    "Sonnya says:If not using sourdough starter, how much active yeast should be used? Additionally, 200 grams of starter would increase both the flour and water content of this recipe. By omitting the starter, should other alterations be made to this recipe? I make sourdough bread with 50 to 100 grams of starter so this seems like a significant amount to omit if just using active yeast.",
    "Alyssa Rivers says:Hi Sonnya, you can add an extra gram of yeast if you don’t use the starter.",
    "Beth says:“Flip the dough over and continue to push a spread the dough out to be a 12″ round. Remember which side is the bottom of the crust.”Can you explain why that matters? I have never heard of this before.",
    "Peter Miks says:I don’t have a wood fired pizza grill, but I have a pizza stone especially for grills. Will it work for this recipe? It gets quite hot. It works on charcoal and gas. could I use wood chips on the charcoal side?",
    "Alyssa Rivers says:This dough will work with a pizza stone on the grill! I can’t speak to using wood chips on the charcoal side of the grill because I have never tried that before!"
  ]
}