{
  "URL": "https://therecipecritic.com/worlds-best-steak-marinade/",
  "Summary": "My steak marinade turns you into the steak master everyone talks about. Juicy, tender, bold, whether your grilling or searing!",
  "Metadata": [
    "Prep Time:  10minutes",
    "Total Time:  10minutes",
    "Servings:  4Servings"
  ],
  "Ingredients": [
    "⅓ cup soy sauce",
    "⅓ cup lemon juice",
    "½ cup olive oil",
    "¼ cup Worcestershire sauce",
    "1 tablespoon minced garlic",
    "2 tablespoons Italian seasoning",
    "1 teaspoon ground black pepper",
    "½ teaspoon salt",
    "1 pinch red pepper flakes"
  ],
  "Instructions": [
    "Add ⅓ cup soy sauce, ⅓ cup lemon juice, ½ cup olive oil, ¼ cup Worcestershire sauce, 1 tablespoon minced garlic, 2 tablespoons Italian seasoning, 1 teaspoon ground black pepper, ½ teaspoon salt, and 1 pinch red pepper flakes to a small bowl and whisk until combined.",
    "Add 4 pounds of your choice of steaks to a resealable zip lock bag. Pour the marinade over the steaks, seal the bag, and marinate for 2 hours or overnight."
  ],
  "Nutrition": [
    "Calories: 279kcal",
    "Carbohydrates: 8g",
    "Protein: 3g",
    "Fat: 27g",
    "Saturated Fat: 4g",
    "Polyunsaturated Fat: 3g",
    "Monounsaturated Fat: 20g",
    "Sodium: 1596mg",
    "Potassium: 246mg",
    "Fiber: 1g",
    "Sugar: 3g",
    "Vitamin A: 68IU",
    "Vitamin C: 11mg",
    "Calcium: 70mg",
    "Iron: 3mg",
    ""
  ],
  "Comments": [
    "Jeff says:Followed the recipe to THE LETTER (well, I added more garlic; but other than THAT, TO THE LETTER! 😆) and it was 3 things I look for in a recipe:1) Ingredients I’ve got2) easily made and3) VERY tasty w/ compliments from my meal mate; whomever she may be! (👍 BOTH loved it..& ME!)",
    "Gene says:Does this work on my propane grill?",
    "Alyssa Rivers says:Yes, you can cook your marinated steaks on a propane grill!",
    "Cindie says:Best I’ve tried for both recipe and also BBQ tips! This has become my go-to for both reasons.",
    "Alyssa Rivers says:Awww, thank you!!!",
    "Jason says:If your not blending the ingredients together in a blender then you are not getting the full flavor. Wisking does not cut it!",
    "Lisa says:YASSSS!!! This helped my black angus ribeye steaks the most awesomely delicious steaks my family has ever had. Not a bunch of ingredients I had to go out to the store to get. My husband prefers his steaks well done and charred. My sons and I prefer ours medium well. Cooking it well done did not kill the flavor or tenderness at all. Just to make certain, I used the juice of a couple of key limes while it was cooking but I’m not certain that was necessary on any of them. It is cold now and yet still tender. Thank you for sharing this simple recipe.",
    "Alyssa Rivers says:Yay! I am so glad it worked out for everyone’s different taste preferences!",
    "Ray Clifton Jr says:Delicious, I marinated a sirloin roast for 24hrs and grilled it @ 400 for 3 minutes each side.  I wrapped it in aluminum foil and cooked at 200 for 15 minutes.  I sliced it thin.Everyone who ate wants me to cook it again.  Great recipe.  I thought about trying it on ribs!!",
    "Stephanie says:Tried this last night and my husband and I really enjoyed the flavors.  I used fresh lime juice in the marinade because that is all I had on hand at home. The marinade gave the steaks a delicious flavor and will definitely be trying again.",
    "Lisa says:A friend of mine originally shared your recipe years ago and it is my go-to steak marinade now, I have made it dozens and dozens of times!!!!",
    "Josh says:Just put the NY strips into your marinade, exactly as directed!  I can’t wait to devour these off the grill !!!"
  ]
}