{
  "URL": "https://therecipecritic.com/worlds-best-baked-beans/",
  "Summary": "These World's Best Baked Beans will be the last recipe you will ever make. This easy recipe is the perfect side to a potluck and a tried and true family recipe that your family will go crazy over! ",
  "Metadata": [
    "Prep Time:  15minutes",
    "Cook Time:  1hour",
    "Total Time:    1hour15minutes",
    "Servings: 8"
  ],
  "Ingredients": [
    "1 pound bacon",
    "1 green pepper, diced",
    "1 white onion, diced",
    "4 (15 ounce) cans pork and beans",
    "1 cup ketchup",
    "1 cup brown sugar",
    "1 tablespoon Worcestershire sauce"
  ],
  "Instructions": [
    "Preheat oven to 350 degrees Fahrenheit. Fry up 1 pound bacon and crumble in pieces. Remove the bacon with a slotted spoon and discard some of the grease.",
    "Returning to the same skillet, add the diced 1 green pepper, and 1 white onion, to some of the bacon grease and cook until tender.",
    "Stir in the cooked bacon, 4 (15 ounce) cans pork and beans, 1 cup ketchup, 1 cup brown sugar, and 1 tablespoon Worcestershire sauce. Place the beans in a 9×13-inch baking dish.",
    "Cover the baking dish with foil or a lid and bake for 1 hour."
  ],
  "Nutrition": [
    "Serving: 8g",
    "Calories: 385kcal",
    "Carbohydrates: 38g",
    "Protein: 8g",
    "Fat: 23g",
    "Saturated Fat: 8g",
    "Cholesterol: 37mg",
    "Sodium: 677mg",
    "Potassium: 306mg",
    "Fiber: 1g",
    "Sugar: 34g",
    "Vitamin A: 230IU",
    "Vitamin C: 14.5mg",
    "Calcium: 37mg",
    "Iron: 0.7mg",
    ""
  ],
  "Comments": [
    "Joanne says:Can these be made ahead and reheated in a crockpot?",
    "Alyssa Rivers says:These beans are the perfect recipe to make ahead and reheat in the crockpot!! What a great idea, I need to remember this the next time I host a potluck!",
    "Alan says:I’m making! Big question – drain beans or no?",
    "Alyssa Rivers says:Don’t drain the beans! You can just pour them in!",
    "Virginia Moran says:Àll the baked beans is delicious especially with bacon, onion,  green pepper,",
    "David Larson says:I found Bush’s Baked Beans in a 28 oz. with no sugar added and used that instead of regular pork and beans. It was a hit as all liked the recipe!",
    "Clara says:Made this recipe for a group of friends at a cookout and it was the BEST baked bean recipe I have ever made!",
    "Alyssa Rivers says:Yay! I’m so glad you all love them. It’s always my go-to for events like that!",
    "Larry Hardison says:Need a recipe for diabetics without all the sugar (canned beans, ketchup & brown sugar); and is biblically clean (no pork).",
    "Alyssa Rivers says:I’m sorry I don’t have a recipe like that. You could try my bean stew? https://therecipecritic.com/bean-stew/",
    "Nick says:I smoked some pork butts a few weeks ago. They came out amazing. I served these beans as a side dish (only I added an onion with the green pepper and used Bush’s beans instead of pork n beans). These beans almost stole the show. I only wish I had made more. I had at least one person who went back for seconds but all they got was more beans. Very good recipe.",
    "Jann Forrest says:I made this with couple of changes.  I cut about 4 strips of bacon and add 1 T Liquid smoke.  I cooked about 45 minutes.  Turned out great.  No other changes.  If you have good smoked bacon, I don’t think you need a whole pound.  Just my opinion.",
    "Jackie says:Great recipe! Everytime I make it, people tell me it’s the best they ever had. ??",
    "Tina Ihas says:How do these compare with your Baked Beans from Scratch recipe? I am trying to decide which one to make and am always happy to do scratch-made but want the option that is the most delicious.",
    "Alyssa Rivers says:They are both so delicious!! You can’t go wrong either way.",
    "Sue says:Recipe needs to be edited. Remove “ Fry up the bacon and crumble in pieces. Remove the bacon with a slotted spoon and discard some grease. Add the green pepper and onion and fry until tender.” in step 2.I would also use Bush’s Original baked beans myself. Van Camp’s has high fructose corn syrup in it.",
    "dd says:You are right about the Van Camp’s beans. I read labels as well.  Bush’s much better choice here.",
    "Peter says:Instruction No. 1 does not jibe with Instruction No.2.Everyone seems to have missed that.",
    "Joanne Schumacher says:What brand of canned pork & beans is best to use?",
    "Connie J says:My secret ingredient is 1/2 teaspoon of cinnamon!  It is delicious!"
  ]
}