{
  "URL": "https://therecipecritic.com/yakitori-chicken/",
  "Summary": "Yakitori chicken skewers are juicy and perfectly charred, topped with a sweet and smoky glaze. Inspired by Japanese street food, they'll be the best thing you grill this summer!",
  "Metadata": [
    "Prep Time:  5minutes",
    "Cook Time:  10minutes",
    "Total Time:  15minutes",
    "Servings: 4"
  ],
  "Ingredients": [
    "1 recipe for yakitori sauce",
    "2 pounds boneless chicken thighs cut into 1 inch pieces",
    "4-6 metal or bamboo skewers",
    "green onions for garnish"
  ],
  "Instructions": [
    "Prepare yakitori sauce.  Add the chicken in a medium sized bowl.  Add half of the sauce and toss chicken to coat.",
    "Thread each skewer with chicken.",
    "Turn the grill to medium high. Add the skewers onto the grill.  Cook the skewers for 4-6 minutes.  Then flip and baste with sauce.  Continue to cook until the chicken is cooked throughout and no longer pink.",
    "Baste with sauce.  Remove from the grill and serve over white rice and garnish with green onions if desired."
  ],
  "Nutrition": [
    "Calories: 561kcal",
    "Carbohydrates: 12g",
    "Protein: 41g",
    "Fat: 38g",
    "Saturated Fat: 10g",
    "Polyunsaturated Fat: 8g",
    "Monounsaturated Fat: 16g",
    "Trans Fat: 0.2g",
    "Cholesterol: 222mg",
    "Sodium: 2932mg",
    "Potassium: 627mg",
    "Fiber: 0.1g",
    "Sugar: 10g",
    "Vitamin A: 177IU",
    "Calcium: 36mg",
    "Iron: 3mg"
  ],
  "Comments": [
    "Luke says:Super delicious. My 2 year old and 6 year old eat this up. I always wait to baste until closer to the end of the cook. Using a pellet grill.",
    "Chris says:Do not coat the chicken prior to cooking this!  Tried this and it turned into burnt sugar before the chicken was ever done even with basting, ended up having to throw it all out cause it just tasted burnt.",
    "Teresa says:This sounds so good! We don’t have a grill – How can I make these?",
    "Alyssa Rivers says:They are so delicious! Try making these in the oven. Bake on a baking sheet that has been lined with foil and sprayed. Make sure there is plenty of room between skewers so they do not steam. Bake at 350 for 15-20 minutes or until the internal temperature is 165. For a charred finish broil for 1 minute on each side. Let me know how they turn out! 🙂"
  ]
}