{
  "URL": "https://therecipecritic.com/yakitori-sauce/",
  "Summary": "Yakitori sauce is a Japanese condiment traditionally used for grilled chicken skewers. Sweet, savory, and smoky, it's the perfect sauce to have on hand for all of your grilling needs this summer!",
  "Metadata": [
    "Cook Time:  5minutes",
    "Total Time:  5minutes",
    "Servings: 4"
  ],
  "Ingredients": [
    "2/3 cup soy sauce",
    "1/4 cup brown sugar",
    "2 Tablespoons mirin rice wine",
    "2 tablespoons sake can sub cooking wine",
    "3 cloves garlic minced",
    "1/4 cup water",
    "2 Tablespoons cornstarch"
  ],
  "Instructions": [
    "In a medium sauce pan over medium high heat whisk the soy sauce, brown sugar, rice wine, sake, and garlic.",
    "In a small bowl whisk the water and cornstarch.  Add to the sauce pan and whisk.  Continue to cook until it starts to thicken."
  ],
  "Nutrition": [
    "Calories: 114kcal",
    "Carbohydrates: 21g",
    "Protein: 4g",
    "Fat: 0.1g",
    "Saturated Fat: 0.01g",
    "Polyunsaturated Fat: 0.02g",
    "Monounsaturated Fat: 0.01g",
    "Sodium: 2166mg",
    "Potassium: 113mg",
    "Fiber: 0.4g",
    "Sugar: 14g",
    "Vitamin A: 0.2IU",
    "Vitamin C: 1mg",
    "Calcium: 24mg",
    "Iron: 1mg",
    ""
  ],
  "Comments": [
    "Okiegirl says:FABULOUS!  Very easy and fast to make. Family loved it. I cannot have any alcohol whatsoever so substituted rice vinegar for both the mirin and sake (I don’t care for the flavor of sake anyway) and added a bit more brown sugar to compensate. So my version was not authentic but still very good.",
    "Sabrina says:great to know how to make this, thank you, a nice change from my other sauces, had just never known exactly how to make it, so thank you!"
  ]
}