{
  "URL": "https://therecipecritic.com/yellow-cake-mix/",
  "Summary": "Yellow cake mix is a staple recipe that can be used in countless desserts! It's super easy to throw together and only requires a handful of ingredients.",
  "Metadata": [
    "Prep Time:  10minutes",
    "Total Time:  10minutes",
    "Servings:  8slices"
  ],
  "Ingredients": [
    "2 ¼ Cups Cake Flour",
    "1 ½ Cups Granulated Sugar",
    "1 Tablespoon Baking Powder",
    "1/2 Teaspoon Baking Soda",
    "1/2 Teaspoon Salt"
  ],
  "Instructions": [
    "Whisk together the flour, sugar, baking powder, baking soda, and salt. Store in an airtight container or jar until ready to use.",
    "When ready to bake your cake, use the entire mix and combine in a mixer with 1 cup buttermilk, 1/4 cup milk, 1/2 cup vegetable oil, 1 teaspoon vanilla, and 3 large eggs.  Bake in 2 greased 8-inch pans at 350 for 30-35 minutes."
  ],
  "Nutrition": [
    "Calories: 273kcal",
    "Carbohydrates: 64g",
    "Protein: 4g",
    "Fat: 1g",
    "Saturated Fat: 1g",
    "Polyunsaturated Fat: 1g",
    "Monounsaturated Fat: 1g",
    "Sodium: 216mg",
    "Potassium: 187mg",
    "Fiber: 1g",
    "Sugar: 38g",
    "Vitamin A: 1IU",
    "Calcium: 71mg",
    "Iron: 1mg"
  ],
  "Comments": [
    "Linda says:It would be awesome if you’d add instructions about how much of the mix to use when making either mug cakes for one, or a few cupcakes.   I’d love to be able to make this up, add instructions for using, and give it to my elderly aunties–all three of them love a bit of cake from time to time, but don’t/won’t make themselves an entire cake, because they can’t eat it all before it starts to mould.   Since they each live further than an easy distance to drive, it would be great to be able to send something sweet to them."
  ]
}