{
  "URL": "https://therecipecritic.com/yellow-rice/",
  "Summary": "Ready in 20 minutes, this yellow rice is quick and easy and packed with savory flavor! It's the perfect side dish for busy weeknight dinners.",
  "Metadata": [
    "Prep Time:  5minutes",
    "Cook Time:  15minutes",
    "Total Time:  20minutes",
    "Servings: 10"
  ],
  "Ingredients": [
    "¼ cup butter or olive oil",
    "2 cups basmati rice",
    "3 cups water",
    "2 teaspoons chicken bouillon, paste or powder",
    "2 teaspoons garlic powder",
    "2 teaspoons onion powder",
    "2 teaspoons kosher salt, adjust to taste",
    "1 1/2 teaspoons ground turmeric",
    "Cilantro for garnish"
  ],
  "Instructions": [
    "Heat the butter or oil in a large pot over medium heat.",
    "Pour the rice into the pan then stir to coat the rice well with the melted butter. Cook and stir for about 2 minutes.",
    "Add the water, chicken bouillon, garlic powder, onion powder, salt, and turmeric. Stir until combined and bring to a boil.",
    "Reduce the heat to a simmer and cover the pot with a lid.",
    "Allow the rice to simmer for about 12-15 minutes until the rice is fully cooked and plump.",
    "Fluff with a fork, transfer the rice to a bowl and serve."
  ],
  "Nutrition": [
    "Calories: 188kcal",
    "Carbohydrates: 31g",
    "Protein: 3g",
    "Fat: 6g",
    "Saturated Fat: 1g",
    "Polyunsaturated Fat: 1g",
    "Monounsaturated Fat: 4g",
    "Cholesterol: 0.1mg",
    "Sodium: 567mg",
    "Potassium: 63mg",
    "Fiber: 1g",
    "Sugar: 0.2g",
    "Vitamin A: 0.01IU",
    "Vitamin C: 0.2mg",
    "Calcium: 16mg",
    "Iron: 1mg"
  ],
  "Comments": [
    "Julie Duff says:Can long grain or jasmine rice be used in place of the basmati rice?",
    "Alyssa Rivers says:Yes! That will work ok.",
    "Donna Presz says:The yellow rice recipe indicates that cooked rice is to be used in the story. The recipe card does not state that the rice to be added is cooked. Please tell me what the correct instructions are.  I would love to try the recipe.",
    "Alyssa Rivers says:Hi! You start out with uncooked rice and it will cook with the other ingredients. The detailed instructions are on the recipe card at the bottom of the post. Let me know if you have any more questions!",
    "Ree says:Can you make the yellow rice dish in a rice cooker?",
    "Alyssa Rivers says:Yes! That will work great!"
  ]
}