{
  "URL": "https://therecipecritic.com/yellow-cake-recipe/",
  "Summary": "Yellow cake is a classic dish that we all know and love! Perfectly moist with a light and fluffy texture, it's a cake that we make ALL the time because everyone loves it! ",
  "Metadata": [
    "Prep Time:  20minutes",
    "Cook Time:  40minutes",
    "Total Time:  1hour",
    "Servings:  8slices"
  ],
  "Ingredients": [
    "2 ¼ Cups Cake Flour",
    "1 ½ Cups Granulated Sugar",
    "1  Tablespoon Baking Powder",
    "1/2 Teaspoon Baking Soda",
    "1/2  Teaspoon Salt",
    "1  Cup Buttermilk",
    "1/4  Cup Milk",
    "1  Teaspoon Vanilla",
    "1/2  Cup Vegetable Oil",
    "3  Large  Eggs"
  ],
  "Instructions": [
    "Whisk together the flour, sugar, baking powder, baking soda, and salt. Store in an airtight container or jar until ready to use.",
    "When ready to bake, preheat the oven to 350°. Grease 2 8 inch round cake pans and set them aside.",
    "Add all dry ingredients to a large bowl. Add the buttermilk, milk, oil, vanilla, and eggs and beat with the paddle attachment of a stand mixer or a hand mixer until fully combined. Separate the batter evenly into the two cake pans and bake for 30-35 minutes, or until the center of the cake springs back when pressed on. Let cool completely.",
    "Frost with your desired frosting. I used my delicious chocolate cream cheese frosting and it is to DIE for when paired with this yellow cake!"
  ],
  "Nutrition": [
    "Calories: 325kcal",
    "Carbohydrates: 66g",
    "Protein: 8g",
    "Fat: 4g",
    "Saturated Fat: 1g",
    "Polyunsaturated Fat: 1g",
    "Monounsaturated Fat: 1g",
    "Trans Fat: 1g",
    "Cholesterol: 74mg",
    "Sodium: 278mg",
    "Potassium: 265mg",
    "Fiber: 1g",
    "Sugar: 40g",
    "Vitamin A: 164IU",
    "Calcium: 124mg",
    "Iron: 1mg"
  ],
  "Comments": [
    "Lucy k. says:Delicious and moist!!!",
    "Wendy says:This is the best yellow cake recipe I have tried yet. Moist, fluffy, and not overly eggy. Thank you for sharing the recipe!",
    "Alyssa Rivers says:So glad you liked it Wendy! Thank you for commenting!",
    "Sherri LaRose says:The recipe was easy to follow resulting in a light and fluffy cake texture. Unfortunately the flavor was similar to cornbread which means this recipe is too much effort for a mediocre cornbread. I was really hoping for this recipe to have better results. I will not make this again.",
    "Lisa says:Can I make this recipe with a Bundt pan?",
    "Alyssa RIvers says:Yes! I would cook it at 350 degrees for 40 minutes until the cake comes clean with a toothpick. I would spay the pan beforehand with a baking spray that has flour in it so that it releases easily.",
    "Mary N says:I have 9″  cake pans but  want the cake to have good height to it.  How can I adjust for 2 nine inch layers?Thanks",
    "Alyssa Rivers says:You could try it with the 9″ rounds but the layers will be thinner. I haven’t tried it with 9″ rounds yet but I will let you know if I do and what I figure out!",
    "Rosa says:Best Yellow cake recipe. I was very happy with results. Moist, not too sweet and simple to make.",
    "Laura says:Good recipe, the cake came out very light and fluffy. Cake is not overly sweet, and has a bit of an eggy flavor",
    "Donnamarie says:The cake turned out delicious and beautifulI didn’t know how to post a pic of it….",
    "AmbalaCakes says:Very informative",
    "Brenda Bilstad says:Can I make this yellow cake with almond flower?  How can I make it gluten free?  Thanks!"
  ]
}