{
  "URL": "https://therecipecritic.com/yogurt-granola-parfait/",
  "Summary": "Yogurt Parfait recipe is a simple breakfast or snack that starts with a thick and creamy yogurt layered with homemade granola and fresh berries then topped with more fresh berries and a honey drizzle. A delicious breakfast ready in only a few minutes!",
  "Metadata": [
    "Prep Time:  5minutes",
    "Total Time:  5minutes",
    "Servings:  8Servings"
  ],
  "Ingredients": [
    "24 ounces vanilla yogurt",
    "Recipe for Homemade Granola",
    "2 cups fresh mixed berries",
    "honey for drizzle optional"
  ],
  "Instructions": [
    "Layer each cup with vanilla yogurt, homemade granola, and fresh mixed berries. Repeat the layers until the cup is full. Top with berries and drizzle with honey."
  ],
  "Nutrition": [
    "Calories: 234kcal",
    "Carbohydrates: 37g",
    "Protein: 8g",
    "Fat: 7g",
    "Saturated Fat: 1g",
    "Polyunsaturated Fat: 1g",
    "Monounsaturated Fat: 2g",
    "Cholesterol: 4mg",
    "Sodium: 67mg",
    "Potassium: 326mg",
    "Fiber: 3g",
    "Sugar: 21g",
    "Vitamin A: 54IU",
    "Vitamin C: 2mg",
    "Calcium: 175mg",
    "Iron: 1mg"
  ],
  "Comments": [
    "Benny says:Thanks alot for sharing your parfait ideas,I can’t wait try them out.",
    "Carol says:yum yum Looks irresistibly delicious! Adding this to my favourite breakfast!",
    "Andrea Michener says:Sounds delicious!  I will need to try this! 😉"
  ]
}