{
  "URL": "https://therecipecritic.com/yorkshire-pudding/",
  "Summary": "Light and fluffy with an egg-like taste, Yorkshire Pudding is a delicious side dish perfect for serving with your Sunday roast. This easy recipe will show you how to prepare the dish traditionally with beef drippings or using standard fats like butter and oil.",
  "Metadata": [
    "Prep Time:  20minutes",
    "Cook Time:  30minutes",
    "Total Time:  50minutes",
    "Servings:  12Servings"
  ],
  "Ingredients": [
    "1 cup all-purpose flour",
    "1 cup whole milk",
    "3 large eggs",
    "1 ½ teaspoons salt",
    "¼ cup butter or beef drippings, bacon fat, or a combination of butter and oil"
  ],
  "Instructions": [
    "Preheat the oven to 450 degrees Fahrenheit. Place 1 cup all-purpose flour, 1 cup whole milk, 3 large eggs, and 1 ½ teaspoons salt into a large bowl and whisk until fully combined. Set aside and let sit for 20 minutes.",
    "Remove all the oven racks except the one at the very bottom. Pour ¼ cup butter or drippings into a 10-inch sized skillet or divide between a 12-cup muffin pan.",
    "Place the skillet into the oven or if using a muffin tin place on a large baking sheet and place into the oven. Bake for 5 minutes until the oil and pan is heated.",
    "Remove the skillet or muffin pan from the oven carefully and whisk the batter again. Pour all of the batter into the skillet or divide between the muffin cups. Bake for 25 minutes or until the batter begins to puff up and turn a golden brown. Serve hot, immediately."
  ],
  "Nutrition": [
    "Serving: 1pudding",
    "Calories: 102kcal",
    "Carbohydrates: 9g",
    "Protein: 3g",
    "Fat: 6g",
    "Saturated Fat: 3g",
    "Polyunsaturated Fat: 0.4g",
    "Monounsaturated Fat: 2g",
    "Trans Fat: 0.2g",
    "Cholesterol: 59mg",
    "Sodium: 347mg",
    "Potassium: 60mg",
    "Fiber: 0.3g",
    "Sugar: 1g",
    "Vitamin A: 219IU",
    "Calcium: 35mg",
    "Iron: 1mg",
    ""
  ],
  "Comments": [
    "Elizabeth Downer says:I’ve made loads of Yorkshire puds and I’d recommend sifting the dry ingredients first (it looks more consistent).  Drop in the wet ingredients and let the batter rest (about 30 mins in fridge) prior to putting in the heated tins (I use veg oil but I’m going to try avocado oil based on the last review).",
    "Graham says:I have made Yorkshire puddings maybe a hundred times if you include my Keto versions too. For non keto this recipe works but I can simplify Scale it up or down: equal parts eggs milk and flour. Scale salt based on how many eggs from this recipeCool the whisked mixture to very cold before ‘careful’ adding to very hot oil.Heat the pan over stove to create the heat difference that makes these kick off right away without fail. Dont use butter unless ita clarified else it will taste burnt. Recommend avocado oil or similar for heat tolerance Other than that Yorkshire puddings are easy!"
  ]
}