{
  "URL": "https://therecipecritic.com/yum-yum-sauce/",
  "Summary": "Say hello to your new favorite sauce! This creamy, mayo-based Yum Yum Sauce is sweet, tangy, and goes great with anything!",
  "Metadata": [
    "Prep Time:  5minutes",
    "Chill Time:  30minutes",
    "Total Time:  35minutes",
    "Servings:  1.5Cups"
  ],
  "Ingredients": [
    "1 cup mayonnaise preferably Kewpie brand",
    "1 tablespoon tomato paste",
    "1  tablespoon rice vinegar",
    "1 teaspoon paprika",
    "1 teaspoon garlic powder",
    "1 tablespoon granulated sugar",
    "1 tablespoon melted salted butter",
    "salt and pepper to taste",
    "2-3 tablespoons water"
  ],
  "Instructions": [
    "In a small bowl, add 1 cup mayonnaise, 1 tablespoon tomato paste, 1  tablespoon rice vinegar , 1 teaspoon paprika, 1 teaspoon garlic powder, 1 tablespoon granulated sugar, 1 tablespoon melted salted butter, and salt and pepper to taste.",
    "Whisk to combine, then add 2-3 tablespoons water as needed to reach the desired consistency.",
    "Cover and store in the refrigerator for at least 30 minutes before serving to let the flavors meld."
  ],
  "Nutrition": [
    "Calories: 54kcal",
    "Carbohydrates: 1g",
    "Protein: 1g",
    "Fat: 6g",
    "Saturated Fat: 1g",
    "Cholesterol: 4mg",
    "Sodium: 56mg",
    "Potassium: 14mg",
    "Fiber: 1g",
    "Sugar: 1g",
    "Vitamin A: 62IU",
    "Vitamin C: 1mg",
    "Calcium: 1mg",
    "Iron: 1mg"
  ],
  "Comments": [
    "Deb says:How long can it be stored",
    "Alyssa Rivers says:Deb, this yum yum sauce is best stored in an airtight container in the fridge for up to 10 days. However, this is so easy to make; you can make small batches and make it fresh every time you need it.",
    "Virginia Meyers says:I like all of them.",
    "JOANN says:I made this sauce backwards, started with the vinegar, dissolved the sugar in it then added the spices, lastly the tomato paste, whisked in the melted butter until smooth, then added the mayonnaise. Added a dash of Kosher salt flakes, it came out great. I am going to use it to mix with imitation crab and make some rice paper wraps, and some are going into my Onigiri  for lunch tomorrow.",
    "Alyssa Rivers says:Hi Steve, thank you for your comment. You can switch things up to add less tomato paste to make it how you like it. I’m sorry that you didn’t like what you made.",
    "Rhoda says:Turned out great! This recipe is a keeper. I used tomato paste in it. Did not add any salt or pepper. Make sure to add the water. ?",
    "Barbara Trembley says:Not sure why there were ANY negative reviews about this sauce.  I made it as written although I started with only 1T of tomato paste because some said there was too much.  I ended up adding the second tablespoon after tasting it. The sweetness is perfect.  I didn’t add any water, but I put it in my fridge to set overnight for a cocktail party tomorrow so I may add some after it has been sitting.  I think this is delicious and I am using it as a dipping sauce for chilled shrimp tomorrow.  I will keep this in my repertoire.  Don’t knock it if you don’t make it exactly as it was written.",
    "Lauren says:We wish it could get more stars. I even substituted the sugar for Splenda granulated and it was outstanding! This one gets saved for our kitchen!",
    "Tom Smith says:Not nearly sweet enough to be called YUM YUM. Try 3T and dextrose is better bc it blends better than wht sugar.",
    "Chandra says:My son loves it.  For myself- can it be made with anything other than mayo? I can’t eat the ingredients in mayo.    Just asking- thank you",
    "Danielle Backer says:I would try with greek yogurt!",
    "Susan says:We thought it was perfect, used for our home made sushi rolls.  Will make again!",
    "Alyssa Rivers says:Yum yum sauce is the best with sushi! So happy you liked the recipe.",
    "David L says:Thought it was perfect ??",
    "Tobi says:Shocked when I saw the comments were so bad. I kept the proportions but eyeballed everything. You HAVE to let this rest or it tastes really weird. Leave overnight in the fridge, and it’s the closest thing I’ve had to restaurant shrimp sauce.I also used half and half kewpie and Duke’s mayonnaise.",
    "Zachary S. says:This came out amazing. Idk what that other comment is talking about. It’s a faint pink like it’s supposed to be. Also if you use kewpie mayo it bumps it up even more. Thanks for the recipe!"
  ]
}