{
  "URL": "https://therecipecritic.com/zesty-bbq-chicken/",
  "Summary": "This zesty BBQ chicken is an easy crockpot recipe that only takes 5 ingredients to make! The slow-cooked tender pulled chicken is dripping in a tasty BBQ sauce. Perfect for busy weeknights or to feed a crowd!",
  "Metadata": [
    "Prep Time:  20minutes",
    "Slow Cooker Time:  5hours",
    "Total Time:    5hours20minutes",
    "Servings:  6Servings"
  ],
  "Ingredients": [
    "1½ pounds boneless skinless chicken breasts, about 4 breasts",
    "1 cup BBQ sauce",
    "¼ cup Zesty Italian salad dressing",
    "¼ cup brown sugar",
    "1 tablespoon Worcestershire sauce"
  ],
  "Instructions": [
    "Place 1½ pounds boneless skinless chicken breasts, in the bottom of the crock pot.",
    "In a medium bowl, add 1 cup BBQ sauce , ¼ cup Zesty Italian salad dressing, ¼ cup brown sugar, and 1 tablespoon Worcestershire sauce, then whisk to combine.",
    "Pour the BBQ sauce mixture over the chicken.",
    "Cover and cook on low for 4-6 hours or high for 3 hours.",
    "Use 2 forks to shred the chicken and enjoy with hamburger buns!"
  ],
  "Nutrition": [
    "Calories: 272kcal",
    "Carbohydrates: 30g",
    "Protein: 25g",
    "Fat: 5g",
    "Saturated Fat: 1g",
    "Polyunsaturated Fat: 2g",
    "Monounsaturated Fat: 1g",
    "Trans Fat: 0.02g",
    "Cholesterol: 73mg",
    "Sodium: 759mg",
    "Potassium: 573mg",
    "Fiber: 0.4g",
    "Sugar: 26g",
    "Vitamin A: 147IU",
    "Vitamin C: 2mg",
    "Calcium: 33mg",
    "Iron: 1mg",
    ""
  ],
  "Comments": [
    "Alaine says:Hi Alyssa. We don’t have zesty Italian salad dressing inAustralia, how can I substitute please?",
    "Alyssa Rivers says:Hi Alaine, you can make my Italian Dressing recipe in place of the zesty Italian dressing.",
    "Lauren says:do you cook it on high or low??",
    "Alyssa says:Thanks for catching that!  Low for 4-6 hours! 🙂",
    "Aly Miazga says:So glad you enjoyed it! It’s definitely one of my go-to’s when I have company!",
    "Six Sisters says:YUM! Thanks for linking up to “Strut Your Stuff Saturday!”  Hopefully we’ll see you tomorrow at 8pm MDT for this week’s party! 🙂 -The Sisters",
    "Debra Ann Elliott says:Thanks so much for stopping by and following.",
    "Jessica @ Barefoot by the Sea says:Hey Girl!  Thanks for the follow – returning the favor!  This recipe looks delish – and served over toasty garlic bread?? YUM!",
    "Carole says:Hey thank you so much for following Carole’s Chatter.  I am now following you, too!Have a great week"
  ]
}