{
  "URL": "https://therecipecritic.com/zucchini-crust-pizza/",
  "Summary": "Zucchini Crust Pizza is the perfect way to use up that zucchini!  A healthier and delicious low carb option that the entire family will go crazy for.",
  "Metadata": [
    "Prep Time:  10minutes",
    "Cook Time:  13minutes",
    "Total Time:  23minutes",
    "Servings: 6"
  ],
  "Ingredients": [
    "2½ cups grated zucchini, squeezed dry and liquid removed",
    "2 lightly beaten large eggs",
    "¼ cup all-purpose flour",
    "1 ½ teaspoons salt",
    "¼ cup grated parmesan cheese",
    "½ cup shredded mozzarella cheese",
    "¼ cup pizza sauce",
    "1 cup shredded mozzarella cheese",
    "½ cup shredded cheddar cheese",
    "¼ cup pepperoni",
    "¼ cup sliced olives",
    "½ cup sliced mushrooms",
    "1 teaspoon dried oregano",
    "fresh chopped basil for garnish"
  ],
  "Instructions": [
    "Preheat oven to 450 degrees Fahrenheit. In a large mixing bowl, add 2½ cups grated zucchini, squeezed dry and liquid removed , 2 lightly beaten large eggs, ¼ cup all-purpose flour, and 1 ½ teaspoons salt and mix. Add ¼ cup grated parmesan cheese and ½ cup shredded mozzarella cheese and mix until incorporated.",
    "On a 12-inch pizza dish, spread zucchini crust into a 10-inch circle. Bake for 13-16 minutes or until golden brown and set.",
    "Remove the crust from the oven and reduce oven temperature to 400 degrees Fahrenheit. Add ¼ cup pizza sauce, 1 cup shredded mozzarella cheese, ½ cup shredded cheddar cheese, ¼ cup pepperoni, ¼ cup sliced olivesolives, and  ½ cup sliced mushrooms to the zucchini crust and sprinkle with 1 teaspoon dried oregano.",
    "Put back into the oven and  bake for 10-13 minutes more or until cheese is melted and bubbly. Top with freshly fresh chopped basil for garnish if desired."
  ],
  "Nutrition": [
    "Calories: 214kcal",
    "Carbohydrates: 7g",
    "Protein: 14g",
    "Fat: 14g",
    "Saturated Fat: 8g",
    "Cholesterol: 95mg",
    "Sodium: 1041mg",
    "Potassium: 233mg",
    "Fiber: 1g",
    "Sugar: 2g",
    "Vitamin A: 545IU",
    "Vitamin C: 10mg",
    "Calcium: 272mg",
    "Iron: 1.1mg"
  ],
  "Comments": [
    "Mar says:I have made this recipe many times. I like a crispier crust so I bake on parchment paper then flip the crust and bake more until edges are nice and crispy before adding toppings and baking.",
    "Mary Calvanese says:The best!!! Love it so much!We grew our zucchini in our back yard.Just ate the last of this harvest.",
    "Linda says:This recipe is fabulous!! Makes the best crust and you can top it with your favorite toppings. This recipe is a keeper!!",
    "Alysssa Rivers says:Thanks so much for trying it!",
    "JA says:Looks and sounds yummy!Do you shred the zucchini?",
    "Alyssa Rivers says:Yes! It’s so good, I hope that you love it!",
    "Dan says:Get creative, we did Buffalo chicken and it was awesome.  Might try doing a calzone next time, what a carb saver!!",
    "Lauralee says:Saw the recipe, was a bit sceptical of the taste but it turned out great!!  I omitted the salt as the zucchini was salted before to draw out the water.  Will definitely be making this again."
  ]
}