{
  "URL": "https://therecipecritic.com/zucchini-bread/",
  "Summary": "My zucchini bread is moist, flavorful, and so easy to make! It's my family's favorite way to  using up my zucchini's from the garden! ",
  "Metadata": [
    "Prep Time:  20minutes",
    "Cook Time:  1hour",
    "Total Time:    1hour20minutes",
    "Servings:  12slices"
  ],
  "Ingredients": [
    "1 cup all-purpose flour more for dusting the pan",
    "1 teaspoon ground cinnamon",
    "¼ teaspoon salt",
    "¾ teaspoon baking soda",
    "¼ cup canola oil",
    "½ cup granulated sugar",
    "¼ cup packed light brown sugar",
    "2 large eggs",
    "1 teaspoon vanilla extract",
    "¼ cup sour cream",
    "1 ½ cups grated fresh zucchini about 2 medium zucchini"
  ],
  "Instructions": [
    "Preheat the oven to 350 degrees Fahrenheit. Spray a 9 x 4 x 3 loaf pan with nonstick cooking spray, then dust it well with flour and tap out the excess and set it aside.",
    "Whisk together 1 cup all-purpose flour, 1 teaspoon ground cinnamon, ¼ teaspoon salt, and ¾ teaspoon baking soda in a medium bowl.",
    "Add ¼ cup canola oil, ½ cup granulated sugar, ¼ cup packed light brown sugar, and 2 large eggs to a large bowl and beat with a hand mixer or a stand mixer fitted with the paddle attachment until combined. Add 1 teaspoon vanilla extract and ¼ cup sour cream, and mix until fully combined.",
    "Squeeze 1 ½ cups grated fresh zucchini with your hands to remove the excess liquid. You can use paper towels or cheesecloth to keep the zucchini contained. Stir the zucchini into the batter.",
    "Add the flour mixture to the zucchini mixture and mix just until fully combined.",
    "Add the batter to the prepared pan and bake for 50-60 minutes, or until a toothpick comes out clean from the center of the loaf.",
    "Let it cool for about 10 minutes before removing the bread from the pan. Let it cool for at least 30 more minutes before slicing and serving."
  ],
  "Nutrition": [
    "Calories: 154kcal",
    "Carbohydrates: 22g",
    "Protein: 2g",
    "Fat: 7g",
    "Saturated Fat: 1g",
    "Polyunsaturated Fat: 2g",
    "Monounsaturated Fat: 3g",
    "Trans Fat: 0.02g",
    "Cholesterol: 34mg",
    "Sodium: 133mg",
    "Potassium: 77mg",
    "Fiber: 1g",
    "Sugar: 13g",
    "Vitamin A: 106IU",
    "Vitamin C: 3mg",
    "Calcium: 19mg",
    "Iron: 1mg",
    ""
  ],
  "Comments": [
    "S says:This bread taste so delicious and love how easy it is to make. I  reduced sugars,added more cinnamon and instead of using sour cream I used a low sugar vanilla yogurt.",
    "Barbara says:Can these be made into muffins?",
    "Alyssa Rivers says:Yes! Bake at the same temperature. Bake for 15-20 minutes for standard muffins. Check doneness with a toothpick, if it comes out clean or with a few crumbs, they’re ready! What a great idea for summer!",
    "Lori says:I squeezed excess moisture from zucchini and batter was still runny.  I used 2 cups flour per loaf and made two loaves and they turned out well.  Will add more spices next time.",
    "Sam Chianello says:The  only   ingredient missing   is  fresh   ground   nutmeg.",
    "Alisha says:Very moist  and great texture but absolutely no flavor. I’m going to try a bit more salt and cinnamon and maybe some nutmeg next time. Salted butter on top helps a bit but it’s like eating a sponge…",
    "Susann says:Made this recipe today! It was delicious! I used Splenda brown sugar and truvia for white sugar. We are diabetic. It turned out great!!",
    "Ruth says:I don’t know if the amounts for ingredients has been changed since 2020, but if it has the ratio of dry to wet ingredients couldn’t be right.I made the recipe x 4 so I could fill 3,  12 x 4.5 x 3.125 pans. The batter, as the directions are written is way, way too runny. I bake all the time and it wasn’t even as thick as pancake batter.  So,  I  added 3/4 a cup of flour, (x4 of course because I was making a quadruple batch).  This addition of flour made it look the right consistency for a quick bread. It came out just right, maybe a little extra tender, but my husband and I like it that way.Anyway,  just thought I’d let you know.",
    "Katie says:Can I zest zucchini?",
    "Alyssa Rivers says:Sure!",
    "Estee Nir says:Hi, can I use gluten free flouer?? Thanks",
    "Alyssa Rivers says:Hi! I haven’t tried that before with this recipe. Let me know how it turns out!",
    "william barry says:i don’t have canola oil….whats a good substitute",
    "Alyssa Rivers says:You can use vegetable oil instead.",
    "Melinda Mae walker says:What about olive oil or butter?",
    "Alyssa Rivers says:Yes, that will work too. It may change the bread texture a bit but that will work too.",
    "Heather says:Would some chopped pecans work in this recipe ?",
    "Alyssa Rivers says:Yes! Even walnuts would be delicious!",
    "Carol says:Walnuts.",
    "Dennis Yannakos says:I’ve tried several zucchini bread but this one is the best! Thanks for the recipe!",
    "Renata says:Made this today!  Very moist and yummy.  I compared this recipe with the chocolate version.   The chocolate version adds chocolate powder,  chocolate chips,  and the topping.  Other than  that it is completely the same.  We decided to just add the chocolate chips.Baked for 45 mins.  Will most likely make this again!  Thank you!",
    "Michelle says:My kids do not like the grated zucchini. How would I adapt it to use puree instead?",
    "Alyssa Rivers says:Add the zucchini to a blender or a food processor if you would like it a puree texture."
  ]
}