{
  "URL": "https://therecipecritic.com/zucchini-soup/",
  "Summary": "This zucchini soup has an amazing savory flavor, fresh vegetables, and is topped with the perfect drizzle of cream. Healthy and hearty, each spoonful will have you hooked with its silky-smooth goodness!",
  "Metadata": [
    "Prep Time:  10minutes",
    "Cook Time:  30minutes",
    "Total Time:  40minutes",
    "Servings:  4people"
  ],
  "Ingredients": [
    "3 pounds zucchini quartered",
    "1 small onion quartered",
    "4 cups chicken broth vegetable also works",
    "1 teaspoon Italian seasoning",
    "1/2 cup parmesan grated",
    "1 cup heavy cream",
    "salt and pepper to taste"
  ],
  "Instructions": [
    "In a large pot add the zucchini and onion. Add the chicken broth Italian seasoning and bring to a boil. Reduce heat and let simmer for 15-20 minutes or until the onion and zucchini are tender.",
    "Using a blender or immersion blender blend until the soup is smooth and creamy. Add in the parmesan cheese and heavy cream and stir until heated through. Salt and pepper to taste and serve."
  ],
  "Nutrition": [
    "Calories: 332kcal",
    "Carbohydrates: 16g",
    "Protein: 11g",
    "Fat: 27g",
    "Saturated Fat: 16g",
    "Polyunsaturated Fat: 1g",
    "Monounsaturated Fat: 7g",
    "Cholesterol: 90mg",
    "Sodium: 1111mg",
    "Potassium: 1164mg",
    "Fiber: 4g",
    "Sugar: 9g",
    "Vitamin A: 1666IU",
    "Vitamin C: 79mg",
    "Calcium: 267mg",
    "Iron: 2mg"
  ],
  "Comments": [
    "Judi Morton says:It was delicious!  I was happy to be able to use some of the zucchini bumper crop.  My husband really liked it too.",
    "JC Belmont says:Hi, I made this with a huge onion. Also added some miso paste for extra umami flavor and some leftover romanesco and king oyster mushrooms. No cream. I added a dollop of labneh and some croutons on too. Delicious!!!",
    "Susan says:Great way to use abundance of garden zucchini. I also added a couple of small yellow squash to the mix along with some small peppers and jalapeno from the garden. I froze and will use as first course prior to pork tenderloin entrée. Thanks for recipe!",
    "Judith says:Alyssa..I made your cream of zucchini today and also used your Italian seasoning..it was absolutely awesome and so easy to prepare..I love zucchini and I had everything I needed to make it..thank you so much for sharing your recipe..love your blog!"
  ]
}