{
  "URL": "https://therecipecritic.com/zucchini-pizza-bites/",
  "Summary": "These melty, cheesy zucchini pizza bites have all the goodness of pizza without the carbs! In just 15 minutes, you have a tasty appetizer that you can feel great about eating!",
  "Metadata": [
    "Prep Time:  5minutes",
    "Cook Time:  12minutes",
    "Total Time:  17minutes",
    "Servings:  6pizzas"
  ],
  "Ingredients": [
    "1 large zucchini",
    "salt and pepper",
    "1/2 cup marinara",
    "2 cups mozzarella cheese",
    "1 cup mini pepperoni",
    "1 cup sliced olives",
    "1 Tablespoon Italian seasoning",
    "chopped basil for garnish"
  ],
  "Instructions": [
    "Preheat oven to 400 degrees. Slice zucchini into 1/4 inch slices. Put them on a single layer on a baking sheet and salt and pepper.",
    "Add marinara sauce then top with cheese and pepperoni and olives. Sprinkle the tops with Italian seasoning.",
    "Bake for 10-12 minutes or until the cheese is melted and zucchini is soft.   Garnish with chopped basil."
  ],
  "Nutrition": [
    "Calories: 254kcal",
    "Carbohydrates: 5g",
    "Protein: 14g",
    "Fat: 20g",
    "Saturated Fat: 8g",
    "Polyunsaturated Fat: 1g",
    "Monounsaturated Fat: 8g",
    "Trans Fat: 1g",
    "Cholesterol: 49mg",
    "Sodium: 1027mg",
    "Potassium: 309mg",
    "Fiber: 2g",
    "Sugar: 3g",
    "Vitamin A: 551IU",
    "Vitamin C: 11mg",
    "Calcium: 229mg",
    "Iron: 1mg",
    ""
  ],
  "Comments": [
    "Randy says:if i wan to use sauage should i cook it first",
    "Alyssa Rivers says:Hi Randy, thank you for the question. Yes, sausage will need to be fully cooked before using it in this recipe. Let me know how it turns out!",
    "Carmen says:I will try them Tks",
    "ashok says:Thanks For Sharing this amazing recipe. My family loved it. I will be sharing this recipe with my friends. Hope the will like it."
  ]
}