{
  "URL": "https://therecipecritic.com/zucchini-bars-brown-butter-frosting/",
  "Summary": "Zucchini Bars with Brown Butter Frosting is deliciously moist and absolutely heavenly. This is one of the best ways to use up those extra summer zucchini. ",
  "Metadata": [
    "Prep Time:  20minutes",
    "Cook Time:  30minutes",
    "Total Time:  50minutes",
    "Servings:  24Bars"
  ],
  "Ingredients": [
    "1 ½ cups granulated sugar",
    "1 cup vegetable oil",
    "3 large eggs",
    "2 cups all-purpose flour",
    "1 teaspoon baking powder",
    "1/2 teaspoon salt",
    "1 ½ teaspoons ground cinnamon",
    "2 cups shredded zucchini about 3 medium",
    "1 ½ cups pecans chopped",
    "6 tablespoons butter",
    "6 cups powdered sugar",
    "1 teaspoon vanilla",
    "8 to 10 tablespoons milk"
  ],
  "Instructions": [
    "Preheat oven to 350 degrees and grease a 15x10x1 inch pan. In a medium mixing bowl, add 2 cups all-purpose flour, 1 teaspoon baking powder, 1/2 teaspoon salt, and 1 ½ teaspoons ground cinnamon. Set aside.",
    "In a mixer, add 1 ½ cups granulated sugar, 1 cup vegetable oil, and 3 large eggs and mix until smooth. Add the dry ingredients to the wet ingredients until incorporated.",
    "Stir in 2 cups shredded zucchini and chopped 1 ½ cups pecans. Spread evenly in the prepared pan. Bake for 30-40 minutes or until a toothpick inserted in the center comes clean. Let bars cool completely.",
    "Heat a medium-sized saucepan to medium heat. Add 6 tablespoons butter and whisk until it turns brown. Add in 6 cups powdered sugar, 1 teaspoon vanilla, and 8 to 10 tablespoons milk. Stir until smooth. Spread over cooled bars."
  ],
  "Nutrition": [
    "Calories: 292kcal",
    "Carbohydrates: 52g",
    "Protein: 3g",
    "Fat: 9g",
    "Saturated Fat: 3g",
    "Cholesterol: 28mg",
    "Sodium: 85mg",
    "Potassium: 95mg",
    "Fiber: 1g",
    "Sugar: 43g",
    "Vitamin A: 149IU",
    "Vitamin C: 2mg",
    "Calcium: 26mg",
    "Iron: 1mg"
  ],
  "Comments": [
    "Patty says:This is my 2nd time making this. I thought the 10×15 pan made the cake too thin, thus not giving the frosting enough cake, making the frosting seem too sweet. I used a 10×13 baking pan this time, and substituted coconut oil for an amazing flavor with the brown butter.",
    "Karlene G. says:I made these zucchini bars this afternoon, and they turned out to be delicious! I used only 1/2 recipe of the frosting, which was plenty to cover the bars. My husband said they were very tasty, but he thought the frosting was too sweet. I may try to use a light glaze next time. I would definitely make them again. They would be great for a pot luck or for a crowd.  The recipe made so many bars, I shared some with neighbors–they loved them, too!",
    "Teresa says:I made these, they are yummy. I even froze half of them since there is just me. They ‘re still good after thawing. Going to make some more in the near future, having guest coming in. This was the first time I made brown butter frosting. It is so easy to make. This a keeper for sure."
  ]
}