{
  "URL": "https://therecipecritic.com/zupas-wisconsin-cauliflower-soup/",
  "Summary": "This delicious Zupas Wisconsin Cauliflower soup is warm, creamy, cheesy and oh so luscious! Save yourself the hassle of going out and make this hearty soup at home. ",
  "Metadata": [
    "Prep Time:  10minutes",
    "Cook Time:  20minutes",
    "Total Time:  30minutes",
    "Servings:  6Servings"
  ],
  "Ingredients": [
    "3 Tablespoon butter",
    "1 medium onion chopped",
    "1/4 Cup flour",
    "2 Cup half and half",
    "1 1/2 cup water",
    "1 14 1/2 ounce can chicken broth",
    "2 pounds cauliflower chopped into 1 inch pieces",
    "1 1/2 Cup sharp cheddar cheese shredded",
    "1/2 Cup pepper jack cheese shredded",
    "1/2 teaspoon salt",
    "1 teaspoon dijon mustard",
    "Green Onions",
    "Bacon Bits",
    "Additional Cheese"
  ],
  "Instructions": [
    "In a large pot, melt 3 Tablespoons butter and cook the chopped onion until translucent and golden brown. Whisk in the flour. Gradually stir in half and half, water and chicken broth.",
    "Add the chopped cauliflower and heat to boiling. Reduce heat to medium low and allow the cauliflower to cook until tender about 15 minutes.",
    "In a blender or immersion blender with the center of the top removed to allow steam to escape, blend the soup in batches until smooth. Return to the pot.",
    "Heat soup to medium heat and add in dijon mustard and cheese and stir until melted. Serve with optional toppings."
  ],
  "Nutrition": [
    "Calories: 372kcal",
    "Carbohydrates: 17g",
    "Protein: 16g",
    "Fat: 28g",
    "Saturated Fat: 17g",
    "Cholesterol: 83mg",
    "Sodium: 830mg",
    "Potassium: 678mg",
    "Fiber: 3g",
    "Sugar: 4g",
    "Vitamin A: 816IU",
    "Vitamin C: 80mg",
    "Calcium: 404mg",
    "Iron: 1mg"
  ],
  "Comments": [
    "Marie-Line says:Hello,Could you please send me your top ten best soups. There was a pop up offering these recipes and then it disappeared before I had time to click on the link.Thank you,Marie-Line",
    "Alyssa Rivers says:Hi Mary-Line! I am happy to send you that info. Check your inbox and let me know if you recieved it!",
    "Nigel Bown says:Made this tonight, I used chicken gravey granules (UK here) to make the stock, it was really nice creamy and not thin,Wife says I will be making it again for her",
    "Shawna says:Can u tell me about how many cups of soup this makes?Thanks",
    "Alyssa Rivers says:Hi Shawna, thank you for your question. This makes about 6 cups, give or take.",
    "Sarah says:I used to work at Zupas so it was especially disappointing when this recipe turned out tasting like cauliflower water.  If you do decide to attempt, make some of the adjustments here in the comments to try to salvage it",
    "Shawna says:Did u forget to add the flour because mine was nice and creamy",
    "Lisa says:Wanted to love this recipe. It fell short. This same copy cat recipe is everywhere and it doesn’t come anywhere near the one to be copied. As made, it lacks in flavor. Not enough cheese or depth of flavor. I added more broth, more cheese, some cream cheese. And garlic. Even added a bit of lemon to brighten it.",
    "Elizabeth M says:This was very good. I will make it again. It is very creamy.",
    "Anita Jeppsen says:I made this tonight. We doubled the salt and added more cheese. Thank you so much for a recipe I will definitely use again!"
  ]
}