{
  "URL": "https://therecipecritic.com/10-minute-pesto-pasta/",
  "Summary": "10 minute pesto pasta is made with fresh basil, parmesan, pine nuts, and olive oil.  It brings incredible flavor to your pasta dish and is ready in no time at all! ",
  "Metadata": [
    "Prep Time:  2minutes",
    "Cook Time:  8minutes",
    "Total Time:  10minutes",
    "Servings: 5"
  ],
  "Ingredients": [
    "4 Cups Basil leaves packed",
    "3 cloves garlic",
    "3/4 cup Toasted Pine nuts",
    "1 Cup parmesan cheese grated",
    "1 Cup Extra-virgin olive oil",
    "Salt & pepper to taste",
    "16 ounce pasta cooked and drained"
  ],
  "Instructions": [
    "In a food processor combine basil, garlic, toasted pine nuts, parmesan cheese, olive oil and salt and pepper.  Pulse until desired chunkiness.  Adjust to desired seasonings.",
    "Heat pesto in a medium skillet and toss with hot pasta."
  ],
  "Nutrition": [
    "Calories: 804kcal",
    "Carbohydrates: 69g",
    "Protein: 20g",
    "Fat: 50g",
    "Saturated Fat: 10g",
    "Polyunsaturated Fat: 5g",
    "Monounsaturated Fat: 33g",
    "Cholesterol: 14mg",
    "Sodium: 328mg",
    "Potassium: 285mg",
    "Fiber: 3g",
    "Sugar: 3g",
    "Vitamin A: 1169IU",
    "Vitamin C: 4mg",
    "Calcium: 294mg",
    "Iron: 2mg"
  ],
  "Comments": []
}