{
  "URL": "https://therecipecritic.com/2-ingredient-pumpkin-cake/",
  "Summary": "A quick and cozy fall dessert made with just spice cake mix and pumpkin puree. Soft, flavorful, and ready in minutes!",
  "Metadata": [
    "Prep Time:  5minutes",
    "Cook Time:  25minutes",
    "Total Time:  35minutes",
    "Servings:  12servings"
  ],
  "Ingredients": [
    "1 (15.25-ounce) spice cake mix",
    "1 (15-ounce) can pumpkin puree"
  ],
  "Instructions": [
    "Preheat the oven to 350 degrees Fahrenheit. Spray a 9 x 13 x 2-inch baking pan with nonstick cooking spray and set aside.",
    "Add 1 (15.25-ounce) spice cake mix and 1 (15-ounce) can pumpkin puree to a large bowl and mix together until smooth and combined. The batter will be quite thick.",
    "Spread the batter evenly into the prepared pan. Bake for 22-25 minutes, until a toothpick comes out clean when inserted into the center of the cake.",
    "Let the cake cool completely before topping with your desired topping and serving."
  ],
  "Nutrition": [
    "Calories: 169kcal",
    "Carbohydrates: 30g",
    "Protein: 2g",
    "Fat: 5g",
    "Saturated Fat: 1g",
    "Polyunsaturated Fat: 1g",
    "Monounsaturated Fat: 3g",
    "Sodium: 238mg",
    "Potassium: 196mg",
    "Fiber: 2g",
    "Sugar: 18g",
    "Vitamin A: 5516IU",
    "Vitamin C: 2mg",
    "Calcium: 43mg",
    "Iron: 2mg",
    ""
  ],
  "Comments": [
    "Joy says:For the 2 ingredient pumpkin cake recipe can it be done as cupcakes?",
    "Alyssa Rivers says:Yes it can, just follow the cupcake instructions on your box of cake mix!",
    "Julie Drury says:Hi Alyssa. I love your recipe. I was wondering if I could add molasses or honey and how much?",
    "Alyssa Rivers says:Yes you could add either. I would use 2 Tablespoons of molasses OR 3 Tablespoons honey.",
    "Arthi says:Looks delicious! What did you top it with??? Vanilla frosting?? Pre-made??",
    "Alyssa Rivers says:I made my Cream Cheese Frosting!"
  ]
}