{
  "URL": "https://therecipecritic.com/20-minute-black-bean-soup/",
  "Summary": "A super easy 20-minute black bean soup! This soup is hearty and filling and a great option for those wanting a vegetarian option! It's made with black beans, a variety of veggies, and delicious seasonings for a savory soup with a hint of warm spice!",
  "Metadata": [
    "Prep Time:  5minutes",
    "Cook Time:  15minutes",
    "Total Time:  20minutes",
    "Servings: 6"
  ],
  "Ingredients": [
    "1 tablespoon olive oil",
    "1 medium onion diced",
    "4 cloves garlic minced",
    "1 14.5 ounce can garlic fire roasted diced tomatoes",
    "4 15 ounce cans black beans, (2 undrained and 2 drained and rinsed)",
    "2 14.5 ounce cans low-sodium vegetable broth",
    "1 4 ounce can diced green chilies",
    "1 cup frozen corn thawed",
    "1 1/2 teaspoons cumin",
    "1/2-1 teaspoon chili powder",
    "1 tablespoon fresh squeezed lime juice",
    "fresh chopped cilantro for serving if desired"
  ],
  "Instructions": [
    "Add two cans of undrained black beans to a food processor and pulse until thickened. Set aside.",
    "Heat oil in a large dutch oven or pot.",
    "Stir in onion and sauté for 3-4 minutes.",
    "Add in garlic and cook for an additional minute.",
    "Stir in the tomatoes, all of the black beans, broth, green chilies, corn, cumin and chili powder.",
    "Bring to a simmer and cook for 10-15 minutes.",
    "If the soup is too thick add more broth. If you would like it thicker puree some of the soup in a blender or food processor.",
    "Take off of the heat and stir in fresh squeeze lime juice.",
    "Season with salt and pepper to taste.",
    "Serve immediately with fresh chopped cilantro for serving."
  ],
  "Nutrition": [
    "Calories: 64kcal",
    "Carbohydrates: 10g",
    "Protein: 1g",
    "Fat: 3g",
    "Saturated Fat: 1g",
    "Sodium: 32mg",
    "Potassium: 125mg",
    "Fiber: 2g",
    "Sugar: 1g",
    "Vitamin A: 49IU",
    "Vitamin C: 6mg",
    "Calcium: 12mg",
    "Iron: 1mg",
    ""
  ],
  "Comments": [
    "Connie says:Great recipe that can be tweaked to anyone’s tastes. I made as is. Not that the nutritional content matters all that much to me but to anyone counting calories or carbs, don’t use the information posted. It’s way off. There are approximately 75 grams of carbs in one can of beans. Each brand is a little different. That times 4 cans is 300 carbs just for the beans. Divided by 6 servings is 50 per serving, not 10. With the other ingredients it’s even higher.  More importantly would be the calories which is off also. That may be more important for someone trying to eat wiser.",
    "Susan Jennerjohn says:Would adding zucchini work?",
    "Alyssa Rivers says:Zucchini would be great!",
    "Cathy says:Can you make it without using a food processor?  Thank you!",
    "Alyssa Rivers says:Yes! You can mash the beans with a potato masher if you have one, or use the back of a large spoon. Or",
    "Denise White says:So easy and delicious.I served withMexican stuffed cornbread",
    "Pam says:I’ve been making this soup for a couple of years now & it’s always perfect! Easy, delicious, healthy & filling- a winner for the whole family! Thank you!",
    "Alyssa Rivers says:I’m so happy you like it! It’s one of my family’s favorites as well.",
    "Shona says:The best darn bean soup ever!!! Thank you so much!!!"
  ]
}