{
  "URL": "https://therecipecritic.com/20-minute-italian-bread-twists/",
  "Summary": "These Italian bread twists are buttery, well seasoned, and baked to golden perfection. You will want to make these to go with every meal, and trust me… Your family will too! ",
  "Metadata": [
    "Prep Time:  10minutes",
    "Cook Time:  10minutes",
    "Total Time:  20minutes",
    "Servings:  8Servings"
  ],
  "Ingredients": [
    "1 can refrigerated bread sticks",
    "3 tablespoons butter melted",
    "1 tablespoon Italian seasoning"
  ],
  "Instructions": [
    "Preheat the oven to 400 degrees Fahrenheit. Spray a baking sheet with cooking spray.",
    "Open the can of breadsticks. Separate the bread sticks and twist each one. Lay them out in a single layer and brush them with the melted butter. Sprinkle with the Italian seasoning.",
    "Bake 10-12 minutes until breadsticks are golden brown. Allow them to cool slightly before serving."
  ],
  "Nutrition": [
    "Calories: 40kcal",
    "Carbohydrates: 1g",
    "Protein: 0.1g",
    "Fat: 4g",
    "Saturated Fat: 3g",
    "Polyunsaturated Fat: 0.2g",
    "Monounsaturated Fat: 1g",
    "Trans Fat: 0.2g",
    "Cholesterol: 11mg",
    "Sodium: 35mg",
    "Potassium: 9mg",
    "Fiber: 0.3g",
    "Sugar: 0.03g",
    "Vitamin A: 142IU",
    "Vitamin C: 0.01mg",
    "Calcium: 11mg",
    "Iron: 0.2mg",
    ""
  ],
  "Comments": []
}