{
  "URL": "https://therecipecritic.com/3-ingredient-peanut-butter-cookies/",
  "Summary": "These homemade cookies are soft, fluffy and full of creamy peanut butter, and it only takes 3 ingredients to make them! Peanut butter gets mixed together with sugar and a large egg- it’s that simple to whip up a batch!",
  "Metadata": [
    "Prep Time:  10minutes",
    "Cook Time:  10minutes",
    "Total Time:  20minutes",
    "Servings:  24Cookies"
  ],
  "Ingredients": [
    "1 cup sugar",
    "1 cup peanut butter",
    "1 egg"
  ],
  "Instructions": [
    "Preheat oven to 350 degrees.  In a medium-sized mixing bowl, combine 1 cup sugar, 1 cup peanut butter, and 1 egg until smooth.",
    "Scoop out a tablespoon of dough and roll it into a ball.  Using a fork, make a crisscross pattern and lightly press on top of the cookie dough.",
    "Bake for 10-12 minutes or until lightly golden.  Enjoy!"
  ],
  "Nutrition": [
    "Calories: 98kcal",
    "Carbohydrates: 10g",
    "Protein: 3g",
    "Fat: 6g",
    "Saturated Fat: 1g",
    "Cholesterol: 7mg",
    "Sodium: 52mg",
    "Potassium: 72mg",
    "Fiber: 1g",
    "Sugar: 9g",
    "Vitamin A: 10IU",
    "Calcium: 6mg",
    "Iron: 1mg",
    ""
  ],
  "Comments": [
    "Pam L Cates says:I’m going to try your Peanut Butter Cookies.",
    "Alyssa Rivers says:I know you’ll love them as much as I do!!",
    "Sharon says:I have a question as I don’t use sugar in baking goods anymore.  I mainly use Swerve sweetener.  Can I use Swerve in place of sugar for this recipe?  Thank you",
    "Alyssa Rivers says:I have not tried any lighter sugars with this cookie. Let me know how it turns out!",
    "John T Royer says:What about using Crunchy Peanut Butter?",
    "Alyssa Rivers says:That sounds delicious too! Let me know how you like them with the crunchy peanut butter.",
    "Kevin says:Can they be made using truvia in place of sugar?",
    "Alyssa Rivers says:I have not tried that before, let me know how much you used and how they turned out!",
    "Brenda Funes says:My husband asked for more! ??????",
    "Kesia Fix says:Delicious and fun to prepare with kids!",
    "Diane says:Curious how many cookies this makes?",
    "Alyssa Rivers says:This will make 24 cookies.",
    "Carm says:Hi Alyssa I have one son who’s peanut allergy so I was wondering can I use wow butter in the recipe? How different would it be for baking the cookies? Longer or shorter time?",
    "Crystal says:I haven’t tried this recipie yet but it sounds delicious! I will definitely try this.",
    "Cindy says:Can I put a small amount of chocolate chips in this?",
    "Joni Middleton says:Yes, that would make for a great combination of peanut butter and chocolate!",
    "Elizabeth DIXON says:I’ve made these DELICIOUS cookies now 3 times and my guy loves them. Can’t believe how easy it is to make next I’ll try with brown sugar then chocolate chips.",
    "Martha says:To be honest I was skeptical about this recipe, since it’s only three ingredients but my daughter and I decided to make them and they were the best tasting peanut butter cookies I have ever had in my life! The recipe critic wins again! ?",
    "Kimberly Gillenwater says:I’m a terrible Baker but these actually turned out and my husband and son were so excited to have decent cookies! They’re delicious and they were easy to make. I plan to make these again. It was nice to be successful at cookie baking for a change",
    "Kim says:While I loved the ease of this recipe and the deliciously strong peanut butter taste, they were too sweet for me.",
    "Cindy Guerrieri says:I have made these 4 times since I found your recipe 3 weeks ago. They are incredibly easy and delicious! I have used all brown sugar, all white sugar and half white- half brown. All ways are great. They baked up beautifully in my toaster oven in 9 minutes.❤️❤️❤️ this recipe!",
    "Davetta D Alston says:I have made this recipe quite often and I enjoy them with a glass of milk"
  ]
}