{
  "URL": "https://therecipecritic.com/3-ingredient-brownies/",
  "Summary": "This super easy 3-ingredient brownie recipe is the only one you'll ever need! These brownies are rich and fudgy, the perfect solution for when you're craving chocolate!",
  "Metadata": [
    "Prep Time:  10minutes",
    "Cook Time:  18minutes",
    "Total Time:  28minutes",
    "Servings:  9Brownies"
  ],
  "Ingredients": [
    "1 jar Nutella 13 oz",
    "1/2 cup all-purpose flour",
    "2 eggs",
    "1/4 tsp salt (optional)"
  ],
  "Instructions": [
    "Preheat oven to 350 degrees.",
    "Combine all ingredients and mix together until well combined. Spread the very thick batter into a greased 8×8-inch baking dish.",
    "Bake for 18 minutes or until a toothpick comes out with only a few fudgy crumbs. Cool and cut into bars."
  ],
  "Nutrition": [
    "Calories: 260kcal",
    "Carbohydrates: 31g",
    "Protein: 4g",
    "Fat: 13g",
    "Saturated Fat: 12g",
    "Polyunsaturated Fat: 1g",
    "Monounsaturated Fat: 1g",
    "Trans Fat: 1g",
    "Cholesterol: 36mg",
    "Sodium: 95mg",
    "Potassium: 188mg",
    "Fiber: 2g",
    "Sugar: 22g",
    "Vitamin A: 54IU",
    "Calcium: 51mg",
    "Iron: 2mg"
  ],
  "Comments": [
    "Sherry says:Two of my favorite things-Nutella and Brownies!! These are great and with the nuts and caramel they are next level. Thanks for all your sharing on your site. Have a great day.",
    "Chinese Food says:Cool recipe, I also love Brownies very much",
    "Summer says:I’ve made a few times and love them! They’re perfect with ice cream, total gooey, deliciousness!",
    "apple says:hi… i want to ask if can i double the recipe?  use 1 tin 8×8… thank you",
    "Jeñnifer Brown Banks says:As a fellow “foodie” I actually tried this recipe today. OMG, loved it!  Easy and delectable.:-)",
    "Allison @ Wine and the Wooden Spoon says:Ummm brownies that have an ENTIRE JAR OF NUTELLA in them?! Yes please!!"
  ]
}