{
  "URL": "https://therecipecritic.com/5-ingredient-graham-cracker-toffee/",
  "Summary": "We love to make this graham cracker toffee every year!  It is so addicting and gone in a flash!",
  "Metadata": [
    "Prep Time:  15minutes",
    "Cook Time:  7minutes",
    "Total Time:  22minutes",
    "Servings:  16Servings"
  ],
  "Ingredients": [
    "10 full-size graham crackers enough to cover the pan",
    "1 cup salted butter",
    "1 cup light brown sugar packed",
    "2 cups semi-sweet chocolate chips",
    "1/3 cup toffee bits"
  ],
  "Instructions": [
    "Preheat oven to 350 degrees.  In a 9x13 inch pan line with aluminum foil and spray with cooking spray.",
    "Place the graham crackers in a single layer along the bottom.  Make sure it is fully lined breaking crackers if needed.",
    "In a medium saucepan over medium high heat, add the butter and brown sugar. Stir constantly until butter has melted. Let the mixture boil for a few minutes until it starts to thicken.",
    "Pour over the graham crackers.  Bake for 7 minutes.",
    "Remove pan from the oven and sprinkle with chocolate chips.  Use a spatula to spread the chocolate over the top.  Sprinkle with the toffee bits.",
    "Allow to cool completely and harden. Cut into pieces and serve."
  ],
  "Nutrition": [
    "Calories: 323kcal",
    "Carbohydrates: 32g",
    "Protein: 2g",
    "Fat: 21g",
    "Saturated Fat: 12g",
    "Cholesterol: 32mg",
    "Sodium: 165mg",
    "Potassium: 165mg",
    "Fiber: 2g",
    "Sugar: 24g",
    "Vitamin A: 366IU",
    "Calcium: 36mg",
    "Iron: 2mg",
    ""
  ],
  "Comments": [
    "Gayle says:This is such a great recipe. And its so easy. I use Hershey bar pieces instead of chocolate chips. Its one of my favorites",
    "Alyssa Rivers says:So glad you like it! Great idea to use the Hershey bar!",
    "Teresa Frizzell says:Where can I buy toffee bits? Or can I make them?",
    "Alyssa Rivers says:Hi Teresa, I am not sure where you are located, but I usually just get them from my local grocery store in the baking section. Here is a link on amazon. You could also make homemade toffee if you’d like.",
    "Laura L Aubuchon says:Can I double this recipe and just use a cookie sheet or do I need to make 2 batches?",
    "Alyssa Rivers says:You should be able to double it in a cookie sheet!",
    "Leslie says:These are so easy to make and so easy to eat!  It doesn’t get any easier to assemble and bake, you just have to be patient to cut into them, as it takes a few hours for them to set up. I couldn’t stop eating them!"
  ]
}