{
  "URL": "https://therecipecritic.com/500-calories-pumpkin-cream-cheese-bread/",
  "Summary": "A delicious a moist pumpkin cream cheese bread with half of the calories!",
  "Metadata": [
    "Prep Time:  20minutes",
    "Cook Time:  40minutes",
    "Total Time:  1hour",
    "Servings:  8people"
  ],
  "Ingredients": [
    "1-1/2 cup pureed pumpkin",
    "1/2 cup unsweetened applesauce",
    "1 whole egg",
    "3 egg whites",
    "1 cup all-purpose flour",
    "2/3 cup whole wheat flour",
    "1/2 cup Stevia Cup For Cup sweetener",
    "1/2 cup granulated sugar1 t. baking soda",
    "1/2 teaspoon ground cinnamon1/2 t. ground nutmeg",
    "8 ounces reduced fat cream cheese",
    "1/4 cup granulated sugar",
    "1 Tablespoon all-purpose flour",
    "2 egg whites",
    "1 teaspoon vanilla extract"
  ],
  "Instructions": [
    "For the Batter: With an electric mixer, beat the pumpkin, applesauce, egg, and egg whites on medium speed until smooth. In a separate bowl, combine the flours, Stevia, sugar, baking soda, cinnamon and nutmeg. Slowly mix the flour mixture into the pumpkin mixture.",
    "For the cream cheese filling: Beat the cream cheese, sugar, vanilla, egg whites and flour until creamy and smooth.",
    "Grease (2) 8x4x2″ loaf pans. Divide half of the batter between the two pans. Pour half of the filling in one pan and the other half in the second pan and smooth with the back of a spoon. Top with the remaining batter.",
    "Bake in a 350 degree oven for about 40 minutes, or until a toothpick inserted comes out clean. Don’t overbake or your bread will be dry on the edges. Cool and remove from pans. Store in the refrigerator in an airtight container."
  ],
  "Nutrition": [
    "Calories: 207kcal",
    "Carbohydrates: 43g",
    "Protein: 8g",
    "Fat: 5g",
    "Saturated Fat: 3g",
    "Cholesterol: 36mg",
    "Sodium: 2226mg",
    "Potassium: 204mg",
    "Fiber: 2g",
    "Sugar: 10g",
    "Vitamin A: 2569IU",
    "Vitamin C: 1mg",
    "Calcium: 55mg",
    "Iron: 2mg"
  ],
  "Comments": [
    "Nancy Walther says:Pumpkin cream cheese breadCan I omit the egg whites and add more applesauce?ThanksNancy",
    "Alyssa Rivers says:Hi Nancy, thank you for the question! You will need to use the eggs to keep the bread together.",
    "Linda says:Hi. I’m hoping the sodium amount is a misprint. Says over 2,000 mg.  Doesn’t look like any actual sodium/salt is added. I know there’s a lot of sodium in the other items, but it still seems too high.",
    "carolyn says:can I just use whole eggs instead of egg whites?  Calories are not important….thx!!",
    "Alyssa Rivers says:That is a dream!! I recommend using the egg whites for a fluffier bread. You can use the whole egg but it will be a different consistency with your bread.",
    "Beth says:Can I substitute regular flour for the whole wheat flour cup for cup?",
    "Alyssa Rivers says:Yes, you can. It will change the consistency as well as the flavors but it will taste good.",
    "Nancy Moreno says:Can I substitute the stevia and if do what do I replace it with and how much?",
    "Alyssa Rivers says:Yes, it will be the same amount with regular sugar. You can reduce it if needed.",
    "JOHN says:Looks yummy",
    "Diane Robertson says:Can any of your recipes be eaten by a Diabetic? Carb counts and sugar counts, otherwise Nutrition labels would be appreciated if possible.",
    "Alyssa Rivers says:I like to use skinnytaste.com or myfitnesspal.com for any nutritional questions that I may have. Hope you too, can find what you are looking for! XOXO",
    "joanne smith says:if i don’t want to use stevia, whats the amount of total sugar?",
    "Alyssa Rivers says:The same amount of sugar as stevia. Hope that helps and you enjoy it! XOXO",
    "Linda says:Where can I find the carb totals on these recipes?",
    "Alyssa Rivers says:I like to use skinnytaste.com or myfitnesspal.com for any nutritional questions that I may have. Hope you too, can find what you are looking for! XOXO",
    "Cristal Camacho says:Did I do something wrong? My bread didn’t rise at all. Nonetheless, it was delicious!",
    "Lori says:Mine did not rise either. Also does the “T” stand for tablespoon or teaspoon?",
    "Alyssa Rivers says:An uppercase T stands for a Tablespoon and a lowercase t stands for teaspoon (little t-little spoon, big T-big spoon). Hope that helps! XOXO",
    "Kathy Rea says:Hello,I want to make this recipe using granulated sugar, no substitutes.  Would you please tell me the measurements for it?  I know it won’t be considered ‘skinny’ bread and that’s okay.  Love your recipes.Thanks, Kathy Rea",
    "chris says:Can this recipe be frozen",
    "Rosa Gonzales says:The pumpkin bread says it is 500 calories for the entire loaf. This is not possible. Low fat cream cheese 560 calories, flour 455 and this is just 2 ingredients.",
    "Alyssa says:I have since changed it so that it doesn’t say the exact calories hoping I wouldn’t receive further comments.  Also it makes 2 loaves, not one.",
    "Tina says:I made this bread and it was very good and moist. Be advised though…the calorie count is way off. I made 2 loafs dividing each loaf into 10 small pieces. There were 110 calories per piece. Next time I am going to leave the cream cheese out and use 1/4 cup less sugar which will make each piece 75 calories. Good recipe but way more calories than stated.",
    "Val says:This bread was delicious! I  used all white whole wheat flour, fat free cream cheese & sweet n low instead of stevia. I also coated the top with brown sugar & cinnamon before I baked it. Yummy!",
    "Val says:Oh yeah I also poured half the batter in one 9x5x2 loaf pan, then the cream cheese mixture, then the rest of the batter & just swirled it all in. Came out perfect!"
  ]
}