{
  "URL": "https://therecipecritic.com/7-layer-dip/",
  "Summary": "Awesome 7 Layer Dip is an addicting creamy dip that includes all of your favorites, like guacamole, refried beans, and sour cream!  You will be amazed how simple it is to put together such an incredibly delicious dip!",
  "Metadata": [
    "Prep Time:  10minutes",
    "Total Time:  10minutes",
    "Servings:  12strings"
  ],
  "Ingredients": [
    "1 (16-ounce) can refried beans",
    "1 ½ cups guacamole homemade or store-bought",
    "1 cup sour cream",
    "2 tablespoons taco seasoning homemade or store-bought",
    "1 cup salsa",
    "1 cup shredded Colby Jack cheese",
    "½ cup sliced olives",
    "¼ cup sliced cherry tomatoes",
    "2 sliced green onions"
  ],
  "Instructions": [
    "In an  8 x 8 x 2-inch dish layer 1 (16-ounce) can refried beans and 1 ½ cups guacamole.",
    "In a small bowl, mix 1 cup sour cream with 2 tablespoons taco seasoning and layer on top of the guacamole, followed by 1 cup salsa on top.",
    "Finish with a layer of 1 cup shredded Colby Jack cheese topped with ½ cup sliced olives, ¼ cup sliced cherry tomatoes, and 2 sliced green onions. Cover and chill until you are ready to serve it."
  ],
  "Nutrition": [
    "Calories: 173kcal",
    "Carbohydrates: 10g",
    "Protein: 6g",
    "Fat: 13g",
    "Saturated Fat: 5g",
    "Polyunsaturated Fat: 1g",
    "Monounsaturated Fat: 6g",
    "Cholesterol: 22mg",
    "Sodium: 556mg",
    "Potassium: 260mg",
    "Fiber: 4g",
    "Sugar: 3g",
    "Vitamin A: 506IU",
    "Vitamin C: 5mg",
    "Calcium: 122mg",
    "Iron: 1mg"
  ],
  "Comments": [
    "LINDA L HARRISON says:You are my go to for any recipes so I was looking for a layered dip recipe so I tried your dip recipe.  When I made the guac, started to stop with that…it was the most delicious guac I have ever had but I had assembled all the other ingredients for the layered dip so I went for it and so glad I did.  My party recipe was such a great success.   This was the only dip that was   gone almost as fast as I had it fixed and ready.  Everyone gave me great reviews and I referred them to you.  THANK YOU FOR ANOTHER GREAT RECIPE.",
    "Alyssa Rivers says:You’re welcome!! Thank you so much for following along!!",
    "Kat Custodio says:Stunning! It looks awesome, I was unable to envision anything better than to endeavor to make one of this day such a treats. Much gratitude to you for making it progressively interesting. I love it. Incredible occupation!",
    "Karen says:Awesome that these can be made in individual portions.  Any idea if these would freeze well?"
  ]
}