{
  "URL": "https://therecipecritic.com/7-layer-salad/",
  "Summary": "7 Layer Salad is super simple, customizable and amazingly delicious. This sensational traditional salad is a table topper as well as a scrumptious side dish.",
  "Metadata": [
    "Prep Time:  15minutes",
    "Total Time:  15minutes",
    "Servings:  8People"
  ],
  "Ingredients": [
    "½ pound cooked and chopped bacon",
    "1 head chopped iceberg lettuce",
    "1 pint sliced cherry tomatoes",
    "2 (2-ounce) cans sliced olives",
    "1 diced red onion",
    "2 cups peas",
    "2 chopped cucumbers",
    "Homemade Ranch Dressing, or store-bought",
    "2 cups shredded cheddar cheese",
    "green onions for garnish"
  ],
  "Instructions": [
    "In a large glass bowl layer the 1 head chopped iceberg lettuce, 1 pint sliced cherry tomatoes, 2 (2-ounce) cans sliced olives, 1 diced red onion, 2 cups peas, 2 chopped cucumbers, Homemade Ranch Dressing,, 2 cups shredded cheddar cheese, ½ pound cooked and chopped bacon, and green onions for garnish.",
    "Serve immediately or refrigerate."
  ],
  "Nutrition": [
    "Calories: 298kcal",
    "Carbohydrates: 14g",
    "Protein: 14g",
    "Fat: 21g",
    "Saturated Fat: 9g",
    "Polyunsaturated Fat: 2g",
    "Monounsaturated Fat: 7g",
    "Trans Fat: 0.04g",
    "Cholesterol: 47mg",
    "Sodium: 393mg",
    "Potassium: 512mg",
    "Fiber: 4g",
    "Sugar: 7g",
    "Vitamin A: 1254IU",
    "Vitamin C: 33mg",
    "Calcium: 243mg",
    "Iron: 2mg",
    ""
  ],
  "Comments": [
    "Angelina says:Love this type of Salad, and it’s very close to the one I’ve been making.  The recipe I have calls for a good quality mayo, which can be mixed with a favorite dressing (if desired), or U can just use Miracle Whip.  It’s pretty & delicious, any way you decide to make it.  Best served in a Trifile dish, but U can use a pretty & deep glass salad bowl, as well."
  ]
}