{
  "URL": "https://therecipecritic.com/7-up-biscuits/",
  "Summary": "Tender and fluffy 7-up biscuits rise to perfection and instantly become everyone's favorite biscuit! It only takes 4-ingredients to create this melt-in-your-mouth biscuit recipe! ",
  "Metadata": [
    "Prep Time:  10minutes",
    "Cook Time:  15minutes",
    "Total Time:  25minutes",
    "Servings:  9Biscuits"
  ],
  "Ingredients": [
    "2 cups Bisquick",
    "1/2 cup sour cream",
    "1/2 cup 7-up",
    "1/4 cup unsalted butter melted"
  ],
  "Instructions": [
    "Preheat the oven to 450 degrees Fahrenheit.",
    "Add 2 cups Bisquick to a large bowl. Cut 1/2 cup sour cream into the Bisquick mix using the back of a fork.",
    "Pour in 1/2 cup 7-up and stir to combine. The dough will be very soft!",
    "Sprinkle additional biscuit mix on the counter to gently flatten out the dough to about 1-inch thickness. Use a biscuit cutter to cut 9 biscuits.",
    "Melt 1/4 cup unsalted butter and pour into the bottom of a 9-inch square pan. Alternatively, you can melt the butter in the pan by placing it in the oven for a few minutes.",
    "Place the cut biscuits into the pan with melted butter then bake for 12-15 minutes or until golden brown."
  ],
  "Nutrition": [
    "Calories: 189kcal",
    "Carbohydrates: 19g",
    "Protein: 2g",
    "Fat: 12g",
    "Saturated Fat: 6g",
    "Cholesterol: 21mg",
    "Sodium: 397mg",
    "Potassium: 61mg",
    "Fiber: 1g",
    "Sugar: 5g",
    "Vitamin A: 237IU",
    "Vitamin C: 1mg",
    "Calcium: 63mg",
    "Iron: 1mg"
  ],
  "Comments": [
    "A. Skilling says:My husband loves when I make this recipe for biscuits. I do agree with the comments that you need less 7up. Still a great recipe. I don’t buy biscuits anymore. Thank you",
    "Verlene Peterson says:Would sprite or starry work as well as 7 up?",
    "Alyssa Rivers says:Yep! Those will be just fine!",
    "Susie says:Love the fluffy, lightness that sour cream and 7-up (or Sprite) gives it but learned after 1st try that 1/2 cup of soda is waaaayyyyy too much.  Video suggests 1/4 cup which was much better.  Either make sure your Bisquick is new or use regular flour/baking powder/baking soda combo to get the rise in the biscuits.  Will try again but have definitely had to play with it a lot to get it the way I like it.  It’s worth trying though.  Good flavor and definitely light and fluffy.",
    "Connie Rosario says:I had to add more Bisquick because the dough wasn’t just soft, it was soup. I cut little squares with a knife , looked in the oven 5 minutes later and they were thrice the size lol",
    "Linda says:Can you substitute plain yogurt instead of sour cream?",
    "Alyssa Rivers says:Yes, that will work well too.",
    "Nancy Norton says:I would love to print one of your recipes….there is no symbol for”print”….HELP!",
    "Alyssa Rivers says:The print symbol is in the recipe box with the recipe in the upper lefthand corner. Hope that helps! Enjoy your biscuits! XOXO",
    "Diane says:Would this work with diet 7Up?",
    "Alyssa Rivers says:I have not tried it with diet 7-Up. I am not sure how it will be with it. Let me know how it turns out! XOXO",
    "Judi says:They all look so good and I’m a recipe nut!! Yes, please keep me on your list.",
    "Alyssa Rivers says:That sounds great! Thank you so much for sharing! I am so glad that you have found recipes that you love. Thank you for sharing and following along with me! XOXO"
  ]
}