{
  "URL": "https://therecipecritic.com/acai-bowls/",
  "Summary": "The Best Acai Bowls (Three Ways!) is a fruit filled bowl full of acai berries and juice topped with granola, fresh fruits, crunchy nuts and a variety of seeds all drizzled with a fun topping. A perfect way to start your day or keep it going!",
  "Metadata": [
    "Prep Time:  10minutes",
    "Total Time:  10minutes",
    "Servings:  3bowls"
  ],
  "Ingredients": [
    "½ cup apple juice",
    "1 package frozen acai",
    "½ cup frozen blueberries",
    "½ cup frozen bananas",
    "½ cup frozen strawberries",
    "1 tablespoon Honey",
    "½ cup almond milk",
    "1 package frozen acai",
    "1 tablespoon cocoa powder",
    "2 tablespoons peanut butter",
    "½ cup frozen bananas",
    "½ cup frozen strawberries",
    "½ cup apple juice",
    "1 package frozen acai",
    "½ cup frozen pineapple",
    "½ cup frozen mango",
    "½ cup frozen strawberries",
    "½ cup frozen bananas"
  ],
  "Instructions": [
    "Pick the flavor of acai bowl you want to make and add all the ingredients for that bowl to a blender.",
    "Blend until smooth, pour into a bowl, and top with any desired toppings."
  ],
  "Nutrition": [
    "Calories: 267kcal",
    "Carbohydrates: 53g",
    "Protein: 5g",
    "Fat: 7g",
    "Saturated Fat: 1g",
    "Polyunsaturated Fat: 2g",
    "Monounsaturated Fat: 3g",
    "Sodium: 106mg",
    "Potassium: 647mg",
    "Fiber: 6g",
    "Sugar: 37g",
    "Vitamin A: 386IU",
    "Vitamin C: 75mg",
    "Calcium: 88mg",
    "Iron: 1mg",
    ""
  ],
  "Comments": []
}