{
  "URL": "https://therecipecritic.com/air-fryer-salmon-bites/",
  "Summary": "Cooked in less than 10 minutes, these perfectly glazed honey garlic air fryer salmon bites are so delicious. This is such a quick dinner, you will never want to cook salmon any other way!",
  "Metadata": [
    "Prep Time:  5minutes",
    "Cook Time:  6minutes",
    "Marinate:  20minutes",
    "Total Time:  31minutes",
    "Servings:  4people"
  ],
  "Ingredients": [
    "1 pound skinless salmon filet, cut into 1-inch cubes",
    "salt and pepper,  to taste",
    "1/2 cup soy sauce",
    "1/2 cup honey",
    "3 cloves garlic,  minced",
    "juice of one lemon"
  ],
  "Instructions": [
    "Cut 1 pound skinless salmon filet, into one-inch cubes and season with salt and pepper, .",
    "In a medium-sized bowl, add 1/2 cup soy sauce, 1/2 cup honey, 3 cloves garlic,  and juice of one lemon. Whisk together until smooth. Reserve 2 tablespoons of marinade to brush on the salmon during the cooking process.",
    "Add the salmon to the remaining marinade and toss to coat. Marinate for 20 minutes.",
    "Place the marinated salmon bites into the air fryer. Cook at 390 degrees Fahrenheit for 3 minutes. Open the air fryer and brush the reserved glaze on the salmon bites. Close the basket and cook for an additional 3 minutes. The internal temperature for salmon should be 125-130 degrees Fahrenheit.",
    "Enjoy the salmon over rice with a side of vegetables!"
  ],
  "Nutrition": [
    "Serving: 5g",
    "Calories: 190kcal",
    "Carbohydrates: 37g",
    "Protein: 9g",
    "Fat: 2g",
    "Saturated Fat: 0.3g",
    "Polyunsaturated Fat: 1g",
    "Monounsaturated Fat: 1g",
    "Cholesterol: 16mg",
    "Sodium: 1634mg",
    "Potassium: 231mg",
    "Fiber: 0.4g",
    "Sugar: 35g",
    "Vitamin A: 12IU",
    "Vitamin C: 1mg",
    "Calcium: 16mg",
    "Iron: 1mg",
    ""
  ],
  "Comments": [
    "CL Wright says:I do not own an air fryer.  How can I use this recipe using my oven?"
  ]
}