{
  "URL": "https://therecipecritic.com/air-fryer-potato-skins/",
  "Summary": "Air fryer potato skins are a quick and easy appetizer or side dish that everyone will love! Leftover baked potatoes turn into crispy and tender potato skins loaded with cheese, bacon crumbles, sour cream, and green onions.",
  "Metadata": [
    "Prep Time:  10minutes",
    "Cook Time:  12minutes",
    "Total Time:  22minutes",
    "Servings: 8"
  ],
  "Ingredients": [
    "4 small russet potatoes,  baked and cooled",
    "1 tablespoon olive oil",
    "1 teaspoon coarse salt",
    "1/2 cup Colby Jack cheese, shredded and divided",
    "2 tablespoons bacon, cooked and crumbled",
    "1/4 cup sour cream, divided",
    "1 green onion, sliced"
  ],
  "Instructions": [
    "Cut the potatoes in half lengthwise. Use a small spoon to carefully remove the flesh from the inside, leaving a 1⁄4-inch “rim”.",
    "Brush the potatoes with olive oil, then season with salt.",
    "Place the potatoes into the air fryer basket with the cut side up.",
    "Cook in the air fryer at 375° Fahrenheit for 6 minutes or until golden and soft.",
    "Open the basket and sprinkle the cheese evenly inside each potato skin.  Continue to cook for 6 more minutes, or until the cheese is melted.",
    "Remove the skins from the basket and fill with sour cream, bacon, and sliced green onions.",
    "Serve warm as the perfect side dish, appetizer, or game-day food!"
  ],
  "Nutrition": [
    "Serving: 1potato skin",
    "Calories: 145kcal",
    "Carbohydrates: 16g",
    "Protein: 4g",
    "Fat: 7g",
    "Saturated Fat: 3g",
    "Polyunsaturated Fat: 1g",
    "Monounsaturated Fat: 3g",
    "Trans Fat: 0.01g",
    "Cholesterol: 15mg",
    "Sodium: 372mg",
    "Potassium: 385mg",
    "Fiber: 1g",
    "Sugar: 1g",
    "Vitamin A: 144IU",
    "Vitamin C: 5mg",
    "Calcium: 76mg",
    "Iron: 1mg"
  ],
  "Comments": [
    "Neca says:I made these as a side to some pork ribs. My husband ended up eating more of the potato skins than the ribs. My toddler also happened to love them."
  ]
}