{
  "URL": "https://therecipecritic.com/air-fryer-chicken-wings/",
  "Summary": "Crispy Air Fryer Chicken Wings are simply the best ever! Crispy on the outside, tender on the inside and with a smack of homemade buffalo sauce, they're finger lick'n good!",
  "Metadata": [
    "Prep Time:  5minutes",
    "Cook Time:  16minutes",
    "Total Time:  21minutes",
    "Servings:  4servings"
  ],
  "Ingredients": [
    "1 pound chicken wings",
    "2 tablespoons olive oil",
    "1 teaspoon garlic powder",
    "¼ teaspoon paprika",
    "salt to taste",
    "ground black pepper to taste",
    "¼ cup buffalo sauce",
    "2 tablespoons honey",
    "1 teaspoon worcestershire sauce"
  ],
  "Instructions": [
    "Preheat the air fryer to 400 degrees Fahrenheit.",
    "In a medium bowl, add 1 pound chicken wings and toss with 2 tablespoons olive oil, 1 teaspoon garlic powder, ¼ teaspoon paprika, salt, and ground black pepper.",
    "Place them in an even layer in the air fryer basket.  Cook for 8 minutes at 400 degrees Fahrenheit.  Flip the wings and continue cooking for at least 8 minutes or until crispy on the outside and the center reaches an internal temperature of 165 degrees Fahrenheit.",
    "In a small bowl, whisk ¼ cup buffalo sauce, 2 tablespoons honey, and 1 teaspoon worcestershire sauce.  Brush the glaze on top of the hot wings and serve immediately."
  ],
  "Nutrition": [
    "Calories: 234kcal",
    "Carbohydrates: 10g",
    "Protein: 11g",
    "Fat: 17g",
    "Saturated Fat: 4g",
    "Polyunsaturated Fat: 3g",
    "Monounsaturated Fat: 9g",
    "Trans Fat: 0.1g",
    "Cholesterol: 47mg",
    "Sodium: 525mg",
    "Potassium: 125mg",
    "Fiber: 0.1g",
    "Sugar: 9g",
    "Vitamin A: 153IU",
    "Vitamin C: 1mg",
    "Calcium: 11mg",
    "Iron: 1mg",
    ""
  ],
  "Comments": [
    "Wendy Hartford says:My first time making wings let alone in the air fryer.  Was delicious and was just a dry run for next week’s Super Bowl.  Husband really liked them and your wing sauce too.  So easy and definitely something to add to our weekend snack food or quick lunch.  They didn’t come out very crispy though, so I think we’ll bump the time a minute or 2 on each side.  I even dried them hoping that would help, but we still loved them!",
    "Mark says:A trick I’ve used with air fryer wings is a rack. My air fryer came with a rack that elevates food to about mid level of the basket. I put a layer of wings on the bottom under the rack and another on the rack. Works well, but tricky to get the bottom layer in.",
    "Tony says:Awesome flavor with ease of making.",
    "Anne says:We didn’t have wings when I made this, but it tasted really good with thigh fillets.  This is really good. Something I will make again for the family.",
    "Alyssa Rivers says:That’s a great idea! Thanks for letting me know that worked out!",
    "Garth says:These wings are da best.  I won’t be ordering wings anywhere any time soon. I didn’t have worstershire sauce so I used hp sauce. I used lemon pepper instead of regular pepper.  Mmmmmmm",
    "Kristi says:Hi Alyssa. I had a question for you do you brush the wings with the sauce before or after you put them in the air fryer??",
    "Alyssa Rivers says:I added the sauce after they cooked! But you could try putting it on before. Let me know how they turned out!",
    "LuAnn says:These wings sound amazing. Can’t wait to make them. My question is. Do you have a different type of sauce I can use instead of the buffalo sauce. I don’t particularly care for the taste of any type of buffalo sauce? Something like teriyaki or sweet sticky? Thanks.",
    "Alyssa RIvers says:Try the sauce on these wings instead! Sticky Honey Garlic Wings",
    "Paul says:Hi. How do you increase an air fryer20° if you’re at 400°?",
    "Alyssa Rivers says:Hi! You turn the temperature up on your air fryer to 420 degrees for the last 2-3 minutes of cooking!",
    "Mary Goens says:This was the first time I used my air fryer for chicken wings.  WOW they turned out perfect.  I cooked mine 15 min each side and then I added my sauce.  I WILL NOT be going out to eat wings anymore.  They were delicious.  Thank you.",
    "Heather Scott says:OMG these were beyond delicious! I saved this recipe so it can be my go-to wings recipe from now on. Thank you for sharing!!",
    "Mark says:A tip I learned from Alton Brown on Good Eats, way back, was to steam your wings first. I put them in a stock pot with a steaming attachment and steam them about 10 minutes or so which renders some of the fat. Then dry them and put them on a pan uncovered in the fridge for about an hour before cooking. This helps get them really crispy.The air fryer works well for cooking the wings.",
    "Louis Bouthillette says:I viewed several air fryer websites and yours is truly the best!!  I love the recipes and really appreciate your Tips and Tricks!!! I can’t wait to try these chicken wings this weekend while watching football.Thank you for sharing your favorites tastes and insights.",
    "Deanna Baron says:Have you done Turkey legs in the air fryer?",
    "Alyssa Rivers says:I haven’t yet! That is a great idea!"
  ]
}