{
  "URL": "https://therecipecritic.com/air-fryer-steak/",
  "Summary": "Crispy on the edges, juicy in the middle—this easy air fryer steak nails it every time.",
  "Metadata": [
    "Prep Time:  10minutes",
    "Cook Time:  20minutes",
    "Total Time:  30minutes",
    "Servings:  2Steaks"
  ],
  "Ingredients": [
    "2 Ribeye, New York, or Tri Tip steaks 1-inch thick",
    "1 tablespoon olive oil",
    "1 teaspoon Italian seasoning",
    "salt and pepper to taste",
    "¼ cup softened unsalted butter",
    "1 minced garlic clove",
    "1 teaspoon fresh rosemary",
    "1 teaspoon fresh thyme",
    "1 teaspoon fresh parsley"
  ],
  "Instructions": [
    "Preheat the air fryer to 400 degrees Fahrenheit. Prepare the 2 Ribeye, New York, or Tri Tip steaks by rubbing them with 1 tablespoon olive oil on each side.",
    "Rub 1 teaspoon Italian seasoning, salt and pepper on each side of the steaks.",
    "Add the steaks to the air fryer basket and cook for 12 minutes, turning over after 6 minutes. Let the steak rest for 10 minutes.",
    "In a small bowl, add ¼ cup softened unsalted butter, 1 minced garlic clove, 1 teaspoon fresh rosemary, 1 teaspoon fresh thyme, and 1 teaspoon fresh parsley.",
    "Stir until the butter is smooth and combined, and serve the steaks smothered in the garlic butter!"
  ],
  "Nutrition": [
    "Calories: 506kcal",
    "Carbohydrates: 1g",
    "Protein: 23g",
    "Fat: 46g",
    "Saturated Fat: 23g",
    "Polyunsaturated Fat: 2g",
    "Monounsaturated Fat: 19g",
    "Trans Fat: 1g",
    "Cholesterol: 130mg",
    "Sodium: 242mg",
    "Potassium: 335mg",
    "Fiber: 1g",
    "Sugar: 0.1g",
    "Vitamin A: 796IU",
    "Vitamin C: 2mg",
    "Calcium: 38mg",
    "Iron: 3mg",
    ""
  ],
  "Comments": [
    "Fernando says:Next time I’m at the grocery store I will pick up some steaks and try this recipe. Thanks",
    "Velmavvelvet says:I used a t bone and it was delicious",
    "Sarah Pritchard says:I fixed filets with your recipe. It was delicious and perfect",
    "Billy says:As a man who basically grills or smokes his meals every weekend I was skeptical to throw a steak in the air fryer , I did today and was not disappointed , did 400 at 10 mins 5 each side and came out lil brown outside pretty pink inside , thanks",
    "Cyndy says:I followed the recipe carefully and the steak turned out quite tough.  I was so disappointed.",
    "Alyssa Rivers says:Cyndy, I’m sorry your steak turned out tough. That is so frustrating. Air fryers can be so temperamental and different from one to the next. I would recommend, cooking for less time in the future and checking the doneness, before putting it back in to cook the rest of the way if needed.",
    "Gail Mack says:Could it have been a bad piece of steak?",
    "Sherry Rumfelt says:One of the worst steaks I’ve ever eaten. Cooked less time than recommended for a medium rare steak, and it was very tough and basically medium well.",
    "Alyssa Rivers says:I’m sorry your steak was tough. I would recommend starting with even less time, your air fryer might cook quicker. Check the steak and then add more time accordingly.",
    "Paddy says:Alyssa,This was really good and super simple!!! And next to no clean up, I made a ribeye for maself and a filet mignon for ma wife, nice and easy cooked perfect!!!Thank you for shareing!!!!",
    "E says:Followed cooking instructions, 10 minutes at 400 (5 per side) led to well done, steak was over 1inch thick",
    "Alyssa Rivers says:Ah man, I am so sorry! Air fryers are hard to get exactly right. Now you know to cook it for less time per side, depending how done you want it.",
    "Bobbi says:This may be a stupid question, but I’ve read the article 4 times to find my answer, and it’s not there…? What setting are you using on your air fryer?Mine is a convection type with 11 settings… Air Fry, Bake, Broil, etc… which do I use?",
    "Alyssa Rivers says:Hi Bobbi, totally not a stupid question. You can just set it to the Air Fy setting!",
    "Dennis Darnell Wallace says:Perfect",
    "Dalton Miller says:One of the best steaks I have ever had. When I had my first bite, I could feel the perfect crunch on the exterior with a pink (medium rare) center. The garlic butter with the combination of herbs were perfect! I did sear my steak quickly before placing it into the air fryer but the outcome was wonderful."
  ]
}