{
  "URL": "https://therecipecritic.com/air-fryer-fish-sticks/",
  "Summary": "These air fryer fish sticks are going to rock your family's world. Never again will you make fish sticks from a box, these are insanely delicious!",
  "Metadata": [
    "Prep Time:  10minutes",
    "Cook Time:  15minutes",
    "Total Time:  25minutes",
    "Servings:  4people"
  ],
  "Ingredients": [
    "1 pound cod sliced it strips",
    "salt and pepper",
    "1/2 cup flour",
    "2 large eggs",
    "1/2 teaspoon salt",
    "1 cup Panko",
    "1/2 cup grated parmesan",
    "2 teaspoons old bay seasoning",
    "1/2 teaspoon garlic powder",
    "olive oil spray if needed"
  ],
  "Instructions": [
    "Salt and pepper the cod strips.",
    "Create a breading station for the fish. In one bowl add the flour. In the second bowl whisk together the eggs and salt. In the last bowl add the Panko, parmesan cheese, old bay seasoning, and garlic powder.",
    "First dip the cod in the flour, then the egg, and lastly the Panko mix.",
    "Spray the bottom of your basket with olive oil. Place the fish in the basket of your air fryer. Cook at 400 degrees for 10 minutes. Continue to cook for 3-5 minutes or until the internal temperature reaches 145 degrees."
  ],
  "Nutrition": [
    "Calories: 303kcal",
    "Carbohydrates: 24g",
    "Protein: 32g",
    "Fat: 8g",
    "Saturated Fat: 3g",
    "Polyunsaturated Fat: 1g",
    "Monounsaturated Fat: 2g",
    "Trans Fat: 1g",
    "Cholesterol: 153mg",
    "Sodium: 689mg",
    "Potassium: 576mg",
    "Fiber: 1g",
    "Sugar: 1g",
    "Vitamin A: 315IU",
    "Vitamin C: 1mg",
    "Calcium: 211mg",
    "Iron: 3mg",
    ""
  ],
  "Comments": [
    "Jessica Mullins says:Thank you for the recipe. My family enjoyed them! 10 minutes and 400 defeees was perfect. We made a creole dipping sauce and fish tacos with cole slaw."
  ]
}