{
  "URL": "https://therecipecritic.com/air-fryer-pork-fajitas/",
  "Summary": "Celebrate with these insanely delicious and easy air fryer pork fajitas! They are restaurant-quality fajitas in the comfort of your own home, and your entire family will go crazy over them! ",
  "Metadata": [
    "Prep Time:  10minutes",
    "Cook Time:  12minutes",
    "Total Time:  22minutes",
    "Servings: 4"
  ],
  "Ingredients": [
    "1  Pound Pork Tenderloin, sliced thin",
    "2 tablespoons  Olive Oil",
    "3 tablespoons Fajita Seasoning",
    "1 1/2 cups Bell Peppers, any color combination (sliced)",
    "1/2 cup Purple Onion, sliced",
    "Flour Tortillas (for serving)"
  ],
  "Instructions": [
    "Pat the tenderloin with a paper towel, and cut it into thin slices.  This will help it cook evenly.  Add it to a medium-sized bowl with bell peppers and onion.",
    "Add in the olive oil and fajita seasoning and toss to coat.",
    "Add it to the basket of your air fryer. Cook at 390 degrees for 12 minutes or until cooked throughout and no longer pink. Serve with homemade tortillas if desired."
  ],
  "Nutrition": [
    "Serving: 1g",
    "Calories: 224kcal",
    "Carbohydrates: 6g",
    "Protein: 24g",
    "Fat: 11g",
    "Saturated Fat: 2g",
    "Polyunsaturated Fat: 1g",
    "Monounsaturated Fat: 7g",
    "Trans Fat: 1g",
    "Cholesterol: 74mg",
    "Sodium: 213mg",
    "Potassium: 593mg",
    "Fiber: 2g",
    "Sugar: 4g",
    "Vitamin A: 1928IU",
    "Vitamin C: 74mg",
    "Calcium: 15mg",
    "Iron: 2mg"
  ],
  "Comments": []
}