{
  "URL": "https://therecipecritic.com/air-fryer-hand-pies/",
  "Summary": "Seriously Amazing Air Fryer Hand Pies are an easy way to have dessert! Tender sweet spiced apples in a flakey crust you can hold in your hand!",
  "Metadata": [
    "Prep Time:  10minutes",
    "Cook Time:  10minutes",
    "Total Time:  20minutes",
    "Servings:  6Hand Pies"
  ],
  "Ingredients": [
    "4 tablespoons unsalted butter",
    "2 diced Granny Smith apples",
    "1 teaspoon cinnamon",
    "¼ cup brown sugar",
    "1 teaspoon cornstarch",
    "1 tablespoon water",
    "2 refrigerated pie crusts",
    "1 large egg",
    "1 tablespoon water",
    "½ cup powdered sugar",
    "2 tablespoons milk",
    "coarse sugar"
  ],
  "Instructions": [
    "Heat the 4 tablespoons unsalted butter over medium-high heat in a saucepan. Add in the 2 diced Granny Smith apples, 1 teaspoon cinnamon, and ¼ cup brown sugar. Cook the mixture until the apples are tender.",
    "In a small bowl, mix the 1 teaspoon cornstarch and 1 tablespoon water, add it to the saucepan, and continue to cook until it thickens. Remove from heat.",
    "Roll out the 2 refrigerated pie crusts and cut 4-inch circles from them. Place a tablespoon of apple filling in one half of each circle, leaving a ½-inch boarder.",
    "Wet the edges of the circle, fold the dough in half over the pie filling, and seal the edges with a fork.  Cut three slits into the top of the pies.",
    "In a small bowl, whisk the 1 large egg and 1 tablespoon water together and brush the top of the hand pies. Place the hand pies into the basket of the air fryer.  Cook at 350 degrees Fahrenheit for 8-10 minutes or until golden brown.",
    "While the hand pies are cooking in a small bowl, mix the ½ cup powdered sugar and 2 tablespoons milk. Once the hand pies are finished, brush them with the glaze and sprinkle with coarse sugar."
  ],
  "Nutrition": [
    "Calories: 448kcal",
    "Carbohydrates: 56g",
    "Protein: 5g",
    "Fat: 23g",
    "Saturated Fat: 10g",
    "Polyunsaturated Fat: 2g",
    "Monounsaturated Fat: 9g",
    "Trans Fat: 0.3g",
    "Cholesterol: 52mg",
    "Sodium: 250mg",
    "Potassium: 155mg",
    "Fiber: 3g",
    "Sugar: 25g",
    "Vitamin A: 321IU",
    "Vitamin C: 3mg",
    "Calcium: 39mg",
    "Iron: 2mg",
    ""
  ],
  "Comments": [
    "Donna Young says:My air fryer is my favourite cooking appliance these days.  Saves electricity and the food is so good!",
    "Charlotte Colwell says:These r so yummy ..it really feels like fall now the smell of cinnamon in the house so awesome thank you so much….",
    "Slammersmom says:These are great – my only change is you have to flip them over or the bottom does not cook in the air fryer.",
    "RoseRed? says:Thank you for the additional instructions!",
    "Peggy Fugate says:Excellent recipe.  I was able to use excess of pie crust and actually get 10 pies.  I would cut back to one apple, as one large Granny Smith is enough.  Everyone loved them including me!"
  ]
}