{
  "URL": "https://therecipecritic.com/air-fryer-croutons/",
  "Summary": "These quick and easy air fryer croutons will give your salads and recipes that \"wow\" factor!  A fresh loaf of bread cubed, seasoned, and air fried to perfection.",
  "Metadata": [
    "Prep Time:  5minutes",
    "Cook Time:  8minutes",
    "Total Time:  13minutes",
    "Servings: 10"
  ],
  "Ingredients": [
    "1 loaf French Bread (sourdough, Italian, white)",
    "1/2 cup Olive Oil",
    "1 tablespoon Italian Seasonings",
    "1/4 cup Parmesan Cheese",
    "1/2 teaspoon Garlic Salt (or kosher salt to taste)"
  ],
  "Instructions": [
    "Slice bread into one-inch cubes. Add to a medium-sized bowl. Drizzle with olive oil and toss until coated.",
    "Add Italian seasoning, parmesan cheese, and garlic salt. Toss to coat.",
    "Add half of the coated bread cubes to the air fryer basket.  Spread them out in an even layer making sure the croutons aren't overlapping.",
    "Air fry at 390 degrees Fahrenheit for 6-7 minutes.  Halfway through the cooking time, shake the basket to toss the croutons around.  This will help the croutons cook on both sides.",
    "Continue to cook if needed to crisp to desired crunch!  Enjoy on your favorite salad!"
  ],
  "Nutrition": [
    "Calories: 215kcal",
    "Carbohydrates: 21g",
    "Protein: 5g",
    "Fat: 12g",
    "Saturated Fat: 2g",
    "Polyunsaturated Fat: 1g",
    "Monounsaturated Fat: 8g",
    "Cholesterol: 2mg",
    "Sodium: 397mg",
    "Potassium: 56mg",
    "Fiber: 1g",
    "Sugar: 2g",
    "Vitamin A: 28IU",
    "Vitamin C: 1mg",
    "Calcium: 59mg",
    "Iron: 2mg"
  ],
  "Comments": []
}