{
  "URL": "https://therecipecritic.com/air-fryer-frozen-onion-rings/",
  "Summary": "You are going to love how crispy and perfectly cooked these Air Fryer Frozen Onion Rings get! They are so simple, and you can have frozen onion rings cooked to crispy perfection in minutes. You'll love serving them along with a burger or as an appetizer at your next gathering.",
  "Metadata": [
    "Prep Time:  5minutes",
    "Cook Time:  20minutes",
    "Total Time:  25minutes",
    "Servings:  4people"
  ],
  "Ingredients": [
    "1- 14 ounce bag frozen onion rings",
    "non-stick cooking spray"
  ],
  "Instructions": [
    "Layer half of the bag of frozen onion rings into the basket of the air fryer. Make sure to layer them in one layer making sure not to overlap the onion rings.",
    "Lightly spray the onion rings with non-stick cooking spray. This gives them extra crispiness.",
    "Close the air fryer and cook at 400 degrees Fahrenheit for 8-10 minutes.",
    "Halfway through the cooking process, open the basket and flip the onion rings. Continue to cook to desired crispness.",
    "Remove the cooked onion rings from the basket and repeat these steps for the remaining frozen onion rings.",
    "Enjoy right away with your favorite dipping sauce!"
  ],
  "Nutrition": [
    "Calories: 2kcal",
    "Carbohydrates: 0.3g",
    "Protein: 0.04g",
    "Fat: 0.003g",
    "Saturated Fat: 0.003g",
    "Sodium: 0.1mg",
    "Potassium: 5mg",
    "Fiber: 0.1g",
    "Sugar: 0.2g",
    "Vitamin A: 0.1IU",
    "Vitamin C: 0.3mg",
    "Calcium: 1mg",
    "Iron: 0.01mg",
    ""
  ],
  "Comments": [
    "Carol says:Excited to get the ŕecipes",
    "Kim says:Can you please send dipping sauce recipe",
    "Alyssa Rivers says:It’s Comeback Sauce! Here is the recipe: Comeback Sauce"
  ]
}