{
  "URL": "https://therecipecritic.com/air-fryer-sweet-potatoes/",
  "Summary": "Perfectly fluffy and tender on the inside, crispy on the outside, these Air Fryer Sweet Potatoes are going to rock your world! They are so creamy inside it's amazing. Just add your favorite topping and you'll have a new favorite way to eat these delicious sweet potatoes.",
  "Metadata": [
    "Prep Time:  5minutes",
    "Cook Time:  40minutes",
    "Total Time:  45minutes",
    "Servings:  3Sweet Potatoes"
  ],
  "Ingredients": [
    "3 sweet potatoes",
    "1 tablespoon olive oil",
    "salt",
    "cinnamon honey butter optional"
  ],
  "Instructions": [
    "Pierce the 3 sweet potatoes all over with a fork.  Place the sweet potatoes in the basket of your air fryer.  Rub with 1 tablespoon olive oil and salt.",
    "Turn the air fryer to 400 degrees Fahrenheit and let the sweet potatoes cook for 35-40 minutes or until tender.  Top with cinnamon honey butter if desired."
  ],
  "Nutrition": [
    "Calories: 236kcal",
    "Carbohydrates: 45g",
    "Protein: 4g",
    "Fat: 5g",
    "Saturated Fat: 1g",
    "Polyunsaturated Fat: 1g",
    "Monounsaturated Fat: 3g",
    "Sodium: 124mg",
    "Potassium: 762mg",
    "Fiber: 7g",
    "Sugar: 9g",
    "Vitamin A: 32063IU",
    "Vitamin C: 5mg",
    "Calcium: 68mg",
    "Iron: 1mg",
    ""
  ],
  "Comments": []
}