{
  "URL": "https://therecipecritic.com/air-fryer-fried-pickles/",
  "Summary": "Air Fryer Fried Pickles are the ultimate appetizer! They are tangy, zippy and perfectly seasoned! ",
  "Metadata": [
    "Prep Time:  5minutes",
    "Cook Time:  10minutes",
    "Total Time:  15minutes",
    "Servings:  4People"
  ],
  "Ingredients": [
    "2 cups dill pickle slices",
    "1/2 cup flour",
    "1 large egg",
    "1 Tablespoon water",
    "1/2 cup bread crumbs",
    "1/4 cup grated Parmesan",
    "1 Tablespoon Italian seasoning"
  ],
  "Instructions": [
    "Lay the pickles on a paper towel and pat dry.  In the first small bowl add the flour.  In the second small bowl add the egg and whisk with the water.  In the last bowl add the bread crumbs, parmesan, and italian seasoning.",
    "Dip each pickle in the flour, then the egg and lastly in the bread crumb mixture.",
    "Lay the pickles in a single layer in the air fryer basket.  Cook at 400 degrees for 8-10 minutes.  Serve with your favorite dipping sauce."
  ],
  "Nutrition": [
    "Calories: 167kcal",
    "Carbohydrates: 25g",
    "Protein: 8g",
    "Fat: 4g",
    "Saturated Fat: 2g",
    "Trans Fat: 1g",
    "Cholesterol: 52mg",
    "Sodium: 839mg",
    "Potassium: 150mg",
    "Fiber: 2g",
    "Sugar: 2g",
    "Vitamin A: 274IU",
    "Vitamin C: 1mg",
    "Calcium: 153mg",
    "Iron: 2mg",
    ""
  ],
  "Comments": [
    "Eli says:Amazing!",
    "Dusty says:I didn’t have breadcrumbs so seasoned the flour and dredged in that twice and they still came out amazing. Will be making again at some point",
    "Vicki says:If I use spears, how much longer do I cook them in the air fryer?",
    "Alyssa Rivers says:I would add a minute or two onto the overall cooking time!",
    "Jacques Thibodeau says:Haven’t tried these yet, but it looks delish.  Could you not also skewer them standing on their edge?  This would allow more to be air fried at the same time.",
    "David says:What brand of air fryer do you recomend?",
    "Alyssa Rivers says:I like the “Beautiful” air fryer from Walmart by Drew Barrymore. I also have one from Costco that I love as well that is the “Gourmia” brand.",
    "Kate says:These were fantastic. I changed the recipe slightly (Cajun seasoning instead of Italian) but these were great. Thank you!",
    "Chupika130 says:These were really good and I was using a store brand pickle, too.  I dipped em into my homemade yum yum sauce.",
    "Matt says:These were so fun to make and a huge hit at a tailgate last weekend. Thanks for sharing!"
  ]
}