{
  "URL": "https://therecipecritic.com/air-fryer-flank-steak/",
  "Summary": "No more firing up the grill to enjoy juicy and tender steak. This flavorful flank steak comes together quickly after it is marinated and air-fried to perfection!",
  "Metadata": [
    "Prep Time:  30minutes",
    "Cook Time:  12minutes",
    "Total Time:  42minutes",
    "Servings: 4"
  ],
  "Ingredients": [
    "2 pounds flank steak",
    "1 tablespoon olive oil",
    "1 lime, juiced",
    "2 tablespoons orange juice",
    "2 tablespoons soy sauce",
    "3 cloves garlic, minced",
    "½ teaspoon oregano",
    "1 teaspoon chili powder",
    "½ teaspoon ground cumin",
    "1 teaspoon salt",
    "½ teaspoon ground pepper"
  ],
  "Instructions": [
    "Place the flank steak In a gallon-sized sealable bag and set it aside.",
    "In a medium bowl, combine the rest of the ingredients listed and whisk until combined.",
    "Pour the marinade into the bag with the flank steak.  Seal tightly removing any excess air.  Store in the refrigerator and marinate for at least 20 minutes or as long as overnight.  The longer you can marinate the meat, the more flavorful and tender it will be.  Turn the bag occasionally making sure it is marinating evenly on all sides.",
    "When you are ready to air fry the meat, drain the steak from the marinade and discard the marinade.",
    "Preheat the air fryer to 400° Farenheit. Add the steak to the basket and cook for about 5-7 minutes on each side only flipping once.  Cook time depends on the thickness of your steak.  Cook until the internal temperature reads 140-145° Fahrenheit or 130° Farhenheit for medium-rare.  Let rest 5 minutes before slicing.",
    "Thinly slice steak against the grain.  Enjoy the meat as is, or serve in tacos, burritos, nachos, or salads."
  ],
  "Nutrition": [
    "Calories: 363kcal",
    "Carbohydrates: 5g",
    "Protein: 50g",
    "Fat: 15g",
    "Saturated Fat: 5g",
    "Polyunsaturated Fat: 1g",
    "Monounsaturated Fat: 7g",
    "Cholesterol: 136mg",
    "Sodium: 1214mg",
    "Potassium: 856mg",
    "Fiber: 1g",
    "Sugar: 1g",
    "Vitamin A: 183IU",
    "Vitamin C: 10mg",
    "Calcium: 69mg",
    "Iron: 4mg"
  ],
  "Comments": [
    "Carmen says:Will be trying this soon!Just as an aside for other readers – if you slice against the grain instead of with it (slice from other end than shown in photo) it will be much more tender/chewable."
  ]
}