{
  "URL": "https://therecipecritic.com/air-fryer-chicken-breast/",
  "Summary": "Tender and Juicy Air Fryer Chicken is golden and crispy on the outside and moist and delicious on the inside. ",
  "Metadata": [
    "Prep Time:  5minutes",
    "Cook Time:  18minutes",
    "Total Time:  23minutes",
    "Servings:  4People"
  ],
  "Ingredients": [
    "2 boneless skinless chicken breasts",
    "1 tablespoon olive oil",
    "1 tablespoon Italian seasoning",
    "1 teaspoon garlic powder",
    "½ teaspoon paprika",
    "salt and pepper to taste",
    "Brussels sprouts optional"
  ],
  "Instructions": [
    "Brush 1 tablespoon olive oil on 2 boneless skinless chicken breasts.",
    "In a small bowl, combine 1 tablespoon Italian seasoning, 1 teaspoon garlic powder, ½ teaspoon paprika, salt and pepper. Whisk to combine.",
    "Rub the seasoning onto both sides of the chicken breasts.",
    "Place the chicken in the air fryer basket. Cook at 360 degrees Fahrenheit for 9 minutes. Flip the chicken and add Brussels sprouts, if using. Cook for an additional 9 minutes or until the internal temperature is 165 degrees Fahrenheit.",
    "Allow the chicken to rest for 5 minutes before slicing and enjoying!"
  ],
  "Nutrition": [
    "Calories: 102kcal",
    "Carbohydrates: 2g",
    "Protein: 12g",
    "Fat: 5g",
    "Saturated Fat: 1g",
    "Cholesterol: 36mg",
    "Sodium: 67mg",
    "Potassium: 234mg",
    "Fiber: 1g",
    "Sugar: 1g",
    "Vitamin A: 161IU",
    "Vitamin C: 1mg",
    "Calcium: 23mg",
    "Iron: 1mg"
  ],
  "Comments": [
    "Patty says:Are you supposed to split each breast? The recipe indicates that it is four servings but doesn’t mention splitting the 2 breasts. Thank you",
    "Alyssa Rivers says:I used 2 large chicken breast, about 1 pound total. The 4 servings would equal to 1/2 pound per person. You’re welcome to use 4 smaller breasts if you prefer. They might cook a little faster, so keep an eye on it!",
    "Lisa says:I used lemon pepper seasoning instead of the Italian, turned out so good, everyone really enjoyed this one.",
    "Christina says:This recipe was great and the chicken does stay juicy!",
    "Joyce says:Fabulous! Just fabulous!"
  ]
}