{
  "URL": "https://therecipecritic.com/air-fryer-tater-tots/",
  "Summary": "Air Fryer Tater Tots are just about the greatest thing to happen to potatoes ever! Crispy golden on the outside and tender on the inside, these are insanely delicious!",
  "Metadata": [
    "Prep Time:  5minutes",
    "Cook Time:  15minutes",
    "Total Time:  20minutes",
    "Servings:  4People"
  ],
  "Ingredients": [
    "16 ounce frozen tater tots",
    "1 teaspoon seasoning salt optional",
    "olive oil spray"
  ],
  "Instructions": [
    "Place frozen tater tots in the basket of your air fryer.  Sprinkle with seasoning salt. Spray with olive oil.",
    "Cook at 400 degrees for 10 minutes, then open the basket and shake the tots. Continue to cook for 5-8 minutes or until crisp."
  ],
  "Nutrition": [
    "Calories: 201kcal",
    "Carbohydrates: 29g",
    "Protein: 2g",
    "Fat: 9g",
    "Saturated Fat: 2g",
    "Sodium: 1067mg",
    "Potassium: 301mg",
    "Fiber: 2g",
    "Sugar: 1g",
    "Vitamin A: 5IU",
    "Vitamin C: 9mg",
    "Calcium: 15mg",
    "Iron: 1mg",
    ""
  ],
  "Comments": []
}