{
  "URL": "https://therecipecritic.com/air-fryer-chicken-thighs/",
  "Summary": "Crispy and Juicy Air Fryer Chicken Thighs are the perfect thing to make tonight! Perfectly seasoned, these are the most scrumptious chicken thighs EVER!",
  "Metadata": [
    "Prep Time:  5minutes",
    "Cook Time:  18minutes",
    "Total Time:  23minutes",
    "Servings:  4servings"
  ],
  "Ingredients": [
    "4 bone-in chicken thighs",
    "2 tablespoons olive oil",
    "2 teaspoons paprika",
    "1 teaspoon Italian seasoning",
    "1 teaspoon brown sugar",
    "½ teaspoon salt",
    "½ teaspoon pepper"
  ],
  "Instructions": [
    "Pat the 4 bone-in chicken thighs with a paper towel to dry and add them to a medium-sized bowl and coat them in 2 tablespoons olive oil.",
    "In a small bowl, combine 2 teaspoons paprika, 1 teaspoon Italian seasoning, 1 teaspoon brown sugar, ½ teaspoon salt, and ½ teaspoon pepper. Add the seasonings to the chicken and coat each one well.",
    "Place the chicken thighs, skin side down, in the basket of the air fryer. Cook at 380 degrees Fahrenheit for 10 minutes. Flip the chicken and cook for 7-8 more minutes until the internal temperature is 165 degrees Fahrenheit."
  ],
  "Nutrition": [
    "Calories: 387kcal",
    "Carbohydrates: 2g",
    "Protein: 24g",
    "Fat: 31g",
    "Saturated Fat: 7g",
    "Polyunsaturated Fat: 6g",
    "Monounsaturated Fat: 15g",
    "Trans Fat: 0.1g",
    "Cholesterol: 142mg",
    "Sodium: 403mg",
    "Potassium: 330mg",
    "Fiber: 1g",
    "Sugar: 1g",
    "Vitamin A: 615IU",
    "Vitamin C: 0.02mg",
    "Calcium: 24mg",
    "Iron: 1mg",
    ""
  ],
  "Comments": [
    "Danielle says:Soooo good-i make this several times a month.  Thank you!!",
    "Rena M. says:This was so, so good. I’ll be making it multiple times I can already tell. I accidentally bought boneless & skinless thighs but the recipe worked well, still juicy and tasty. I just reduced heat to 375 and reduced time to 15 minutes. Checked it after 10, then turned the chicken and cooked for the remaining 5. I’ve gotten away from brown sugar but used coconut sugar as a substitute (it’s 1:1) and it was fine. Next time I might even leave it out as I liked it a lot but for me it’s not necessary. Loved, loved, loved and look forward to trying more of your air fryer creations!",
    "Marissa says:Great recipe. I did have to adjust the cooking time to 35 minutes. I started with 25 and added 5 min twice because the inside was still raw. I don’t know.",
    "Brenda says:Thank you for this wonderful and delicious recipe.  Made it tonight and it was easy and so flavorful.  My new favorite!  It’s a 5 star!"
  ]
}