{
  "URL": "https://therecipecritic.com/air-fryer-frozen-broccoli/",
  "Summary": "Air fryer frozen broccoli is so easy and delicious! Whip up that classic roasted broccoli texture and flavor with no mess (and in under 10 minutes!) so that it can go with any meal! ",
  "Metadata": [
    "Prep Time:  2minutes",
    "Cook Time:  10minutes",
    "Total Time:  12minutes",
    "Servings: 4"
  ],
  "Ingredients": [
    "16 ounces Frozen Broccoli Florets",
    "Salt & Pepper to taste",
    "Olive Oil, to drizzle (optional)"
  ],
  "Instructions": [
    "Place frozen broccoli into the basket of the air fryer.",
    "Close the basket and air fry the broccoli for 10 minutes at 400 degrees Fahrenheit.",
    "Shake the basket halfway through to evenly cook the broccoli.",
    "Continue to cook for an additional 1-2 minutes if you want your broccoli more crispy.",
    "Once the broccoli is cooked to your liking, drizzle with olive oil, and season with salt and pepper.  Enjoy as a side to any entree!"
  ],
  "Nutrition": [
    "Calories: 39kcal",
    "Carbohydrates: 8g",
    "Protein: 3g",
    "Fat: 1g",
    "Saturated Fat: 1g",
    "Polyunsaturated Fat: 1g",
    "Monounsaturated Fat: 1g",
    "Sodium: 37mg",
    "Potassium: 358mg",
    "Fiber: 3g",
    "Sugar: 2g",
    "Vitamin A: 706IU",
    "Vitamin C: 101mg",
    "Calcium: 53mg",
    "Iron: 1mg",
    ""
  ],
  "Comments": [
    "S froehlich says:For air fryer broccoliDo I use air fryer setting or roast setting?",
    "Alyssa Rivers says:The air fryer setting!"
  ]
}