{
  "URL": "https://therecipecritic.com/air-fryer-frozen-shrimp/",
  "Summary": "Seafood lovers! Here is the EASIEST way to make crispy, breaded shrimp in the air fryer! Making air fryer frozen shrimp takes less than 10 minutes and turns out perfectly every time. The hardest part is choosing what dipping sauce to serve it with!",
  "Metadata": [
    "Cook Time:  8minutes",
    "Total Time:  8minutes",
    "Servings: 4"
  ],
  "Ingredients": [
    "16 ounces breaded frozen shrimp",
    "non-stick cooking spray",
    "squeeze of lemon,  optional"
  ],
  "Instructions": [
    "Preheat the air fryer to 400 degrees Fahrenheit.",
    "Add the frozen shrimp to the air fryer tray or basket in a single layer. Spray with non-stick cooking spray if you want it crispy.",
    "Close the basket and cook in the air fryer for 8 minutes flipping the shrimp halfway through at the 4-minute mark.",
    "Serve with a squeeze of lemon and dipping sauce on the side!"
  ],
  "Nutrition": [
    "Serving: 3ounces",
    "Calories: 386kcal",
    "Protein: 91g",
    "Fat: 2g",
    "Saturated Fat: 0.5g",
    "Polyunsaturated Fat: 1g",
    "Monounsaturated Fat: 0.4g",
    "Trans Fat: 0.02g",
    "Cholesterol: 730mg",
    "Sodium: 540mg",
    "Potassium: 1197mg",
    "Calcium: 290mg",
    "Iron: 2mg",
    ""
  ],
  "Comments": [
    "josef davis says:Recipe for air fryer shrimp dipping sauce",
    "Alyssa Rivers says:You could make Remoulade sauce or sweet chili sauce.",
    "Magnolia says:Air fryer frozen Shrimp are amazing and so easy. Try this recipe you will not be disappointed. Delicious!",
    "Claudia says:You really have a beautiful blog. So many yummy recipes! I confess I don’t even know how to use an air frier, but if I get one and came back to try your recipes!",
    "SCV says:This is a great recipe they came out really good thank you. 🙂"
  ]
}