{
  "URL": "https://therecipecritic.com/air-fryer-falafel/",
  "Summary": "Delicious air fryer falafel is a healthier and easier version without having to fry anything in oil. With a crispy outside shell and a tender center, this falafel is packed with flavor and nutrition.",
  "Metadata": [
    "Prep Time:  10minutes",
    "Cook Time:  12minutes",
    "Total Time:  22minutes",
    "Servings: 4"
  ],
  "Ingredients": [
    "15 oz Chickpeas,  drained and dried",
    "2 cups Parsley",
    "1 cup Cilantro",
    "1/4 cup Onion, chopped",
    "1/2 tbsp Garlic, minced",
    "1 tsp Cumin",
    "1 tsp Salt",
    "1/4 tsp Pepper",
    "1 small Jalapeno,  seeded and diced (optional)",
    "1 tsp Baking Soda (baking powder works too)",
    "1/4 cup Flour"
  ],
  "Instructions": [
    "In a food processor combine the chickpeas, parsley, cilantro, onion, garlic, cumin, salt, pepper, jalapeño, and baking soda. Pulse until smooth about 1 minute.",
    "Add the mixture to a medium-size bowl and stir in the flour. Scoop out about 2 tablespoons and shape it into a small ball.",
    "Place them in the basket of the air fryer.  Cook at 350° Fahrenheit for 7 minutes.  Flip them halfway through the cooking time and cook for an additional 5-7 minutes."
  ],
  "Nutrition": [
    "Serving: 3balls",
    "Calories: 243kcal",
    "Carbohydrates: 43g",
    "Protein: 12g",
    "Fat: 3g",
    "Saturated Fat: 1g",
    "Polyunsaturated Fat: 1g",
    "Monounsaturated Fat: 1g",
    "Sodium: 887mg",
    "Potassium: 596mg",
    "Fiber: 11g",
    "Sugar: 6g",
    "Vitamin A: 2871IU",
    "Vitamin C: 48mg",
    "Calcium: 132mg",
    "Iron: 6mg"
  ],
  "Comments": []
}