{
  "URL": "https://therecipecritic.com/air-fryer-smores/",
  "Summary": "S'mores made easy in the air fryer! In just 7 minutes you'll have the most ooey-gooey air fryer smores, no campfire required! It's a quick and easy recipe you'll want to make all summer long.",
  "Metadata": [
    "Prep Time:  2minutes",
    "Cook Time:  5minutes",
    "Total Time:  7minutes",
    "Servings: 6"
  ],
  "Ingredients": [
    "12 graham cracker squares",
    "3 milk chocolate candy bars, divided",
    "6 marshmallows"
  ],
  "Instructions": [
    "Break the graham crackers in half to form 12 crackers.",
    "Place 4 graham cracker squares in the bottom of an air fryer basket. Top each one with a marshmallow.",
    "Air fry at 390 degrees Fahrenheit for 3-4 minutes or until the marshmallows are toasted.",
    "Break the candy bar into equal-sized pieces and place them over the marshmallows, then top with the remaining graham crackers.",
    "Enjoy immediately."
  ],
  "Nutrition": [
    "Serving: 1smore",
    "Calories: 557kcal",
    "Carbohydrates: 107g",
    "Protein: 8g",
    "Fat: 13g",
    "Saturated Fat: 4g",
    "Polyunsaturated Fat: 0.4g",
    "Monounsaturated Fat: 3g",
    "Cholesterol: 3mg",
    "Sodium: 599mg",
    "Potassium: 151mg",
    "Fiber: 3g",
    "Sugar: 51g",
    "Calcium: 95mg",
    "Iron: 4mg",
    ""
  ],
  "Comments": []
}