{
  "URL": "https://therecipecritic.com/air-fryer-chocolate-chip-cookies/",
  "Summary": "Air Fryer Chocolate Chip Cookies are crispy on the outside, ooey gooey on the inside. These cookies are going to change the way you cookie!",
  "Metadata": [
    "Prep Time:  10minutes",
    "Cook Time:  20minutes",
    "Total Time:  30minutes",
    "Servings:  12Cookies"
  ],
  "Ingredients": [
    "1 cup butter  softened",
    "¾ cup brown sugar",
    "1 cup sugar",
    "2 large eggs",
    "2 teaspoon vanilla",
    "3 ½ cups flour",
    "1 teaspoon baking soda",
    "1/2 teaspoon baking powder",
    "1 teaspoon salt",
    "2 cups milk chocolate chips"
  ],
  "Instructions": [
    "In a medium sized mixing bowl cream together cream butter, and sugars. Add eggs and vanilla and beat until fluffy.",
    "Add flour, baking soda, baking powder and salt until combined.  Add the chocolate chips and mix well.",
    "Line your air fryer with parchment paper. Using a 1 inch cookie scoop, scoop out the dough and drop 4 cookies into the basket of the air fryer.  Using a cup press the cookies so they are flat.  Bake at 350 for 5-7 minutes."
  ],
  "Nutrition": [
    "Calories: 550kcal",
    "Carbohydrates: 79g",
    "Protein: 6g",
    "Fat: 24g",
    "Saturated Fat: 14g",
    "Trans Fat: 1g",
    "Cholesterol: 76mg",
    "Sodium: 457mg",
    "Potassium: 92mg",
    "Fiber: 2g",
    "Sugar: 49g",
    "Vitamin A: 585IU",
    "Vitamin C: 1mg",
    "Calcium: 68mg",
    "Iron: 2mg",
    ""
  ],
  "Comments": []
}