{
  "URL": "https://therecipecritic.com/air-fryer-chicken-legs/",
  "Summary": "These Air Fryer Chicken Legs are crispy on the outside, juicy inside, and packed with flavor. A fast, mess-free dinner the whole family will love.",
  "Metadata": [
    "Prep Time:  5minutes",
    "Cook Time:  20minutes",
    "Total Time:  25minutes",
    "Servings:  4Chicken Legs"
  ],
  "Ingredients": [
    "4-6 chicken legs",
    "2 teaspoons paprika",
    "1 teaspoon Italian seasoning",
    "1 teaspoon brown sugar",
    "½ teaspoon salt",
    "½ teaspoon pepper",
    "2 tablespoons olive oil"
  ],
  "Instructions": [
    "Pat 4-6 chicken legs with a paper towel to dry. Add them to a medium-sized bowl.",
    "In a small bowl, combine 2 teaspoons paprika, 1 teaspoon Italian seasoning, 1 teaspoon brown sugar, ½ teaspoon salt and ½ teaspoon pepper.",
    "Add 2 tablespoons olive oil to the bowl of chicken and sprinkle with the seasonings, and toss until fully coated.",
    "Place the chicken legs in the basket of the air fryer. Cook at 380 degrees Fahrenheit for 10 minutes. Flip after 10 minutes and continue to cook for 7-8 more minutes until no longer pink and the internal temperature is 165 degrees Fahrenheit."
  ],
  "Nutrition": [
    "Calories: 346kcal",
    "Carbohydrates: 2g",
    "Protein: 21g",
    "Fat: 28g",
    "Saturated Fat: 7g",
    "Cholesterol: 120mg",
    "Sodium: 400mg",
    "Potassium: 284mg",
    "Fiber: 1g",
    "Sugar: 1g",
    "Vitamin A: 611IU",
    "Vitamin C: 1mg",
    "Calcium: 20mg",
    "Iron: 1mg"
  ],
  "Comments": [
    "Trish Shaffer says:These were extra juicy! I have a Toaster Oven-Size air fryer. Temperature was 400° for 8 minutes turn over cook for 7 additional minutes and let’s stand 10 minutes.",
    "Danielle Williamson says:I was a little perplexed by the instructions that talk about putting the chicken legs skin side down. There is no side which is not a skin side on a chicken leg.",
    "Pat says:Perfect! These are so tasty and live!Thanks…..went over great with new company ❤️",
    "Bridie says:Delicious.  Followed recipe as is and family enjoyed it.  Will make again.  Thank you.",
    "Gary says:I used this recipe, only I used a quarter cup evoo and your seasonings for  A marinade.Mixed it all together and let it sit in a ziplock for 3 hours.Sorry but I put it outside on the grill because temps are to hot here to cook inside.Absolutely the best chicken I ever cooked on a grill!  Doing this again.",
    "Tracy Poole says:Easy and delicious. I’ll be making again!",
    "Diana says:Delicious and super easy!  Thank you!  I almost added garlic, because I just think chicken needs garlic….but I held myself back.  It was still great and didn’t even miss the garlic.",
    "Jill says:Best chicken ever and so easy.",
    "Anna E says:Tried this tonight. So delicious!!",
    "klost says:Lovely recipe – Even my teeth were sweating after the pepper on the skin. Very tasty",
    "Kitty says:Did not care for the flavor profile at all. The brown sugar with everything else was just weird",
    "Diane S. says:My 8 yr old son loved them! I made them exactly as the recipe stated. I have an Instant Omni Plus Air Fryer/Toaster Oven.",
    "Denise Rush says:How do i air fry the drumsticks without all that just my regular seasonings. How long should i cook them and at wat temp.",
    "Alyssa Rivers says:You can follow these same cooking instructions, just add your own seasonings instead!",
    "Wes says:Don’t use olive oil. It has a low smoke and is expensive. Instead use vegetable or corn oil."
  ]
}