{
  "URL": "https://therecipecritic.com/air-fryer-hash-browns/",
  "Summary": "Make mornings easier with these air fryer hash browns cooked perfectly in minutes! Crispy, golden, and seasoned to taste like your favorite diner hash browns. ",
  "Metadata": [
    "Prep Time:  6minutes",
    "Cook Time:  6minutes",
    "Total Time:  12minutes",
    "Servings: 2"
  ],
  "Ingredients": [
    "16 ounces frozen hashbrowns",
    "1 teaspoon seasoning salt",
    "1/4 teaspoon pepper",
    "olive oil spray"
  ],
  "Instructions": [
    "Spread the hash browns into the bottom of your air fryer basket in a single layer.  Sprinkle with seasoning salt and pepper.  Spray with olive oil spray.",
    "Cook at 370 degrees for 6 minutes.  Open the air fryer and flip hash browns.  Spray with olive oil spray and continue to cook for 5-7 minutes or until they are golden and crispy on top."
  ],
  "Nutrition": [
    "Serving: 1cup",
    "Calories: 187kcal",
    "Carbohydrates: 40g",
    "Protein: 5g",
    "Fat: 1g",
    "Saturated Fat: 0.4g",
    "Polyunsaturated Fat: 1g",
    "Monounsaturated Fat: 0.03g",
    "Sodium: 1213mg",
    "Potassium: 650mg",
    "Fiber: 3g",
    "Vitamin A: 1IU",
    "Vitamin C: 19mg",
    "Calcium: 25mg",
    "Iron: 2mg",
    ""
  ],
  "Comments": []
}