{
  "URL": "https://therecipecritic.com/air-fryer-oreos/",
  "Summary": "Get all the deliciousness of deep-fried Oreos without the mess or calories in this quick and easy air fryer Oreos recipe! It only takes 3 ingredients to make them and they’ll have the whole family hooked!",
  "Metadata": [
    "Prep Time:  5minutes",
    "Cook Time:  8minutes",
    "Total Time:  13minutes",
    "Servings: 8"
  ],
  "Ingredients": [
    "2 packages crescent dough (8 oz each)",
    "16 oreos",
    "1 teaspoon powdered sugar"
  ],
  "Instructions": [
    "Roll out your crescent dough and pinch each seam together.",
    "Cut the dough into 8 squares. Place an Oreo in the middle of each square and fold all the sides around the Oreo.",
    "Press the seams down to seal them. Pace them in an air fryer basket. Cook at 350 degrees for 3-4 minutes on each side.",
    "Once golden brown, remove from the air fryer and sprinkle the tops with powdered sugar."
  ],
  "Nutrition": [
    "Calories: 311kcal",
    "Carbohydrates: 40g",
    "Protein: 3g",
    "Fat: 17g",
    "Saturated Fat: 6g",
    "Polyunsaturated Fat: 5g",
    "Monounsaturated Fat: 4g",
    "Trans Fat: 1g",
    "Sodium: 538mg",
    "Potassium: 56mg",
    "Fiber: 1g",
    "Sugar: 16g",
    "Vitamin A: 1IU",
    "Calcium: 5mg",
    "Iron: 4mg",
    ""
  ],
  "Comments": [
    "Trish Evans says:I only had the Blond Oreo Cookies on hand and thought why not?  These were decadent, magnificent, easy and fun.  Quite addicting.  For a hint of chocolate, I also placed a small rectangle of Hershey’s Chocolate on the cookie before wrapping.  Absolutely mouthwatering.",
    "Kel says:Can You Store Leftover Air Fryer Oreos?  Really? That question has never come up for us.  If you have leftovers you haven’t eaten enough. 😉",
    "Alba Dickens says:Can you use the oreos with the chocolate icing all around them or will it make it deep through the batter?",
    "Alyssa Rivers says:I haven’t tried those ones before, let me know how they turn out!",
    "Sabrina says:this is the best excuse yet that I’ve seen to get an air fryer, ha, great idea and love the puff pastry coating, thank you!",
    "Alyssa Rivers says:Haha I agree!"
  ]
}