{
  "URL": "https://therecipecritic.com/air-fryer-nachos/",
  "Summary": "Air fryer nachos are loaded with cheese and vegetables and cooked to absolute perfection. This quick and easy appetizer is perfect for game day or any family get-together! ",
  "Metadata": [
    "Prep Time:  5minutes",
    "Cook Time:  5minutes",
    "Total Time:  10minutes",
    "Servings:  4people"
  ],
  "Ingredients": [
    "3 cups tortilla chips",
    "1/3 cup black beans",
    "1/4 cup olives",
    "1 jalapeno sliced",
    "1 cup shredded cheese I used Colby jack",
    "1 roma tomato sliced",
    "1 avocado sliced",
    "sour cream",
    "chopped cilantro"
  ],
  "Instructions": [
    "Add the tortilla chips to the bottom of the air fryer basket. Top with beans, olives, jalapeños, and shredded cheese.",
    "Cook at 350 degrees in the air fryer for 3-5 minutes or until cheese is melted.",
    "Top with tomato, avocado, sour cream, and chopped cilantro."
  ],
  "Nutrition": [
    "Calories: 557kcal",
    "Carbohydrates: 78g",
    "Protein: 18g",
    "Fat: 20g",
    "Saturated Fat: 6g",
    "Polyunsaturated Fat: 4g",
    "Monounsaturated Fat: 9g",
    "Cholesterol: 22mg",
    "Sodium: 673mg",
    "Potassium: 599mg",
    "Fiber: 10g",
    "Sugar: 2g",
    "Vitamin A: 553IU",
    "Vitamin C: 11mg",
    "Calcium: 295mg",
    "Iron: 2mg"
  ],
  "Comments": [
    "Ray Klepper says:Great recipes"
  ]
}