{
  "URL": "https://therecipecritic.com/air-fryer-parmesan-chicken/",
  "Summary": "Air fryer chicken parmesan is cheesy, crispy, and cooks up in less than 10 minutes! It’s an easy-to-make dinner that your family will go crazy over!",
  "Metadata": [
    "Prep Time:  20minutes",
    "Cook Time:  13minutes",
    "Total Time:  33minutes",
    "Servings:  4people"
  ],
  "Ingredients": [
    "2 Chicken Breasts sliced in half",
    "3/4 teaspoon Salt",
    "3/4 teaspoon Italian Seasoning Mix",
    "1/4 cup All Purpose Flour",
    "2 large Eggs",
    "1/2 teaspoon Garlic Powder",
    "1/2 teaspoon Salt",
    "1 cup Panko Breadcrumbs",
    "1/2 cup grated Parmesan",
    "1 cup Homemade Marinara or Pasta Sauce",
    "1 cup shredded Mozzarella",
    "1/2 cup grated Parmesan"
  ],
  "Instructions": [
    "Slice each chicken breast in half lengthwise and sprinkle with salt and Italian seasoning mix. Set aside.",
    "Create a breading station by placing flour on a plate. In a deep dish, whisk together egg, salt, and garlic powder. Mix panko breadcrumbs and parmesan on another plate.",
    "Dust the chicken with flour.",
    "Then dip it well into the egg mixture, shake off excess egg.",
    "Last coat the chicken in the parmesan panko mixture.",
    "Place the chicken on a wire rack and repeat with the remaining chicken.",
    "Place in the basket of the air fryer and cook at 390 degrees for 5 minutes. Flip the chicken and cook for an additional 5 minutes. Top with marinara sauce, shredded cheese and cook for an additional 3 minutes in the air fryer until the chicken reaches 165 degrees and cheese is melted."
  ],
  "Nutrition": [
    "Calories: 461kcal",
    "Carbohydrates: 22g",
    "Protein: 47g",
    "Fat: 20g",
    "Saturated Fat: 10g",
    "Polyunsaturated Fat: 2g",
    "Monounsaturated Fat: 6g",
    "Trans Fat: 1g",
    "Cholesterol: 209mg",
    "Sodium: 1882mg",
    "Potassium: 755mg",
    "Fiber: 2g",
    "Sugar: 4g",
    "Vitamin A: 846IU",
    "Vitamin C: 6mg",
    "Calcium: 482mg",
    "Iron: 3mg",
    ""
  ],
  "Comments": [
    "Tracey says:This is my go to for chicken parm. I bake it in the oven at 400. Perfect every time.",
    "Jane says:Wonderful dish.  Didn’t change a thing.  Easy and delicious.  Plan to make this again.  Thank you.",
    "Monica @ Nourish and Fete says:So dang delicious! I cannot believe how fantastic the results are from the air fryer, and I love the simplicity, too!"
  ]
}