{
  "URL": "https://therecipecritic.com/air-fryer-potato-wedges/",
  "Summary": "Air Fryer Potato Wedges are crispy with seasoning on the outside and perfectly tender on the inside! These are so insanely delicious you are going to love them!",
  "Metadata": [
    "Prep Time:  5minutes",
    "Cook Time:  15minutes",
    "Total Time:  20minutes",
    "Servings:  4servings"
  ],
  "Ingredients": [
    "3-4 large russet potatoes",
    "1/4 cup extra virgin olive oil",
    "1 Tablespoon garlic powder",
    "1 Tablespoon Italian seasoning",
    "1 teaspoon  salt or to taste",
    "1/4 teaspoon  Freshly ground black pepper or to taste",
    "1/2 cup freshly grated Parmesan",
    "Chopped fresh parsley for garnish"
  ],
  "Instructions": [
    "Cut each potato lengthwise in half. Cut each half into three wedges.",
    "In a large bowl add the potato wedges, olive oil, garlic powder, Italian seasoning, grated parmesan salt and pepper.",
    "Place the potatoes in the basket of your air fryer.  Cook for 390 for 15 minutes.  Shake the basket every 5 minutes until crispy and golden brown.",
    "Garnish with fresh parsley and serve with ketchup, ranch, or sauce of choice."
  ],
  "Nutrition": [
    "Calories: 402kcal",
    "Carbohydrates: 53g",
    "Protein: 11g",
    "Fat: 17g",
    "Saturated Fat: 4g",
    "Cholesterol: 11mg",
    "Sodium: 207mg",
    "Potassium: 1209mg",
    "Fiber: 4g",
    "Sugar: 2g",
    "Vitamin A: 132IU",
    "Vitamin C: 16mg",
    "Calcium: 196mg",
    "Iron: 3mg"
  ],
  "Comments": [
    "Jason says:They did not turn out light and fluffy tender inside… very disappointed",
    "Alyssa Rivers says:Oh no, what happened?",
    "Desiree says:What if you dont have freshly grated parmesan? Does it matter?",
    "Alyssa Rivers says:You can use any parmesan that you have on hand however, I do love freshly grated parmesan the best!",
    "D. Baker says:This sounds like a great recipe!  And not have to heat up my kitchen using the oven.Can anyone recommend a particular air fryer?Thanks",
    "Alyssa Rivers says:I use the 6 qt Touchscreen Air Fryer by Drew Barrymore from Walmart!",
    "Jen says:These turned out exactly like I wanted! I honestly wasn’t super sure about trying this recipe at first because it didn’t have any ratings, but I followed the (pretty simple) directions exactly and got delicious, flavorful wedges. Will definitely be saving this recipe and highly recommend!"
  ]
}