{
  "URL": "https://therecipecritic.com/air-fryer-chickpeas/",
  "Summary": "Air fryer chickpeas are crispy and flavored to perfection! With three different ways to season them, there will be a flavor for everyone. These crunchy, roasted chickpeas will become your new go-to snack!",
  "Metadata": [
    "Prep Time:  5minutes",
    "Cook Time:  12minutes",
    "Total Time:  17minutes",
    "Servings:  4people"
  ],
  "Ingredients": [
    "1 (15 ounce can) of chickpeas",
    "1 tablespoon olive oil",
    "1 teaspoon garlic",
    "1/2 teaspoon salt",
    "1/2 teaspoon paprika",
    "1/4 teaspoon pepper",
    "1 (15 ounce can) of Chickpeas",
    "1 tablespoon Olive Oil",
    "2 tablespoons Parmesan",
    "1  teaspoon Garlic",
    "1/2  teaspoon salt",
    "1 (15 ounce can) of Chickpeas",
    "1 tablespoon Olive Oil",
    "1 1/2  tablespoons Homemade Taco Seasoning"
  ],
  "Instructions": [
    "Rinse and drain the can of chickpeas, then pat them dry. In a bowl combine the chickpeas, olive oil, garlic, salt, paprika, and pepper. (Or desired seasoning.)",
    "Spray the air fryer basket with olive oil. Place chickpeas in the air fryer at 350 degrees for 10-12 minutes, shaking the basket halfway through."
  ],
  "Nutrition": [
    "Calories: 108kcal",
    "Carbohydrates: 1g",
    "Protein: 1g",
    "Fat: 11g",
    "Saturated Fat: 2g",
    "Polyunsaturated Fat: 1g",
    "Monounsaturated Fat: 8g",
    "Cholesterol: 2mg",
    "Sodium: 698mg",
    "Potassium: 17mg",
    "Fiber: 1g",
    "Sugar: 1g",
    "Vitamin A: 231IU",
    "Vitamin C: 1mg",
    "Calcium: 34mg",
    "Iron: 1mg"
  ],
  "Comments": [
    "Megan says:Excellent!! Even my husband loved them.",
    "Tiffany says:Is it supposed to be raw garlic or garlic powder?",
    "Alyssa Rivers says:Garlic powder!",
    "maretta stephens says:Recipe Critic ALWAYS means a recipe that I will love and want to make!!"
  ]
}