{
  "URL": "https://therecipecritic.com/air-fryer-chicken-fajitas/",
  "Summary": "These air fryer fajitas are packed to the brim with flavor but only take a few minutes to make! They are perfect for those on-the-go, busy nights, and everyone will go crazy over them! ",
  "Metadata": [
    "Prep Time:  10minutes",
    "Cook Time:  10minutes",
    "Total Time:  20minutes",
    "Servings:  6People"
  ],
  "Ingredients": [
    "1 pound Chicken Breast",
    "1/2 Red Bell Pepper (sliced)",
    "1/2 Yellow Bell Pepper (sliced)",
    "1/2 Green Bell Pepper  (sliced)",
    "1/2 Medium Sized Onion (sliced)",
    "2 Tablespoons Olive Oil",
    "3 Tablespoons Homemade Fajita Seasoning (or Store-Bought)",
    "Flour Tortillas (For Serving)"
  ],
  "Instructions": [
    "To start, cut the chicken breast into thin slices.  Add it to a medium-sized bowl with bell peppers and onion.",
    "Add in the olive oil and fajita seasoning and toss to coat.",
    "Add it to the basket of your air fryer.  Cook at 390 degrees for 10 minutes or until cooked throughout and no longer pink.  Serve with homemade tortillas if desired."
  ],
  "Nutrition": [
    "Calories: 141kcal",
    "Carbohydrates: 3g",
    "Protein: 16g",
    "Fat: 7g",
    "Saturated Fat: 1g",
    "Polyunsaturated Fat: 1g",
    "Monounsaturated Fat: 4g",
    "Trans Fat: 1g",
    "Cholesterol: 48mg",
    "Sodium: 190mg",
    "Potassium: 352mg",
    "Fiber: 1g",
    "Sugar: 1g",
    "Vitamin A: 507IU",
    "Vitamin C: 41mg",
    "Calcium: 9mg",
    "Iron: 1mg",
    ""
  ],
  "Comments": [
    "Bee Oreskovich says:I’m new to air frying. Do you preheat the fryer?",
    "Alyssa Rivers says:Once you set your air fryer to your desired temperature and press start, it will usually let you know when to add your food! It all depends on the recipe, though. Some will tell you to begin cooking it while it preheats, in other recipes, the cooking time starts once the air fryer has warmed up.",
    "Debra Moore says:I made this last night in my Ninja Foodi Grill and it was delicious.  I also made your Fajita seasoning for this recipe.  I think I will use a whole onion next time as they added a lot of flavor and cooked more than the pepper. ."
  ]
}