{
  "URL": "https://therecipecritic.com/air-fryer-salmon/",
  "Summary": "Melt-in-your-mouth brown sugar garlic air fryer salmon is juicy, tender and full of flavor. Salmon is so good, especially when it's cooked right, and the air fryer makes it perfect every time! It's an easy, hands-off way to make a scrumptious meal.",
  "Metadata": [
    "Prep Time:  5minutes",
    "Cook Time:  10minutes",
    "Total Time:  15minutes",
    "Servings:  4People"
  ],
  "Ingredients": [
    "1 pound salmon",
    "salt and pepper",
    "2 tablespoons brown sugar",
    "1 teaspoon chili powder",
    "1/2 teaspoon paprika",
    "1 teaspoon Italian seasoning",
    "1 teaspoon garlic powder"
  ],
  "Instructions": [
    "Salt and pepper the salmon.  In a small bowl add the brown sugar, chili powder, paprika, Italian seasoning and garlic powder.  Rub on the salmon.",
    "In the basket of your air fryer add the salmon skin side down. Turn the air fryer to 400 degrees and cook for 10 minutes.  If adding asparagus add to the basket after 5 minutes."
  ],
  "Nutrition": [
    "Calories: 190kcal",
    "Carbohydrates: 7g",
    "Protein: 23g",
    "Fat: 7g",
    "Saturated Fat: 1g",
    "Cholesterol: 62mg",
    "Sodium: 61mg",
    "Potassium: 574mg",
    "Fiber: 1g",
    "Sugar: 6g",
    "Vitamin A: 317IU",
    "Calcium: 27mg",
    "Iron: 1mg",
    ""
  ],
  "Comments": [
    "CarolK says:It was very hot here today. I looked for air fryer salmon recipes, so I wouldn’t need to use the oven. This was perfect, and delicious! We’ll have it again soon. The only change I made was to use smoked paprika, because I couldn’t find my regular paprika. It was perfect!",
    "Shannon says:This has become our favorite salmon recipe. So easy and delicious!",
    "Al says:This has become my go to salmon recipe. It is absolutely delicious!",
    "Alyssa Rivers says:I’m so glad you like it! I use it all the time because my kids will actually eat it!",
    "Ann says:Looks delicious.  Can this same recipe be done in the oven?",
    "Alyssa Rivers says:You can follow this recipe, it is baked in the oven.",
    "Denise Sharpe says:Best salmon ever!!",
    "Paula says:So completely delicious-and fast and easy. This is definitely a game changer. I will be making this regularly. Thank you!",
    "Greg says:Trying this recipe tonight!  I love the combo of paprika and brown sugar on wings, so I already like this spice mix."
  ]
}