{
  "URL": "https://therecipecritic.com/air-fryer-broccoli/",
  "Summary": "Crunchy yet tender this Air Fryer Roasted Garlic Broccoli is going to become a favorite side dish. Super quick and easy this is the best way to cook broccoli guaranteed!",
  "Metadata": [
    "Prep Time:  5minutes",
    "Cook Time:  10minutes",
    "Total Time:  15minutes",
    "Servings:  4People"
  ],
  "Ingredients": [
    "4 cups broccoli florets",
    "1 Tablespoons olive oil",
    "3 cloves garlic minced",
    "1 Tablespoon italian seasoning",
    "salt and pepper"
  ],
  "Instructions": [
    "In a medium sized bowl add the broccoli, olive oil, garlic, italian seasoning and salt and pepper. Toss to coat evenly.",
    "Add the broccoli to your air fryer basket.  Cook at 400 degrees for 8-10 minutes or until tender."
  ],
  "Nutrition": [
    "Calories: 69kcal",
    "Carbohydrates: 8g",
    "Protein: 3g",
    "Fat: 4g",
    "Saturated Fat: 1g",
    "Polyunsaturated Fat: 0.5g",
    "Monounsaturated Fat: 3g",
    "Sodium: 31mg",
    "Potassium: 312mg",
    "Fiber: 3g",
    "Sugar: 2g",
    "Vitamin A: 588IU",
    "Vitamin C: 82mg",
    "Calcium: 67mg",
    "Iron: 1mg",
    ""
  ],
  "Comments": [
    "Kathy Beiermann says:Very tasty, easy to cook in air fryer. Anyone dieting should try this!!"
  ]
}