{
  "URL": "https://therecipecritic.com/air-fryer-corn-dogs/",
  "Summary": "From freezer to fair-style crisp in minutes! Your air fryer makes the perfect corn dog every time.",
  "Metadata": [
    "Prep Time:  5minutes",
    "Cook Time:  10minutes",
    "Total Time:  15minutes",
    "Servings:  5Corn Dogs"
  ],
  "Ingredients": [
    "5 frozen corndogs",
    "olive oil spray"
  ],
  "Instructions": [
    "Arrange 5 frozen corndogs in the bottom of the air fryer basket. <img decoding=\"async\" width=\"500\" height=\"334\" src=\"https://therecipecritic.com/wp-content/uploads/2021/02/airfryercorndogs-500x334.jpg\" class=\"attachment-medium size-medium\" alt=\"\" srcset=\"https://therecipecritic.com/wp-content/uploads/2021/02/airfryercorndogs-500x334.jpg 500w, https://therecipecritic.com/wp-content/uploads/2021/02/airfryercorndogs-400x267.jpg 400w, https://therecipecritic.com/wp-content/uploads/2021/02/airfryercorndogs.jpg 1000w\" sizes=\"(max-width: 500px) 100vw, 500px\" data-jpibfi-post-excerpt=\"\" data-jpibfi-post-url=\"https://therecipecritic.com/air-fryer-corn-dogs/\" data-jpibfi-post-title=\"Air Fryer Corn Dogs\" data-jpibfi-src=\"https://therecipecritic.com/wp-content/uploads/2021/02/airfryercorndogs-500x334.jpg\" >",
    "Spray the corn dogs with olive oil spray.",
    "Cook at 360 degrees Fahrenheit for 8-10 minutes."
  ],
  "Nutrition": [
    "Calories: 147kcal",
    "Carbohydrates: 1g",
    "Protein: 5g",
    "Fat: 14g",
    "Saturated Fat: 6g",
    "Polyunsaturated Fat: 1g",
    "Monounsaturated Fat: 7g",
    "Cholesterol: 25mg",
    "Sodium: 461mg",
    "Potassium: 59mg",
    "Sugar: 1g",
    "Calcium: 5mg",
    "Iron: 1mg",
    ""
  ],
  "Comments": [
    "George Gershwin says:This is the single best thing I’ve ever read. I loved this recipe.",
    "Kenneth Hicks says:Can confirm, this is best way to cook corndogs.  Been doing it for years :  )",
    "Laura says:When you list this as “bake” at 360 for 8-10 minutes do you literally mean bake in your airfryer? My airfryer has the bake option and I want to make sure I am choosing the right one.",
    "Alyssa Rivers says:If your air fryer has different cooking options like that then use the air fry setting instead of bake."
  ]
}