{
  "URL": "https://therecipecritic.com/air-fryer-sausage-patties/",
  "Summary": "For a quick and delicious breakfast, try making frozen sausage patties in the air fryer! In less than 10 minutes they turn tender and juicy, perfect for adding to your favorite English muffins!",
  "Metadata": [
    "Prep Time:  2minutes",
    "Cook Time:  10minutes",
    "Total Time:  12minutes",
    "Servings: 6"
  ],
  "Ingredients": [
    "6-8 frozen sausage patties",
    "non-stick cooking spray"
  ],
  "Instructions": [
    "Preheat the air fryer to 390 degrees Fahrenheit.",
    "Add the frozen sausage patties to the air fryer tray or basket in a single layer. Cook more or less depending on the size of your patties. Spray with non-stick cooking spray if you want it crispy.",
    "Close the basket and cook in the air fryer for 4 minutes flipping the sausage halfway through the cooking process. Cook an additional 4 minutes or until it reaches desired crispiness.",
    "Serve warm and enjoy!"
  ],
  "Nutrition": [
    "Serving: 1patty",
    "Calories: 129kcal",
    "Protein: 6g",
    "Fat: 11g",
    "Saturated Fat: 4g",
    "Polyunsaturated Fat: 2g",
    "Monounsaturated Fat: 5g",
    "Trans Fat: 0.1g",
    "Cholesterol: 31mg",
    "Sodium: 270mg",
    "Potassium: 105mg",
    "Vitamin A: 32IU",
    "Vitamin C: 0.3mg",
    "Calcium: 4mg",
    "Iron: 0.5mg",
    ""
  ],
  "Comments": [
    "Momma R says:Sausage patties not done. Need higher temp and longer time."
  ]
}