{
  "URL": "https://therecipecritic.com/air-fryer-pineapple/",
  "Summary": "This amazing air fryer brown sugar pineapple is the easiest and most delicious snack! So juicy and sweet, this warm pineapple will become your new favorite way to eat this tropical fruit! ",
  "Metadata": [
    "Prep Time:  2minutes",
    "Cook Time:  12minutes",
    "Total Time:  12minutes",
    "Servings:  4servings"
  ],
  "Ingredients": [
    "4 cups Pineapple sliced",
    "1/2 cup Brown Sugar",
    "1/2 cup Butter melted",
    "1 teaspoon Cinnamon"
  ],
  "Instructions": [
    "In a medium sized bowl add the sliced pineapple.",
    "In a small bowl combine the brown sugar, butter and cinnamon.",
    "Toss the pineapple in the mixture.  Lay in a single layer in the bottom of an air fryer basket.",
    "Cook at 390 degrees for 10-12 minutes or until golden on the edges."
  ],
  "Nutrition": [
    "Calories: 392kcal",
    "Carbohydrates: 49g",
    "Protein: 1g",
    "Fat: 23g",
    "Saturated Fat: 15g",
    "Polyunsaturated Fat: 1g",
    "Monounsaturated Fat: 6g",
    "Trans Fat: 1g",
    "Cholesterol: 61mg",
    "Sodium: 192mg",
    "Potassium: 225mg",
    "Fiber: 3g",
    "Sugar: 43g",
    "Vitamin A: 806IU",
    "Vitamin C: 79mg",
    "Calcium: 56mg",
    "Iron: 1mg",
    ""
  ],
  "Comments": []
}