{
  "URL": "https://therecipecritic.com/air-fryer-hard-boiled-eggs/",
  "Summary": "These perfectly cooked air fryer hard-boiled eggs will blow your mind! Convenient, quick, and easy to peel every time, they will be your go-to for some quick protein for any meal! ",
  "Metadata": [
    "Prep Time:  1minute",
    "Cook Time:  15minutes",
    "Total Time:  16minutes",
    "Servings: 6"
  ],
  "Ingredients": [
    "6 large Eggs",
    "Cold Water and Ice (for cooling cooked eggs)"
  ],
  "Instructions": [
    "Preheat the air fryer to 270° Fahrenheit.",
    "Place your eggs in the basket and space them apart so they aren't touching.",
    "Select 15 minutes, and start the air fryer.",
    "Once the eggs are done cooking, place them in a bowl of ice water to stop the eggs from cooking any further.",
    "Once they are cooled, peel them, season them with salt and pepper, and enjoy!"
  ],
  "Nutrition": [
    "Serving: 1egg",
    "Calories: 86kcal",
    "Carbohydrates: 1g",
    "Protein: 8g",
    "Fat: 6g",
    "Saturated Fat: 2g",
    "Polyunsaturated Fat: 1g",
    "Monounsaturated Fat: 2g",
    "Trans Fat: 1g",
    "Cholesterol: 223mg",
    "Sodium: 85mg",
    "Potassium: 83mg",
    "Sugar: 1g",
    "Vitamin A: 324IU",
    "Calcium: 34mg",
    "Iron: 1mg"
  ],
  "Comments": [
    "Diane Fauvelle says:I put only three at a time in my air fryer. It took about 17 minutes to cook .I really liked  doing them in my fryer.Didn’t have to run to the  kitchen to turn them off.",
    "Irene Norton says:My air fryers lowest temperature is 300° . Can I still air fry eggs",
    "Alyssa Rivers says:I haven’t tried it at a higher temperature but you could try cooking them at 300 degrees for a little less time. Let me know if they turn out!",
    "MaryAnn says:Not sure what went wrong, but I followed the instructions exactly and the eggs were impossible to peel.I did 3 eggs (had been in fridge for about a week), 15 minutes at 270, ice water bath.  Egg white came off with pieces of shell.The dogs loved them, tho…. 🙂",
    "Nancy says:I have an air fryer oven…no basket.  Will this still work?",
    "Alyssa Rivers says:I haven’t tried that before but I think it will work fine!",
    "Hans says:I was afraid they would blow up!",
    "Posipati says:The recipe calls for cooking 6 eggs yet says that this will serve 5 …?",
    "Alyssa Rivers says:Thanks for letting me know! The typo is fixed!",
    "Lindsay Donaldson says:Ok. This is the point where I thought you lost your marbles.  Hard boiled eggs in the air fryer? Seriously? Ya. I tried it.  4 eggs…..  never ever will I boil them in water again. You are a genius. They were PERFECT.  So, my apologies. You are not crazy. 🙂",
    "Anne says:Can you cook only 2 eggs?",
    "Alyssa Rivers says:Yes! Cooking time will be the same."
  ]
}