{
  "URL": "https://therecipecritic.com/air-fryer-grilled-cheese/",
  "Summary": "This Air Fryer Grilled Cheese is the best I have ever had! Perfectly grilled to a crunchy golden brown on the outside and melty goodness on the inside. It's life changing.",
  "Metadata": [
    "Prep Time:  5minutes",
    "Cook Time:  10minutes",
    "Total Time:  15minutes",
    "Servings:  2Sandwiches"
  ],
  "Ingredients": [
    "4 slices sourdough bread*",
    "4 slices cheddar cheese or good melting cheese like American, gruyere, or gouda.",
    "2 tablespoons mayonnaise",
    "1 tablespoon softened butter"
  ],
  "Instructions": [
    "Gather 4 slices cheddar cheese and 4 slices sourdough bread*. Place 2 slices of cheese on two slices of bread. Top with the remaining slices of bread to create two sandwiches.",
    "Combine 2 tablespoons mayonnaise and 1 tablespoon softened butter in a small bowl. Spread the butter mixture on the outside of each slice of bread.",
    "Place the sandwiches in the air fryer basket. Cook at 360 degrees Fahrenheit for 5 minutes. Flip and cook an additional 5 minutes, or until toasted."
  ],
  "Nutrition": [
    "Calories: 632kcal",
    "Carbohydrates: 67g",
    "Protein: 22g",
    "Fat: 31g",
    "Saturated Fat: 12g",
    "Polyunsaturated Fat: 8g",
    "Monounsaturated Fat: 7g",
    "Trans Fat: 0.3g",
    "Cholesterol: 55mg",
    "Sodium: 1127mg",
    "Potassium: 180mg",
    "Fiber: 3g",
    "Sugar: 6g",
    "Vitamin A: 525IU",
    "Calcium: 310mg",
    "Iron: 5mg"
  ],
  "Comments": [
    "Ernest Ralston says:Consider including Swiss Cheese as well with its creamy sweet flavor.",
    "Kathi says:I use salted ghee instead of mayo and butter…it is amazing!",
    "Melissa C says:All 4 of my kids LOVED this grilled cheese and even asked for seconds! They are so picky, i wasn’t expecting them to eat much. They have never ate all their grilled cheese at any restaurant but devoured these in seconds. I ended up making a second batch right away because if the kids like it then you know its good! And making them in the air fryer is so easy and simple, just what this busy mama needs!",
    "Alyssa Rivers says:The best kind of review! ? Thanks for trying the recipe, Melissa!"
  ]
}