{
  "URL": "https://therecipecritic.com/air-fryer-chicken-nuggets/",
  "Summary": "Air fryer chicken nuggets are absolute perfection! They are crispy on the outside, tender on the inside, and are just waiting to be dipped in any of your favorite sauces! Your family will go crazy over them! ",
  "Metadata": [
    "Prep Time:  5minutes",
    "Cook Time:  15minutes",
    "Total Time:  20minutes",
    "Servings:  4people"
  ],
  "Ingredients": [
    "1 pound cubed chicken breast",
    "½ cup all-purpose flour",
    "½ teaspoon salt",
    "¼ teaspoon pepper",
    "¼ cup olive oil or melted butter",
    "3 cloves minced garlic",
    "1 cup panko breadcrumbs",
    "⅔ cup grated parmesan",
    "1 teaspoon dried parsley",
    "¼ teaspoon paprika"
  ],
  "Instructions": [
    "In a small bowl, whisk together the ½ cup all-purpose flour, ½ teaspoon salt, and ¼ teaspoon pepper.",
    "In a separate small bowl, whisk the ¼ cup olive oil or melted butter and 3 cloves minced garlic.",
    "In a third small bowl, combine the 1 cup panko breadcrumbs, ⅔ cup grated parmesan, 1 teaspoon dried parsley, and ¼ teaspoon paprika.",
    "Place the 1 pound cubed chicken breast in the flour mixture, then the oil, and lastly the Panko. Make sure to evenly coat each one.",
    "Spray the air fryer basket with oil and place the breaded nuggets inside.",
    "Cook the chicken at 400 degrees Fahrenheit for 7 minutes, then flip and cook another 7-10 minutes until crispy.",
    "Serve warm with homemade honey mustard"
  ],
  "Nutrition": [
    "Calories: 439kcal",
    "Carbohydrates: 26g",
    "Protein: 33g",
    "Fat: 22g",
    "Saturated Fat: 5g",
    "Polyunsaturated Fat: 2g",
    "Monounsaturated Fat: 12g",
    "Trans Fat: 0.01g",
    "Cholesterol: 87mg",
    "Sodium: 825mg",
    "Potassium: 511mg",
    "Fiber: 1g",
    "Sugar: 1g",
    "Vitamin A: 241IU",
    "Vitamin C: 2mg",
    "Calcium: 188mg",
    "Iron: 2mg",
    ""
  ],
  "Comments": [
    "Debra Murray says:Delish",
    "Bernie says:Winner, winner, chicken dinner! This was fantastic and will be added to the rotation. I followed the recipe without substitutions or adjusted quantities. OK, I always up the paprika but I didn’t even used smoked paprika which is usually automatic.I did however fail the reading comprehension portion of the test and combined all dry ingredients in one bowl. It seemed to work out just fine with tossing all the nuggets in the oil (used olive oil) and garlic (minced from a jar). Oh, I guess I did substitute chicken tenderloin for chicken breast. They are a lot easier to cut into right size pieces. I did 10 minutes on the first side and 4 minutes after turning. Not sure what the conversion time should be when using tenderloin instead of breast but the time/temperature seems to be totally dependent on your air fryer or convection oven. Just looking for “crisping” seems to be the way to go."
  ]
}