{
  "URL": "https://therecipecritic.com/air-fryer-avocado-fries/",
  "Summary": "Crispy and creamy, air fryer avocado fries are a quick and easy snack that the whole family will love! They're so delicious and perfect for dipping!",
  "Metadata": [
    "Prep Time:  5minutes",
    "Cook Time:  5minutes",
    "Total Time:  10minutes",
    "Servings: 4"
  ],
  "Ingredients": [
    "4 avocados slightly firm",
    "3 eggs",
    "1/2 cup flour",
    "1 cup panko",
    "1 Tablespoon Italian Seasoning",
    "1 teaspoon garlic powder",
    "1 teaspoon salt"
  ],
  "Instructions": [
    "Slice the avocados in half lengthwise and then cut into wedges. In a shallow dish add the eggs, in another dish add the flour, and the last dish adds the panko, Italian seasoning, garlic powder, and salt.",
    "Dip the avocado into the flour, then egg, and lastly in the panko. Lay in the basket of your air fryer.",
    "Spray the avocado with olive oil spray.  Cook at 360 degrees for 5-7 minutes.  Then flip over and cook for 5-7 minutes until golden and crispy."
  ],
  "Nutrition": [
    "Calories: 491kcal",
    "Carbohydrates: 42g",
    "Protein: 12g",
    "Fat: 34g",
    "Saturated Fat: 6g",
    "Polyunsaturated Fat: 5g",
    "Monounsaturated Fat: 21g",
    "Trans Fat: 1g",
    "Cholesterol: 123mg",
    "Sodium: 753mg",
    "Potassium: 1091mg",
    "Fiber: 15g",
    "Sugar: 2g",
    "Vitamin A: 493IU",
    "Vitamin C: 20mg",
    "Calcium: 93mg",
    "Iron: 4mg",
    ""
  ],
  "Comments": [
    "Pat Smart says:Do you leave the outer peel?",
    "Alyssa Rivers says:No, you will cut the avocado like normal before you coat them and put them in the air fryer!"
  ]
}