{
  "URL": "https://therecipecritic.com/air-fryer-frozen-taquitos/",
  "Summary": "These air fryer frozen taquitos are quick and easy to make for a snack, dinner or side dish! Inside each taquito is packed with protein and flavor! ",
  "Metadata": [
    "Prep Time:  5minutes",
    "Cook Time:  5minutes",
    "Total Time:  10minutes",
    "Servings:  10taquitos"
  ],
  "Ingredients": [
    "1 box José Olé Beef or Chicken Taquitos Flour also works",
    "olive oil spray",
    "shredded lettuce",
    "sliced olives",
    "chopped tomatoes",
    "sour cream",
    "avocado"
  ],
  "Instructions": [
    "Place 8-10 José Olé taquitos in a single layer in the air fryer basket.",
    "Cook at 400 degrees for 5-7 minutes.",
    "Serve with optional toppings and enjoy!"
  ],
  "Nutrition": [
    "Calories: 99kcal",
    "Carbohydrates: 5g",
    "Protein: 1g",
    "Fat: 9g",
    "Saturated Fat: 2g",
    "Polyunsaturated Fat: 1g",
    "Monounsaturated Fat: 6g",
    "Cholesterol: 3mg",
    "Sodium: 251mg",
    "Potassium: 262mg",
    "Fiber: 3g",
    "Sugar: 1g",
    "Vitamin A: 206IU",
    "Vitamin C: 6mg",
    "Calcium: 26mg",
    "Iron: 1mg"
  ],
  "Comments": [
    "Dianne says:Thank you! I love your air fryer recipes. They are quick, simple, and delicious!",
    "Alyssa Rivers says:Thank you so much for trying them!"
  ]
}