{
  "URL": "https://therecipecritic.com/air-fryer-pizza/",
  "Summary": "Pizza night just got a whole lot better with this Awesome Air Fryer Pizza! Perfectly cooked crust and exquisitely baked toppings, the air fryer does it again!",
  "Metadata": [
    "Prep Time:  5minutes",
    "Cook Time:  10minutes",
    "Total Time:  15minutes",
    "Servings:  1Pizza"
  ],
  "Ingredients": [
    "cornmeal",
    "1 pound fresh homemade pizza dough  or store bought",
    "1/4 cup pizza sauce",
    "Pepperoni",
    "1/2 cup mozzarella cheese shredded",
    "Italian seasoning"
  ],
  "Instructions": [
    "Sprinkle cornmeal in the bottom of your air fryer basket.  Roll the pizza dough 1/4 inch thick and place in the basket of the air fryer.  (see note)",
    "Spread the pizza sauce 1 inch from the edge.  Place pepperoni on top and sprinkle with cheese.",
    "Cook at 400 degrees for 10-12 minutes."
  ],
  "Nutrition": [
    "Calories: 183kcal",
    "Carbohydrates: 5g",
    "Protein: 13g",
    "Fat: 13g",
    "Saturated Fat: 7g",
    "Cholesterol: 44mg",
    "Sodium: 672mg",
    "Potassium: 245mg",
    "Fiber: 1g",
    "Sugar: 3g",
    "Vitamin A: 644IU",
    "Vitamin C: 4mg",
    "Calcium: 283mg",
    "Iron: 1mg"
  ],
  "Comments": []
}