{
  "URL": "https://therecipecritic.com/air-fryer-tilapia/",
  "Summary": "Using an air fryer and Cajun spices is the best way to cook up this tender fish! This air fryer cajun garlic butter tilapia is so easy and delicious, it's sure to become a new favorite lunch!",
  "Metadata": [
    "Prep Time:  5minutes",
    "Cook Time:  10minutes",
    "Total Time:  15minutes",
    "Servings:  4tilapia"
  ],
  "Ingredients": [
    "1 pound tilapia fillets",
    "salt and pepper",
    "1/4 cup butter, melted",
    "1 Tablespoon olive oil",
    "3 garlic cloves minced",
    "1 Tablespoon Cajun Seasoning"
  ],
  "Instructions": [
    "Salt and Pepper the tilapia fillets.",
    "In a small bowl whisk together the melted butter, olive oil, garlic and cajun seasoning. Spread evenly over the fish.",
    "Place the fish in the basket of the air fryer. Cook at 290 degrees for 5 minutes.  Flip the fish and cook for 3-4 minutes more or until flaky and opaque."
  ],
  "Nutrition": [
    "Calories: 250kcal",
    "Carbohydrates: 2g",
    "Protein: 23g",
    "Fat: 17g",
    "Saturated Fat: 8g",
    "Polyunsaturated Fat: 1g",
    "Monounsaturated Fat: 6g",
    "Trans Fat: 1g",
    "Cholesterol: 87mg",
    "Sodium: 162mg",
    "Potassium: 395mg",
    "Fiber: 1g",
    "Sugar: 1g",
    "Vitamin A: 1217IU",
    "Vitamin C: 1mg",
    "Calcium: 23mg",
    "Iron: 1mg",
    ""
  ],
  "Comments": [
    "Keeva says:This recipe is so good! My husband tried it, and he really loved it! I will make it again tomorrow! Thank you so much!",
    "Julie Benes says:I followed the recipe exactly and it was done (internal temp of 145 F), but not browned.  I think next time I will increase the heat from 290 to 350.  Great flavor.   thanks!",
    "Marcia S. says:I’ve made this so may times! My husband loves it! It comes out perfect every time. Thanks for the great recipe!",
    "Laura says:The Cajun garlic butter tilapia is wonderful ??",
    "daveor says:could you fry crappie fillets the same way?",
    "Alyssa Rivers says:I’ve never tried that! Let me know if you use this recipe for it and how it goes!"
  ]
}