{
  "URL": "https://therecipecritic.com/air-fryer-frozen-fish-sticks/",
  "Summary": "You're going to love how easy it is to make frozen fish sticks in the air fryer! They're golden, delicious, and ready for your favorite dips.",
  "Metadata": [
    "Cook Time:  12minutes",
    "Total Time:  12minutes",
    "Servings: 4"
  ],
  "Ingredients": [
    "20 frozen fish sticks",
    "olive oil spray",
    "homemade tartar sauce"
  ],
  "Instructions": [
    "Start by spraying your air fryer basket with olive oil.",
    "Add the frozen fish sticks to the basket.",
    "Bake at 400 degrees for 8 minutes, then flip them over and bake for another 3-5 minutes, or until golden and crispy.",
    "Make our tartar sauce recipe and dip your fish sticks in it!"
  ],
  "Nutrition": [
    "Calories: 220kcal",
    "Carbohydrates: 20g",
    "Protein: 11g",
    "Fat: 10g",
    "Saturated Fat: 2.5g",
    "Polyunsaturated Fat: 6g",
    "Monounsaturated Fat: 1.5g",
    "Cholesterol: 35mg",
    "Sodium: 420mg",
    "Potassium: 110mg",
    "Fiber: 1g",
    "Sugar: 1g"
  ],
  "Comments": []
}