{
  "URL": "https://therecipecritic.com/air-fryer-stuffed-peppers/",
  "Summary": "A super easy and delicious dinner begins here with Air Fryer Stuffed Peppers. Filled with a savory mixture and cooked to tender perfection, it is going to be a family favorite!",
  "Metadata": [
    "Prep Time:  15minutes",
    "Cook Time:  15minutes",
    "Total Time:  30minutes",
    "Servings:  4Stuffed Peppers"
  ],
  "Ingredients": [
    "4 whole bell peppers",
    "1 tablespoon olive oil",
    "1 small onion diced",
    "1 pound lean ground beef",
    "1 15 ounce can of diced tomatoes",
    "1 8 ounce can of tomato sauce",
    "2 cups rice cooked",
    "1 Tablespoon Italian Seasoning",
    "1 teaspoon garlic powder",
    "salt and pepper",
    "2 cups Colby Jack cheese shredded"
  ],
  "Instructions": [
    "To prepare the peppers, slice the tops off and remove any veins or seeds inside.  In a medium sized saucepan over medium high heat add the olive oil and onion.  Cook until almost tender.  Add in the ground beef and cook and crumble until no longer pink.",
    "Add in the diced tomatoes, tomato sauce, rice, Italian seasoning, garlic powder, and salt and pepper.",
    "Stuff the peppers with the mixture and place in the basket of the air fryer.",
    "Cook the peppers at 360 degrees until tender for for 10 minutes.  Top with cheese and then cook for an additional 2-3 minutes."
  ],
  "Nutrition": [
    "Calories: 797kcal",
    "Carbohydrates: 79g",
    "Protein: 47g",
    "Fat: 31g",
    "Saturated Fat: 17g",
    "Cholesterol: 133mg",
    "Sodium: 481mg",
    "Potassium: 633mg",
    "Fiber: 2g",
    "Sugar: 1g",
    "Vitamin A: 709IU",
    "Vitamin C: 3mg",
    "Calcium: 512mg",
    "Iron: 4mg"
  ],
  "Comments": [
    "Julie S says:I’ve never made stuffed peppers before, but these turned out so amazing, my husband said “add this to the meal rotation”!The only thing I would do… add more cheese… maybe IN the mixture and on top… because…. Cheese!",
    "Gosia says:Great recipe!",
    "Susan Cox says:This recipe was so easy and SO good! The green peppers were still crunchy which was good because they were full of flavor. I cut my 4 peppers in half, giving me 8 halves to stuff and it was perfect. I had no leftover stuffing. I’ll be making this again!",
    "BeckyK says:Cutting the peppers in half is a great idea. I’m glad I saw it before I started. Thank you.",
    "Karen Johnson says:This meal was a hit. Easy and tasty.",
    "E JoAnn Brown says:The peppers do not get cooked in 10 minutes. The pepper were raw. Theyneed to be par cooked and then filled. Then put them in the air fryer.",
    "Cindy says:Can you make this using lactose free cheese?",
    "Dave says:First time making stuffed peppers. This recipe is a decent base, but it made way more of the filling than we needed for 4 peppers (I’d say they were average to slightly larger than average in size), probably could have done 8 with the amount of mixture this made. Also, next time I do this, I’m going to add a good amount of cheese to the mixture to help hold it together. We ate some of the left over filling with  geese mixed in and it was great!",
    "Ken says:So, how was the goose?"
  ]
}