{
  "URL": "https://therecipecritic.com/air-fryer-ravioli/",
  "Summary": "Air Fryer Toasted Ravioli are crispy golden nuggets of YUM!  Perfect as an appetizer or even a meal, you are going to love these!",
  "Metadata": [
    "Prep Time:  10minutes",
    "Cook Time:  10minutes",
    "Total Time:  20minutes",
    "Servings:  4People"
  ],
  "Ingredients": [
    "2 large eggs",
    "1/2 cup Italian seasoned breadcrumbs",
    "½ cup grated parmesan cheese",
    "1  (14 ounce) package cheese ravioli",
    "olive oil spray",
    "marinara sauce for serving"
  ],
  "Instructions": [
    "In a small bowl add eggs and whisk.  In another small bowl combine breadcrumbs and parmesan cheese.",
    "Dip each ravioli into the egg mixture and then into the breadcrumb mixture.",
    "Continue with each ravioli and place into the basket of an air fryer.",
    "Cook at 360 degrees for 3-4 minutes.  Spray with olive oil spray and flip and cook for an additional 3-4 minutes or until golden."
  ],
  "Nutrition": [
    "Calories: 148kcal",
    "Carbohydrates: 11g",
    "Protein: 10g",
    "Fat: 7g",
    "Saturated Fat: 3g",
    "Trans Fat: 1g",
    "Cholesterol: 104mg",
    "Sodium: 429mg",
    "Potassium: 85mg",
    "Fiber: 1g",
    "Sugar: 1g",
    "Vitamin A: 272IU",
    "Vitamin C: 1mg",
    "Calcium: 180mg",
    "Iron: 1mg",
    ""
  ],
  "Comments": [
    "anglina says:It’s looking very delicious. I will try this.",
    "Kreative says:love this recipe.",
    "MEIRONG says:Outstanding article .i collect many information about air fryer. thanks for sharing."
  ]
}