{
  "URL": "https://therecipecritic.com/air-fryer-quesadilla/",
  "Summary": "This air fryer quesadilla is the BEST and ONLY way to make a quesadilla. A perfectly crisp tortilla on the outside bursting with cheesy goodness on the inside, you will love how fast and easy you can make a quesadilla in just minutes!",
  "Metadata": [
    "Prep Time:  2minutes",
    "Cook Time:  6minutes",
    "Total Time:  8minutes",
    "Servings: 2"
  ],
  "Ingredients": [
    "2 8-inch flour tortillas",
    "1 cup Colby-jack cheese, shredded"
  ],
  "Instructions": [
    "Sprinkle the cheese on top of each tortilla, then fold the tortilla in half.  Divide the cheese between each tortilla using more or less to your liking.",
    "Carefully place the folded tortillas in the air fryer basket and cook at 350° Fahrenheit for 3 minutes.  Flip the quesadillas and continue to cook for an additional 3 minutes or cook longer to the desired doneness.",
    "Serve immediately and enjoy with toppings on the side!"
  ],
  "Nutrition": [
    "Serving: 1quesadilla",
    "Calories: 416kcal",
    "Carbohydrates: 27g",
    "Protein: 20g",
    "Fat: 25g",
    "Saturated Fat: 15g",
    "Polyunsaturated Fat: 2g",
    "Monounsaturated Fat: 7g",
    "Cholesterol: 63mg",
    "Sodium: 774mg",
    "Potassium: 148mg",
    "Fiber: 2g",
    "Sugar: 2g",
    "Vitamin A: 656IU",
    "Calcium: 527mg",
    "Iron: 2mg"
  ],
  "Comments": []
}