{
  "URL": "https://therecipecritic.com/air-fryer-potatoes/",
  "Summary": "Perfectly seasoned, crispy and tender, these are  Air Fryer Potatoes  are that Best Ever! You will want them every night for dinner!",
  "Metadata": [
    "Prep Time:  5minutes",
    "Cook Time:  20minutes",
    "Total Time:  25minutes",
    "Servings:  4People"
  ],
  "Ingredients": [
    "1 pound Yukon gold baby potatoes cut into one inch pieces",
    "2 Tablespoons olive oil",
    "1/2 Tablespoon Italian Seasoning",
    "3 cloves garlic minced",
    "salt and pepper",
    "1/4 cup shredded parmesan",
    "chopped parsley for garnish"
  ],
  "Instructions": [
    "Cut potatoes in quarters using a sharp knife about 1 inch pieces.",
    "In a medium sized bowl combine the potatoes, olive oil, Italian seasoning, garlic, salt, pepper and Parmesan Cheese.",
    "Add to the basket of your air fryer.  Cook at 400 degrees for 10 minutes.  Toss the potatoes in the basket and continue to cook for 8-10 minutes or until tender and crisp.  Garnish with chopped parsley."
  ],
  "Nutrition": [
    "Calories: 179kcal",
    "Carbohydrates: 21g",
    "Protein: 5g",
    "Fat: 9g",
    "Saturated Fat: 2g",
    "Cholesterol: 4mg",
    "Sodium: 108mg",
    "Potassium: 486mg",
    "Fiber: 3g",
    "Sugar: 1g",
    "Vitamin A: 49IU",
    "Vitamin C: 23mg",
    "Calcium: 102mg",
    "Iron: 1mg"
  ],
  "Comments": [
    "Sherry says:Very good and easy. will make it again",
    "Virginia says:Very good and easy. Will definitely make again",
    "Mark says:A very delicious recipe!",
    "Susan says:I rarely write reviews but had to for these potatoes! It’s my second time making them in a week 🙂They are PERFECT and EASY! YUM!",
    "Tracie says:Delicious!  Turned out perfectly.   My husband told me to make sure to save this recipe.  Thank you for sharing!",
    "Alyssa Rivers says:Yay! So glad you both liked it!",
    "Sara says:We just got an air fryer for Christmas. I want to make these potatoes tonight to pair with a chicken dish. Can I substitute garlic powder for the cloves of garlic. I would probably use 1teaspoon of garlic powder.",
    "Alyssa Rivers says:Yes that will work just fine! Your amount is great!",
    "Lisa Huddleston says:Great recipe! These are so tasty and so easy! I know I’ll make these over and over again.",
    "Phyllis Field says:These are so easy to make and super delicious that we made them two nights inna row.  Made them to pair with Prime Rib!  Perfect match!",
    "Alyssa Rivers says:I love hearing you made this two nights in a row! Thank you for your comment and review!"
  ]
}