{
  "URL": "https://therecipecritic.com/air-fryer-turkey-burgers/",
  "Summary": "Air Fryer Turkey Burgers are the perfect answer when you want a juicy, flavorful burger that's a bit healthier. With a seared outside and moist tender inside it's the ideal burger!",
  "Metadata": [
    "Prep Time:  5minutes",
    "Cook Time:  15minutes",
    "Total Time:  20minutes",
    "Servings:  4Patties"
  ],
  "Ingredients": [
    "1 pound ground turkey",
    "3 cloves garlic minced",
    "salt and pepper",
    "1 Tablespoon worchestershire sauce",
    "4 hamburger buns",
    "butter lettuce",
    "tomatoes",
    "sprouts"
  ],
  "Instructions": [
    "In a medium sized bowl combine the turkey, garlic, salt, pepper and worcestershire sauce.  Shape into four patties keeping them 1/2 inch thick because they will shrink.",
    "Add two patties to the air fryer basket and cook at 360 degrees for 7 minutes.  Flip the patties and continue to cook for about 5 minutes or until cooked throughout.",
    "Place the patties onto your hamburger bun and add desired toppings and serve."
  ],
  "Nutrition": [
    "Calories: 134kcal",
    "Carbohydrates: 2g",
    "Protein: 27g",
    "Fat: 2g",
    "Saturated Fat: 1g",
    "Cholesterol: 62mg",
    "Sodium: 100mg",
    "Potassium: 378mg",
    "Sugar: 1g",
    "Vitamin A: 28IU",
    "Vitamin C: 1mg",
    "Calcium: 12mg",
    "Iron: 1mg",
    ""
  ],
  "Comments": [
    "Shannon says:This is definitely a weekly staple in my household! Super easy and always comes out perfect & juicy. Some recipes I follow never work for me, but this one does and it’s so tasty each time!!",
    "David Hernandez says:Pretty good tasting but the saltiness overrode the other flavors",
    "Alyssa Rivers says:Hi David thank you for your comment. I was just wondering how much salt you added? My recipe just says to add salt and pepper to taste. I hope you didn’t misread the instructions.",
    "Janet says:Tried the turkey burgers and they were delicious!",
    "amy says:Quick, easy, and delicious!",
    "Joan says:What do you set the air fryer at?Air fryer, grill, roast?Most recipes do not include this setting and I find it very frustrating.",
    "Alyssa Rivers says:Use the air fryer setting for this recipe.",
    "Kris Marie says:This is my only air fryer Turkey burger recipe but tonight I used ground chicken and they were absolutely delicious! Thank you!",
    "Jim says:WOW!!!   These burgers were terrific. I used pre- formed patties, so just seasoned as directed and poured the Worcestershire sauce on both sides. GREAT FLAVOR. Tasted nothing like my usual turkey burgers."
  ]
}