{
  "URL": "https://therecipecritic.com/air-fryer-broccolini/",
  "Summary": "This super-easy side dish is delicious, full of flavor, and has the perfect crispy crunch on the outside. This air fryer broccolini takes less than 10 minutes to make and can be paired with just about any meal! ",
  "Metadata": [
    "Prep Time:  3minutes",
    "Cook Time:  7minutes",
    "Total Time:  10minutes",
    "Servings: 4"
  ],
  "Ingredients": [
    "1 pound Broccolini",
    "1/4 cup Olive Oil",
    "2 cloves Garlic (minced)",
    "2 tablespoons Lemon Juice",
    "4 tablespoons Shredded Parmesan",
    "Salt and Pepper (to taste)"
  ],
  "Instructions": [
    "In a small bowl whisk together olive oil, lemon juice, garlic, 2 tablespoons of grated parmesan, and salt and pepper.",
    "Place your broccolini in the air fryer and pour the mixture over it.",
    "Rub it all over until the broccolini is coated.",
    "Sprinkle the top with the remaining shredded parmesan.",
    "Cook at 380 degrees for 7-10 minutes or until crispy and tender."
  ],
  "Nutrition": [
    "Calories: 181kcal",
    "Carbohydrates: 9g",
    "Protein: 5g",
    "Fat: 15g",
    "Saturated Fat: 3g",
    "Polyunsaturated Fat: 2g",
    "Monounsaturated Fat: 10g",
    "Cholesterol: 3mg",
    "Sodium: 118mg",
    "Potassium: 377mg",
    "Fiber: 3g",
    "Sugar: 2g",
    "Vitamin A: 746IU",
    "Vitamin C: 105mg",
    "Calcium: 116mg",
    "Iron: 1mg"
  ],
  "Comments": []
}