{
  "URL": "https://therecipecritic.com/air-fryer-french-fries/",
  "Summary": "Air Fryer French Fries have a perfectly crispy outside, tender inside, and are absolutely heavenly. Super easy to make, too! You won't believe that these fries aren't deep-fried are after you try one. They almost taste too good to be true!",
  "Metadata": [
    "Prep Time:  10minutes",
    "Cook Time:  20minutes",
    "Total Time:  30minutes",
    "Servings:  4People"
  ],
  "Ingredients": [
    "2 medium sized russet potatoes",
    "1 tablespoon olive oil",
    "1 teaspoon Italian seasoning",
    "2 tablespoons Parmesan cheese, grated",
    "1/2 teaspoon salt",
    "1/4 teaspoon pepper"
  ],
  "Instructions": [
    "Preheat the air fryer to 380 degrees Fahrenheit.  Slice 2 medium sized russet potatoes using a fry cutter, or slice them into 1/4-inch strips.",
    "Rinse the potato slices in cold water and pat dry with a paper towel.",
    "In a medium-sized bowl, toss with 1 tablespoon olive oil, 1 teaspoon Italian seasoning, 2 tablespoons Parmesan cheese, 1/2 teaspoon salt, and 1/4 teaspoon pepper.",
    "Place the fries into the basket of the air fryer in a single layer. Cook for 15-20 minutes or until golden brown.",
    "Toss the fries halfway through the cooking process to ensure the fries get evenly cooked.",
    "Serve with ketchup or fry sauce."
  ],
  "Nutrition": [
    "Calories: 127kcal",
    "Carbohydrates: 20g",
    "Protein: 3g",
    "Fat: 4g",
    "Saturated Fat: 1g",
    "Cholesterol: 2mg",
    "Sodium: 336mg",
    "Potassium: 444mg",
    "Fiber: 2g",
    "Sugar: 1g",
    "Vitamin A: 20IU",
    "Vitamin C: 6mg",
    "Calcium: 51mg",
    "Iron: 1mg"
  ],
  "Comments": [
    "Claire Petka says:Do you have any recipies for my GE Profile stove/oven?  I don’t need a seperate air fryer machine.  Please help me out.  Thanks so much.",
    "Alyssa Rivers says:Hi Claire, you can use this recipe where you bake the fries! They won’t be the same as the air fryer or actual frying, but still delcious!",
    "Jessica C says:I used an 8qt instant pot duo crisp for this recipe as I don’t have an air fryer, but this still came out great! I had to use the middle plate insert so I could get all the fries cooked in one go, and it worked except I need to make sure I move the fries around half way through (tricky) or they stick to the bottom. Delicious and worth the little effort it takes to make!",
    "Candace Hill says:I would love to try to this recipe but I don’t have an air fryer. Are there any other alternatives?",
    "Alyssa Rivers says:You can still make it in the oven at 425 degrees Fahrenheit for 25 to 30 minutes.",
    "Sandy keiter says:I sometimes use the oven when I want to fry a large amount of fries. I Use the air fryer basket with tray and shake them half was through.",
    "Jhon Eliot says:If you are looking for quality air fryer that will allow you to cook much healthier fried food. Discover our site which is specialized on the topic of French fries !",
    "Brenda says:I’ve never been much of a fan of French Fries but experimenting with my Air Fryer your recipe looked interesting so tonight I tried it out. WOW, the taste was amazing. I do believe you’ve made an addict out of me. Didn’t think French Fries could taste this good. Thanks so much for posting your recipe. I’ll certainly be sharing it for others to enjoy."
  ]
}