{
  "URL": "https://therecipecritic.com/air-fryer-tortilla-chips/",
  "Summary": "Crispy, golden, and so easy, these air fryer tortilla chips are perfect for guilt-free snacking and dipping.",
  "Metadata": [
    "Prep Time:  10minutes",
    "Cook Time:  10minutes",
    "Total Time:  20minutes",
    "Servings:  4people"
  ],
  "Ingredients": [
    "5 (6-inch) corn tortillas",
    "2 tablespoons olive oil",
    "½ teaspoon sea salt"
  ],
  "Instructions": [
    "Use 2 tablespoons olive oil to brush on each side of 5 (6-inch) corn tortillas.",
    "Cut each tortilla into 8 pie-shaped slices.",
    "Sprinkle ½ teaspoon sea salt on the tortilla chips.",
    "Lay the chips in a single layer in the air fryer basket. Cook at 360°F for 4-6 minutes, or until they are crunchy and lightly browned. Cook the chips in batches!"
  ],
  "Nutrition": [
    "Calories: 133kcal",
    "Carbohydrates: 15g",
    "Protein: 2g",
    "Fat: 8g",
    "Saturated Fat: 1g",
    "Polyunsaturated Fat: 1g",
    "Monounsaturated Fat: 5g",
    "Sodium: 305mg",
    "Potassium: 61mg",
    "Fiber: 2g",
    "Sugar: 1g",
    "Vitamin A: 1IU",
    "Calcium: 27mg",
    "Iron: 1mg"
  ],
  "Comments": [
    "Gracie says:Hello can you make these in the oven at 350° on a cookie sheet if you don’t have an air fryer? And then how long in the oven please they look so yummy",
    "Alyssa Rivers says:Yes! Bake them 9-11 minutes, or until crispy!",
    "Diane says:These are yummy! And so easy, especially when I oiled and salted the tortillas before cutting them into wedges.",
    "Celia Flores says:Alyssa is the recipe separated instead of seeing it altogether",
    "Alyssa Rivers says:Hello! The list of ingredients and instructions are all listed at the bottom of the post on the recipe card!"
  ]
}