{
  "URL": "https://therecipecritic.com/air-fryer-sweet-potato-chips/",
  "Summary": "Air fryer sweet potato chips are the most delicious, crunchy snack! They are SOO good and much healthier than the store-bought version! This homemade favorite is something you can munch on all day long! ",
  "Metadata": [
    "Prep Time:  25minutes",
    "Cook Time:  10minutes",
    "Total Time:  35minutes",
    "Servings:  4people"
  ],
  "Ingredients": [
    "2 medium-sized sweet potatoes",
    "1 teaspoon olive oil",
    "salt"
  ],
  "Instructions": [
    "Using a mandolin slicer, slice the sweet potatoes into very thin slices.",
    "Soak the sweet potato slices in cold water for 20 minutes to remove the additional starch from the potatoes.",
    "Remove them from the water and pat dry with a paper towel.",
    "Toss the air fryer slices in the olive oil and sprinkle with salt.",
    "Lay the slices in an even layer in the air fryer. Cook at 350 degrees for 10-12 minutes or until crisp.",
    "Remove from the air fryer and repeat until all of the sweet potato slices are used."
  ],
  "Nutrition": [
    "Calories: 106kcal",
    "Carbohydrates: 23g",
    "Protein: 2g",
    "Fat: 1g",
    "Saturated Fat: 1g",
    "Polyunsaturated Fat: 1g",
    "Monounsaturated Fat: 1g",
    "Sodium: 62mg",
    "Potassium: 381mg",
    "Fiber: 3g",
    "Sugar: 5g",
    "Vitamin A: 16031IU",
    "Vitamin C: 3mg",
    "Calcium: 34mg",
    "Iron: 1mg",
    ""
  ],
  "Comments": [
    "Steph says:My air fryer has several settings. Do I put it on air fry, bake, roast? Thank you!",
    "Alyssa Rivers says:Air fry!",
    "Jean Davis says:I made these tonight and they were a bust. The problem I have with my air fryer is that the blower flips these all over the place and they cooked really unevenly. Also wasn’t sure how thickly to slice them and I slided them on the thinest setting of my mandolin slicer so will go thicker next time (maybe that will keep them from blowing all over in the basket as well?). I really wanted them to be good and I was looking forward to them! Any suggestions would be very welcomed!",
    "Alyssa RIvers says:Hi Jean, I had a similar experience. I would recommend opening up the air fryer and stirring them often to help them cook more evenly. You could also cut them a but thicker. Good luck!",
    "Linda J Nowatzke says:Recipe is fine. My problem is is a slide between the slats in my fryer basket. I have to keep taking them out. How do I stop that?",
    "Alyssa Rivers says:Hi Linda, I’m sorry that keeps happening! Try lining your basked with foil to create a solid base where they won’t be able to slide between! Let me know if that helps!",
    "Nova says:I cooked these for 25 minutes and they never got crisp",
    "Alyssa Rivers says:You can try cooking them at 375 degrees Fahrenheit instead! Make sure that the sweet potatoes are very thinly sliced and dried well before tossing them in the oil.",
    "Sandy says:Could you put sugar and cinnamon on these?",
    "Julie says:Do you peel the sweet potatoes?",
    "Alyssa Rivers says:I peeled my sweet potatoes, but you can leave the skin on if you like!"
  ]
}