{
  "URL": "https://therecipecritic.com/air-fryer-frozen-chicken-wings/",
  "Summary": "Making your frozen chicken wings in the air fryer is the only method to use, no thawing required! Along with this easy-to-make honey buffalo sauce, you'll never want them any other way!",
  "Metadata": [
    "Prep Time:  5minutes",
    "Cook Time:  20minutes",
    "Total Time:  25minutes",
    "Servings: 4"
  ],
  "Ingredients": [
    "1 pound chicken wings",
    "2 tablespoons olive oil",
    "1 teaspoon garlic powder",
    "1/4 teaspoon paprika",
    "salt and pepper",
    "1/4 cup buffalo sauce",
    "2 tablespoons honey",
    "1 teaspoon Worcestershire sauce"
  ],
  "Instructions": [
    "Place the frozen wings in the basket of an air fryer.  Cook at 400 degrees for 10 minutes to defrost.  Remove the wings and put in a bowl and drain any liquid in the basket.",
    "Add olive oil, garlic, paprika, and salt and pepper to the wings.  Toss until coated and place back into the basket of the air fryer.",
    "Cook for an additional 10-12 minutes or until internal temperature is 165 degrees and wings are cooked throughout.",
    "In a small bowl whisk buffalo sauce, honey and Worcestershire sauce. Brush glaze on top of wings."
  ],
  "Nutrition": [
    "Calories: 234kcal",
    "Carbohydrates: 10g",
    "Protein: 11g",
    "Fat: 17g",
    "Saturated Fat: 4g",
    "Polyunsaturated Fat: 3g",
    "Monounsaturated Fat: 9g",
    "Trans Fat: 1g",
    "Cholesterol: 47mg",
    "Sodium: 525mg",
    "Potassium: 125mg",
    "Fiber: 1g",
    "Sugar: 9g",
    "Vitamin A: 153IU",
    "Vitamin C: 1mg",
    "Calcium: 11mg",
    "Iron: 1mg",
    ""
  ],
  "Comments": [
    "Andrew says:Amazing!!",
    "Jocelyn | JOZMmahal says:I made different barbecue sauces and so I used this recipe  to make chicken wings and it turned out perfect. The only thing I did different is cooked the chicken an extra five minutes in the beginning because my wings were packed tightly together rather than separated individually. Overall glad I now know I can cook chicken wings from frozen in an air fryer.",
    "Gary Moore says:You mentioned boneless wings. I have never heard of anyone actually de-boning wings.  Where can I find the delicious wing meat without bones?",
    "Alyssa Rivers says:I find them in the frozen section of my grocery store, near all of the other wings!",
    "Elisha Jo says:I’m unsure if this recipe is meant for a compact, countertop air fryer or works with all air fryers.  My oven has an air fryer setting and it takes 45 minutes to cook – the same amount of time to baking them regularly…Thanks for sharing the recipe."
  ]
}