{
  "URL": "https://therecipecritic.com/air-fryer-shrimp/",
  "Summary": "This air fryer shrimp is tender, delicious, and so easy to make! With only a few ingredients, the marinated shrimp cooks to perfection and has the best flavor!",
  "Metadata": [
    "Prep Time:  10minutes",
    "Cook Time:  8minutes",
    "Marinating Time:  1hour",
    "Total Time:    1hour18minutes",
    "Servings:  4People"
  ],
  "Ingredients": [
    "1 pound peeled and deveined large or jump shrimp",
    "salt to taste",
    "ground black pepper to taste",
    "½ cup olive oil",
    "¼ cup red wine vinegar",
    "3 teaspoons minced garlic",
    "1 tablespoon Italian seasoning",
    "1 tablespoon lemon juice",
    "2 tablespoons soy sauce",
    "1 teaspoon dijon mustard",
    "1 tablespoon Worcestershire sauce"
  ],
  "Instructions": [
    "Add 1 pound peeled and deveined large or jump shrimp, leaving the tails on if you prefer, to a large bowl and season with salt and ground black pepper.",
    "Add  ½ cup olive oil, ¼ cup red wine vinegar, 3 teaspoons minced garlic, 1 tablespoon Italian seasoning, 1 tablespoon lemon juice, 2 tablespoons soy sauce, 1 teaspoon dijon mustard, and 1 tablespoon Worcestershire sauce to a medium bowl and whisk to combine.",
    "Pour the marinade over the shrimp and stir until they are all well coated. Cover it and let the shrimp marinate in the refrigerator for at least one hour or overnight.",
    "Remove the shrimp from the marinade and place them in the air fryer basket.  Cook at 400 degrees Fahrenheit for 8 minutes or until pink and cooked throughout."
  ],
  "Nutrition": [
    "Calories: 355kcal",
    "Carbohydrates: 3g",
    "Protein: 24g",
    "Fat: 28g",
    "Saturated Fat: 4g",
    "Polyunsaturated Fat: 3g",
    "Monounsaturated Fat: 20g",
    "Trans Fat: 0.01g",
    "Cholesterol: 183mg",
    "Sodium: 709mg",
    "Potassium: 389mg",
    "Fiber: 1g",
    "Sugar: 1g",
    "Vitamin A: 26IU",
    "Vitamin C: 3mg",
    "Calcium: 105mg",
    "Iron: 2mg",
    ""
  ],
  "Comments": [
    "SheilaMay Martin says:I had shrimp thawing in the refrigerator for a different recipe, but after I read this, I switched plans and made this!!  Wonderful and soooo easy.  The shrimp were perfect!  finished with fries (oven-baked) and cole slaw (already made) and it was a delicious meal.  Have more shrimp in the freezer and will definitely make this again!!  Thank you!",
    "Brian says:I have made this recipe several times for the clients and staff at our group home. Two thumbs waaaaaay up!!I Love your website Alyssa, fabulous recipes and well designed.",
    "Alyssa Rivers says:Thank you so much!!",
    "Jasmine says:this is not a good shrimp recipe, i thought that i messed it up so i tried again, i did not mess up its just not a good recipe."
  ]
}