{
  "URL": "https://therecipecritic.com/air-fryer-egg-rolls/",
  "Summary": "Egg Roll lovers, this Crispy Air Fryer Egg Roll Recipe is for you! Crispy, crunchy outside, tender filling inside, without the extra fat of frying or drying out from oven cooking. These are what you have been waiting for!",
  "Metadata": [
    "Prep Time:  20minutes",
    "Cook Time:  12minutes",
    "Total Time:  32minutes",
    "Servings:  12Egg Rolls"
  ],
  "Ingredients": [
    "2 Tablespoon vegetable oil",
    "1/2 Teaspoon minced garlic",
    "1/2 Teaspoon minced ginger",
    "1/2 cup finely chopped celery",
    "2 cups coleslaw mix",
    "1/2 pound ground chicken",
    "3 Tablespoon oyster sauce",
    "1 Tablespoon soy sauce",
    "1 Teaspoon toasted sesame oil",
    "1 Tablespoon sriracha",
    "1/2 cup chopped green onions",
    "12 egg roll wrappers",
    "olive oil spray"
  ],
  "Instructions": [
    "Heat oil in a pan and stir fry garlic, ginger, celery till fragrant. Add the coleslaw mix and cook till the cabbage is wilted.",
    "Add the ground chicken, oyster sauce, soy sauce, sesame oil and sriracha. Stir fry the chicken while breaking it up for 3-4 minutes. Once the chicken is cooked and there is no liquid left in the pan, stir in the green onions and remove from stove.",
    "To wrap the egg rolls, place the egg roll wrapper so that one corner is towards you. Place a tablespoon of filling in the bottom half (towards you) and wrap that corner over the filling. turn both sides over the wrapper and then continue rolling away from you (like a burrito), till you reach the end. Seal the edges with some water or a beaten egg. Repeat till all the wrappers are made.",
    "Spray the basket of the air fryer with olive oil spray.  Place the egg rolls in the basket and lightly spray the tops of the egg rolls with the olive oil spray.  Cook at 400 degrees for 6 minutes.  Then flip the egg rolls and cook for an additional 6 minutes."
  ],
  "Nutrition": [
    "Calories: 97kcal",
    "Carbohydrates: 9g",
    "Protein: 5g",
    "Fat: 4g",
    "Saturated Fat: 2g",
    "Cholesterol: 17mg",
    "Sodium: 327mg",
    "Potassium: 155mg",
    "Fiber: 1g",
    "Sugar: 1g",
    "Vitamin A: 72IU",
    "Vitamin C: 6mg",
    "Calcium: 18mg",
    "Iron: 1mg"
  ],
  "Comments": [
    "Sania says:Hi, I have made this so many times! So delicious and perfectly balanced! If I want to make a vegetarian version, what can I substitute for the ground chicken and how much? I see that you have a vegetarian egg roll recipe, but I like the oyster sauce, sriracha  etc…of this recipe. Thank you!",
    "Alyssa Rivers says:I’m glad you like the egg roll recipe! Crumbed tofu or cauliflower rice could be a good vegetarian alternative for you. I’ve even seen cooked and crumbled tofu in the freezer section, which would make it easy for you!",
    "Jillpaul says:Can I freeze egg rolls before frying or before?",
    "Alyssa Rivers says:Yes, I have instructions listed in the post, but here they are!-Make a double batch of the filling and roll the egg rolls as directed.-Place the egg rolls on a cookie sheet to flash freeze for about an hour to an hour and a half. This will prevent the egg rolls from sticking together in the freezer-Transfer the egg rolls to a freezer safe ziplock bag or container and store in the freezer for up to 3 months.-To cook, remove the egg rolls from the freezer and place in the air fryer, coating the outsides with oil. Cook at 400 degrees and add 1-2 minutes per a side till heated through.",
    "Kimberley Hosmer says:Tried these with my grandkids and they loved them. Also made the green curry with sweet potato and a bunch of other veggies and garbanzo beans but now I don’t see the link for that recipe anymore. I really like it and want to make it again!Can you please repost it? Or email it to me?",
    "Alyssa Rivers says:I am not exactly sure which curry you are asking about but I have my chickpea curry, or my red curry. You can add sweet potatoes and veggies to all of these!",
    "J says:Really good recipe! I used the air fryer at 350° and about 5 min each side. I used grnd pork and omitted the celery. They turned out great! I love the healthier alternative to frying. Definitely adding this to my rotation. I served the egg rolls with brown rice pad thai noodles, chicken and broccoli (similar to lo mein). I mixed up my own stir fry sauce with oyster sauce, soy sauce, sesame oil, Sriracha,  garlic, ginger and a little brown sugar. Thanks for sharing this recipe!"
  ]
}