{
  "URL": "https://therecipecritic.com/air-fryer-pork-chops/",
  "Summary": "Air Fryer Pork Chops are the best pork chops ever! With a golden seasoned crust and fork tender juicy insides, it is makes these the perfect pork chops. ",
  "Metadata": [
    "Prep Time:  5minutes",
    "Cook Time:  15minutes",
    "Total Time:  20minutes",
    "Servings:  2Pork Chops"
  ],
  "Ingredients": [
    "2 Bone Thick Cut Pork Chops",
    "salt and pepper",
    "2 tablespoons brown sugar",
    "1 teaspoon chili powder",
    "1/2 teaspoon paprika",
    "1 teaspoon Italian seasoning",
    "1 teaspoon garlic powder"
  ],
  "Instructions": [
    "Salt and pepper the pork chops. In a small bowl add the brown sugar, chili powder, paprika, Italian seasoning and garlic powder. Rub on the pork chops.",
    "In the basket of your air fryer add pork chops. Turn the air fryer to 400 degrees and cook for 10 minutes.  Then flip the pork chops and cook for an additional 5-7 or until no longer pink."
  ],
  "Nutrition": [
    "Calories: 265kcal",
    "Carbohydrates: 14g",
    "Protein: 29g",
    "Fat: 10g",
    "Saturated Fat: 3g",
    "Cholesterol: 90mg",
    "Sodium: 86mg",
    "Potassium: 537mg",
    "Fiber: 1g",
    "Sugar: 12g",
    "Vitamin A: 543IU",
    "Calcium: 35mg",
    "Iron: 1mg",
    ""
  ],
  "Comments": [
    "James says:I have made numerous times now they are great . Very simple to make , fast and easy . Delicious !",
    "Sharon says:Thank you so much for this recipe! I can’t wait to try it. It looks yummy!",
    "Tammie Adkins says:Followed recipe as is & my picky daughter LOVED IT!!!!Will definitely make again!!!!!",
    "DarleeneMacBay says:So  so good. My husband said they were the best pork chops he ever ate ate.. agree??????⭐️⭐️⭐️⭐️⭐️",
    "Annette says:I am a newbie. Did you preheat your air fryer? How thick were your pork chops?",
    "Alyssa Rivers says:Yes, most air fryers will preheat to the desired degrees. My pork chops were thicker, about 1 inch.",
    "Shari Harmon says:Very very Delicious, I have made the Air fryer pork chops and they’re amazing.",
    "Roz Williams says:Loved it!"
  ]
}