{
  "URL": "https://therecipecritic.com/air-fryer-steak-bites/",
  "Summary": "Air Fryer Garlic Steak Bites are tender morsels of steak perfection. Bite sized heaven in less than 15 minutes!",
  "Metadata": [
    "Prep Time:  10minutes",
    "Cook Time:  15minutes",
    "Total Time:  25minutes",
    "Servings:  4People"
  ],
  "Ingredients": [
    "1 pound cubed New York steak, 1-inch cubes",
    "2 tablespoons olive oil",
    "3 cloves minced garlic",
    "1 teaspoon Italian seasoning",
    "½ teaspoon salt",
    "¼ teaspoon pepper",
    "¼ cup melted butter",
    "1 teaspoon minced parsley",
    "½ teaspoon thyme",
    "½ teaspoon minced rosemary"
  ],
  "Instructions": [
    "In medium-sized bowl, add the 1 pound cubed New York steak, 2 tablespoons olive oil, 3 cloves minced garlic, 1 teaspoon Italian seasoning, ½ teaspoon salt and ¼ teaspoon pepper.",
    "Add the coated steak to the basket of the air fryer and cook at 400 degrees Fahrenheit for 10-12 minutes.",
    "While the steak cooks, mix the ¼ cup melted butter, 1 teaspoon minced parsley, ½ teaspoon thyme, and ½ teaspoon minced rosemary in a small bowl.",
    "Once the steak is cooked, toss in the garlic herb butter mixture and serve."
  ],
  "Nutrition": [
    "Calories: 405kcal",
    "Carbohydrates: 1g",
    "Protein: 23g",
    "Fat: 35g",
    "Saturated Fat: 15g",
    "Polyunsaturated Fat: 2g",
    "Monounsaturated Fat: 16g",
    "Trans Fat: 0.5g",
    "Cholesterol: 100mg",
    "Sodium: 442mg",
    "Potassium: 326mg",
    "Fiber: 0.3g",
    "Sugar: 0.05g",
    "Vitamin A: 395IU",
    "Vitamin C: 1mg",
    "Calcium: 25mg",
    "Iron: 2mg",
    ""
  ],
  "Comments": [
    "Beth says:Made this last week.  All my teenage kids loved it.  My husband, who is a steak snob and hard to please,  even enjoyed it.  I loved how fast it was to make.  This will become a welcome addition to our meal plans!   Thanks for a great recipe.",
    "Paul Siemik says:Do you remove the shelf insert from the air fryer and lay the meat on the bottom of the air fryer?",
    "Alyssa Rivers says:No, you should always cook food on the tray, rack, or basket insert. The air fryer I use is a basket style so there is a basket insert that has holes in it that drain into the bottom. Other styles of air fryer look like little ovens with a solid tray, wire rack, or wire basket, I would cook these in the wire basket insert with the tray under to catch the drippings.",
    "Courtney says:Overcooked and chewy. Can’t believe I ruined a NY. Would have had a good flavor though. Should have checked them earlier.",
    "Sheila Iverson says:I made these last night and they were sooooooooooo good. I used top sirloin.  As the steak bites were cooking in the air fryer, I melted butter, minced garlic, mushrooms, and onions on the cooktop which I drizzled over the steak bites when they were done.  We ate some cauliflower rice with the steak bites.  DELISH!!",
    "Nicole Oaties says:This recipe is absolutely amazing!!!! It was so good and tender, I loved the flavor of all the spices combined!!!",
    "Diane says:What brand of air fryer and size are you using",
    "Alyssa Rivers says:I use a 6-quart air fryer. I love my air fryer from Sur la Table and Costco.",
    "Barbara says:I notice all your AirFryer recipes use the basket type air fryer.  I have an oven type air fryer, can I use that type and expect the same results?  Also, where in the oven type air fryer should I cook these recipes? …… there is a top level (near the element and fan), a middle level and the bottom level.Thank you for your help!",
    "Andrea Hershberger says:I work at an appliance store and we typically tell people the air fryer works best in the middle of the oven!",
    "Ryan says:I’m in the same air fryer oven cook/recipes as you are, Barbara. From my numerous searches, and from what I’ve cooked, the middle rack is always recommended and I do also. I don’t flip or shake halfway through based upon my manual. I found there is no need to because of the top and bottom heating elements. I hope this helps others and saves some time searching. This recipe cooked perfectly and timing was spot on for medium rare. It’s on my Keeper List.",
    "Hannah Jones says:The air fryer is trending today in social media and steak is one of the most favorite foods at home that’s why I’m glad you’ve shared this recipe. An easy yet very delicious meal for the whole family. Thanks for sharing!",
    "Kristin says:These taste amazing! I am glad I checked at 6 min because mine were already medium well.  Next time I’ll cook for 4-5 min total.",
    "Mary says:Perfect!"
  ]
}