{
  "URL": "https://therecipecritic.com/air-fryer-apple-chips/",
  "Summary": "Air fryer apple chips are a healthy and delicious snack easily made in the air fryer. All you need is apples and spices and you can enjoy the sweet crisp of apple chips in just minutes!",
  "Metadata": [
    "Prep Time:  5minutes",
    "Cook Time:  20minutes",
    "Total Time:  25minutes",
    "Servings: 2"
  ],
  "Ingredients": [
    "1 Apple, of choice",
    "1 teaspoon apple pie spice"
  ],
  "Instructions": [
    "Wash and dry your apples and slice them thin using a sharp knife or mandolin.  Be very careful when cutting your apple!",
    "Slice horizontally through the whole apple, then remove the stem and any seeds.",
    "Sprinkle the apple chips with the apple pie spice on both sides.",
    "Layer the apple slices in the air fryer basket in a single layer.  Set the temperate to 300° Fahrenheit and cook for 10 minutes. Flip the apple slices halfway through, and continue to cook until the slices are crispy.  Check frequently because they will cook quickly once they are flipped.",
    "Store in a glass mason jar or air-tight container. Repeat the process for as many apples as you have."
  ],
  "Nutrition": [
    "Calories: 51kcal",
    "Carbohydrates: 13g",
    "Protein: 0.3g",
    "Fat: 0.3g",
    "Saturated Fat: 0.1g",
    "Polyunsaturated Fat: 0.1g",
    "Monounsaturated Fat: 0.01g",
    "Sodium: 1mg",
    "Potassium: 104mg",
    "Fiber: 2g",
    "Sugar: 10g",
    "Vitamin A: 52IU",
    "Vitamin C: 4mg",
    "Calcium: 12mg",
    "Iron: 0.3mg",
    ""
  ],
  "Comments": []
}