{
  "URL": "https://therecipecritic.com/air-fryer-cod/",
  "Summary": "Air Fryer Cod will change the way you eat fish! Crispy golden outside and flakey tender inside, you are going to love this!",
  "Metadata": [
    "Prep Time:  10minutes",
    "Cook Time:  15minutes",
    "Total Time:  25minutes",
    "Servings:  4servings"
  ],
  "Ingredients": [
    "1 pound cod filets",
    "salt to taste",
    "ground black pepper to taste",
    "½ cup all-purpose flour",
    "2 large eggs",
    "½ teaspoon salt",
    "1 cup plain panko bread crumbs",
    "½ cup grated parmesan cheese",
    "2 teaspoons old bay seasoning",
    "½ teaspoon garlic powder",
    "olive oil spray"
  ],
  "Instructions": [
    "Season 1 pound cod filets with salt and ground black pepper on both sides.",
    "Create a breading station for the cod by gathering 3 bowls. Add ½ cup all-purpose flour to the first bowl. Dip each cod filet in the flour first.",
    "Whisk together 2 large eggs and ½ teaspoon salt in the second bowl. Then dip the floured filet in the the egg mixture.",
    "Combine 1 cup plain panko bread crumbs, ½ cup grated parmesan cheese, 2 teaspoons old bay seasoning, and ½ teaspoon garlic powder in the third bowl. Dip each egg-coated filet in the panko mixture.",
    "Spray the bottom of your basket with olive oil spray then place the breaded filets in the basket of the air fryer. Cook at 400 degrees Fahrenheit for 10 minutes. Carefully flip the fish and continue to cook for 3-5 minutes or until the internal temperature reaches 145 degrees Fahrenheit."
  ],
  "Nutrition": [
    "Calories: 302kcal",
    "Carbohydrates: 25g",
    "Protein: 31g",
    "Fat: 8g",
    "Saturated Fat: 3g",
    "Polyunsaturated Fat: 1g",
    "Monounsaturated Fat: 2g",
    "Trans Fat: 0.01g",
    "Cholesterol: 153mg",
    "Sodium: 717mg",
    "Potassium: 583mg",
    "Fiber: 1g",
    "Sugar: 1g",
    "Vitamin A: 315IU",
    "Vitamin C: 1mg",
    "Calcium: 183mg",
    "Iron: 3mg",
    ""
  ],
  "Comments": [
    "Mark M says:Love it! I normally dont like panko but this is a great recipe, the only thing I changed was pecorino romano in place of the parmesan, I will be using this recipe once a month as my wife loves fish but deep fried is bad and this is so much better for you, thank you for the recipe",
    "Eric H. says:THIS ONE IS A KEEPER!  I’ve tried several air fried fish recipes, and they’ve all been kinda meh.  This one has the perfect combination of flavors and the recipe is easy to follow.  The Old Bay is a must.  I did spray mine down with a little oil to help get crispiness and a little more of that “fried” flavor, but still healthier than deep frying and with great results.  I’ve made this twice.  The second time I was out of panko, so I used a combination of crushed Ritz crackers and corn flakes… even better. I probably won’t go back to the panko (unless I run out of crackers and corn flakes).  Thank you for sharing this fantastic recipe with us!",
    "Nancy Jackson says:I made this just as it was stated and it was delicious! Crispy on the outside and moist on the inside! Definitely a keeper !!",
    "Alyssa Rivers says:I’m so glad you enjoyed it! Thank you for taking the time to leave a comment and review, I really appreciate it."
  ]
}