{
  "URL": "https://therecipecritic.com/air-fryer-scallops/",
  "Summary": "Air Fryer Lemon Dill Scallops are going to change the way you eat scallops! These are chock full of flavor, tender, juicy and succulent!",
  "Metadata": [
    "Prep Time:  5minutes",
    "Cook Time:  10minutes",
    "Total Time:  15minutes",
    "Servings:  4people"
  ],
  "Ingredients": [
    "1 pound scallops",
    "1 Tablespoons olive oil",
    "2 Tablespoons butter melted",
    "3 cloves garlic minced",
    "juice of one lemon",
    "1 Tablespoons dill chopped",
    "salt and pepper"
  ],
  "Instructions": [
    "In a medium sized bowl combine scallops, olive oil, butter, garlic juice of one lemon, dill, and salt and pepper.<img decoding=\"async\" width=\"500\" height=\"333\" src=\"https://therecipecritic.com/wp-content/uploads/2021/04/airfryerscallopshowto-500x333.jpg\" class=\"attachment-medium size-medium\" alt=\"\" srcset=\"https://therecipecritic.com/wp-content/uploads/2021/04/airfryerscallopshowto-500x333.jpg 500w, https://therecipecritic.com/wp-content/uploads/2021/04/airfryerscallopshowto-400x267.jpg 400w, https://therecipecritic.com/wp-content/uploads/2021/04/airfryerscallopshowto-150x100.jpg 150w, https://therecipecritic.com/wp-content/uploads/2021/04/airfryerscallopshowto.jpg 1000w\" sizes=\"(max-width: 500px) 100vw, 500px\" data-jpibfi-post-excerpt=\"\" data-jpibfi-post-url=\"https://therecipecritic.com/air-fryer-scallops/\" data-jpibfi-post-title=\"Air Fryer Lemon Dill Scallops\" data-jpibfi-src=\"https://therecipecritic.com/wp-content/uploads/2021/04/airfryerscallopshowto-500x333.jpg\" >",
    "Add the scallops in a single layer in the basket of your air fryer.<img decoding=\"async\" width=\"500\" height=\"333\" src=\"https://therecipecritic.com/wp-content/uploads/2021/04/airfryerscallopshowto3-500x333.jpg\" class=\"attachment-medium size-medium\" alt=\"\" srcset=\"https://therecipecritic.com/wp-content/uploads/2021/04/airfryerscallopshowto3-500x333.jpg 500w, https://therecipecritic.com/wp-content/uploads/2021/04/airfryerscallopshowto3-400x267.jpg 400w, https://therecipecritic.com/wp-content/uploads/2021/04/airfryerscallopshowto3-150x100.jpg 150w, https://therecipecritic.com/wp-content/uploads/2021/04/airfryerscallopshowto3.jpg 1000w\" sizes=\"(max-width: 500px) 100vw, 500px\" data-jpibfi-post-excerpt=\"\" data-jpibfi-post-url=\"https://therecipecritic.com/air-fryer-scallops/\" data-jpibfi-post-title=\"Air Fryer Lemon Dill Scallops\" data-jpibfi-src=\"https://therecipecritic.com/wp-content/uploads/2021/04/airfryerscallopshowto3-500x333.jpg\" >",
    "Cook at 400 degrees for 6-8 minutes or until it reaches an internal temperature of 120 degrees."
  ],
  "Nutrition": [
    "Calories: 163kcal",
    "Carbohydrates: 4g",
    "Protein: 14g",
    "Fat: 10g",
    "Saturated Fat: 4g",
    "Trans Fat: 1g",
    "Cholesterol: 42mg",
    "Sodium: 495mg",
    "Potassium: 244mg",
    "Fiber: 1g",
    "Sugar: 1g",
    "Vitamin A: 186IU",
    "Vitamin C: 1mg",
    "Calcium: 13mg",
    "Iron: 1mg",
    ""
  ],
  "Comments": []
}