{
  "URL": "https://therecipecritic.com/air-fryer-zucchini-chips/",
  "Summary": "Air Fryer Parmesan Zucchini Chips are crunchy, savory bites of heaven! This is hands down one of the best ways to eat zucchini!",
  "Metadata": [
    "Prep Time:  5minutes",
    "Cook Time:  10minutes",
    "Total Time:  15minutes",
    "Servings:  4People"
  ],
  "Ingredients": [
    "2 medium sized zucchini sliced",
    "salt and pepper",
    "1 cup flour",
    "3 large eggs",
    "1 cup Panko",
    "1/4 cup parmesan cheese",
    "1 Tablespoon Italian seasoning"
  ],
  "Instructions": [
    "Salt and pepper the sliced zucchini. Put the flour in a small bowl. Whisk the eggs in a small bowl, and combine the Panko, parmesan cheese, and Italian seasoning in another small bowl.",
    "Dip the zucchini in the flour, then the egg, then lastly in the Panko mixture.",
    "Add the zucchini in an even layer in the air fryer basket.  Cook at 400 degrees for 5 minutes, flip, and spray with olive oil.  Continue cooking for 5 minutes or until done."
  ],
  "Nutrition": [
    "Calories: 271kcal",
    "Carbohydrates: 39g",
    "Protein: 13g",
    "Fat: 7g",
    "Saturated Fat: 3g",
    "Trans Fat: 1g",
    "Cholesterol: 144mg",
    "Sodium: 272mg",
    "Potassium: 392mg",
    "Fiber: 3g",
    "Sugar: 4g",
    "Vitamin A: 469IU",
    "Vitamin C: 18mg",
    "Calcium: 163mg",
    "Iron: 4mg",
    ""
  ],
  "Comments": [
    "Audrey says:Hi! These look great! Quick question that I might have misunderstood somewhere. You were saying you prefer grated parmesan (like the room temp, powder in the green can right?) over shredded, but your link in the ingredients takes you to shredded. Just trying to clarify which one to get. Thanks!",
    "Alyssa Rivers says:Hi Audrey, so sorry for the confusion. Yes the powder in the green can. I will get that fixed on the site! Thanks for letting me know!",
    "Piggysmamma says:Super crisp and yummy!  Thank you",
    "Kelly Desjardins says:What an easy & Delicious snack! I skipped the parmesan cheese & used the “seasoned” Panko.I also made Summer Squash & Eggplant chips to go with my Zucchini chips!Thank you",
    "Rill A Wright says:I’m giving it 5 stars because the flavor is great!  But I can’t get the egg mixture to stick to the floured zucchini slice very well, and therefore can’t get the panko mixture to stick to the egg-dipped slices.  I’ve tried twice and it’s real hit & miss (and messy).  Any tips?  They’re absolutely delicious dipped in ranch dressing (at least the ones with some breading on them).  I wish you had a video so I can see how it’s supposed to be done.  I love your recipes!  Keep ’em comin’.",
    "Kelly Desjardins says:I did take the time to salt & pepper then I left the slices to weep a little. I blotted the  veggies with a paper towel and proceeded with the flour(just enough to dust, not caked on), then the egg (whip mix them well, can even add a tablespoon or 2 of water) then the Panko I kept a small hill in my bowl and placed each slice individually in the bowl and sprinkled more over the top & pressed it firmly with my fork. Flip it a couple of times if needed. But don’t make the panko so think it peels off from weight.Place very carefully into Air Fryer.  Works great & 5 minutes is all it takes!",
    "Margaret Carmen says:Wow, this looks like a great recipe! Great photos and awesome variations. Will definitely give this one a try when my garden is plentiful with zucchini!",
    "Mary Hickman says:This recipe sounds great,but can it be done in the oven ,  I dont have an air fried.",
    "Rill A Wright says:This recipe is a GRAND SLAM!  Absolutely delicious!  Don’t change a thing!  Thank you Alyssa.  Well done!"
  ]
}