{
  "URL": "https://therecipecritic.com/air-fryer-crab-cakes/",
  "Summary": "Air fryer crab cakes are an amazing appetizer that comes together in a snap! Each bite is tender, savory, and packed with all the crab flavor you crave!",
  "Metadata": [
    "Prep Time:  10minutes",
    "Cook Time:  10minutes",
    "Total Time:  20minutes",
    "Servings:  4crab cakes"
  ],
  "Ingredients": [
    "1 pound lump crabmeat",
    "1/4 cup mayonnaise",
    "1/2 cup Panko",
    "1/4 cup flour",
    "1 large egg",
    "2 Tablespoons green onion sliced",
    "1/2 red bell pepper finely diced",
    "1 Tablespoon Worcestershire sauce",
    "1 Tablespoon cajun",
    "juice of half lemon"
  ],
  "Instructions": [
    "In a large bowl add the crabmeat, mayonnaise, Panko, flour, egg, green onion, bell pepper, Worcestershire sauce, cajun, and juice of a lemon. Mix together and shape into patties.",
    "Place in the basket of your air fryer. Cook at 360 degrees for 10-12 minutes or until golden brown."
  ],
  "Nutrition": [
    "Calories: 275kcal",
    "Carbohydrates: 13g",
    "Protein: 25g",
    "Fat: 13g",
    "Saturated Fat: 2g",
    "Polyunsaturated Fat: 7g",
    "Monounsaturated Fat: 3g",
    "Trans Fat: 1g",
    "Cholesterol: 100mg",
    "Sodium: 1153mg",
    "Potassium: 348mg",
    "Fiber: 1g",
    "Sugar: 1g",
    "Vitamin A: 969IU",
    "Vitamin C: 9mg",
    "Calcium: 84mg",
    "Iron: 2mg",
    ""
  ],
  "Comments": [
    "Lynn Hawk says:Recipe was great! Few modifiations as I dont care for bell pepper in crab cakes & when you live near the Eastern Shore, you use Old Bay(1/2 tsp). Minimum cook time was perfect!",
    "TheFlowersPoint.com says:Very nice cake recipe"
  ]
}