{
  "URL": "https://therecipecritic.com/air-fryer-potato-chips/",
  "Summary": "Air Fryer Potato Chips are a chip lovers dream come true! Now you can have all the chips, and none of the guilt!",
  "Metadata": [
    "Prep Time:  5minutes",
    "Cook Time:  15minutes",
    "Total Time:  20minutes",
    "Servings:  4People"
  ],
  "Ingredients": [
    "2 medium sized  russet potatoes",
    "olive oil spray",
    "sea salt"
  ],
  "Instructions": [
    "Using a mandolin thinly slice the potatoes.  You can also slice the potatoes by hand, just make sure they are thin.  Soak the potatoes in cold water with ice for 15 minutes and then drain.  Pat dry with a paper towel.",
    "Spray the bottom of your air fryer with the olive oil spray.  Lay the potatoes in an even layer in the air fryer so they aren't overlapping.  Spray the top with the olive oil spray and then sprinkle with salt.",
    "Cook at 360 degrees for 10-15 minutes.  Check your potatoes after 5 minutes and stir every 5 minutes until they are golden brown.  Garnish with parsley and sprinkle with more salt if needed."
  ],
  "Nutrition": [
    "Calories: 84kcal",
    "Carbohydrates: 19g",
    "Protein: 2g",
    "Fat: 1g",
    "Saturated Fat: 1g",
    "Sodium: 5mg",
    "Potassium: 444mg",
    "Fiber: 1g",
    "Sugar: 1g",
    "Vitamin A: 1IU",
    "Vitamin C: 6mg",
    "Calcium: 14mg",
    "Iron: 1mg",
    ""
  ],
  "Comments": []
}