{
  "URL": "https://therecipecritic.com/air-fryer-meatballs/",
  "Summary": "Air fryer meatballs are tender, juicy, and delicious! They are SOO good and this will be a recipe that your family will want you to make again and again! ",
  "Metadata": [
    "Prep Time:  10minutes",
    "Cook Time:  12minutes",
    "Total Time:  22minutes",
    "Servings:  4people"
  ],
  "Ingredients": [
    "1 pound lean ground beef",
    "1/2 small onion diced",
    "3 cloves garlic minced",
    "1/4 cup grated parmesan cheese",
    "1/2 cup Italian breadcrumbs",
    "2 Tablespoons parsley chopped",
    "1/2 teaspoon salt",
    "1/4 teaspoon pepper",
    "1 large egg",
    "1/2 cup milk"
  ],
  "Instructions": [
    "In a medium sized bowl combine the ground beef, onion, garlic, parmesan cheese, breadcrumbs, parsley, salt, pepper, egg and milk.",
    "Shape into 2-inch sized meatballs. Place in the basket of your air fryer in an even layer.",
    "Cook at 400 degrees for 10-12 minutes or until cooked throughout."
  ],
  "Nutrition": [
    "Calories: 284kcal",
    "Carbohydrates: 14g",
    "Protein: 32g",
    "Fat: 11g",
    "Saturated Fat: 5g",
    "Polyunsaturated Fat: 1g",
    "Monounsaturated Fat: 4g",
    "Trans Fat: 1g",
    "Cholesterol: 126mg",
    "Sodium: 694mg",
    "Potassium: 527mg",
    "Fiber: 1g",
    "Sugar: 3g",
    "Vitamin A: 369IU",
    "Vitamin C: 4mg",
    "Calcium: 158mg",
    "Iron: 4mg",
    ""
  ],
  "Comments": [
    "Diane says:Could you kindly tell us how many meatballs this recipe yields?  I actually find it so much easier when a meatball recipe tells me how many meatballs to make, rather than only giving the dimensions of the meatballs.  That way I don’t have to measure, or worry that I’m making them too large or too small, which could affect the cooking time.  Once I have the ingredients combined, my favorite trick is to roll the meat mixture into a log, and then start subdividing it into segments according to the number of meatballs needed.  So for, say, 16 meatballs, I first divide the log into two halves (easy to eyeball without measuring), then I divide the two halves into half again (yielding 4 segments), and then just keep dividing the segments in half until I have 16 identical segments.  (Hope this makes sense!)  Then all I have to do is to quickly roll each segment into a ball, and with almost no effort, I have the exact number of meatballs called for in the recipe, and they are all beautifully uniform in size.  This is incredibly quick and easy, and saves me SO much time!  No hunting for the right size scoop, no measuring, no wondering if I’ve made the right number of meatballs, and best of all, no having to tinker with resizing some of the meatballs after discovering that they are not all uniform in size.  I used to dislike making meatballs because I thought they were too puttery, but now it’s a breeze!",
    "Alyssa Rivers says:This recipe yields about 24 meatballs. You can always change the amount by making them bigger or smaller. At least this gives you a starting point for your handy measuring method!",
    "Diane says:Thanks so much for the information; this is very helpful!",
    "Patrice says:These were awesome! Had mashed potatoes and brussel sprouts as sides. Thanks for this quick, delicious recipe.",
    "KelleyG says:This recipe was delicious! Several meatballs are in my freezer ready to use anytime. It was easy to make with ingredients I have or are accessible from most grocers. Even though my breadcrumbs were stale bread and I forgot to add parsley which I know would have added tremendously to the flavour, I’m very happy with the results.Thank you for a recipe I will make again and again!",
    "Alyssa Rivers says:So glad you liked them! Thank you for taking the time to come back and leave a comment and a review!",
    "Karla Mitchell says:Alyssa, I made your meatballs tonight. They were amazing! Hands down going to make again!!",
    "Alyssa Rivers says:Karla! I am so glad you liked them! Thank you for the comment and review!",
    "Melissa says:Delicious! I didn’t have Parmesan so I used Asiago.  They were so good, quick and easy.",
    "Stacey says:Can you make these without the parmesan cheese?",
    "Alyssa Rivers says:Yes you can!",
    "JD says:Recipe sounds delish!  Question: I know it is called an “Air Fryer”, but mine also has a “Bake” setting.  So, do I cook the meatballs on “Bake” or “Air Fry”?  Thank you.",
    "Nicole Durland says:Liked how these cooked in air fryer! Fast & moist! & EASY!!! Adjusted for FODMAP diet requirements (no onion, garlic, or dairy).  Swapped in almond milk for Cow’s milk. Used 1 tsp each oregano & basil; 1/8 tsp celery salt (in addition to salt suggested), and shook salt over the raw meatballs before cooking. Used dry sourdough bread crumbs.  My ground beef was 80/20 lean, which is enough fat to hold meatballs together well.  (Lean hamburger doesn’t work well for meatballs).  They were seasoned enough, and tasty!I can only give 4 stars b/c I’ve never had meatballs as good as my Mexican bro-in-law makes for Albondiga (meatball) Soup – he makes the most tender meatballs I’ve ever had, and try as I may I’m unable to duplicate them.  He says he never adds egg (he believes it dries them out), and he handles the meat minimally.  Idk why I can’t get that to work for me.  But that’s why it gets 4 stars.  I’m still in search of the 5 star meatball!!!!  These are good though!",
    "Marilyn says:I made turkey meatballs in my air fryer and they’re perfect with this recipe. I added The meatballs to the Stroganoff and they loved it.",
    "Ruby W says:Fabulous!",
    "Elizabeth says:These were pretty good but needed additional salt. They were a bit bland so next time I might add some other herbs. I tried to mince the onion as fine as I could but the meatballs fell apart where there were bigger chunks. I might use a smaller amount of onion next time. I made these about 1-1.5 inches in diameter and still needed the full cooking time. I plan to make them again with these adjustments."
  ]
}