{
  "URL": "https://therecipecritic.com/air-fryer-onion-rings/",
  "Summary": "Crispy Air Fryer Onion Rings are going to be your new go to favorite. Golden, crunchy and cooked to perfection, these onion rings are so addicting!",
  "Metadata": [
    "Prep Time:  10minutes",
    "Cook Time:  10minutes",
    "Total Time:  20minutes",
    "Servings:  4People"
  ],
  "Ingredients": [
    "2 large onions",
    "1 1/4 cup flour",
    "1 teaspoon baking powder",
    "3 large eggs",
    "2 cups panko",
    "1/2 cup grated parmesan cheese",
    "1 teaspoon paprika",
    "1/2 teaspoon garlic powder",
    "olive oil spray"
  ],
  "Instructions": [
    "Slice the onions ¼ inch thickness into rings.  In a small bowl add the flour and baking powder. In another bowl add the eggs and whisk. And in the last shallow dish add Panko, parmesan cheese, paprika and garlic powder.",
    "Dip one onion ring in the flour, then the egg, and lastly in the Panko mixture. Repeat with all of the onion rings.",
    "Add the onion rings to the air fryer basket and put in a single layer.  Spray the onion rings with the olive oil spray.  Cook at 360 degrees for 8-10 minutes or until golden brown."
  ],
  "Nutrition": [
    "Calories: 402kcal",
    "Carbohydrates: 60g",
    "Protein: 19g",
    "Fat: 9g",
    "Saturated Fat: 4g",
    "Trans Fat: 1g",
    "Cholesterol: 151mg",
    "Sodium: 469mg",
    "Potassium: 394mg",
    "Fiber: 4g",
    "Sugar: 5g",
    "Vitamin A: 558IU",
    "Vitamin C: 6mg",
    "Calcium: 282mg",
    "Iron: 4mg",
    ""
  ],
  "Comments": [
    "Kreative says:Outstanding article. I collect a lot of information about the air fryers. thanks for sharing."
  ]
}