{
  "URL": "https://therecipecritic.com/air-fryer-teriyaki-salmon/",
  "Summary": "Juicy salmon fillets air-fried to perfection and coated in a glossy homemade teriyaki glaze. A quick 30-minute dinner you can feel good about!",
  "Metadata": [
    "Prep Time:  10minutes",
    "Cook Time:  20minutes",
    "Total Time:  30minutes",
    "Servings:  4Servings"
  ],
  "Ingredients": [
    "4 (4-ounce) salmon filets about 1 pound",
    "½ cup low-sodium soy sauce",
    "¼ cup brown sugar",
    "1 tablespoon rice vinegar",
    "2 cloves minced garlic",
    "1 teaspoon sesame oil",
    "1 teaspoon ginger paste or grated ginger",
    "2 tablespoons water",
    "1 tablespoon cornstarch",
    "chopped green onion and sesame seeds for garnish optional"
  ],
  "Instructions": [
    "In a medium-sized saucepan, whisk together ½ cup low-sodium soy sauce, ¼ cup brown sugar, 1 tablespoon rice vinegar, 2 cloves minced garlic, 1 teaspoon sesame oil, and 1 teaspoon ginger paste. Heat over medium-high heat and bring it to a simmer.",
    "In a small bowl, whisk together 2 tablespoons water and 1 tablespoon cornstarch, then add it to the saucepan. Whisk the sauce constantly until it starts to thicken. Remove it from the heat and reserve half of the sauce for serving.",
    "Lightly spray the inside of the air fryer basket with olive oil spray.  Pat 4 (4-ounce) salmon filets dry with a paper towel, then place them skin-side down in the basket.",
    "Brush the teriyaki sauce on each filet. Cook at 390 degrees Fahrenheit for 7-10 minutes. The internal temperature should reach 145 degrees Fahrenheit, and the salmon should flake easily with a fork.",
    "Brush the reserved teriyaki sauce on the filets before serving, and top with chopped green onion and sesame seeds for garnish."
  ],
  "Nutrition": [
    "Calories: 92kcal",
    "Carbohydrates: 18g",
    "Protein: 3g",
    "Fat: 1g",
    "Saturated Fat: 0.2g",
    "Polyunsaturated Fat: 0.5g",
    "Monounsaturated Fat: 0.4g",
    "Cholesterol: 1mg",
    "Sodium: 1153mg",
    "Potassium: 144mg",
    "Fiber: 0.3g",
    "Sugar: 14g",
    "Vitamin A: 1IU",
    "Vitamin C: 0.5mg",
    "Calcium: 24mg",
    "Iron: 1mg"
  ],
  "Comments": []
}