{
  "URL": "https://therecipecritic.com/air-fryer-sausage-stuffed-mushrooms/",
  "Summary": "The perfect bite-sized appetizer, air fryer sausage stuffed mushrooms are hearty and meaty with a flavorful sausage filling your family won't be able to get enough of! They work great as both an appetizer and a side dish to complement your favorite meals!",
  "Metadata": [
    "Prep Time:  5minutes",
    "Cook Time:  5minutes",
    "Total Time:  10minutes",
    "Servings: 6"
  ],
  "Ingredients": [
    "24 ounce baby Bella mushrooms or white button mushrooms",
    "1/2 pound Hot Pork Sausage",
    "2 Tablespoons Olive Oil",
    "1/4 cup Onion Diced",
    "4 cloves Garlic Finely Minced",
    "8 ounce Cream Cheese softened",
    "1 whole Egg Yolk",
    "1 cup Parmesan Cheese Grated",
    "2 Tablespoons fresh parsley finely chopped",
    "Salt And Pepper to taste"
  ],
  "Instructions": [
    "Pop off the stems to the mushrooms and chop them finely. Set aside. In a medium skillet brown the sausage and drain. Set aside to cool. In the same skillet add the olive oil, onion, garlic, and chopped mushroom stems. Sauté for about 3 minutes or until tender. Set aside to cool.",
    "In a medium sized bowl add cream cheese and egg yolk. Stir together with parmesan cheese and parsley. Add cooled sausage and onion mixture and combine until incorporated.",
    "Stuff each mushroom with the mixture making a small mound on the top.",
    "Place in the basket of your air fryer and cook at 390 degrees for 5-7 minutes or until golden on top."
  ],
  "Nutrition": [
    "Calories: 399kcal",
    "Carbohydrates: 10g",
    "Protein: 16g",
    "Fat: 33g",
    "Saturated Fat: 14g",
    "Polyunsaturated Fat: 3g",
    "Monounsaturated Fat: 13g",
    "Trans Fat: 1g",
    "Cholesterol: 112mg",
    "Sodium: 660mg",
    "Potassium: 703mg",
    "Fiber: 1g",
    "Sugar: 4g",
    "Vitamin A: 724IU",
    "Vitamin C: 1mg",
    "Calcium: 217mg",
    "Iron: 1mg",
    ""
  ],
  "Comments": [
    "linda says:do you preheat the air fryer?",
    "Alyssa Rivers says:I always try to preheat the air fryer if I can but it’s not necessary.",
    "Debby J says:This recipe is yummy!  I followed the recipe exactly, except I halved it since I was preparing for just my husband and myself.  After a rather full lunch, I fixed these and we had them as a light dinner with a glass of white wine.  We enjoyed them so much.  They are easy and super flavorful.  Ingredients are those I keep on hand, so I can prepare them pretty much as a drop of a hat.  My husband has already asked for them again… twice!"
  ]
}