{
  "URL": "https://therecipecritic.com/air-fryer-frozen-french-fries/",
  "Summary": "These Air Fryer Frozen French Fries come out exactly like your favorite fast food fries! They are crispy, golden on the outside and perfectly soft on the inside. So much better than frying or baking!",
  "Metadata": [
    "Prep Time:  5minutes",
    "Cook Time:  15minutes",
    "Total Time:  20minutes",
    "Servings:  4People"
  ],
  "Ingredients": [
    "16 ounce bag  frozen French fries",
    "salt to taste I like to use seasoning salt",
    "olive oil spray"
  ],
  "Instructions": [
    "Place the frozen fries in the basket of your air fryer.  Sprinkle with salt and spray lightly with olive oil spray.",
    "Cook for 400 degrees Fahrenheit for 10 minutes.  Shake the fries and cook for an additional 5-10 minutes until crispy."
  ],
  "Nutrition": [
    "Calories: 295kcal",
    "Carbohydrates: 34g",
    "Protein: 3g",
    "Fat: 17g",
    "Saturated Fat: 5g",
    "Sodium: 556mg",
    "Potassium: 488mg",
    "Fiber: 5g",
    "Vitamin C: 7mg",
    "Calcium: 10mg",
    "Iron: 1mg",
    ""
  ],
  "Comments": [
    "Jenn Starling says:Turned out perfectly",
    "J says:Will any cooking spray work if you don’t have olive oil spray",
    "Alyssa Rivers says:Thanks for the question. I would use a neutral oil like vegetable oil or avocado oil.",
    "John Hansen says:nutrition information; whole 16 oz bag or smaller portion?",
    "Alyssa Rivers says:Hi John, thank you for your question. The nutrition information is based on 4 servings. So 1/4 of the recipe is a serving and is what the nutrition information is based on.",
    "Kathleen Blando says:Freezer to plate in 15 minutes.  Crisp",
    "Ellie says:Can you cook the fries at 200 degress celcius if your air fryer doesnt have 400 degrees celcius?",
    "Alyssa Rivers says:Sorry! I should have specified, but it’s 400 degrees Fahrenheit. Just updated the recipe card!",
    "Bijendra Singh says:I’ll give you the five for this air fryer tips for frozen fries! WOW ?",
    "Robert R Donat says:Your recipe for frozen fries was spot on ………..Thanks, They were amazing",
    "Tracey McCue says:I am using my Instant Vortex Plus Air Fryer Oven for the first time EVER! The recipe for french fries said to put in the basket. I hope it meant the rotisserie basket, not the cook pan because that is the only basket I have heard mentioned. I am Not a chef or anything Close to it. I actually think it is such a chore having to make dinner every night! (Lol) Anyway, say a little prayer for my husband who will be my taste tester. He knows I am NOT a great cook, but trying!!!“The Beginner AirFryer”Tracey",
    "Aimee says:I love cooking my frozen fries in the air fryer!! These look awesome! BTW, your post name in the tab says “cirspy air fryer…” instead of crispy 😉"
  ]
}