{
  "URL": "https://therecipecritic.com/air-fryer-jicama-fries/",
  "Summary": "Crispy air fryer jicama fries are a surprisingly tasty and healthy alternative to fries. Enjoy seasoned low-carb fries that are both nutritious and delicious!",
  "Metadata": [
    "Prep Time:  10minutes",
    " 10minutes",
    "Total Time:  20minutes",
    "Servings: 4"
  ],
  "Ingredients": [
    "1 large jicama,  peeled and sliced",
    "3 tablespoons olive oil",
    "1 teaspoon garlic",
    "1/2 teaspoon smoked paprika",
    "1 teaspoon Italian seasoning",
    "1/4 cup grated parmesan",
    "Salt and pepper to taste"
  ],
  "Instructions": [
    "In a large bowl add the jicama and fill with water until covered.",
    "Microwave for 10 minutes or until tender. (You can also boil them for 5 minutes on the stove.)",
    "Strain and dry the jicama.",
    "Add them to a bowl with the olive oil, garlic, paprika, Italian seasoning, parmesan, and salt and pepper.",
    "Put them in the air fryer basket and cook at 400 degrees Fahrenheit for 5 minutes.",
    "Shake the basket and cook another 5 minutes or until crispy.",
    "Serve with your favorite dipping sauce or ketchup."
  ],
  "Nutrition": [
    "Calories: 236kcal",
    "Carbohydrates: 28g",
    "Protein: 4g",
    "Fat: 13g",
    "Saturated Fat: 2g",
    "Polyunsaturated Fat: 1g",
    "Monounsaturated Fat: 8g",
    "Cholesterol: 5mg",
    "Sodium: 122mg",
    "Potassium: 477mg",
    "Fiber: 15g",
    "Sugar: 5g",
    "Vitamin A: 249IU",
    "Vitamin C: 61mg",
    "Calcium: 101mg",
    "Iron: 2mg"
  ],
  "Comments": []
}