{
  "URL": "https://therecipecritic.com/air-fryer-pop-tarts/",
  "Summary": "Make your kids excited to get out of bed with these Homemade Air Fryer Pop Tarts! These pop tarts have a crisp flakey crust with a tender sweet filling, and topped with frosting, of course!",
  "Metadata": [
    "Prep Time:  10minutes",
    "Cook Time:  10minutes",
    "Total Time:  20minutes",
    "Servings:  4Pop Tarts"
  ],
  "Ingredients": [
    "1 package refrigerated pie crusts",
    "strawberry jam",
    "1/2 cup powdered sugar",
    "2-3 tablespoons milk",
    "sprinkles: optional",
    "1/2 cup brown sugar",
    "2 teaspoons cinnamon",
    "1 tablespoon flour",
    "2 tablespoons melted butter",
    "1/2 cup powdered sugar",
    "2-3 tablespoons milk",
    "1 teaspoon cinnamon"
  ],
  "Instructions": [
    "Roll out the refrigerated pie crusts to about 1/4 inch thick.  Cut the dough into four even rectangles.  Place 2 Tablespoons of strawberry jam on one side of the rectangle leaving 1/2 inch to the edge.  Use your finger with some water and go along the edges of the dough.",
    "Add the second rectangle on top and seal the edges with a fork.  Poke two holes in the top of the dough.",
    "Place in the basket of an air fryer and cook at 360 degrees for 8-10 minutes or until golden brown.  Remove and let cool completely.",
    "Combine the powdered sugar and milk until you get the desired consistency. Spread on top of cooled pop tart.",
    "For the filling:  In a small bowl combine the brown sugar, cinnamon, flour, and melted butter.  Put two tablespoons on one side of the rectangle.  Use your finger with some water and go along the edges of the dough.",
    "Add the second rectangle on top and seal the edges with a fork.  Poke two holes in the top of the dough.",
    "Place in the basket of an air fryer and cook at 360 degrees for 8-10 minutes or until golden brown.  Remove and let cool completely.",
    "Combine the powdered sugar, milk, and cinnamon until you get your desired consistency.  Spread on top of cooled pop tart."
  ],
  "Nutrition": [
    "Calories: 794kcal",
    "Carbohydrates: 114g",
    "Protein: 8g",
    "Fat: 35g",
    "Saturated Fat: 13g",
    "Cholesterol: 17mg",
    "Sodium: 515mg",
    "Potassium: 163mg",
    "Fiber: 4g",
    "Sugar: 57g",
    "Vitamin A: 175IU",
    "Calcium: 76mg",
    "Iron: 3mg",
    ""
  ],
  "Comments": []
}