{
  "URL": "https://therecipecritic.com/air-fryer-tortilla-strips/",
  "Summary": "These delicious and easy air fryer tortilla strips are the perfect topping for any of your delicious salads or Mexican dishes! They are crispy, seasoned, and so good that you will want to put them on everything! ",
  "Metadata": [
    "Prep Time:  4minutes",
    "Cook Time:  8minutes",
    "Total Time:  12minutes",
    "Servings: 4"
  ],
  "Ingredients": [
    "6 corn tortillas, yellow or white",
    "1 tbsp olive oil",
    "pinch coarse salt"
  ],
  "Instructions": [
    "Slice the tortillas into thin strips both vertically and horizontally.  Cut them to the desired size you would like.  I like to stack them and cut them all together!",
    "Place them in a medium-sized bowl and drizzle with olive oil. Gently toss to coat all of the strips as best as you can.  Sprinkle with coarse salt.",
    "Place half of the tortilla strips into the air fryer basket and spread them out evenly.",
    "Set the temperature of the air fryer to 325° Fahrenheit and cook for 3 minutes.",
    "After 3 minutes, give the basket a good shake to help cook the strips evenly.  Return the basket back to the air fryer and continue cooking for another 3 minutes.  Watch the strips closely and check for doneness.  If they aren't crispy enough, continue to cook and check every minute until they look done.  They crisp up fast at this point, so make sure they don't burn.",
    "Enjoy on top of salads or Mexican-inspired dishes!"
  ],
  "Nutrition": [
    "Calories: 116kcal",
    "Carbohydrates: 17g",
    "Protein: 2g",
    "Fat: 5g",
    "Saturated Fat: 1g",
    "Polyunsaturated Fat: 1g",
    "Monounsaturated Fat: 3g",
    "Sodium: 18mg",
    "Potassium: 73mg",
    "Fiber: 2g",
    "Sugar: 0.3g",
    "Vitamin A: 1IU",
    "Calcium: 32mg",
    "Iron: 1mg"
  ],
  "Comments": [
    "Susan Edwards says:How to store them to keep them crisp while soup simmers?",
    "Jen says:This is so simple and perfect. 6 minutes at 360 made the absolute best topping for my chicken tortilla soup. Thank you for the post!"
  ]
}