{
  "URL": "https://therecipecritic.com/air-fryer-donuts/",
  "Summary": "Air Fryer Donuts are just minutes away and taste amazing! Glaze them or dunk them in cinnamon and sugar for donuts in less than 15 minutes!",
  "Metadata": [
    "Prep Time:  10minutes",
    "Cook Time:  5minutes",
    "Total Time:  15minutes",
    "Servings:  8Donuts"
  ],
  "Ingredients": [
    "1 can refrigerated grands biscuits",
    "Olive Oil Spray",
    "4 Tablespoons Butter melted",
    "1/2 cup sugar",
    "1 Tablespoon cinnamon",
    "1 cup powdered sugar",
    "3 Tablespoons Milk*",
    "1 teaspoon vanilla",
    "Optional: Sprinkles"
  ],
  "Instructions": [
    "Remove the biscuits from the can and place them on a cutting board.  Press lightly to flatten.",
    "Using a 1 inch biscuit cutter, cut a hole in the center of the dough.  <img decoding=\"async\" width=\"500\" height=\"334\" src=\"https://therecipecritic.com/wp-content/uploads/2021/03/airfryerdonutshowto-500x334.jpg\" class=\"attachment-medium size-medium\" alt=\"\" srcset=\"https://therecipecritic.com/wp-content/uploads/2021/03/airfryerdonutshowto-500x334.jpg 500w, https://therecipecritic.com/wp-content/uploads/2021/03/airfryerdonutshowto-400x267.jpg 400w, https://therecipecritic.com/wp-content/uploads/2021/03/airfryerdonutshowto.jpg 1000w\" sizes=\"(max-width: 500px) 100vw, 500px\" />",
    "Lightly spray the basket of the air fryer with olive oil spray.  Place four donuts in a single layer in the basket.<img decoding=\"async\" width=\"500\" height=\"334\" src=\"https://therecipecritic.com/wp-content/uploads/2021/03/airfryerdonutshowto2-500x334.jpg\" class=\"attachment-medium size-medium\" alt=\"\" srcset=\"https://therecipecritic.com/wp-content/uploads/2021/03/airfryerdonutshowto2-500x334.jpg 500w, https://therecipecritic.com/wp-content/uploads/2021/03/airfryerdonutshowto2-400x267.jpg 400w, https://therecipecritic.com/wp-content/uploads/2021/03/airfryerdonutshowto2.jpg 1000w\" sizes=\"(max-width: 500px) 100vw, 500px\" />",
    "Cook at 350 degrees for 2 minutes on each side or until golden brown.  Remove from air fryer.",
    "In a bowl add the melted butter and in another bowl whisk together the sugar and cinnamon.",
    "Brush the donut with the melted butter.<img decoding=\"async\" width=\"500\" height=\"334\" src=\"https://therecipecritic.com/wp-content/uploads/2021/03/airfryerdonutshowto4-500x334.jpg\" class=\"attachment-medium size-medium\" alt=\"\" srcset=\"https://therecipecritic.com/wp-content/uploads/2021/03/airfryerdonutshowto4-500x334.jpg 500w, https://therecipecritic.com/wp-content/uploads/2021/03/airfryerdonutshowto4-400x267.jpg 400w, https://therecipecritic.com/wp-content/uploads/2021/03/airfryerdonutshowto4.jpg 1000w\" sizes=\"(max-width: 500px) 100vw, 500px\" />",
    "Dip in the cinnamon sugar.<img decoding=\"async\" width=\"500\" height=\"334\" src=\"https://therecipecritic.com/wp-content/uploads/2021/03/airfryerdonutshowto5-500x334.jpg\" class=\"attachment-medium size-medium\" alt=\"\" srcset=\"https://therecipecritic.com/wp-content/uploads/2021/03/airfryerdonutshowto5-500x334.jpg 500w, https://therecipecritic.com/wp-content/uploads/2021/03/airfryerdonutshowto5-400x267.jpg 400w, https://therecipecritic.com/wp-content/uploads/2021/03/airfryerdonutshowto5.jpg 1000w\" sizes=\"(max-width: 500px) 100vw, 500px\" />",
    "In a small bowl whisk together the powdered sugar, milk, and vanilla.  Dip the donut into the glazed and top with sprinkles.<img decoding=\"async\" width=\"500\" height=\"334\" src=\"https://therecipecritic.com/wp-content/uploads/2021/03/airfryerdonutshowto6-500x334.jpg\" class=\"attachment-medium size-medium\" alt=\"\" srcset=\"https://therecipecritic.com/wp-content/uploads/2021/03/airfryerdonutshowto6-500x334.jpg 500w, https://therecipecritic.com/wp-content/uploads/2021/03/airfryerdonutshowto6-400x267.jpg 400w, https://therecipecritic.com/wp-content/uploads/2021/03/airfryerdonutshowto6.jpg 1000w\" sizes=\"(max-width: 500px) 100vw, 500px\" />"
  ],
  "Nutrition": [
    "Calories: 375kcal",
    "Carbohydrates: 57g",
    "Protein: 4g",
    "Fat: 15g",
    "Saturated Fat: 5g",
    "Trans Fat: 1g",
    "Cholesterol: 16mg",
    "Sodium: 597mg",
    "Potassium: 144mg",
    "Fiber: 1g",
    "Sugar: 30g",
    "Vitamin A: 188IU",
    "Vitamin C: 1mg",
    "Calcium: 47mg",
    "Iron: 2mg",
    ""
  ],
  "Comments": [
    "Matthew says:We are really grateful for your blog post. You will find a lot of approaches after visiting your post. I was exactly searching for. Thanks for such post and please keep it up. Great work.",
    "Renee Groskreutz says:Now this is legit a great idea. We love the air fryer but I haven’t thought of this. Just this weekend we ordered donuts for our daughter and her friends. If only I had found this first because making them would have been a total blast. AND I have sprinkles. Next time.I just love this idea. I am gonna try the cinnamon sugar topping first."
  ]
}