{
  "URL": "https://therecipecritic.com/air-fryer-artichokes/",
  "Summary": "If you are looking for a simple and delicious way to cook up your artichokes that is quick and easy, then these air fryer artichokes are just for you! Cooked to perfection, these will be your new favorite vegetable! ",
  "Metadata": [
    "Prep Time:  5minutes",
    "Cook Time:  12minutes",
    "Total Time:  17minutes",
    "Servings: 4"
  ],
  "Ingredients": [
    "2 whole artichokes",
    "2 tablespoons olive oil",
    "1 lemon, sliced in half",
    "1 teaspoon kosher salt",
    "1/2 teaspoon pepper"
  ],
  "Instructions": [
    "Prepare the artichokes by trimming off the stems around the stem if needed.  Cut off most of the stem leaving about 1 inch on the aritchoke.  Slice the top tip of the artichoke, and trim the rest of the stems with kitchen shears if needed.",
    "Bring a large pot of water to a boil and place the prepared artichokes in the water. Boil for 25-30 minutes. Carefully remove the artichokes from the boiling water.",
    "Slice each artichoke in half and use a spoon to remove the fuzzy choke from the center. Immediately rub the entire artichoke with the sliced lemon wedges to prevent discoloration.",
    "Drizzle both sides of the artichoke generously with olive oil.  It helps to get it inside the crevices. Season with salt and pepper.",
    "Place artichokes with the sliced side faced down onto the basket of the air fryer.",
    "Select the air fryer temperature to be 340 degrees Fahrenheit.  Cook for 10 minutes. Open the basket, flip the artichokes, and cook for an additional 2 minutes. Adjust the time depending on the size of the artichoke. Test for doneness and continue to cook until tender. If it darkens too quickly, slightly lower the temperature of your air fryer.",
    "Serve with your favorite dipping sauce and a squeeze of fresh lemon."
  ],
  "Nutrition": [
    "Calories: 71kcal",
    "Carbohydrates: 3g",
    "Protein: 0.3g",
    "Fat: 7g",
    "Saturated Fat: 1g",
    "Polyunsaturated Fat: 1g",
    "Monounsaturated Fat: 5g",
    "Sodium: 583mg",
    "Potassium: 43mg",
    "Fiber: 1g",
    "Sugar: 1g",
    "Vitamin A: 7IU",
    "Vitamin C: 14mg",
    "Calcium: 9mg",
    "Iron: 0.2mg",
    ""
  ],
  "Comments": [
    "Carolyn says:I’ve used this recipe three times now, big and small artichokes, and they’ve turned out great. It definitely helps to boil for 30 mins beforehand. I will continue to use this recipe.",
    "Katie says:Like the guy above said, wast of artichokes. I did everything exactly as stated, lemon, flipped halfway, had good ripe artichokes, and they came out crispy and undercooked. I even put them in for an additional 5 minutes on a lower setting and still the leaves wouldn’t come off. I ended up putting them in the microwave for 5 min and that helped a bit. Still the worst recipe I’ve ever used.",
    "Rusty P says:This was a waste of good artichokes. They came out undercooked but also overcooked. I’ve always steamed them in a pressure cooker, I’ll be doing that again next time. So disappointed.",
    "Shelly Pettersen says:I just tried these. I didn’t rub with lemon because I didn’t have any handy and my artichoke was a smaller one. Other then the lemon, I followed the recipe. The leaves didn’t cook right because they were still very tough but the artichoke was so crisp I didn’t want to cook it any longer. I usually steam them but I was hoping to find a better way to cook them. Any ideas on what I did wrong? Thank you.",
    "Alyssa Rivers says:The lemon will help your leaves from turning brown and too crisp. Try rubbing it with lemon and see if that helps! Also, don’t forget to flip them halfway through!",
    "Shelly Pettersen says:Ok thank you. I will do that and buy a little bigger ones too."
  ]
}