{
  "URL": "https://therecipecritic.com/air-fryer-hot-dogs/",
  "Summary": "Air Fryer Hot Dogs taste better than any grilled, boiled or game-day hot dog you have ever had! Making them in the Air Fryer is a game changer!",
  "Metadata": [
    "Prep Time:  5minutes",
    "Cook Time:  10minutes",
    "Total Time:  15minutes",
    "Servings:  4Hot Dogs"
  ],
  "Ingredients": [
    "4 hot dogs",
    "4 hot dog buns",
    "relish",
    "ketchup",
    "mustard"
  ],
  "Instructions": [
    "Place the 4 hot dogs in your air fryer basket. <img decoding=\"async\" width=\"500\" height=\"334\" src=\"https://therecipecritic.com/wp-content/uploads/2021/01/airfryerhotdogshowto-500x334.jpg\" class=\"attachment-medium size-medium\" alt=\"\" srcset=\"https://therecipecritic.com/wp-content/uploads/2021/01/airfryerhotdogshowto-500x334.jpg 500w, https://therecipecritic.com/wp-content/uploads/2021/01/airfryerhotdogshowto-400x267.jpg 400w, https://therecipecritic.com/wp-content/uploads/2021/01/airfryerhotdogshowto.jpg 1000w\" sizes=\"(max-width: 500px) 100vw, 500px\" />",
    "Cook at 400 degrees Fahrenheit for 6-8 minutes.",
    "For a toasty bun, add 4 hot dog buns to the air fryer the last 2 minutes of cooking, if desired. Assemble the hot dogs and top with your favorite toppings! We love relish, ketchup, and mustard."
  ],
  "Nutrition": [
    "Calories: 229kcal",
    "Carbohydrates: 30g",
    "Protein: 9g",
    "Fat: 8g",
    "Saturated Fat: 3g",
    "Cholesterol: 20mg",
    "Sodium: 520mg",
    "Potassium: 120mg",
    "Fiber: 1g",
    "Sugar: 3g",
    "Vitamin A: 1IU",
    "Vitamin C: 1mg",
    "Calcium: 84mg",
    "Iron: 3mg"
  ],
  "Comments": [
    "E Keith Tipton says:Once again great method both frankfurters and buns",
    "Laurene Moore says:Do you preheat the air fryer? Thank you.",
    "Alyssa Rivers says:Yes, for 2-3 minutes prior to cooking them.",
    "KimS says:New to my air fryer, it occurred to me that I might be able to do our bratwurst (hotdog like) in the air fryer, and it really was above and beyond. Plus, I LOVE toasted buns and these were perfect! I did 6 min with buns in at last 1 min. Thanks! Even though it was very simple, it gave me confidence to try!",
    "Barbara says:I am quite disappointed.  I have found recipes that I like and want to reuse.  I keep these favourite recipes on my personal computer where I can quickly and easily find them.  Now, it seems, I cannot do that.  If I wish to repeat a successful recipe, I must find it again on the internet.  Sometimes this is not easy to find the exact same recipe.  Why can’t I save my favourite recipes to my computer?",
    "Alyssa Rivers says:Hi Barbara, if you go to the website, look on the right hand side, there should be a floating white heart with a pink magnifying glass below it. If you hover over the heart with your curser, a little pink flag will pop out, that is where your saved recipes will be. Click on the heart to save it to your favorites. I hope this helps, let me know if you can’t find it!",
    "Cecilia Stuven says:I just bought the air fryer and I  did not know how to use it. Thanks for your classes. Please send more recipes to use it, Thanks a lot.",
    "Thomas Check says:Any air fryer recommendations ? Thank you Tom",
    "Alyssa Rivers says:I love my air fryer from Sur La Table but any air fryer is great! I recommend one from costco or amazon. 6 quart is best for all of my recipes. Hope that helps!",
    "TriRegionBestBuds says:The 8 qt frigidaire for $100 Canadian if you can get it (walmart) etc when it comes on sale. Some models have same internals."
  ]
}