{
  "URL": "https://therecipecritic.com/air-fryer-kale-chips/",
  "Summary": "Crispy and seasoned perfectly with parmesan cheese, these kale chips that you cook in the air fryer are the BEST snack. They are quick and easy to make and I bet that you can't stop at just one! ",
  "Metadata": [
    "Prep Time:  5minutes",
    "Cook Time:  7minutes",
    "Total Time:  12minutes",
    "Servings:  4people"
  ],
  "Ingredients": [
    "1 bunch Kale",
    "2 Tablespoons olive oil",
    "1 Tablespoon parmesan",
    "salt and pepper"
  ],
  "Instructions": [
    "Rinse and dry the kale. Remove the leaves from the stem and tear them into small pieces.",
    "In a medium-sized bowl add the kale, olive oil, parmesan, salt, and pepper and toss to coat.",
    "Lay the kale in a single layer in the bottom of your air fryer.",
    "Cook at 360 degrees for 7 minutes or until crisp."
  ],
  "Nutrition": [
    "Calories: 83kcal",
    "Carbohydrates: 3g",
    "Protein: 2g",
    "Fat: 8g",
    "Saturated Fat: 1g",
    "Polyunsaturated Fat: 1g",
    "Monounsaturated Fat: 5g",
    "Cholesterol: 1mg",
    "Sodium: 33mg",
    "Potassium: 161mg",
    "Sugar: 1g",
    "Vitamin A: 3257IU",
    "Vitamin C: 39mg",
    "Calcium: 64mg",
    "Iron: 1mg",
    ""
  ],
  "Comments": []
}