{
  "URL": "https://therecipecritic.com/air-fryer-hasselback-potatoes/",
  "Summary": "Air Fryer Garlic Butter Hasselback Potatoes are going to be your new favorite side dish. They are fried to a golden brown and the flavor is amazing!",
  "Metadata": [
    "Prep Time:  10minutes",
    "Cook Time:  20minutes",
    "Total Time:  30minutes",
    "Servings:  4potatoes"
  ],
  "Ingredients": [
    "4-5 small russet potatoes",
    "salt to taste",
    "ground black pepper to taste",
    "½ cup melted unsalted butter",
    "1 teaspoon finely chopped fresh parsley",
    "1 teaspoon finely chopped fresh thyme",
    "1 teaspoon finely chopped fresh rosemary",
    "3 teaspoons minced garlic"
  ],
  "Instructions": [
    "Wash and scrub 4-5 small russet potatoes before thinly slicing them almost all the way through, leaving half an inch intact at the bottom of each slice. Season with salt and ground black pepper.<img decoding=\"async\" width=\"500\" height=\"334\" src=\"https://therecipecritic.com/wp-content/uploads/2021/02/hasselbackpotatoes-500x334.jpg\" class=\"attachment-medium size-medium\" alt=\"\" srcset=\"https://therecipecritic.com/wp-content/uploads/2021/02/hasselbackpotatoes-500x334.jpg 500w, https://therecipecritic.com/wp-content/uploads/2021/02/hasselbackpotatoes-400x267.jpg 400w, https://therecipecritic.com/wp-content/uploads/2021/02/hasselbackpotatoes.jpg 1000w\" sizes=\"(max-width: 500px) 100vw, 500px\" />",
    "Combine ½ cup melted unsalted butter, 1 teaspoon finely chopped fresh parsley, 1 teaspoon finely chopped fresh thyme, 1 teaspoon finely chopped fresh rosemary, and 3 teaspoons minced garlic in a small bowl.",
    "Place the potatoes in the bottom of the air fryer basket. Brush the garlic herb butter over the top of the potatoes.<img decoding=\"async\" width=\"500\" height=\"334\" src=\"https://therecipecritic.com/wp-content/uploads/2021/02/hasselbackpotatoes2-500x334.jpg\" class=\"attachment-medium size-medium\" alt=\"\" srcset=\"https://therecipecritic.com/wp-content/uploads/2021/02/hasselbackpotatoes2-500x334.jpg 500w, https://therecipecritic.com/wp-content/uploads/2021/02/hasselbackpotatoes2-400x267.jpg 400w, https://therecipecritic.com/wp-content/uploads/2021/02/hasselbackpotatoes2.jpg 1000w\" sizes=\"(max-width: 500px) 100vw, 500px\" />",
    "Air fry at 360 degrees Fahrenheit for 15-20 minutes or until tender."
  ],
  "Nutrition": [
    "Calories: 342kcal",
    "Carbohydrates: 32g",
    "Protein: 4g",
    "Fat: 23g",
    "Saturated Fat: 15g",
    "Polyunsaturated Fat: 1g",
    "Monounsaturated Fat: 6g",
    "Trans Fat: 1g",
    "Cholesterol: 61mg",
    "Sodium: 12mg",
    "Potassium: 728mg",
    "Fiber: 2g",
    "Sugar: 1g",
    "Vitamin A: 738IU",
    "Vitamin C: 11mg",
    "Calcium: 35mg",
    "Iron: 2mg",
    ""
  ],
  "Comments": [
    "Kyle Kelly says:Flavor was great. 20 minutes was not enough time.",
    "Melissa Torres says:I enjoyed trying Hasselback potatoes for the first time and using our air fryer to make them since I had the oven in use. Your tool for cutting the potaotes looked great for cutting. I broke one of the potatoes trying to get it almost to the end but we still liked it. I just kept basting my potatoes as they cooked and when I returned them for more cooking time because my potatoes needed more time but that was an easy adjustment. Thank you for the recipe!",
    "Shannon says:Just made this for dinner tonight and they turned out great! I didn’t have fresh herbs, so I just added 1/2 the amount in dried herbs and it still tasted great. I also used earth balance instead of butter to make it dairy free and it was very nice!  I liked that these bake up faster than regular baked potatoes and they were very fancy looking! Will be making again.",
    "jasbir Paul Singh says:I like the explanation in detail and is easy to follow. Dishes r also tempting before preparation, don’t know how yummi will be after cooking, Thanks a lot for different recipes.",
    "Carol says:Thank you, thank you, thank you finally someone is giving us air fryer recipes.I needed some good recipes for the air fryer. I love my air frye"
  ]
}