{
  "URL": "https://therecipecritic.com/air-fryer-french-toast/",
  "Summary": "Air fryer French toast is simple and delicious! You can whip this up in less than 10 minutes, and your family will gobble it up so fast that it will fly off of your table! ",
  "Metadata": [
    "Prep Time:  3minutes",
    "Cook Time:  3minutes",
    "Flip:  3minutes",
    "Total Time:  9minutes",
    "Servings: 4"
  ],
  "Ingredients": [
    "4 eggs",
    "2/3 cup milk",
    "1 1/2 teaspoon cinnamon",
    "1 Tablespoon vanilla",
    "4 slices thick bread Texas toast or French bread",
    "fresh berries",
    "powdered sugar",
    "syrup"
  ],
  "Instructions": [
    "In a medium size bowl, add eggs and milk and whisk together until smooth. Add in the cinnamon and vanilla and whisk.",
    "Dip your french toast into the mixture. Then, add it to the basket of your air fryer. Cook at 350 degrees for 3-5 minutes, then flip. Cook for an additional 3-5 minutes or until golden.",
    "Top with your favorite toppings, fresh berries, powdered sugar, and syrup and enjoy!"
  ],
  "Nutrition": [
    "Calories: 290kcal",
    "Carbohydrates: 20g",
    "Protein: 10g",
    "Fat: 18g",
    "Saturated Fat: 8g",
    "Polyunsaturated Fat: 1g",
    "Monounsaturated Fat: 3g",
    "Trans Fat: 1g",
    "Cholesterol: 183mg",
    "Sodium: 340mg",
    "Potassium: 124mg",
    "Fiber: 1g",
    "Sugar: 5g",
    "Vitamin A: 481IU",
    "Vitamin C: 1mg",
    "Calcium: 80mg",
    "Iron: 7mg",
    ""
  ],
  "Comments": [
    "Nitish Chandra says:Really awesome recipe"
  ]
}