{
  "URL": "https://therecipecritic.com/air-fryer-corn-on-the-cob/",
  "Summary": "Air Fryer Corn on the Cob is going to change the way you cook corn. Super fast, tender, and full of toasted corn flavor air fryer, corn is insanely delicious.",
  "Metadata": [
    "Prep Time:  5minutes",
    "Cook Time:  15minutes",
    "Total Time:  20minutes",
    "Servings:  4ears of corn"
  ],
  "Ingredients": [
    "4 ears of corn",
    "1 Tablespoon olive oil",
    "salt and pepper"
  ],
  "Instructions": [
    "Place the corn in the basket of the air fryer.  Rub the olive oil evenly on the corn.  Add salt and pepper.",
    "Cook in the air fryer at 370 degrees for 12-15 minutes or until tender."
  ],
  "Nutrition": [
    "Calories: 108kcal",
    "Carbohydrates: 17g",
    "Protein: 3g",
    "Fat: 5g",
    "Saturated Fat: 1g",
    "Polyunsaturated Fat: 1g",
    "Monounsaturated Fat: 3g",
    "Trans Fat: 1g",
    "Sodium: 14mg",
    "Potassium: 243mg",
    "Fiber: 2g",
    "Sugar: 6g",
    "Vitamin A: 168IU",
    "Vitamin C: 6mg",
    "Calcium: 2mg",
    "Iron: 1mg"
  ],
  "Comments": [
    "Karen Blackmon says:Do I need to thaw the corn first if frozen?",
    "Alyssa Rivers says:You don’t need to thaw it!",
    "Madeline says:Best way to cook corn! Delicious! 😋"
  ]
}