{
  "URL": "https://therecipecritic.com/air-fryer-bacon/",
  "Summary": "Air fryer bacon comes out crispy, evenly cooked, and ready in just 10 minutes. It's perfect for busy mornings!",
  "Metadata": [
    "Prep Time:  5minutes",
    "Cook Time:  10minutes",
    "Total Time:  15minutes",
    "Servings:  2servings"
  ],
  "Ingredients": [
    "5-6 slices of bacon"
  ],
  "Instructions": [
    "Lay 5-6 slices of bacon in the bottom of an air fryer basket in a single layer without overlapping.",
    "Set the air fryer to 360 degrees Fahrenheit and cook the bacon for 8-10 minutes. Check the bacon at 5 minutes and rearrange if needed.  Continue to cook until desired crispiness.",
    "Remove the bacon from the air fryer and place it on a paper towel-lined plate."
  ],
  "Nutrition": [
    "Calories: 94kcal",
    "Carbohydrates: 0.3g",
    "Protein: 7g",
    "Fat: 7g",
    "Saturated Fat: 2g",
    "Polyunsaturated Fat: 1g",
    "Monounsaturated Fat: 3g",
    "Trans Fat: 0.03g",
    "Cholesterol: 20mg",
    "Sodium: 336mg",
    "Potassium: 100mg",
    "Vitamin A: 7IU",
    "Calcium: 2mg",
    "Iron: 0.2mg"
  ],
  "Comments": [
    "Clara says:Yes, it is true! All I needed was ten minutes to prepare this dish as an appetizer! Crispy, juicy and succulent, everyone in my house loved this meaty treat. I had some bacon left from last night and tried this recipe last night in the evening as a light snack."
  ]
}