{
  "URL": "https://therecipecritic.com/air-fryer-asparagus/",
  "Summary": "Air Fryer Asparagus is crisp, tender and delicious. This is hands down the best way to roast asparagus!",
  "Metadata": [
    "Prep Time:  5minutes",
    "Cook Time:  10minutes",
    "Total Time:  15minutes",
    "Servings:  4People"
  ],
  "Ingredients": [
    "1 stalk asparagus",
    "1 tablespoons olive oil",
    "juice of half lemon",
    "salt and pepper"
  ],
  "Instructions": [
    "Snap the hard ends off of the asparagus.<img decoding=\"async\" width=\"500\" height=\"334\" src=\"https://therecipecritic.com/wp-content/uploads/2021/02/airfryerasparagushowto-500x334.jpg\" class=\"attachment-medium size-medium\" alt=\"\" srcset=\"https://therecipecritic.com/wp-content/uploads/2021/02/airfryerasparagushowto-500x334.jpg 500w, https://therecipecritic.com/wp-content/uploads/2021/02/airfryerasparagushowto-400x267.jpg 400w, https://therecipecritic.com/wp-content/uploads/2021/02/airfryerasparagushowto.jpg 1000w\" sizes=\"(max-width: 500px) 100vw, 500px\" />",
    "In a medium sized bowl add the olive oil and lemon.<img decoding=\"async\" width=\"500\" height=\"334\" src=\"https://therecipecritic.com/wp-content/uploads/2021/02/airfryerasparagushowto2-500x334.jpg\" class=\"attachment-medium size-medium\" alt=\"\" srcset=\"https://therecipecritic.com/wp-content/uploads/2021/02/airfryerasparagushowto2-500x334.jpg 500w, https://therecipecritic.com/wp-content/uploads/2021/02/airfryerasparagushowto2-400x267.jpg 400w, https://therecipecritic.com/wp-content/uploads/2021/02/airfryerasparagushowto2.jpg 1000w\" sizes=\"(max-width: 500px) 100vw, 500px\" />",
    "Add salt and pepper to taste.<img decoding=\"async\" width=\"500\" height=\"334\" src=\"https://therecipecritic.com/wp-content/uploads/2021/02/airfryerasparagushowto3-500x334.jpg\" class=\"attachment-medium size-medium\" alt=\"\" srcset=\"https://therecipecritic.com/wp-content/uploads/2021/02/airfryerasparagushowto3-500x334.jpg 500w, https://therecipecritic.com/wp-content/uploads/2021/02/airfryerasparagushowto3-400x267.jpg 400w, https://therecipecritic.com/wp-content/uploads/2021/02/airfryerasparagushowto3.jpg 1000w\" sizes=\"(max-width: 500px) 100vw, 500px\" />",
    "Line the asparagus in an even row in the air fryer basket. Cook at 400 degrees for 8-10 minutes.  For thinner sized asparagus check at 6 minutes.<img decoding=\"async\" width=\"500\" height=\"334\" src=\"https://therecipecritic.com/wp-content/uploads/2021/02/airfryerasparagushowto4-500x334.jpg\" class=\"attachment-medium size-medium\" alt=\"\" srcset=\"https://therecipecritic.com/wp-content/uploads/2021/02/airfryerasparagushowto4-500x334.jpg 500w, https://therecipecritic.com/wp-content/uploads/2021/02/airfryerasparagushowto4-400x267.jpg 400w, https://therecipecritic.com/wp-content/uploads/2021/02/airfryerasparagushowto4.jpg 1000w\" sizes=\"(max-width: 500px) 100vw, 500px\" />"
  ],
  "Nutrition": [
    "Calories: 32kcal",
    "Carbohydrates: 1g",
    "Protein: 1g",
    "Fat: 4g",
    "Saturated Fat: 1g",
    "Sodium: 1mg",
    "Potassium: 8mg",
    "Fiber: 1g",
    "Sugar: 1g",
    "Vitamin A: 30IU",
    "Vitamin C: 1mg",
    "Calcium: 1mg",
    "Iron: 1mg",
    ""
  ],
  "Comments": []
}