{
  "URL": "https://therecipecritic.com/air-fryer-green-beans/",
  "Summary": "These green beans are cooked to perfection in the air fryer! They are perfectly tender with a delightful crunch and then smothered in the most delicious flavors of parmesan, lemon, and garlic! ",
  "Metadata": [
    "Prep Time:  5minutes",
    "Cook Time:  10minutes",
    "Total Time:  15minutes",
    "Servings: 6"
  ],
  "Ingredients": [
    "1 pound green beans",
    "2 tablespoons olive oil",
    "2 tablespoons lemon juice",
    "1/4 cup grated parmesan",
    "1 teaspoon garlic powder",
    "1/2 teaspoon salt",
    "1/4 teaspoon pepper"
  ],
  "Instructions": [
    "In a bowl, add the green beans, olive oil, lemon juice, parmesan, garlic powder, salt, and pepper.",
    "Stir everything together until combined.",
    "Add it to your air fryer basket and cook at 370 degrees for 5 minutes",
    "Shake the basket, then cook for another 5 minutes or until golden and tender."
  ],
  "Nutrition": [
    "Calories: 85kcal",
    "Carbohydrates: 7g",
    "Protein: 3g",
    "Fat: 6g",
    "Saturated Fat: 1g",
    "Polyunsaturated Fat: 1g",
    "Monounsaturated Fat: 4g",
    "Cholesterol: 4mg",
    "Sodium: 272mg",
    "Potassium: 179mg",
    "Fiber: 2g",
    "Sugar: 3g",
    "Vitamin A: 558IU",
    "Vitamin C: 11mg",
    "Calcium: 66mg",
    "Iron: 1mg"
  ],
  "Comments": [
    "Shelly H says:This recipe is absolutely fantastic. So simple however packed with flavor.  My husband requests this side frequently!  I have served it as an appetizer with a side of garlic aoili for dipping as well."
  ]
}