{
  "URL": "https://therecipecritic.com/air-fryer-biscuit-pizzas/",
  "Summary": "5 Minute Air Fryer Biscuit Pizzas are the perfect solution to snack time or dinner time! Super easy and versatile these pizzas bake to perfection in the air fryer.",
  "Metadata": [
    "Prep Time:  5minutes",
    "Cook Time:  5minutes",
    "Total Time:  10minutes",
    "Servings:  8pizzas"
  ],
  "Ingredients": [
    "1 can  regular refrigerated biscuits*",
    "1/4 cup pizza sauce",
    "I used mini pepperonis, sliced olives",
    "1 cup shredded mozzarella cheese",
    "olive oil spray"
  ],
  "Instructions": [
    "Lightly spray the bottom of your air fryer with olive oil spray.  Flatten each biscuit in the bottom of your air fryer basket.",
    "Spread with 1 tablespoon pizza sauce.<img decoding=\"async\" width=\"500\" height=\"334\" src=\"https://therecipecritic.com/wp-content/uploads/2021/02/minibiscuitpizzashowto-500x334.jpg\" class=\"attachment-medium size-medium\" alt=\"\" srcset=\"https://therecipecritic.com/wp-content/uploads/2021/02/minibiscuitpizzashowto-500x334.jpg 500w, https://therecipecritic.com/wp-content/uploads/2021/02/minibiscuitpizzashowto-400x267.jpg 400w, https://therecipecritic.com/wp-content/uploads/2021/02/minibiscuitpizzashowto.jpg 1000w\" sizes=\"(max-width: 500px) 100vw, 500px\" />",
    "Add desired toppings.  I used mini pepperonis and sliced olives.<img decoding=\"async\" width=\"500\" height=\"334\" src=\"https://therecipecritic.com/wp-content/uploads/2021/02/minibiscuitpizzashowto2-500x334.jpg\" class=\"attachment-medium size-medium\" alt=\"\" srcset=\"https://therecipecritic.com/wp-content/uploads/2021/02/minibiscuitpizzashowto2-500x334.jpg 500w, https://therecipecritic.com/wp-content/uploads/2021/02/minibiscuitpizzashowto2-400x267.jpg 400w, https://therecipecritic.com/wp-content/uploads/2021/02/minibiscuitpizzashowto2.jpg 1000w\" sizes=\"(max-width: 500px) 100vw, 500px\" />",
    "Sprinkle with Parmesan Cheese.<img decoding=\"async\" width=\"500\" height=\"334\" src=\"https://therecipecritic.com/wp-content/uploads/2021/02/minibiscuitpizzashowto3-500x334.jpg\" class=\"attachment-medium size-medium\" alt=\"\" srcset=\"https://therecipecritic.com/wp-content/uploads/2021/02/minibiscuitpizzashowto3-500x334.jpg 500w, https://therecipecritic.com/wp-content/uploads/2021/02/minibiscuitpizzashowto3-400x267.jpg 400w, https://therecipecritic.com/wp-content/uploads/2021/02/minibiscuitpizzashowto3.jpg 1000w\" sizes=\"(max-width: 500px) 100vw, 500px\" />",
    "Turn air fryer to 350 degrees and bake for 5 minutes or until golden."
  ],
  "Nutrition": [
    "Calories: 255kcal",
    "Carbohydrates: 29g",
    "Protein: 7g",
    "Fat: 13g",
    "Saturated Fat: 3g",
    "Cholesterol: 12mg",
    "Sodium: 672mg",
    "Potassium: 165mg",
    "Fiber: 1g",
    "Sugar: 2g",
    "Vitamin A: 129IU",
    "Vitamin C: 1mg",
    "Calcium: 100mg",
    "Iron: 2mg"
  ],
  "Comments": [
    "Stephanie Warne says:Question:  My air fryer is more like a little oven that has a bake setting and slide out racks.  Would I use the bake setting or air fry setting for these?thank you",
    "Alyssa Rivers says:Yes, that will work perfectly!",
    "Janice Mae Printy says:These are Great recipes, Thank You so much for sharing with us all,"
  ]
}