{
  "URL": "https://therecipecritic.com/air-fryer-zucchini/",
  "Summary": "If you have never cooked air fryer zucchini, then you are in for the tastiest treat! It's perfectly seasoned with Italian seasonings and parmesan cheese and cooked to perfection!",
  "Metadata": [
    "Prep Time:  5minutes",
    "Cook Time:  10minutes",
    "Total Time:  15minutes",
    "Servings: 6"
  ],
  "Ingredients": [
    "3 medium zucchini, cut in 1/2 inch chunks",
    "2 tablespoons olive oil",
    "1/2 teaspoon Italian seasoning",
    "2 tablespoons  parmesan cheese, grated",
    "1/2 teaspoon kosher salt",
    "1/4 teaspoon pepper"
  ],
  "Instructions": [
    "In a medium-sized bowl add the zucchini, olive oil, Italian seasoning, parmesan cheese, salt, and pepper.  Toss to coat the zucchini evenly.",
    "Lay the zucchini in a single layer in the air fryer basket.  Cook at 375 degrees Fahrenheit for 5 minutes.",
    "Shake the basket of zucchini after 5 minutes and air fry for an additional 3-5 minutes.  Air fry until the zucchini is cooked through and golden on the outside."
  ],
  "Nutrition": [
    "Calories: 65kcal",
    "Carbohydrates: 3g",
    "Protein: 2g",
    "Fat: 5g",
    "Saturated Fat: 1g",
    "Polyunsaturated Fat: 1g",
    "Monounsaturated Fat: 4g",
    "Cholesterol: 1mg",
    "Sodium: 228mg",
    "Potassium: 261mg",
    "Fiber: 1g",
    "Sugar: 2g",
    "Vitamin A: 212IU",
    "Vitamin C: 18mg",
    "Calcium: 39mg",
    "Iron: 0.5mg"
  ],
  "Comments": []
}