{
  "URL": "https://therecipecritic.com/air-fryer-ham/",
  "Summary": "This air fryer ham is moist and flavorful with the most delicious caramelized honey glaze! It's so easy to make and tastes so incredible, you'll never want to cook ham any other way! Your friends and family will all be asking for the recipe!",
  "Metadata": [
    "Prep Time:  10minutes",
    "Cook Time:  40minutes",
    "Total Time:  50minutes",
    "Servings:  6people"
  ],
  "Ingredients": [
    "3 pound ham, fully cooked",
    "½ cup butter unsalted",
    "¼ cup brown sugar",
    "2 tablespoons honey"
  ],
  "Instructions": [
    "In a small saucepan over medium heat, add ½ cup butter, ¼ cup brown sugar, and 2 tablespoons honey. Heat until the butter melts and the mixture comes to a simmer. Remove from heat and set aside.",
    "Line a piece of heavy duty foil in the basket of the air fryer. Place the 3 pound ham, in the center of the foil, then fold up the edges of the foil around the ham.",
    "Brush some of the butter glaze over the top and around the sides of the ham. Save the rest of the glaze to baste throughout the cooking process.",
    "Cover the top of the ham with foil and cook in the air fryer at 325 degrees Fahrenheit for 20 minutes.",
    "Baste with additional glaze, recover with foil, then cook an additional 15 minutes. The ham should reach 145 degress Fahrenheit.",
    "Remove the top piece of aluminum foil and glaze the ham one more time.",
    "Increase the temperature to 350 degrees Fahrenheit and brown the top of the ham for 2-3 minutes or until golden brown to your preference.",
    "Remove the ham from the air fryer basket and slice and serve."
  ],
  "Nutrition": [
    "Serving: 1serving",
    "Calories: 743kcal",
    "Carbohydrates: 15g",
    "Protein: 49g",
    "Fat: 53g",
    "Saturated Fat: 23g",
    "Polyunsaturated Fat: 5g",
    "Monounsaturated Fat: 22g",
    "Trans Fat: 1g",
    "Cholesterol: 181mg",
    "Sodium: 2817mg",
    "Potassium: 669mg",
    "Fiber: 0.01g",
    "Sugar: 15g",
    "Vitamin A: 473IU",
    "Vitamin C: 0.03mg",
    "Calcium: 28mg",
    "Iron: 2mg"
  ],
  "Comments": []
}