{
  "URL": "https://therecipecritic.com/air-fryer-pizza-rolls/",
  "Summary": "These pizza rolls are cooked to perfection in the air fryer. They take less than 10 minutes and make the perfect lunch or after-school snack. My kids love them!",
  "Metadata": [
    "Prep Time:  5minutes",
    "Cook Time:  7minutes",
    "Total Time:  12minutes",
    "Servings:  6people"
  ],
  "Ingredients": [
    "Olive oil spray",
    "1 package frozen pizza rolls",
    "Marinara sauce for dipping (optional)"
  ],
  "Instructions": [
    "Spray the basket of your air fryer with olive oil spray. Put the frozen pizza rolls in a single layer at the bottom.",
    "Cook at 390 degrees for 7 minutes or until cooked throughout."
  ],
  "Nutrition": [
    "Calories: 325kcal",
    "Carbohydrates: 35g",
    "Protein: 13g",
    "Fat: 15g",
    "Saturated Fat: 5g",
    "Polyunsaturated Fat: 2g",
    "Monounsaturated Fat: 5g",
    "Cholesterol: 17mg",
    "Sodium: 542mg",
    "Potassium: 184mg",
    "Fiber: 3g",
    "Sugar: 4g",
    "Vitamin A: 414IU",
    "Vitamin C: 1mg",
    "Calcium: 217mg",
    "Iron: 3mg"
  ],
  "Comments": []
}