{
  "URL": "https://therecipecritic.com/air-fryer-cauliflower/",
  "Summary": "Air Fryer Cauliflower is perfectly tender, crisp and full of amazing flavor. You are going to love how easy it is to make this delicious side dish!",
  "Metadata": [
    "Prep Time:  5minutes",
    "Cook Time:  15minutes",
    "Total Time:  20minutes",
    "Servings:  6People"
  ],
  "Ingredients": [
    "1 pound cauliflower",
    "1/3 cup olive oil",
    "3 Tablespoons grated parmesan cheese",
    "1/2 teaspoon paprika",
    "1/2 teaspoon garlic powder",
    "1/4 teaspoon crushed red pepper optional",
    "salt and pepper to taste"
  ],
  "Instructions": [
    "Start by cutting the cauliflower into small pieces.",
    "In a small bowl whisk together olive oil, parmesan, paprika, garlic, crushed red pepper and salt and pepper.<img decoding=\"async\" width=\"500\" height=\"334\" src=\"https://therecipecritic.com/wp-content/uploads/2021/04/airfryercauliflowerhowto-500x334.jpg\" class=\"attachment-medium size-medium\" alt=\"\" srcset=\"https://therecipecritic.com/wp-content/uploads/2021/04/airfryercauliflowerhowto-500x334.jpg 500w, https://therecipecritic.com/wp-content/uploads/2021/04/airfryercauliflowerhowto-400x267.jpg 400w, https://therecipecritic.com/wp-content/uploads/2021/04/airfryercauliflowerhowto.jpg 1000w\" sizes=\"(max-width: 500px) 100vw, 500px\" data-jpibfi-post-excerpt=\"\" data-jpibfi-post-url=\"https://therecipecritic.com/air-fryer-cauliflower/\" data-jpibfi-post-title=\"Air Fryer Cauliflower\" data-jpibfi-src=\"https://therecipecritic.com/wp-content/uploads/2021/04/airfryercauliflowerhowto-500x334.jpg\" >",
    "Toss the cauliflower with the mixture to coat.<img decoding=\"async\" width=\"500\" height=\"334\" src=\"https://therecipecritic.com/wp-content/uploads/2021/04/airfryercauliflowerhowto2-500x334.jpg\" class=\"attachment-medium size-medium\" alt=\"\" srcset=\"https://therecipecritic.com/wp-content/uploads/2021/04/airfryercauliflowerhowto2-500x334.jpg 500w, https://therecipecritic.com/wp-content/uploads/2021/04/airfryercauliflowerhowto2-400x267.jpg 400w, https://therecipecritic.com/wp-content/uploads/2021/04/airfryercauliflowerhowto2.jpg 1000w\" sizes=\"(max-width: 500px) 100vw, 500px\" data-jpibfi-post-excerpt=\"\" data-jpibfi-post-url=\"https://therecipecritic.com/air-fryer-cauliflower/\" data-jpibfi-post-title=\"Air Fryer Cauliflower\" data-jpibfi-src=\"https://therecipecritic.com/wp-content/uploads/2021/04/airfryercauliflowerhowto2-500x334.jpg\" >",
    "Place in air fryer basket at 390 degrees Fahrenheit for 13-15 minutes or until crispy.<img decoding=\"async\" width=\"500\" height=\"334\" src=\"https://therecipecritic.com/wp-content/uploads/2021/04/airfryercauliflowerhowto3-500x334.jpg\" class=\"attachment-medium size-medium\" alt=\"\" srcset=\"https://therecipecritic.com/wp-content/uploads/2021/04/airfryercauliflowerhowto3-500x334.jpg 500w, https://therecipecritic.com/wp-content/uploads/2021/04/airfryercauliflowerhowto3-400x267.jpg 400w, https://therecipecritic.com/wp-content/uploads/2021/04/airfryercauliflowerhowto3.jpg 1000w\" sizes=\"(max-width: 500px) 100vw, 500px\" data-jpibfi-post-excerpt=\"\" data-jpibfi-post-url=\"https://therecipecritic.com/air-fryer-cauliflower/\" data-jpibfi-post-title=\"Air Fryer Cauliflower\" data-jpibfi-src=\"https://therecipecritic.com/wp-content/uploads/2021/04/airfryercauliflowerhowto3-500x334.jpg\" >"
  ],
  "Nutrition": [
    "Calories: 137kcal",
    "Carbohydrates: 4g",
    "Protein: 2g",
    "Fat: 13g",
    "Saturated Fat: 2g",
    "Cholesterol: 2mg",
    "Sodium: 63mg",
    "Potassium: 238mg",
    "Fiber: 2g",
    "Sugar: 1g",
    "Vitamin A: 128IU",
    "Vitamin C: 36mg",
    "Calcium: 45mg",
    "Iron: 1mg"
  ],
  "Comments": [
    "Lucie says:I can never make them crispy although I really like them.  Dont know what I am doing wrong.  It beats boiled or microwave any time",
    "Teresa Winkle says:This was delicious made this 04/29/23 for supper the only thing a little different was using smoked paprika. 13 minutes at 390 was perfect!!",
    "Vi says:Can you use frozen cauliflower florets?",
    "Alyssa Rivers says:Yes, but I would thaw them and drain any excess water off of them!",
    "Wende says:We loved this.Used Italian seasoning ,garlic powder&Parmesan cheese.",
    "Shelly says:Do you preheat the air fryer or just put the caulif. in and then start at 390?",
    "Alyssa Rivers says:I preheat the air fryer before adding in the cauliflower. Enjoy!!",
    "Lori says:Thanks for the air fryer help. I used a rotisserie basket so I didn’t put the Parmesan on till it was cooked. I’ve never liked cauliflower until tonight. It was excellent. I will try other vegetables this way too.",
    "Rakhinationwide says:Your work is so inspiring. Thanks for the encouragement."
  ]
}