{
  "URL": "https://therecipecritic.com/air-fryer-whole-chicken/",
  "Summary": "Air Fryer Whole Chicken is going to change the way you do chicken! Super easy, it comes out perfectly tender, juicy and full of flavor!",
  "Metadata": [
    "Prep Time:  5minutes",
    "Cook Time:  1hour",
    "Total Time:    1hour5minutes",
    "Servings:  8People"
  ],
  "Ingredients": [
    "1 (4-5) pound whole chicken giblets removed",
    "2 Tablespoons olive oil",
    "1 Tablespoon Italian seasoning",
    "1 teaspoon garlic powder",
    "1/2 teaspoon paprika",
    "salt and pepper"
  ],
  "Instructions": [
    "Rub the chicken with the oil.  In a small bowl combine italian seasoning, garlic powder, paprika and salt and pepper.  Rub all over the chicken.<img decoding=\"async\" width=\"500\" height=\"334\" src=\"https://therecipecritic.com/wp-content/uploads/2021/03/airfryerwholechickenhowto-500x334.jpg\" class=\"attachment-medium size-medium\" alt=\"\" srcset=\"https://therecipecritic.com/wp-content/uploads/2021/03/airfryerwholechickenhowto-500x334.jpg 500w, https://therecipecritic.com/wp-content/uploads/2021/03/airfryerwholechickenhowto-400x267.jpg 400w, https://therecipecritic.com/wp-content/uploads/2021/03/airfryerwholechickenhowto.jpg 1000w\" sizes=\"(max-width: 500px) 100vw, 500px\" />",
    "Place the chicken breast side down in the air fryer.  Cook at 360 degrees for 30 minutes.<img decoding=\"async\" width=\"500\" height=\"334\" src=\"https://therecipecritic.com/wp-content/uploads/2021/03/airfryerwholechickenhowto2-500x334.jpg\" class=\"attachment-medium size-medium\" alt=\"\" srcset=\"https://therecipecritic.com/wp-content/uploads/2021/03/airfryerwholechickenhowto2-500x334.jpg 500w, https://therecipecritic.com/wp-content/uploads/2021/03/airfryerwholechickenhowto2-400x267.jpg 400w, https://therecipecritic.com/wp-content/uploads/2021/03/airfryerwholechickenhowto2.jpg 1000w\" sizes=\"(max-width: 500px) 100vw, 500px\" />",
    "Flip the chicken and cook for an additional 30 minutes or until the chicken reaches an internal temperature of 165 degrees.<img decoding=\"async\" width=\"500\" height=\"334\" src=\"https://therecipecritic.com/wp-content/uploads/2021/03/airfryerwholechickenhowto3-500x334.jpg\" class=\"attachment-medium size-medium\" alt=\"\" srcset=\"https://therecipecritic.com/wp-content/uploads/2021/03/airfryerwholechickenhowto3-500x334.jpg 500w, https://therecipecritic.com/wp-content/uploads/2021/03/airfryerwholechickenhowto3-400x267.jpg 400w, https://therecipecritic.com/wp-content/uploads/2021/03/airfryerwholechickenhowto3.jpg 1000w\" sizes=\"(max-width: 500px) 100vw, 500px\" />"
  ],
  "Nutrition": [
    "Calories: 327kcal",
    "Carbohydrates: 1g",
    "Protein: 25g",
    "Fat: 24g",
    "Saturated Fat: 6g",
    "Trans Fat: 1g",
    "Cholesterol: 102mg",
    "Sodium: 96mg",
    "Potassium: 272mg",
    "Fiber: 1g",
    "Sugar: 1g",
    "Vitamin A: 263IU",
    "Vitamin C: 2mg",
    "Calcium: 26mg",
    "Iron: 2mg",
    ""
  ],
  "Comments": [
    "Babs says:Crowd pleaser – easy prep, easy cleanup. Thank you!",
    "Muriel Tremain says:Can you stuff the chicken and bake it the same amount of time?  I am dying to try this recipe.  Will write my comments after I try it. Thanks",
    "Alyssa Rivers says:Hi Muriel, thank you for your question. Yes but I would imagine it would take longer to cook fully. Check the internal temperature at 30 minutes and add more time if needed. Just make sure your chicken’s internal temperature reaches 165 degrees Fahrenheit before you eat it. Let me know how it turns out!",
    "Dell says:First Air Fryer Chicken… I am no novice and know my way around a kitchen.This chicken is dang! You should call it Dang! Chicken. It’s so good!The bird is so juicy and seasoned nicely, with great ‘roasted’ chicken flavor. The skin was rendered and crunchyI cooked a 4-5 pound whole chicken at 360, with the Air Fry option, in a Midea 5-qrt Double Air Fryer.This is a game changer.",
    "Colleen Trollip says:I have used this recipe every single week for the last two to three months now! No matter the size of chicken I follow the cook time to the T. Only last week should I have done about 5 minutes more (it was a massive bird to feed a teenage boy too).The only variation on the rub is I may add chilli flakes or may not. It is absolutely amazing, every single time! I’ve never been one to rest chicken but I have to here for sure ‘cause after that hour it’s still sooooo juicy and I’ve lost all those by carving too quickly before. 10/10 recipe!! Cheers from South Africa ??",
    "Candy says:Best way to roast chicken ?. Recipe and tips are fantastic. Thank you",
    "RosaLee Johnson says:WOW! I did the Italian season and what a wonderful juicy taste Chicken. This will be my way of cooking whole chickens going forward. Excited to try different seasons too. Thank you Alyssa for the tips and recipe for a great tasting chicken!",
    "Dena Switzer says:This is going to be my first air fry chicken. I am so excited to learn how to cook in a new way.Thank You Alyssa",
    "Katie says:The perfect substitute for a Thanksgiving turkey. Delicious and incredibly easy to do. <3",
    "Martha says:What size air fryer are you using?",
    "Alyssa Rivers says:6 quart!",
    "Mike Dooley says:Thank you! That’s what I was wondering.",
    "Gail says:Awesome tastey easy as can be. Thanks a bunch!",
    "Beth Routhier says:I can’t get over how excellent my chicken turned out! Just unreal! I do not think I’ve ever eaten chicken that tasted and was cooked so perfect. Served with rice and roasted carrots."
  ]
}