{
  "URL": "https://therecipecritic.com/air-fryer-frozen-waffle-fries/",
  "Summary": "These air fryer frozen waffle fries are so easy and make the perfect side to any meal! Crispy and flavored to perfection, they will leave your mouth watering and wanting more! ",
  "Metadata": [
    "Cook Time:  20minutes",
    "Total Time:  20minutes",
    "Servings:  4Servings"
  ],
  "Ingredients": [
    "16 ounces Frozen Waffle Fries",
    "Olive Oil Spray",
    "Salt or seasoning salt to Taste"
  ],
  "Instructions": [
    "Place the frozen fries in the basket of your air fryer and spray lightly with olive oil spray.",
    "Cook at 400°F degrees for 10 minutes. Shake the fries and cook for an additional 5-10 minutes until crispy.",
    "Season with salt or seasoned salt if needed!"
  ],
  "Nutrition": [
    "Calories: 295kcal",
    "Carbohydrates: 34g",
    "Protein: 3g",
    "Fat: 17g",
    "Saturated Fat: 5g",
    "Polyunsaturated Fat: 1g",
    "Monounsaturated Fat: 10g",
    "Sodium: 556mg",
    "Potassium: 488mg",
    "Fiber: 5g",
    "Vitamin C: 7mg",
    "Calcium: 10mg",
    "Iron: 1mg",
    ""
  ],
  "Comments": []
}