{
  "URL": "https://therecipecritic.com/air-fryer-mac-and-cheese-balls/",
  "Summary": "These air fryer mac and cheese balls are crunchy, gooey, and full of delicious cheesy flavor! They are sure to be a hit with your kids or dinner guests, and you'll get this recipe requested again and again. ",
  "Metadata": [
    "Prep Time:  10minutes",
    "Cook Time:  6minutes",
    "Chill Macaroni:    4hours20minutes",
    "Total Time:    4hours36minutes",
    "Servings:  15balls"
  ],
  "Ingredients": [
    "4 cups mac and cheese, cooked and chilled",
    "2 large eggs",
    "1 cup panko breadcrumbs",
    "1/2 teaspoon salt more to taste",
    "1/2 teaspoon garlic powder",
    "1/4 teaspoon smoked paprika",
    "1 teaspoon Italian seasoning"
  ],
  "Instructions": [
    "Once your mac and cheese is cold and chilled, use your hands to form balls that are about two tablespoons per ball.  I was able to get about 15 balls using 4 cups of mac and cheese.",
    "Place formed balls on a baking sheet lined with parchment paper and chill in the freezer for about 20 minutes.  The balls should be firm but not frozen.",
    "Add the panko breadcrumbs, Italian seasoning, salt, garlic powder, and paprika to a medium-sized bowl.  Stir until combined.",
    "To another medium-sized bowl, crack the eggs and whisk with a fork.",
    "Roll the chilled mac and cheese balls in the whisked egg, then roll the ball around in the panko mixture until completely coated.  Repeat the process until all the balls are coated.",
    "Place the coated mac and cheese balls in the air fryer basket.  Lightly spray the balls with non-stick cooking spray to help crisp them up.",
    "Cook in the air fryer at 380° Fahrenheit for 6 minutes.  Open the air fryer and flip the mac and cheese balls.  Spray the other side with non-stick cooking spray and continue to cook for an additional 6 minutes or until golden brown on all sides."
  ],
  "Nutrition": [
    "Serving: 3balls",
    "Calories: 237kcal",
    "Carbohydrates: 33g",
    "Protein: 9g",
    "Fat: 8g",
    "Saturated Fat: 0.3g",
    "Polyunsaturated Fat: 0.2g",
    "Monounsaturated Fat: 0.3g",
    "Trans Fat: 0.003g",
    "Cholesterol: 25mg",
    "Sodium: 600mg",
    "Potassium: 145mg",
    "Fiber: 0.3g",
    "Sugar: 0.3g",
    "Vitamin A: 55IU",
    "Vitamin C: 0.005mg",
    "Calcium: 105mg",
    "Iron: 2mg"
  ],
  "Comments": [
    "Barbara says:Can you prepare these Mac and cheese balls ahead of time by keeping in fridge until ready to air fry",
    "Alyssa Rivers says:Preparing them a few hours before air frying them will work fine!"
  ]
}