{
  "URL": "https://therecipecritic.com/air-fryer-frozen-meatballs/",
  "Summary": "The easiest way to make air fryer frozen meatballs! Perfectly crisp on the outside, tender and juicy inside.",
  "Metadata": [
    "Prep Time:  2minutes",
    " 10minutes",
    "Total Time:  12minutes",
    "Servings: 6"
  ],
  "Ingredients": [
    "1 (26-ounce) bag frozen meatballs"
  ],
  "Instructions": [
    "Place half of 1 (26-ounce) bag frozen meatballs into the basket of the air fryer.",
    "Close the basket and air fry the meatballs for 10 minutes at 400 degrees Fahrenheit.",
    "Shake the basket halfway through to evenly cook the meatballs.",
    "Continue to cook for an additional 1-2 minutes if you want your meatballs extra crispy on the outside. Cook the other half of the meatballs if desired.",
    "Enjoy as an appetizer or entree!  Serve with bbq sauce, marinara sauce, on top of spaghetti, or in any recipe that requires meatballs."
  ],
  "Nutrition": [
    "Calories: 323kcal",
    "Protein: 21g",
    "Fat: 26g",
    "Saturated Fat: 10g",
    "Polyunsaturated Fat: 2g",
    "Monounsaturated Fat: 12g",
    "Cholesterol: 88mg",
    "Sodium: 69mg",
    "Potassium: 353mg",
    "Vitamin A: 9IU",
    "Vitamin C: 1mg",
    "Calcium: 17mg",
    "Iron: 1mg",
    ""
  ],
  "Comments": [
    "Annette says:Is this recipe for precooked meatballs? I cooked mine and they came out dry. I still ate them. I’ll adjust next time"
  ]
}