{
  "URL": "https://therecipecritic.com/air-fryer-hamburgers/",
  "Summary": "Juicy Air Fryer Hamburgers are the best burgers you will ever have, hands down! These are so succulent, they just might replace your grilled burgers forever!",
  "Metadata": [
    "Prep Time:  10minutes",
    "Cook Time:  10minutes",
    "Total Time:  20minutes",
    "Servings:  4hamburgers"
  ],
  "Ingredients": [
    "1 pound lean ground beef I prefer 80/20",
    "3 teaspoons minced garlic",
    "1 tablespoon Worchestershire sauce",
    "¾ teaspoon salt",
    "¼ teaspoon ground black pepper",
    "4 hamburger buns"
  ],
  "Instructions": [
    "Combine 1 pound lean ground beef, 3 teaspoons minced garlic, 1 tablespoon Worchestershire sauce, ¾ teaspoon salt, and ¼ teaspoon ground black pepper in a medium-sized bowl.",
    "Form the meat mixture into four equal-sized patties. I make my patties flat and round because they tend to shrink in the air fryer.",
    "Place two hamburger patties into the air fryer and cook at 360 degrees Fahrenheit for 5 minutes.  Flip the patties over and cook for an additional 5 minutes, until the center reaches 160-165 degrees Fahrenheit. Repeat with the remaining 2 patties.",
    "If you would like to top the patties with cheese, add the cheese slices on top of each patty after they're done cooking and cook for an additional minute in the air fryer to melt it.  Place the hot hamburger patties on 4 hamburger buns and top with your favorite burger toppings and sauces."
  ],
  "Nutrition": [
    "Calories: 282kcal",
    "Carbohydrates: 23g",
    "Protein: 29g",
    "Fat: 7g",
    "Saturated Fat: 3g",
    "Polyunsaturated Fat: 1g",
    "Monounsaturated Fat: 3g",
    "Trans Fat: 0.4g",
    "Cholesterol: 70mg",
    "Sodium: 779mg",
    "Potassium: 490mg",
    "Fiber: 1g",
    "Sugar: 4g",
    "Vitamin A: 5IU",
    "Vitamin C: 2mg",
    "Calcium: 82mg",
    "Iron: 4mg",
    ""
  ],
  "Comments": [
    "Loretta G says:Our son gave us our first air fryer yesterday. We had left over fried catfish and French fries and I reheated both in the air fryer. They were delicious and fries are crispy like we like them.",
    "Mitch988 says:If you post a recipe for HAMBURGERS, then don’t mention cheese.  If they have cheese then they are CHEESEBURGERS… and those things are disgusting. Nothing ruins a burger or other sandwich more than putting nasty cheese on it.  Millions of people hate cheese on their burgers… if you put cheese on it, then the vile cheese taste overpowers everything else and you can’t even taste the burger at all.",
    "rachel says:Well, it’s kind of simple, just omit the cheese. No need to write a nasty comment about it. FYI: In 2020, the average consumer in the United States ate about 40.2 pounds of cheese. Go figure!",
    "DumbassNigga says:What? Just shut up ??",
    "Jerome romanski says:I’m lactose intolerance but nothing tastes better than melted cheese on a good tasting burger if you dont like cheese than dont put it on your burger no need to smash the person sharing their recipe ✌",
    "Kerry says:Best burger ever!!!?",
    "Krista says:What is your favorite air fryer?",
    "Alyssa Rivers says:I love my air fryer from Sur la Table but really any air fryer is great! It is a MUST though! I use mine daily and love everything that is “fried” out of it."
  ]
}