{
  "URL": "https://therecipecritic.com/air-fryer-mozzarella-sticks/",
  "Summary": "Crispy, cheesy, and delicious, these easy air fryer mozzarella sticks are going to be your new favorite snack! They're super simple to prepare and cook up in less than 10 minutes!",
  "Metadata": [
    "Prep Time:  30minutes",
    "Cook Time:  8minutes",
    "Total Time:  38minutes",
    "Servings:  10cheese sticks"
  ],
  "Ingredients": [
    "10 mozzarella cheese sticks",
    "3 large eggs",
    "2 Tablespoons milk",
    "1 cup seasoned bread crumbs",
    "1/4 cup grated parmesan cheese",
    "marinara sauce for dipping"
  ],
  "Instructions": [
    "Cut the mozzarella cheese sticks in half. In a small bowl add the eggs and milk and whisk. In another small bowl add the bread crumbs and parmesan cheese.",
    "Dip the cheese stick first in the egg, and then coat in the bread crumbs. Lay flat on a parchment-lined sheet pan. Freeze for at least 30 minutes to an hour.",
    "Line in a single layer without touching in the basket of your air fryer. Cook at 390 degrees for 6-8 minutes"
  ],
  "Nutrition": [
    "Calories: 160kcal",
    "Carbohydrates: 10g",
    "Protein: 11g",
    "Fat: 9g",
    "Saturated Fat: 5g",
    "Polyunsaturated Fat: 1g",
    "Monounsaturated Fat: 1g",
    "Trans Fat: 1g",
    "Cholesterol: 74mg",
    "Sodium: 441mg",
    "Potassium: 56mg",
    "Fiber: 1g",
    "Sugar: 1g",
    "Vitamin A: 135IU",
    "Vitamin C: 1mg",
    "Calcium: 81mg",
    "Iron: 1mg",
    ""
  ],
  "Comments": [
    "ugh says:Horrible! Followed the recipe exactly but after 6 minutes in the air fryer, the cheese had exploded all over the inside of the basket, while the breadcrumbs were not golden brown or even toasted at all! The cheese wasn’t even melty, just liquified! Total disaster, the air fryer basket is going to be a horrific mess to clean out and I don’t know what I’m pairing with dinner now.",
    "Justin Duarte says:Delicious ?"
  ]
}