{
  "URL": "https://therecipecritic.com/air-fryer-chicken-tenders/",
  "Summary": "Busy week? These air fryer chicken tenders come together fast, with a crispy outside, juicy inside, and kid-approved every time.",
  "Metadata": [
    "Prep Time:  5minutes",
    "Cook Time:  18minutes",
    "Total Time:  23minutes",
    "Servings:  4People"
  ],
  "Ingredients": [
    "1 ¼ pounds boneless skinless chicken tenders",
    "1/2 cup all-purpose flour",
    "1/2 teaspoon salt",
    "1/4 teaspoon pepper",
    "6 tablespoons olive oil or melted butter",
    "3 teaspoons minced garlic",
    "1 teaspoon dried basil",
    "1/4 teaspoon paprika",
    "1 cup Panko breadcrumbs",
    "2/3 cup Parmesan cheese,  freshly grated"
  ],
  "Instructions": [
    "Set out three bowls. Fill one with 1/2 cup all-purpose flour,  1/4 teaspoon pepper, & 1/2 teaspoon salt . Stir. Fill the next bowl with 6 tablespoons olive oil or melted butter and 3 teaspoons minced garlic. Stir. Place 1 teaspoon dried basil, 1/4 teaspoon paprika, 1 cup Panko breadcrumbs, and 2/3 cup Parmesan cheese,  in the last bowl. Stir.",
    "First, coat the 1 ¼ pounds boneless skinless chicken tenders in the flour mixture, shaking off any excess flour.",
    "Next, dip the flour-coated tender into the oil or butter and coat well, allowing excess to drip off.",
    "Finally, coat the tenders in the breadcrumb mixture, be sure they are completely coated for a nice, crispy breading.",
    "Place the tenders in the basket of the air fryer and cook at 400 degrees Fahrenheit for 9 minutes. Flip the tenders and cook for another 8-9 minutes until the chicken's internal temperature is 165 degrees Fahrenheit."
  ],
  "Nutrition": [
    "Calories: 284kcal",
    "Carbohydrates: 24g",
    "Protein: 34g",
    "Fat: 5g",
    "Saturated Fat: 1g",
    "Cholesterol: 91mg",
    "Sodium: 275mg",
    "Potassium: 586mg",
    "Fiber: 1g",
    "Sugar: 1g",
    "Vitamin A: 104IU",
    "Vitamin C: 3mg",
    "Calcium: 47mg",
    "Iron: 2mg"
  ],
  "Comments": [
    "Jeanette Horne says:Hi, I love the chicken tenders, I did them in my air fryer.  My mom’s oven has an air fryer in it, how long do I let them cook.  The air fryers comes at 425°",
    "Alyssa Rivers says:If your oven has an air fryer setting and it cooks at 425 degrees Fahrenheit, 7-9 minutes should be enough time, but make sure the internal temperature of the chicken reaches 165 degrees Fahrenheit.",
    "Ian says:I have been making these for my wife, we absolutely love them, its a cracking recipe!",
    "Tierra B says:Only change I made was reduced the cook time to 6 min then 6min. This is because my air fryer is pretty small and I only made 4 tenders. 9 min and 8-9min they were dry. After adjustment due to size and capacity, perfect!",
    "Patti says:I have tried several air fried chicken recipes and this is by far the best. Turns out perfect every time. My husband is very picky and he loves this chicken!",
    "Kristin says:Super tender and tasty. Loved it",
    "Michelle says:Looking for a way out of buying frozen strips. Used the melted butter for step two. This resulted in pale, greasy batter on the chicken but what stuck out from the surface was crispy, if it didn’t slide off. Maybe a case of air fryer not being good enough or error on my end.three stars",
    "Virginia Jacobs says:This was 5⭐️ approved by my husband.  Definitely a keeper",
    "Jes says:All of the family loved it tonight! We have the Ninja Combi cooker on air fry setting. We only needed an 8 minute total cook time. ? Definitely check on your chicken. Will be adding this to our weekly Sunday dinner plans",
    "SHERI R ROSE says:Just bought an air fryer and have not used it yet.  Im a bit nervous.  Starting tonight with chicken thighs and french fries.  Any beginner help would be appreciated.Thank you.Sheri Rose",
    "Sara says:do you preheat your airfryer here?",
    "Alyssa Rivers says:Yes, add the chicken tenders once the air fryer is preheated."
  ]
}