{
  "URL": "https://therecipecritic.com/air-fryer-turkey/",
  "Summary": "This juicy air fryer turkey is SOO GOOD and will have all of your guests asking for more! It's perfectly golden brown and dripping in flavor… You will never cook a turkey any other way again! ",
  "Metadata": [
    "Prep Time:  10minutes",
    "Cook Time:  35minutes",
    "Total Time:  45minutes",
    "Servings:  4people"
  ],
  "Ingredients": [
    "3-4 pound bone-in turkey breast",
    "2 Tablespoons Olive Oil",
    "1 Tablespoon Italian Seasoning",
    "1 teaspoon paprika",
    "1 teaspoon garlic powder",
    "1/2 teaspoon salt",
    "1/4 teaspoon pepper",
    "2 Tablespoons butter"
  ],
  "Instructions": [
    "Rub the turkey in olive oil.  In a small bowl combine Italian seasoning, paprika, garlic powder, salt, and pepper. Rub on the outside of the turkey.",
    "Slice the butter and put it under the skin of the turkey.",
    "Lay the turkey skin side down in the air fryer basket. Cook at 350 degrees for 20 minutes. Flip the turkey and cook for and an additional 30-40 minutes depending on the size of your turkey. Cook until a thermometer reads 165 degrees Fahrenheit.",
    "Remove the turkey and let rest for 10 minutes. Slice and serve."
  ],
  "Nutrition": [
    "Calories: 539kcal",
    "Carbohydrates: 5g",
    "Protein: 67g",
    "Fat: 30g",
    "Saturated Fat: 10g",
    "Polyunsaturated Fat: 1g",
    "Monounsaturated Fat: 7g",
    "Trans Fat: 1g",
    "Cholesterol: 197mg",
    "Sodium: 957mg",
    "Potassium: 40mg",
    "Fiber: 1g",
    "Sugar: 1g",
    "Vitamin A: 443IU",
    "Vitamin C: 1mg",
    "Calcium: 24mg",
    "Iron: 1mg",
    ""
  ],
  "Comments": [
    "Marcu says:Where do you find a 3-4 pound turkey? The smallest I could find was 12 pounds. Do you mean turkey breast?",
    "Alyssa Rivers says:I used a bone-in turkey breast for this recipe!",
    "Misty Griffith says:Can you marinate it the night before?",
    "Alyssa Rivers says:I would add the turkey rub just before cooking.",
    "Terry l Stahlman says:I have an older air fryer made of glass without an expansion ring.  Can I cook a turkey in my old air fryer.",
    "Alyssa Rivers says:I’m not sure that I have seen an air fryer like that so I’m not sure how it would work! But you could try it! Just make sure the internal temperature of your turkey is 165 degrees Fahrenheit.",
    "Regina says:What size and brand air fryer do you have?",
    "Alyssa Rivers says:I use the 6 qt Touchscreen Air Fryer by Drew Barrymore from Walmart!"
  ]
}