{
  "URL": "https://therecipecritic.com/air-fryer-sweet-potato-fries/",
  "Summary": "Perfect Air Fryer Sweet Potato Fries are crispy outside and tender inside. Lightly seasoned and golden, they are a delicious addition to any meal. These are a healthy way to indulge  without the guilt. Pair them with your favorite dipping sauce and your side dish is done!",
  "Metadata": [
    "Prep Time:  10minutes",
    "Cook Time:  12minutes",
    "Total Time:  22minutes",
    "Servings:  4People"
  ],
  "Ingredients": [
    "2 medium sweet potatoes",
    "1 tablespoon olive oil",
    "1 teaspoon Italian seasoning",
    "salt and pepper to taste"
  ],
  "Instructions": [
    "Peel 2 medium sweet potatoes.  Slice into long strips 1/4 inch wide.  In a medium size bowl add the sweet potato, 1 tablespoon olive oil, 1 teaspoon Italian seasoning, and salt and pepper to taste .  Toss to coat.",
    "Add the sweet potatoes to the basket of an air fryer in a single layer.  Cook at 380 degrees Fahrenheit for 12-14 minutes, tossing the fries halfway through."
  ],
  "Nutrition": [
    "Calories: 81kcal",
    "Carbohydrates: 12g",
    "Protein: 1g",
    "Fat: 4g",
    "Saturated Fat: 1g",
    "Sodium: 31mg",
    "Potassium: 190mg",
    "Fiber: 2g",
    "Sugar: 2g",
    "Vitamin A: 8016IU",
    "Vitamin C: 1mg",
    "Calcium: 25mg",
    "Iron: 1mg",
    ""
  ],
  "Comments": [
    "Vivek Goswami says:I am a Vegetarian guy and your most of the dishes are non veg but this is a veg recipe and Iwill give a try to it . Thanks for sharing this beautiful recipe with us 🙂",
    "Carolyn says:We’ve only made sweet potato fries in the oven before, so I was excited to try it in the air fryer! My whole family loved it. Thanks for the recipe!",
    "bsanture says:Tips on slicing sweet potatoes.  They are extremely hard and hard to slice.",
    "Alyssa Rivers says:That is very true! I recommend a sharp knife and cutting slowly.",
    "Sbakes says:Love sweet potato fries! Can’t wait to make these. You say to consider a coating of cornstarch but it’s not part of the recipe. Can you explain the purpose?"
  ]
}