{
  "URL": "https://therecipecritic.com/air-fryer-fried-chicken/",
  "Summary": "Crispy Air Fryer \"Fried\" Chicken is SO delicious and doesn't have to cook in any oil! It is crunchy and golden on the outside, and tender, juicy, and full of flavor inside! This is how the chicken was meant to be eaten.",
  "Metadata": [
    "Prep Time:  10minutes",
    "Cook Time:  30minutes",
    "Total Time:  40minutes",
    "Servings:  4Pieces of Chicken"
  ],
  "Ingredients": [
    "1-2 pounds bone-in chicken thighs and legs",
    "salt and pepper",
    "2 cups buttermilk",
    "2 large eggs",
    "2 cups all-purpose flour",
    "1 tablespoon cajun seasoning",
    "1 tablespoon garlic powder",
    "1 teaspoon onion powder",
    "2 teaspoons paprika",
    "1 teaspoon salt",
    "1 teaspoon pepper",
    "olive oil spray"
  ],
  "Instructions": [
    "Salt and pepper chicken thighs and legs.  In a medium sized bowl add the buttermilk and eggs and whisk.  In another medium sized bowl add the flour, cajun, garlic powder, onion powder, paprika, salt, and pepper.",
    "Using tongs, dredge the chicken in the flour, then the buttermilk, and then lastly in the flour.  Place in the bottom of the air fryer basket.",
    "Cook at 360 degrees for 15-20 minutes.  Open the basket and spray any flour with the cooking spray.  Turn the chicken and cook for another 5-10 minutes until 165 degrees and no longer pink."
  ],
  "Nutrition": [
    "Calories: 351kcal",
    "Carbohydrates: 57g",
    "Protein: 14g",
    "Fat: 7g",
    "Saturated Fat: 3g",
    "Cholesterol: 95mg",
    "Sodium: 743mg",
    "Potassium: 346mg",
    "Fiber: 3g",
    "Sugar: 6g",
    "Vitamin A: 1671IU",
    "Calcium: 164mg",
    "Iron: 4mg",
    ""
  ],
  "Comments": [
    "Sue says:I went with the long cook times on this and it came out cooked and juicy.  It was much better than I expected.  Like others commented, there was way too much flour mix and buttermilk.  I cut those in half and still had too much.  I will definitely be making this again!",
    "Colin says:This was my first air fryer recipe ever! I doubled the recipe and this worked quite well, though I found I didn’t need to alter the amount of buttermilk/egg mix (used 2 cups/1 egg).  Our family loves HOT and Spicy food so next time I would double or triple the amount of cajun seasoning – but this was a good starting point.  Thanks!",
    "Alan says:Didn’t work whatsoever.    Chicken came out undone or partially burnt.",
    "Heather says:Same here. Chicken was not even close to done and all the breading fell off.",
    "Brent Alexander says:The amount of ads is insane, especially when place phone on stand while reading recipe.",
    "Mo says:It was juicy but lacked flavor completely.",
    "Deby Mantecon says:Really good! I cooked a quarter thigh leg pretty much following your recipe, even making the buttermilk. I kinda eyeballed the flour, using Old Bay instead of everything else. A good recipe, Amiga…I will be trying more. This is my kind of recipe, simple & without a lot of ingredients. Good job, Alyssa 🙂 I think I will try your chicken fried rice next.",
    "Alyssa Rivers says:Let me know what you think! Thanks for following along and trying out some recipes! Let me know if you ever need any recommendations.",
    "Esther says:The chicken came out delicious but the temperature and cooking time were off for some reason.  I had 2 large thighs and cooked 15 minutes at 360 degrees, flipped them over and sprayed with oil and cooked another 10 minutes and reddish/pink juice was still coming out of them.  I had to put them back in for another 10.  Think next time I will up the temperature as the “chicken” setting on my air fryer is set up for 390 degrees for 20 minutes.",
    "MICHAEL says:390 degrees??? I an electric air fryer and like all other electric ones I have seen, the maximum temperature is 200 degrees. Is yours Nuclear powered? 390 degrees will incinerate everything.",
    "Mike Kelley says:Um, what country are you in?  Here in the U.S. ALL air fryers can easily reach 400 degrees (ours does this for a preheat).  We have two very different ones, from two different makers, and they all can get up that high.  Either you’re in some other country or you’re just not following the instructions properly (200 degrees won’t cook ANYTHING – it will only warm things up).",
    "Irma says:In the US they use Fahrenheit.. don’t act like you didn’t know that",
    "K says:Are you thinking centigrade or Fahrenheit? These temperatures are Fahrenheit.",
    "Josh says:Came out amazing! I butterflied boneless skinless chicken breast and closed them back up after coating them. A little extra olive oil spray on the inside where the airfryer won’t hit at well.. 2 additional rotations to make sure it’s all getting blasted including inside and BOOM!Sliced into chicken strips to dip with but immediately thought of it for a great chicken parmigiana or sandwich ? Do yourself a flavor and try this!",
    "Tony says:Nope, didn’t work in my air fryer. The chicken was not crispy at all. More soggy than edible. The search continues for the best results.",
    "Terri says:Best fried chicken I’ve ever made. The spices really make the skin taste very good, it was crispy and perfect! I agree I didn’t need nearly so much buttermilk or seasonings or flour, next time I’ll half it, or use more chicken!",
    "Myra says:I buy powdered buttermilk and use what I need verses buying liquid which has more than I need and expiration isn’t long with liquid buttermilk therefore I always have powder buttermilk handy.  Today will be my first day trying this recipe.",
    "Mike says:Do I need to preheat air fryer before making the fried chicken",
    "Alyssa Rivers says:I always like to try and preheat my air fryer as a step when prepping for an air fryer recipe but it’s not necessary.",
    "Nannu says:Delicious and crispy. Definitely did not need to waste two cups of buttermilk for this. I could have done it in half a cup. Same with the flour. Didn’t need 2 cups.Tasted great",
    "Liz says:I used chicken breast instead and instead of the Cajun seasoning I used lemon chicken seasoning since I’m making Italian food. It came out perfect and I didn’t even need the full time??",
    "Ginger says:Disappointed. I cook all the time.  I tried this recipe and I did what you advised by adding Olive Oil spray.  Unfortunately , it made the flour mixture burn.   All I could taste was a burnt,bitter tasting chicken.  Yuck!",
    "Kaelin says:Forgot to rate!",
    "Kaelin says:Girllll, I know how to cook BUT having the descriptions of what to use and WHY is so convenient. Love the attention to detail.!!"
  ]
}