{
  "URL": "https://therecipecritic.com/air-fryer-cream-cheese-wontons/",
  "Summary": "Air Fryer Cream Cheese Wontons are creamy and smooth inside and crispy golden outside. These wontons are the perfect appetizer or snack! ",
  "Metadata": [
    "Prep Time:  10minutes",
    "Cook Time:  10minutes",
    "Total Time:  20minutes",
    "Servings:  4People"
  ],
  "Ingredients": [
    "8 ounce cream cheese softened",
    "2 Tablespoons green onion finely chopped",
    "1/2 teaspoon garlic powder",
    "1/4 teaspoon salt",
    "wonton wrappers",
    "olive oil spray"
  ],
  "Instructions": [
    "In a small bowl add the cream cheese, green onions, garlic powder and salt and beat until creamy.",
    "Lay a wonton wrapper on a non stick surface. With your finger wet the edges of the wonton wrapper. Add about a teaspoon of the cream cheese filling and bring up each corner creating a star and seal tightly.",
    "Spray the basket of an air fryer with olive oil spray.  Add the wontons to the basket and lightly spray with olive oil.  Cook at 370 degrees for 8 minutes.  Check to see if they are golden and cook for an additional 2 minutes if needed."
  ],
  "Nutrition": [
    "Calories: 195kcal",
    "Carbohydrates: 3g",
    "Protein: 3g",
    "Fat: 19g",
    "Saturated Fat: 11g",
    "Cholesterol: 62mg",
    "Sodium: 328mg",
    "Potassium: 83mg",
    "Fiber: 1g",
    "Sugar: 2g",
    "Vitamin A: 761IU",
    "Vitamin C: 1mg",
    "Calcium: 56mg",
    "Iron: 1mg"
  ],
  "Comments": [
    "Tracy L Potter says:Going to prep these tonight for tomorrow.The only thing I forgot was the green onion.  Would regular minced onion work?Happy Thanksgiving.",
    "Alyssa Rivers says:Hi Tracy, you could, it definitely won’t taste the same. If I were you I would make a run to the store if you can, it would be worth it for the flavor of the green onions. But if you can’t regular onions would work.",
    "Ess Ess says:These were really easy and tasty.  It was my first time using wonton wrappers.  I will try spraying them with oil a little heavier next time or use a different oil because they were still pretty pale and the very top/corners were really brown.  I used avocado oil because that was what was in my sprayer.  I’m glad the instructions said to spray the basket because some of the cream cheese bubbled out and fried onto the basket, but it was pretty easy to scrub off.These were a big hit.  I was unsure how many batches this would make (ended being 1-1/2) or how long it would take me to assemble so I ended up finishing them well before the rest of dinner was ready.  I told my husband he could try one as soon as they were out of the fryer but the rest would be for dinner.  I saw him take one and head to his den.  A few minutes later, I turned around and half of the tray of the rest of them was already gone.  Thankfully, I have more wrappers so will make another batch tomorrow.",
    "Pamela Emmett says:How far in advance can I make these before air-frying them?  Can I assemble them on Saturday to fry on Sunday?  I have no doubt the recipe will be fantastic!",
    "Alyssa Rivers says:That should work, just store them in your fridge in an airtight container until you cook them!",
    "Andrea S. says:Recipe made 12 wontons. I made them in a convection oven at 375 and it took about 8-9 minutes.",
    "Emily says:Good recipe, but my first batch burned. For my Ninja air fryer, 350°F for 4 minutes was perfect.",
    "Ronnie D says:Thank you for this recipe!  I tried it today and it was wonderful.",
    "Kreative says:I make these all the time and love them.",
    "Pierrette Lalande says:U forgot to put with it the recipe for dipping the wonton",
    "Kreative says:I am hungry already",
    "Elle says:Loved this recipe! I used Philadelphia cream cheese and it worked out perfectly, although I have added a bit of chilli to the mix. Nice and crunchy!",
    "Lisa says:If using a Ninja air fryer (I have the CL) the temp will have to be lower (it didn’t have your setting) and they cook in 4-5 mins not 8. Eight minutes will literally blacken them.",
    "SEO Agency in India says:its too lovely to read this articleI am just become fan of youthanks for sharing",
    "Kathy Mullen says:Is there a brand of air dryers you use?",
    "Alyssa Rivers says:I do love my air fryer from Sur La Table but there are great air fryers on amazon, Costco and target. I recommend getting a 6 quart which is perfect for any size family.",
    "Robert Silber says:Can you adapt this to crab Rangoon?",
    "Alyssa Rivers says:I have this recipe here!  https://therecipecritic.com/crab-rangoon/"
  ]
}