{
  "URL": "https://therecipecritic.com/air-fryer-zucchini-pizza/",
  "Summary": "Air fryer zucchini pizza bites are the perfect low-carb way to eat your pizza and love it too! Quick and easy these make a perfect snack, appetizer, or light meal any time of the week!",
  "Metadata": [
    "Prep Time:  5minutes",
    "Cook Time:  7minutes",
    "Total Time:  12minutes",
    "Servings:  4people"
  ],
  "Ingredients": [
    "1 large zucchini",
    "salt and pepper",
    "1/2 cup marinara sauce",
    "1 cup mini pepperoni",
    "1 cup sliced olives",
    "2 cups mozerella cheese",
    "1 Tablespoon Italian seasoning",
    "chopped basil for garnish"
  ],
  "Instructions": [
    "Cut the zucchini into 1/4 slices. Lay the 4-6 slices in a single layer in the air fryer basket and salt and pepper.",
    "Spread about a tablespoon of marinara sauce on top.",
    "Add the pepperoni and olives and top with cheese. Sprinkle Italian seasoning on top.",
    "Cook at 400 degrees for 5-7 minutes or until cheese is melted and bubbly.  Garnish with chopped basil."
  ],
  "Nutrition": [
    "Calories: 381kcal",
    "Carbohydrates: 8g",
    "Protein: 21g",
    "Fat: 30g",
    "Saturated Fat: 12g",
    "Polyunsaturated Fat: 2g",
    "Monounsaturated Fat: 12g",
    "Trans Fat: 1g",
    "Cholesterol: 74mg",
    "Sodium: 1541mg",
    "Potassium: 463mg",
    "Fiber: 3g",
    "Sugar: 4g",
    "Vitamin A: 827IU",
    "Vitamin C: 17mg",
    "Calcium: 343mg",
    "Iron: 2mg",
    ""
  ],
  "Comments": []
}