{
  "URL": "https://therecipecritic.com/air-fryer-french-toast-sticks/",
  "Summary": "Air Fryer French Toast Sticks are a super fun fast way to make breakfast in the morning. Coated in a vanilla and cinnamon egg mixture, these fry up absolutely amazing!",
  "Metadata": [
    "Prep Time:  5minutes",
    "Cook Time:  10minutes",
    "Total Time:  15minutes",
    "Servings:  4People"
  ],
  "Ingredients": [
    "2 large eggs",
    "1/3 cup milk",
    "1 teaspoon cinnamon",
    "1 teaspoon vanilla",
    "6 slices thick bread Texas toast or French bread",
    "1 tablespoon brown sugar",
    "olive oil spray"
  ],
  "Instructions": [
    "In a small bowl whisk together the eggs, milk, cinnamon, and vanilla.",
    "Spray the bottom of the basic air fryer with olive oil spray.  Cut the Texas toast into 3 sections.  Dredge into the egg mixture and place in a single layer in the basket.  Sprinkle the tops with brown sugar.",
    "Cook at 360 degrees for 6-8 minutes or until golden.  Serve with syrup and dust with powdered sugar if desired."
  ],
  "Nutrition": [
    "Calories: 64kcal",
    "Carbohydrates: 5g",
    "Protein: 4g",
    "Fat: 3g",
    "Saturated Fat: 1g",
    "Trans Fat: 1g",
    "Cholesterol: 95mg",
    "Sodium: 45mg",
    "Potassium: 69mg",
    "Fiber: 1g",
    "Sugar: 4g",
    "Vitamin A: 169IU",
    "Vitamin C: 1mg",
    "Calcium: 45mg",
    "Iron: 1mg",
    ""
  ],
  "Comments": []
}