{
  "URL": "https://therecipecritic.com/air-fryer-fried-green-tomatoes/",
  "Summary": "Air fryer fried green tomatoes are insanely delicious! Crispy on the outside and tender and juicy on the inside, these tomatoes will knock your socks off! ",
  "Metadata": [
    "Prep Time:  10minutes",
    "Cook Time:  10minutes",
    "Total Time:  20minutes",
    "Servings:  4people"
  ],
  "Ingredients": [
    "4 large green tomatoes firm",
    "2 large eggs",
    "1/4 cup milk",
    "1 cup flour",
    "1/2 teaspoon salt",
    "1/4 teaspoon pepper",
    "1/2 cup cornmeal",
    "1/2 cup breadcrumbs",
    "2 Tablespoon grated parmesan",
    "1 tablespoon Italian seasoning",
    "olive oil spray"
  ],
  "Instructions": [
    "In a small bowl, add the eggs and whisk. Add the milk. In another small bowl, add the flour, salt, and pepper. In another small bowl, add the cornmeal, bread crumbs, Italian seasoning, and parmesan cheese.",
    "Dredge each tomato slice first in flour, then coat in eggs and, lastly, the cornmeal mix. Add the tomatoes to an air fryer basket﻿ and spray the tops with olive oil.",
    "Cook at 400 degrees Fahrenheit in the air fryer for 5-6 minutes, then flip over, spray with olive oil, and cook for an additional 5 minutes."
  ],
  "Nutrition": [
    "Calories: 344kcal",
    "Carbohydrates: 59g",
    "Protein: 14g",
    "Fat: 6g",
    "Saturated Fat: 2g",
    "Polyunsaturated Fat: 2g",
    "Monounsaturated Fat: 2g",
    "Trans Fat: 0.01g",
    "Cholesterol: 97mg",
    "Sodium: 500mg",
    "Potassium: 575mg",
    "Fiber: 6g",
    "Sugar: 9g",
    "Vitamin A: 1372IU",
    "Vitamin C: 43mg",
    "Calcium: 130mg",
    "Iron: 5mg",
    ""
  ],
  "Comments": [
    "Monica says:Can I freeze these? If so, when in the process?",
    "Alyssa Rivers says:Yes you can freeze them. Make and cook them according to the recipe and let them cool completely. Place the slices on a parchment-lined baking sheet (not touching) for an hour in the freezer. Remove the slices and place them in a plastic bag. Label the bag with the date. These can stay in your freezer for up to 12 months! There is no need to thaw them before reheating; just put them frozen in your air fryer!",
    "LYNN says:So how do you flip them over when  they’re totally stuck to the basket?",
    "Alyssa Rivers says:Oh no! Did your tomatoes stick  to the basket? I am so sorry! In the future make sure your tomatoes are completely dredged in the flour and cornmeal before air frying. You could also spray your basket with cooking spray before adding the tomatoes to prevent them from sticking. I hope you were able to get them off and flipped! I’m sorry that happened. How frustrating!",
    "Carl Glisson says:I saw the recipe for the air fryer green tomatoes.  It lists Italian seasoning as an ingredient, but in the preparation phase, it isn’t mentioned as being added anywhere. Was that a mistake?",
    "Alyssa Rivers says:Hi Carl, thank you for spotting my mistake. The Italian seasoning should be mixed in the bowl with the cornmeal, breadcrumbs and parmesan cheese.  I will get that fixed!",
    "Jim c says:Had this today for the first time and it was one of the best things i’ve ever eaten. I made it with honey mustard dip. I made homemade honey mustard dip. So easy.",
    "Lisa Bibbs says:In confusion  i did egg/milk then flour then bread crumbs/corn meal but can’t get corn meal to stick so what am I doing wrong",
    "Alyssa Rivers says:Hello! You dredge the tomatoes in the flour first, then the egg, and last, the corn meal mixture. There was a typo in the post that I fixed. Thank you for pointing that out!",
    "Sheryl says:Flour first, then egg, lastly cornmeal mix. Also good without seasonings (parmesan and Italian) – just salt and pepper and lots of butter on bakery bread. You can use just cornmeal or just four or breadcrumbs for the final coating if you prefer. All are good! eating it this way for 70 years.",
    "KATHLEEN ATLANTA BRYAN says:DO YOU HAVE SAUCE RECIPE TO PUT ON THE FRIED GREEN TOMATOES?",
    "Alyssa Rivers says:You could try The Famous Fry Sauce or this Yum Yum Sauce",
    "P T says:I’ve used bang bang shrimp sauce from Aldi",
    "G'Mammy says:I serve mine with pimento cheese.",
    "Kreative says:I make these all the time and love them.",
    "Sabrina says:fun recipe, have never made these, but great excuse to now, air frying even better, thank you!"
  ]
}