{
  "URL": "https://therecipecritic.com/air-fryer-mushrooms/",
  "Summary": "Quick, easy, and packed with flavor! These air fryer mushrooms turn out perfectly tender on the inside and golden on the outside.",
  "Metadata": [
    "Prep Time:  3minutes",
    "Cook Time:  12minutes",
    "Total Time:  15minutes",
    "Servings:  4servings"
  ],
  "Ingredients": [
    "16 ounces sliced mushrooms",
    "2 tablespoons olive oil",
    "2 tablespoons soy sauce",
    "3 tablespoons grated parmesan",
    "1 teaspoon garlic powder",
    "1 teaspoon minced fresh thyme",
    "½ teaspoon salt optional",
    "¼ teaspoon ground black pepper"
  ],
  "Instructions": [
    "Add 16 ounces sliced mushrooms, 2 tablespoons olive oil, 2 tablespoons soy sauce, 3 tablespoons grated parmesan, 1 teaspoon garlic powder, 1 teaspoon minced fresh thyme, ½ teaspoon salt, and ¼ teaspoon ground black pepper to a medium bowl. Toss to coat the mushrooms evenly.",
    "Add the mushrooms to the air fryer basket in an even layer. Air fry at 380°F for 5 minutes.",
    "Shake the basket and cook for another 5-7 minutes, or until tender."
  ],
  "Nutrition": [
    "Calories: 111kcal",
    "Carbohydrates: 5g",
    "Protein: 6g",
    "Fat: 8g",
    "Saturated Fat: 2g",
    "Polyunsaturated Fat: 1g",
    "Monounsaturated Fat: 5g",
    "Cholesterol: 3mg",
    "Sodium: 865mg",
    "Potassium: 400mg",
    "Fiber: 1g",
    "Sugar: 2g",
    "Vitamin A: 57IU",
    "Vitamin C: 3mg",
    "Calcium: 42mg",
    "Iron: 1mg"
  ],
  "Comments": [
    "Meda says:I used this more as a guideline. Im now to airfrying and never thought to do shrooms in it. My changes: I used low sodium soy sauce, sama amount tho, same garlic, 1 tsp onion powder, same amount of oil and fresh thyme, 1 tsp worstershire sauce and only 2 tbsp parm cheese. It was still plenty salty. Also, because I knew the shrooms were going to produce a fair amount if liquid, I put the baking rack on Mason jar ring to sit it up out of the liquid. It took a few extra minutes for me.Will do again. Family liked it.",
    "Monica says:Can these be done in the oven instead? What temp and for how long? Ty",
    "Alyssa Rivers says:Hi Monica, yes! I would do 400 degrees Fahrenheit for 5-8 minutes, until tender."
  ]
}