{
  "URL": "https://therecipecritic.com/alfajores-cookies/",
  "Summary": "These alfajores cookies are simply divine! Their texture is perfectly soft and once you add in that creamy dulce de leche filling, well… Let's just say these cookies aren't going to last long! ",
  "Metadata": [
    "Prep Time:  20minutes",
    "Cook Time:  15minutes",
    "Chilling:  1hour",
    "Total Time:    1hour35minutes",
    "Servings:  18Cookies"
  ],
  "Ingredients": [
    "1 1/3 Cup All Purpose Flour",
    "1 Cup Cornstarch",
    "1 Teaspoon Baking Powder",
    "¼ Teaspoon Salt",
    "2/3 Cup Powdered Sugar",
    "¾ Cup Unsalted butter softened",
    "1 Teaspoon Lemon Zest",
    "1 ½ Teaspoon Vanilla extract or vanilla paste",
    "1 large Egg plus 1 egg yolk",
    "1 Cup Dulce de leche"
  ],
  "Instructions": [
    "In a medium bowl combine the flour, cornstarch, baking powder, salt, and powdered sugar.",
    "In a large bowl add the butter and either beat it with a paddle or use a hand mixer until light and fluffy. Add in the lemon zest, vanilla, egg, and egg yolk and mix until just combined.",
    "Add the dry ingredients to the wet and mix until just combined. Be sure to scrape down the bowl to make sure everything is completely mixed in.",
    "Form a large ball with all the dough and wrap tightly with plastic wrap. Transfer to the fridge and chill for 30-40 minutes.",
    "Preheat the oven to 375° and line a baking sheet with parchment paper. Let the dough sit at room temp for about 5 minutes or so and then roll to ¼ inch thick. Use a round or scalloped-edged cookie cutter to cut out cookies.",
    "Bring together the scraps and reroll the dough to get as many cookies as you can. Chill the cookies in the fridge for about 10 minutes before baking.",
    "Bake the pans of cookies for about 8 minutes, just until the edges start to turn golden. You don’t want the whole cookie to be golden, just the very edges. Transfer cookies to a cooling rack and let cool completely.",
    "Spoon the dulce de leche into a piping bag and pipe about 1-2 teaspoons in the middle of one cookie. Sandwich a second cookie onto the first. Refrigerate until ready to serve."
  ],
  "Nutrition": [
    "Calories: 151kcal",
    "Carbohydrates: 18g",
    "Protein: 1g",
    "Fat: 8g",
    "Saturated Fat: 5g",
    "Polyunsaturated Fat: 1g",
    "Monounsaturated Fat: 2g",
    "Trans Fat: 1g",
    "Cholesterol: 31mg",
    "Sodium: 38mg",
    "Potassium: 39mg",
    "Fiber: 1g",
    "Sugar: 4g",
    "Vitamin A: 251IU",
    "Vitamin C: 1mg",
    "Calcium: 15mg",
    "Iron: 1mg",
    ""
  ],
  "Comments": [
    "Nora says:Baked it. Love the recipeMelt in your mouth ❤️I need your help in the amount of butter in grams. I googled it. 3/4 cup to gr is 113 gram but when I google 3/4 cup of butter to gram the result Is 180 gram. Pls help which one is correct?I want to make it a second time but I am confused ?",
    "Alyssa Rivers says:Hi Nora, so glad you like them! It would probably vary between 170-180 grams of butter. I hope that helps!",
    "TheFlowersPoint says:Very nice recipe"
  ]
}