{
  "URL": "https://therecipecritic.com/alice-springs-chicken/",
  "Summary": "Loaded with bacon and honey mustard, this copycat Alice Springs Chicken is a zesty, cheesy dinner that the whole family will enjoy!",
  "Metadata": [
    "Prep Time:  30minutes",
    "Cook Time:  15minutes",
    "Total Time:  45minutes",
    "Servings:  4chicken"
  ],
  "Ingredients": [
    "1/3 cup dijon mustard",
    "1/2 cup honey",
    "1/4 cup mayonnaise",
    "1/2 teaspoon garlic, minced",
    "1/2 teaspoon onion powder",
    "4 boneless, skinless chicken breasts",
    "1 Tablespoon olive oil",
    "4 slices bacon, cooked",
    "1 cup mushrooms, sliced",
    "2 Tablespoon butter",
    "1 cup colby jack cheese, shredded",
    "parsley, for garnish"
  ],
  "Instructions": [
    "Whisk together the Dijon mustard, honey, mayonnaise, garlic, and onion powder in a medium-sized mixing bowl.",
    "Place the chicken in a gallon-sized ziploc bag. Pour in 2/3 of the marinade. Seal the bag and marinate the chicken for 20 minutes. Save and refrigerate the remaining sauce for later.",
    "While the chicken is marinating, prepare the bacon and cook until crisp. You can use precooked bacon for convenience. Just warm it up according to package instructions.",
    "To prepare the mushrooms, place 2 tablespoons of butter into the cast iron skillet.  Make sure it is oven safe. Melt the butter over medium-high heat. Add the sliced mushrooms and cook for 7-10 minutes, or until they are golden brown and tender.  Remove the mushrooms from the skillet and set them aside.",
    "Preheat oven to 375°F.  Add the olive oil to the same skillet and heat over medium-high heat. Remove the chicken from the marinade leaving behind any excess marinade drippings in the bag. Discard the bag of marinade.",
    "Cook for 4-5 minutes on both sides. There is no need to cook through the chicken, you just need to sear it.",
    "Divide the sautéed mushrooms evenly over each chicken breast. Top with one slice of bacon that has been cut in half to fit on each breast.  Sprinkle on 1/4 cup shredded cheese.",
    "Cover the skillet with foil, and place in preheated oven. Bake until the chicken reaches 165°F.  This will take about 10-15 minutes.  You can remove the foil the last 3 minutes to melt the cheese.",
    "Garnish with fresh parsley, and serve with mashed potatoes and steamed broccoli.",
    "Serve with the reserved sauce on the side!"
  ],
  "Nutrition": [
    "Calories: 622kcal",
    "Carbohydrates: 38g",
    "Protein: 37g",
    "Fat: 37g",
    "Saturated Fat: 14g",
    "Polyunsaturated Fat: 8g",
    "Monounsaturated Fat: 12g",
    "Trans Fat: 1g",
    "Cholesterol: 132mg",
    "Sodium: 845mg",
    "Potassium: 636mg",
    "Fiber: 1g",
    "Sugar: 36g",
    "Vitamin A: 564IU",
    "Vitamin C: 3mg",
    "Calcium: 252mg",
    "Iron: 1mg",
    ""
  ],
  "Comments": [
    "Abbey Hartman says:Can I prepare, refrigerate, and cook in oven later?",
    "Alyssa Rivers says:Of course! Alice Springs Chicken is great for making ahead.",
    "James Cox says:Pretty good. But the ingredients say Mayo, but the steps says Mustard (in addition to Dijon Mustard. Mayo not mentioned in the steps.  Not sure which is correct.",
    "Alyssa Rivers says:Thanks for noticing that! The typo has been fixed.",
    "Angela Wiggins says:Do you have to use a cast iron skillet ?",
    "Alyssa Rivers says:Nope! You could just sauté the mushrooms and sear the chicken over the stove, and then bake in a casserole dish.",
    "Marci says:So incredibly delicious!!!",
    "Marilyn says:Could raw bacon be used went chicken goes in the oven?",
    "Alyssa Rivers says:The bacon won’t have enough time to cook in the oven so I would cook it beforehand.",
    "Shery Sullivan says:Definitely will try this week. This sounds so yummy."
  ]
}