{
  "URL": "https://therecipecritic.com/almond-joy-poke-cake/",
  "Summary": "A moist chocolate cake covered in a gooey coconut mixture and topped with a rich chocolate icing and sliced almonds.",
  "Metadata": [
    "Prep Time:  20minutes",
    "Cook Time:  45minutes",
    "Total Time:    1hour5minutes",
    "Servings:  16servings"
  ],
  "Ingredients": [
    "1 (15.25-ounce) box Devil's Food cake mix",
    "eggs, according to the cake mix package",
    "vegetable oil, according to the cake mix package",
    "water,  according to the cake mix package",
    "1 (14-ounce) can sweetened condensed milk",
    "2 cups shredded coconut",
    "¾ cup sliced almonds",
    "¼ cup unsalted butter",
    "¼ cup unsweetened cocoa powder",
    "2 cups powdered sugar",
    "1 ½ teaspoon vanilla extract",
    "3 tablespoons milk"
  ],
  "Instructions": [
    "Prepare 1 (15.25-ounce) box Devil's Food cake mix according to the directions on the box, combining it with the eggs, vegetable oil, and water,  Bake the cake in a 9 x 13 x 2-inch pan according to the directions on the box.",
    "While the cake is still warm, use a fork to poke holes all over the top of it.",
    "In medium bowl combine 1 (14-ounce) can sweetened condensed milk and 2 cups shredded coconut, then pour it over the warm cake and spread until the cake is evenly covered. Let the cake finish cooling completely.",
    "Melt ¼ cup unsalted butter in a medium saucepan over medium heat. Whisk in ¼ cup unsweetened cocoa powder until no lumps remain.",
    "Remove from heat and whisk in 2 cups powdered sugar, 1 ½ teaspoon vanilla extract, and 3 tablespoons milk until smooth and creamy. Immediately pour the icing over the cooled cake and spread it out evenly.",
    "Top the cake with ¾ cup sliced almonds, then let the cake sit until the icing has hardened. Slice and serve."
  ],
  "Nutrition": [
    "Calories: 380kcal",
    "Carbohydrates: 56g",
    "Protein: 6g",
    "Fat: 17g",
    "Saturated Fat: 8g",
    "Polyunsaturated Fat: 2g",
    "Monounsaturated Fat: 5g",
    "Trans Fat: 0.1g",
    "Cholesterol: 16mg",
    "Sodium: 286mg",
    "Potassium: 295mg",
    "Fiber: 2g",
    "Sugar: 44g",
    "Vitamin A: 160IU",
    "Vitamin C: 1mg",
    "Calcium: 137mg",
    "Iron: 2mg",
    ""
  ],
  "Comments": [
    "Adele says:Yum. Can this cake be frozen.",
    "Peggy says:Could you use can frosting and melt it?",
    "Alyssa Rivers says:Yes, that will work too.",
    "Riss says:Great recipe! I added almonds and chocolate chips to the batter.  I used the cond milk and coconut instead of the coconut cream.  Taste better than almond joy candy! Thanks!",
    "Lynn W. says:I LOVE,  LOVE,  LOVE  Almond  Joy bars so I can’t wait to try this cake. What a fantastic idea! Thank you for coming up with with it.",
    "Valerie L. says:Hi, I made this recipe for the first time tonight, because I am a huge fan of coconut, as well as chocolate.  I made it for a function that I am going to tomorrow afternoon, so I hope that it tastes, as well as it looks. However, I would like to say that I had to double the recipe for the icing, because there just wasn’t enough to adequately cover the whole 13″ X 9″ cake.  I had a hunch that there wasn’t going to be enough whenever I read the recipe, so I should have just gone ahead and doubled the recipe on the first go-around.  However, I made it as-is, and then discovered what I had suspected — that there just wasn’t enough icing to cover the whole cake.  So I had to make another batch of icing.   This isn’t the first time that I have made a recipe for a cake and the amounts on the ingredients for the icing turned out not to be enough.",
    "cakespy says:This cake looks fantastic. I love almond joy bars, and you’ve transformed them into something even better. This is no small feat.",
    "Alyssa Rivers says:AWE, Thanks!! I love almond joys too and to make them into a cake was so much fun!! I am so glad you enjoyed it! Thanks for sharing!! XOXO",
    "Shawnna Griffin says:hey girl- this cake looks divine!",
    "Alyssa says:You are always so SWEET!! Thank you so much!!",
    "Brasserie Louis says:Yummy! This Almond Joy Poke Cake is so tempting and irresistible. I will try this recipe soon."
  ]
}