{
  "URL": "https://therecipecritic.com/almond-granola-bars/",
  "Summary": "Who is ready for one heck of a snack bar?! My family goes crazy over granola bars, but they aren’t always the cheapest treat to buy – the good ones at least. Especially when the whole box is gone in about one hour.",
  "Metadata": [
    "Prep Time:  25minutes",
    "Total Time:  25minutes",
    "Servings:  15Bars"
  ],
  "Ingredients": [
    "1 ½ cups quick cooking oats",
    "1 ½ cups roasted unsalted almonds",
    "⅓ cup rice krispie cereal",
    "⅓ cup oat flour",
    "½ teaspoon salt",
    "½ teaspoon cinnamon, optional",
    "1 cup creamy almond butter",
    "½ cup honey",
    "2 teaspoons vanilla extract"
  ],
  "Instructions": [
    "Line an 8x8-inch baking dish with parchment paper.",
    "In a large bowl, combine the 1 ½ cups quick cooking oats, 1 ½ cups roasted unsalted almonds (coarsely chop these if desired), ⅓ cup rice krispie cereal, ⅓ cup oat flour, and ½ teaspoon salt. Add ½ teaspoon cinnamon, if desired.",
    "In another bowl, mix the 1 cup creamy almond butter, ½ cup honey, and 2 teaspoons vanilla extract.",
    "Mix the oat mixture and honey mixture together until they are well combined. If the mixture seems too wet, add in a few more oats as needed for firmer bars.",
    "Press the mixture into the prepared pan and pack it down well. Packing the mixture well is what will hold the bars together.",
    "Cover and place in the fridge overnight.",
    "Remove from the pan and slice with a very sharp knife. Keep the bars wrapped individually in the fridge."
  ],
  "Nutrition": [
    "Calories: 264kcal",
    "Carbohydrates: 23g",
    "Protein: 8g",
    "Fat: 17g",
    "Saturated Fat: 1g",
    "Polyunsaturated Fat: 4g",
    "Monounsaturated Fat: 10g",
    "Trans Fat: 0.003g",
    "Sodium: 83mg",
    "Potassium: 276mg",
    "Fiber: 5g",
    "Sugar: 11g",
    "Vitamin A: 42IU",
    "Vitamin C: 0.5mg",
    "Calcium: 103mg",
    "Iron: 2mg"
  ],
  "Comments": [
    "Bryan Seare says:I made it normal and then with a bit of alteration: a little less oats and a little more rice crispies. Either way it tasted phenomenal."
  ]
}