{
  "URL": "https://therecipecritic.com/almond-roca-cookie-bars/",
  "Summary": "Delicious layers in a cookie bar that will remind you of an Almond Roca!",
  "Metadata": [
    "Prep Time:  10minutes",
    "Cook Time:  20minutes",
    "Total Time:  30minutes",
    "Servings:  16Bars"
  ],
  "Ingredients": [
    "1 cup butter",
    "½ cup granulated sugar",
    "½ cup brown sugar",
    "1 egg yolk, beaten",
    "1 teaspoon vanilla",
    "2 cups cake flour",
    "4 tablespoons cornstarch",
    "12 ounces milk chocolate chips",
    "1 cup sliced almonds, coarsely chopped"
  ],
  "Instructions": [
    "Preheat the oven to 350 degrees Fahrenheit. Lightly spray a 13 x 9 x 2-inch baking dish with cooking spray. Or you can line it with aluminum foil and spray it with cooking spray for easy removal.",
    "In a medium mixing bowl, whisk together the 2 cups cake flour and 4 tablespoons cornstarch, and set aside.",
    "Using a hand mixer, cream together 1 cup butter, ½ cup granulated sugar, and ½ cup brown sugarr. Add the beaten 1 egg yolk, 1 teaspoon vanilla, and the cake flour cornstarch. Mix until incorporated.",
    "Pat the dough into the bottom of the prepared pan. Bake for 15-20 minutes until the edges are lightly brown. Let cool slightly.",
    "In a microwave-safe dish or using a double boiler, melt the 12 ounces milk chocolate chips. I melted it in the microwave stirring 30 seconds at a time. Pour the chocolate on top of the cookie crust and spread evenly. Sprinkle the chopped 1 cup sliced almonds, on top.",
    "Cut into small squares once cooled, and store in an airtight container."
  ],
  "Nutrition": [
    "Calories: 379kcal",
    "Carbohydrates: 43g",
    "Protein: 5g",
    "Fat: 21g",
    "Saturated Fat: 11g",
    "Cholesterol: 46mg",
    "Sodium: 119mg",
    "Potassium: 91mg",
    "Fiber: 2g",
    "Sugar: 27g",
    "Vitamin A: 418IU",
    "Vitamin C: 1mg",
    "Calcium: 61mg",
    "Iron: 1mg"
  ],
  "Comments": [
    "Joyce E Racz says:I did enjoy your recipe, but I was an avid fan of the original Almond Rocca bars from the box. I am going to tell you what I believe to be the differences. The Almond Rocca bars did not call for egg. It had a shortbread like crust, without baking soda, baking powder, or egg. It was not very sweet. I have made a pretty decent fascimile using a shortbread recipe. The flour mixture had some dark bits in it. I tried making it with ground pecans and it was good. I don’t know for sure what it was as I don’t think ground almonds would be darker than flour. The topping that you have does not have enough brown sugar for both pans. And, the butter is more than needed although it soaked into the cookie nicely. What the Almond Rocca mix called for was I believe 2/3 cup brown sugar and one stick of butter boiled for one minute. It left a thick, caramel layer.  The cookie layer started out being thicker than your recipe, but because of the baking soda, your cookie puffed up nicely.It was baked for a short time, and the boiling caramel mixture was poured on top, and the cookie was baked for another 15 minutes or so.  Unfortunately, I wasn’t able to get Almond Rocca at my grocery, and I have to say that brickle bits are a poor substitute. Anyway, I enjoyed your bars, but if you get a chance, you should try my version.",
    "Jessa says:I have found my dessert soul sister. I have scoured the internet for new recipes and this, right here is my go to page. THANK YOU. My family will thank me and you! I cant wait to make all of these amazing goodies!",
    "Julie says:My recipe doesn’t have cornstarch but is otherwise the same.  Mom’s recipe calls for a 12 x 15 cookie sheet.",
    "Margaret Myers says:Julie,I’ve lost my old recipe for almond Roca cookies but I think it sounds like yours! It also called for a 12×15 sheet pan and had no cornstarch. Can you email me your recipe?? I’d be so grateful!Margaret",
    "Jules says:Super easy and yummy! I used flour with corn starch instead of cake flour and I used semi sweet chocolate. Super yummy! Next time I think I’m going to do crushed pretzels on top!",
    "Joanne says:Please sign me up to recieve your emails.  Thanks",
    "Bee Gianni says:Your recipes are ALL tempting but the Almond Roca Bars are the next treat I’ll be making.  Thank you.2.    I would like to follow you via email but so far haven’t found the place to sign up, and;3.    Have a very Merry Christmas ??",
    "Jocelyn says:These are fabulous!  My family loved them.  Thanks so much.",
    "Kelly says:These look amazing Alyssa! Love how easy they are to make too, can ‘t wait to give these a try! Pinning!",
    "Jaren (Diary of a Recipe Collector) says:We have a bake sale this week at my kids’ school, and this sounds great for that!  Thanks for sharing your fabulous finds.  I love old cookbooks.",
    "Taylor @ Food Faith Fitness says:These look fab-u-freaking-lous! Pretty sure my husband is going to go mental for them…a definite pin!",
    "Averie @ Averie Cooks says:You are SO CREATIVE! Love these, Alyssa! pinned"
  ]
}