{
  "URL": "https://therecipecritic.com/almond-crusted-chicken-with-peach-salad/",
  "Summary": "This is the perfect summer recipe. I loved it and I didn't feel guilty after eating it. I love fruit in my salads. But I have never tried peaches. Oh my it was good. And the dressing was delicious on top. This recipe has a little more to it, but it is a nice change!",
  "Metadata": [
    "Prep Time:  20minutes",
    "Total Time:  20minutes",
    "Servings:  6Servings"
  ],
  "Ingredients": [
    "¼ cup low-fat buttermilk",
    "1 tablespoon light sour cream",
    "1 tablespoon white balsamic vinegar",
    "½ teaspoon honey",
    "2 tablespoons olive oil",
    "1 tablespoon fresh chives, minced",
    "salt and pepper, to taste",
    "2 large eggs",
    "1¾ cup  sliced almonds,",
    "½ cup all-purpose flour",
    "1½ pounds chicken tenderloins",
    "vegetable oil, for frying",
    "6 cups lettuce, Romaine, butter, or arugula, torn",
    "2 medium peaches or nectarines, thinly sliced"
  ],
  "Instructions": [
    "Preheat the oven to 200 degrees Fahrenheit and place an empty baking sheet inside the oven.",
    "In a small bowl, whisk together the buttermilk, sour cream, vinegar, and honey. Whisk in the oil, in a slow stream, to incorporate well. Stir in the chives and season with salt and pepper. Chill until ready to use.",
    "Lightly beat the eggs in a shallow bowl. Place the almond slices and flour in a food processor and pulse until the almonds are chopped, but not fully ground. Transfer the almond mixture to a shallow plate, for dredging. Season the chicken tenders on both sides with salt and pepper.",
    "Dip each chicken tender in the beaten eggs first. Shake off any excess then dredge the pieces in the almond mixture, pressing the mixture onto the chicken to adhere. Set the breaded tenders on a wire rack.",
    "In a large skillet, heat 2-3 tablespoons of vegetable oil over medium heat. Working in batches, cook the chicken until light golden brown on both sides. Turn often until cooked through, about 4-5 minutes per batch. Add a little more oil to the pan with each batch as necessary. Place the tenders on paper towels to absorb any excess oil. Then place the chicken on the warmed baking sheet in the oven.",
    "In a large bowl, toss the lettuce and peach slices with half of the dressing. Season to taste with salt and pepper. Portion the salad out on plates then arrange the chicken on top of the lettuce. Drizzle some of the remaining dressing over the chicken and serve."
  ],
  "Nutrition": [
    "Calories: 513kcal",
    "Carbohydrates: 26g",
    "Protein: 37g",
    "Fat: 30g",
    "Saturated Fat: 4g",
    "Polyunsaturated Fat: 7g",
    "Monounsaturated Fat: 18g",
    "Trans Fat: 0.03g",
    "Cholesterol: 128mg",
    "Sodium: 184mg",
    "Potassium: 943mg",
    "Fiber: 7g",
    "Sugar: 9g",
    "Vitamin A: 671IU",
    "Vitamin C: 6mg",
    "Calcium: 158mg",
    "Iron: 3mg",
    ""
  ],
  "Comments": [
    "Nandish Sood says:Always pleasant to find a new website this fantastic!I will be back for sure!"
  ]
}