{
  "URL": "https://therecipecritic.com/ambrosia-salad/",
  "Summary": "Ambrosia Salad is filled with mandarin oranges, pineapple, maraschino cherries, coconut,  and marshmallows and mixed in a fluffy cool whip!  This is a potluck classic!",
  "Metadata": [
    "Prep Time:  10minutes",
    "Total Time:  10minutes",
    "Servings:  6Servings"
  ],
  "Ingredients": [
    "8 ounce cool whip thawed",
    "1/2 cup sour cream",
    "1 (15 ounce) can mandarin oranges drained",
    "1 cup chopped fresh pineapple",
    "3/4 cup maraschino cherries without stems, sliced in half",
    "3 cup marshmallows I like using the multi-colored flavored marshmallows",
    "1 cup shredded coconut",
    "3/4 cup pecans chopped"
  ],
  "Instructions": [
    "In a large mixing bowl add thawed cool whip and sour cream and stir until combined. Add in the mandarin oranges, pineapple, cherries, marshmallows, coconut and pecans.",
    "Stir until combined and chill salad for at least 1 hour or overnight."
  ],
  "Nutrition": [
    "Calories: 437kcal",
    "Carbohydrates: 66g",
    "Protein: 4g",
    "Fat: 20g",
    "Saturated Fat: 9g",
    "Polyunsaturated Fat: 3g",
    "Monounsaturated Fat: 7g",
    "Cholesterol: 17mg",
    "Sodium: 104mg",
    "Potassium: 204mg",
    "Fiber: 3g",
    "Sugar: 49g",
    "Vitamin A: 224IU",
    "Vitamin C: 14mg",
    "Calcium: 92mg",
    "Iron: 1mg"
  ],
  "Comments": [
    "Chasity says:Made this for Easter and everyone LOVED THIS! Said it was the beast ambrosia salad they’d had!",
    "Alyssa Rivers says:Yay!! It’s a favorite at my house too!!",
    "Valerie says:My family loves this salad. It’s perfect for a light dessert and the kids REALLY devour it. I like that you can tweak this by adding different fruit and nuts if you choose, but I love it as written!  I do prefer canned pineapple tidbits in it because you never know how good the fresh pineapple is going to be, and it gives off more liquid as it sits in the salad and breaks it down quicker.",
    "Gail McKelvey says:Oh my gosh!  Thank you for putting this out there!  Perfect for where I live and all the potlucks!  Do you have any idea as to the size of the bowl as I would probably have to double it, in what?  Looks delish, only I would leave out the marshmallows; think I am the only person in the world that thinks they are icky…unless roasted over an open fire until they turn crackling black!!  Thanks again!",
    "sandy says:I have been looking for this recipe.  I used to make this all of the time and lost the recipe.  THANK YOU!!!!",
    "Alyssa Rivers says:Yay! It’s one of my all-time favorites!!",
    "Linda says:I’m not crazy about Mandarin oranges. Would it mess up the flavor i you left them out or substitute them with something else?  .",
    "Alyssa Rivers says:You can leave those out! It won’t change the flavor too much.",
    "Cie Patterson says:Fours stars because this is usually a good recipe.  However, make sure you have very ripe pineapple, otherwise this comes out tart rather than sweet even with all that other flavors.",
    "Linda B. says:I would omit the walnuts because some people cannot have them or chew them. Best to leave on the side and people will take some if they want to. All the rest of the ingredients look good! I would make and serve this at a gathering or maybe just to eat and enjoy at home.",
    "Martha Ponce says:Deliciosa me gusta mucho ,. Muchas gracias.",
    "Lisa Weimhold says:Has anyone tried using Greek yogurt in place of sour cream in the BEST EVER AMBROSIA SALAD?",
    "Navid says:Wonderful",
    "Connie Tracy says:ThanksThe Ambrosia Salad looks Delicious. I will be trying it ASAP."
  ]
}