{
  "URL": "https://therecipecritic.com/american-goulash/",
  "Summary": "Cozy, hearty, and full of flavor, this American Goulash combines tender pasta, seasoned ground beef, and a rich tomato sauce for the ultimate one-pot comfort food.",
  "Metadata": [
    "Prep Time:  10minutes",
    "Cook Time:  50minutes",
    "Total Time:  1hour",
    "Servings:  8Servings"
  ],
  "Ingredients": [
    "2 pounds ground beef",
    "1 large diced onion",
    "4 cloves minced garlic",
    "3 cups water",
    "1 tablespoon beef base or bouillon",
    "2 (15-ounce) cans tomato sauce",
    "2 (15-ounce) cans diced tomatoes (one petite diced)",
    "3 tablespoons soy sauce",
    "2 tablespoons Italian seasoning",
    "1 tablespoon seasoned salt",
    "2 teaspoons paprika",
    "½ teaspoon black pepper",
    "3 bay leaves",
    "2 cups elbow macaroni noodles uncooked",
    "1 cup shredded cheddar cheese",
    "fresh chopped Italian parsley for garnish"
  ],
  "Instructions": [
    "Add 2 pounds ground beef to a large stockpot over medium-high heat. Cook and brown the beef for 7-8 minutes. Remove the meat from the pot and drain, leaving about 1-2 tablespoons of grease in the pot.",
    "Add 1 large diced onion and cook for about 5 minutes over medium heat until tender. Add 4 cloves minced garlic and cook for 1 minute.",
    "Return the cooked beef to the pot. Add 3 cups water, 1 tablespoon beef base, 2 (15-ounce) cans tomato sauce, 2 (15-ounce) cans diced tomatoes, 3 tablespoons soy sauce, 2 tablespoons Italian seasoning, 1 tablespoon seasoned salt, 2 teaspoons paprika, ½ teaspoon black pepper, and 3 bay leaves. Stir to combine, then bring the mixture to a boil. Reduce the heat to low, cover, and simmer for 20 minutes.",
    "Stir in 2 cups elbow macaroni noodles. Cover and simmer for 15-20 minutes, or until al dente. Stir occasionally to prevent the noodles from sticking to the bottom.",
    "Just before serving, stir in 1 cup shredded cheddar cheese. Garnish with fresh chopped Italian parsley on top before serving!"
  ],
  "Nutrition": [
    "Calories: 481kcal",
    "Carbohydrates: 47g",
    "Protein: 33g",
    "Fat: 18g",
    "Saturated Fat: 8g",
    "Polyunsaturated Fat: 1g",
    "Monounsaturated Fat: 6g",
    "Trans Fat: 1g",
    "Cholesterol: 88mg",
    "Sodium: 1607mg",
    "Potassium: 456mg",
    "Fiber: 2g",
    "Sugar: 1g",
    "Vitamin A: 414IU",
    "Vitamin C: 2mg",
    "Calcium: 148mg",
    "Iron: 4mg",
    ""
  ],
  "Comments": [
    "Sarah Cresap says:I made this recipe this week because it was on your weekly plan. Everybody gobbled it! Then the next day, my high school senior invited his friends over for lunch to eat the leftovers!",
    "Alyssa Rivers says:I’m so glad you all liked it! Best compliment to have a bunch of high schoolers enjoy it as well!",
    "Ann says:I would love to try a meal plan here. However, I viewed the meal plan for this week and noticed a meal for 8 servings. We are a household of two? My struggle would be the steady stream of food and grocery shopping (it’s almost easier to have a family of eight !) that would be required to cook every night of the week.  These beautiful one-pot meals you share look amazing! For me, I end up with a freezer full of leftovers.  Often, I end up having to throw some of those away as well because I am wanting something different..  How does one mange a meal every night for a house of two?  I am going to give one of these weeks a try,  tu any suggestions would be great!",
    "Alyssa Rivers says:I understand your concern for only cooking for two! My American Goulash recipe can be easily halved to make 4 servings! Most of my recipes can always be cut in half, so if it makes too many servings I would suggest trying that!",
    "Melissa says:I have made this goulash receipt so many times and it is always so good.  This time I added some mixed vegetables in with it and I just know it’s going to be amazing.",
    "Ernest Schwaegerl says:Going to try this today",
    "Debbie Gomez says:Hi Alyssa,  I have always been told that when using Bay Leaves in recipes, you are to remove them before serving the food…because if a person were to consume a Bay Leaf it could cause serious stomach problems. Is this correct?",
    "Alyssa Rivers says:Thanks for the question. Yes, bay leaves add flavor, but they stay tough and sharp, so i recommend removing them before serving to avoid choking or stomach irritation. Think of them like a cinnamon stick—good for flavor, not for eating!"
  ]
}