{
  "URL": "https://therecipecritic.com/amish-breakfast-casserole/",
  "Summary": "Kickstart your day with this hearty Amish Breakfast Casserole! Loaded with crispy bacon, tender hash browns, and gooey melted cheese. ",
  "Metadata": [
    "Prep Time:  5minutes",
    "Cook Time:  55minutes",
    "resting time:  10minutes",
    "Total Time:    1hour10minutes",
    "Servings:  10servings"
  ],
  "Ingredients": [
    "1 pound bacon",
    "1 ½ cups diced onion, about 1 large onion",
    "2 teaspoons minced garlic, about 2 cloves",
    "6 large eggs, beaten",
    "3 cups shredded hash browns",
    "2 cups shredded cheddar cheese",
    "1 cup shredded swiss cheese",
    "1 ½ cup small curd cottage cheese",
    "½ teaspoon salt",
    "¼ teaspoon ground black pepper"
  ],
  "Instructions": [
    "Preheat the oven to 350 degrees Fahrenheit, spray a 9 x 13 x 2-inch or 3-quart baking dish with pan spray, and set aside.",
    "Dice 1 pound baconand cook in a large skillet over medium-high heat until most of the bacon is crisp.",
    "Add 1 ½ cups diced onion, to the skillet and cook it with the bacon for 2-3 minutes, until it begins to turn translucent. Add 2 teaspoons minced garlic, and cook for 1 more minute. Use a slotted spoon to remove it from the pan and transfer it to a paper towel-lined bowl or plate to drain.",
    "Combine 6 large eggs, 3 cups shredded hash browns, 2 cups shredded cheddar cheese, 1 cup shredded swiss cheese, 1 ½ cup small curd cottage cheese, ½ teaspoon salt, and ¼ teaspoon ground black pepper in a large bowl.",
    "Stir in the bacon mixture, then transfer everything into the prepared baking dish. If desired, top with a handful of additional cheddar and Swiss.",
    "Bake for 45-50 minutes, until all the cheese is melted and a knife comes out clean from the center. Let the casserole sit for 10 minutes before serving."
  ],
  "Nutrition": [
    "Calories: 455kcal",
    "Carbohydrates: 16g",
    "Protein: 22g",
    "Fat: 33g",
    "Saturated Fat: 14g",
    "Polyunsaturated Fat: 4g",
    "Monounsaturated Fat: 12g",
    "Trans Fat: 0.1g",
    "Cholesterol: 166mg",
    "Sodium: 736mg",
    "Potassium: 402mg",
    "Fiber: 1g",
    "Sugar: 2g",
    "Vitamin A: 520IU",
    "Vitamin C: 7mg",
    "Calcium: 312mg",
    "Iron: 1mg",
    ""
  ],
  "Comments": [
    "ROBIN says:Absolutely delicious!  It was a strangely thick “batter” and difficult to mix everything.  Instead of bacon, I cooked 1 pound of Owens Hot sausage, 1 chopped green bell pepper, 8 ounces diced mushrooms, added a 12 ounce package of diced ham, and 1 teaspoons granulated garlic.  I also added 2 more eggs.  I precooked the meat/veggies and froze the mixture because I took all of the ingredients to a quilting retreat and was the 4th day cooker.  (I had portioned out the cottage cheese, swiss/cheddar cheeses, and frozen potatoes.)  I let the meat mixture and potatoes thaw overnight in the fridge.  The next morning, I mixed everything in a large bowl and spread into a buttered 9 x 13 baking dish.  I baked it for 30 min (to check doneness) and then an additional 10-15 minutes.  Everyone loved the casserole and wanted the recipe.  I emailed the recipe, along with the changes I made, to each lady.",
    "Lisa says:I made this for breakfast this morning and we will be having this one again. This was really good. I used applewood smoked bacon for the bacon and used ricotta cheese for the cottage cheese. No one in this house likes cottage cheese! lol! Thanks much for the recipe.",
    "Diana Treesh says:I was good until I saw cottage cheese. Used to love that stuff, I threw it up during my pregnancy with my son and could never stomach it again lol! Wonder if I could sub ricotta cheese?",
    "Alyssa Rivers says:Oh my gosh, I hate when that happens. I was pretty lucky and the only thing I can’t eat now because of pregnancy is bubble gum. Ricotta would be a great substitution!",
    "Marie Rufer says:It looks great I’m allergic to eggs but I love the rest think I’ll make it with eggs on side and sour cream instead of cottage cheese and mixture of ham sausage with bacon yummy",
    "Natalie says:Can this casserole be made the day before baking?",
    "Alyssa Rivers says:Hi Natalie! Yes you can! You may prepare this casserole the night before, cover it with plastic wrap, and store it in the fridge. You may need to add additional baking time to ensure the casserole is fully baked through because it will be chilled.",
    "Cheryl Newton says:Hello, Alyssa. Do you think I’d need to make any other changes if I swapped turkey sausage for the bacon? Thanks!"
  ]
}