{
  "URL": "https://therecipecritic.com/amish-friendship-bread/",
  "Summary": "Amish Friendship Bread is the gift that keeps on giving! This simple starter yields sweet, delicious bread every time!",
  "Metadata": [
    "Prep Time:    10days20minutes",
    "Cook Time:  50minutes",
    "Total Time:      10days1hour10minutes",
    "Servings:  12slices of bread"
  ],
  "Ingredients": [
    "1/4 cup warm water",
    "1 packet active dry yeast",
    "2 cups all purpose flour divided",
    "2 cups granulated sugar divided",
    "2 cups milk 2% or higher in fat, divided",
    "1 cup friendship bread starter",
    "¾ cup vegetable oil",
    "1 cup granulated sugar",
    "3 large eggs",
    "1 teaspoon vanilla",
    "1 ½ teaspoon baking powder",
    "1 teaspoon baking soda",
    "½ teaspoon salt",
    "1 teaspoon cinnamon",
    "2 cups all purpose flour",
    "2 ½ teaspoon cinnamon",
    "½ cup granulated sugar"
  ],
  "Instructions": [
    "Mix the packet of yeast into the warm water and let sit for about 5 minutes until frothy.",
    "In a glass bowl, mix the flour and sugar together. Mix in the milk and then the yeast mixture. Pour into a gallon ziplock bag and leave it out on the countertop.",
    "For the next 5 days, be sure to mash the ziplock bag around, encouraging the yeast to activate.",
    "On the 6th day, add 1 cup of flour, 1 cup of sugar, and 1 cup of milk to the ziplock bag. Close and mash around until all are combined.",
    "Continue to mash around once a day for days 7-9. On the 10th day, your starter is ready for baking or gifting. Reserve 1 cup for baking, 1 cup for gifting. If you would like to keep the starter going, add 1 cup flour, 1 cup sugar, and 1 cup milk to the remaining starter and mix around. This starts the cycle over again and day 10 becomes day 1.",
    "Preheat oven to 325°. Grease two 9×5 loaf pans and set them aside.",
    "In a glass bowl mix the starter, oil, granulated sugar, eggs, and vanilla together. In another bowl mix the baking powder, baking soda, salt, cinnamon, and flour together.",
    "Pour the liquid mixture over the dry ingredients and stir to combine.",
    "Fill the two prepared pans with ¼ of the batter, using half in total. Mix together the cinnamon and sugar and sprinkle half of it over the top of the batter in the pans. Split the remaining batter evenly between the two pans and sprinkle the remaining cinnamon sugar over the top.",
    "Bake for 40-50 minutes, or until a toothpick comes out clean. Allow cooling in the pan."
  ],
  "Nutrition": [
    "Calories: 542kcal",
    "Carbohydrates: 93g",
    "Protein: 7g",
    "Fat: 17g",
    "Saturated Fat: 12g",
    "Polyunsaturated Fat: 1g",
    "Monounsaturated Fat: 2g",
    "Trans Fat: 1g",
    "Cholesterol: 51mg",
    "Sodium: 226mg",
    "Potassium: 176mg",
    "Fiber: 2g",
    "Sugar: 60g",
    "Vitamin A: 135IU",
    "Vitamin C: 1mg",
    "Calcium: 88mg",
    "Iron: 2mg",
    ""
  ],
  "Comments": [
    "Kate Z says:Hi there,I made the starter and today is baking day! I got 3 cups to gift so I put them in 3 different bags. Do I need to add anything to that 1 cup of starter? I’m assuming not, they just feed on Dat 6 but wanted to make sure. Thanks so much!",
    "Alyssa Rivers says:Hi Kate! Can’t wait for you to try your bread! You can give your starter as-is, you don’t need to add anything to it.",
    "Vanessa Palin says:Is there a recipe of friendship bread that can be mixed and baked the same day?",
    "Alyssa Rivers says:Friendship bread typically is made with a starter and that needs a few days to ferment. There are some other great breads out there though that you can bake in one day! Here are a bunch of mine: https://therecipecritic.com/bread-recipes/quick-bread/"
  ]
}