{
  "URL": "https://therecipecritic.com/angel-food-cupcakes/",
  "Summary": "These ultra-fluffy, delicate angel food cupcakes are the best base for light and tasty summer treats. Top with fresh whipped cream frosting and berries for a dessert that is a perfect combination of airy and sweet.",
  "Metadata": [
    "Prep Time:  20minutes",
    "Cook Time:  22minutes",
    "Total Time:  42minutes",
    "Servings:  12Cupcakes"
  ],
  "Ingredients": [
    "½ cup Cake Flour",
    "A dash of Salt",
    "2/3 cup Granulated Sugar",
    "4 large Egg whites room temperature",
    "2 Tablespoon warm water",
    "½ teaspoon Cream of Tartar",
    "1 cup Heavy Whipping Cream",
    "2 Tablespoon powdered sugar",
    "1 teaspoon vanilla extract",
    "Strawberries or other fruit for topping"
  ],
  "Instructions": [
    "Preheat oven to 325° and line a muffin pan with cupcake liners. Set aside.",
    "Sift together the flour and salt and set side.",
    "In the bowl of a mixer, add the egg whites and water. Use the whisk attachment to whip on medium until frothy. Add the cream of tartar and 1-2 tablespoons of sugar.  With the mixer on medium-high, add the remaining sugar a little at a time. Whip until you achieve stiff peaks.",
    "Add in the vanilla and mix to combine.",
    "In 2-3 additions add the flour to the egg whites and use a rubber spatula to fold it in. Be careful not to deflate the egg whites too much. Mix only until just combined.",
    "Scoop batter into the cupcake liners until they are about ¾ full. Bake for 20-23 minutes, until the tops start to turn golden brown.",
    "Cool the cupcakes in the pan for about 5 minutes and then flip them upside down in the pan. Allow to cool for 10 minutes more in the pan to prevent them from deflating.",
    "In the bowl of a mixer use the whisk attachment to whip the heavy cream, powdered sugar, and vanilla until medium stiff peaks are reached. You can pipe the whipped cream on cooled cupcakes, or you can simply spoon dollops on them. Top with strawberries or other fruit of choice."
  ],
  "Nutrition": [
    "Calories: 142kcal",
    "Carbohydrates: 17g",
    "Protein: 2g",
    "Fat: 7g",
    "Saturated Fat: 5g",
    "Polyunsaturated Fat: 1g",
    "Monounsaturated Fat: 2g",
    "Cholesterol: 27mg",
    "Sodium: 26mg",
    "Potassium: 59mg",
    "Fiber: 1g",
    "Sugar: 13g",
    "Vitamin A: 292IU",
    "Vitamin C: 1mg",
    "Calcium: 15mg",
    "Iron: 1mg"
  ],
  "Comments": [
    "AmbalaCakes says:Nice Cupcakes recipe"
  ]
}