{
  "URL": "https://therecipecritic.com/antipasto-skewers/",
  "Summary": "Antipasto Skewers are a super easy and delicious appetizer, perfect for any occasion. Colorful and full of flavor, these are true crowd pleaser!",
  "Metadata": [
    "Prep Time:  10minutes",
    "Cook Time:  10minutes",
    "Total Time:  20minutes",
    "Servings:  8Skewers"
  ],
  "Ingredients": [
    "10 ounces cheese tortellini",
    "2 cups kalamata olives",
    "2 cups black olives",
    "2 cups grape tomatoes",
    "24 slices of salami",
    "24 slices pepperoni",
    "1 (15 ounce can) marinated artichokes",
    "1 container  small fresh mozzarella balls",
    "fresh basil leaves",
    "balsamic glaze for drizzling",
    "wooden skewers"
  ],
  "Instructions": [
    "Start by cooking the tortellini according to package directions. Rinse in cold water.",
    "Thread each skewer with each ingredient. Drizzle with balsamic glaze if desired."
  ],
  "Nutrition": [
    "Calories: 439kcal",
    "Carbohydrates: 20g",
    "Protein: 20g",
    "Fat: 31g",
    "Saturated Fat: 10g",
    "Trans Fat: 1g",
    "Cholesterol: 63mg",
    "Sodium: 2099mg",
    "Potassium: 257mg",
    "Fiber: 4g",
    "Sugar: 3g",
    "Vitamin A: 768IU",
    "Vitamin C: 5mg",
    "Calcium: 236mg",
    "Iron: 2mg",
    ""
  ],
  "Comments": []
}