{
  "URL": "https://therecipecritic.com/antipasto-salad/",
  "Summary": "My antipasto salad combines meats, cheese, and crisp greens with a zesty lemon vinaigrette—simple, bold, and full of flavor.",
  "Metadata": [
    "Prep Time:  20minutes",
    "Total Time:  20minutes",
    "Servings:  8People"
  ],
  "Ingredients": [
    "3 cups chopped romaine",
    "½ cup halved green olives",
    "½ cup medium black olives",
    "½ cup halved cherry tomatoes",
    "½ cup mini pepperoni",
    "¼ cup chopped jarred roasted red peppers",
    "8 ounces Genoa salami cut into bite-sized pieces",
    "½ cup mozzarella cheese pearls",
    "1 (13-ounce) can quartered artichoke hearts",
    "8 ounces diced provolone cheese cut into bite-sized pieces",
    "¼ cup olive oil",
    "2 tablespoons lemon juice",
    "1 teaspoon Italian seasoning"
  ],
  "Instructions": [
    "In a large bowl add 3 cups chopped romaine, ½ cup halved green olives, ½ cup medium black olives, ½ cup halved cherry tomatoes, ½ cup mini pepperoni, ¼ cup chopped jarred roasted red peppers, 8 ounces Genoa salami, ½ cup mozzarella cheese pearls, 1 (13-ounce) can quartered artichoke hearts, and 8 ounces diced provolone cheese.",
    "To make the dressing, whisk ¼ cup olive oil, 2 tablespoons lemon juice, and 1 teaspoon Italian seasoning in a small bowl.",
    "Pour the dressing over the salad, toss to coat, and serve immediately."
  ],
  "Nutrition": [
    "Calories: 363kcal",
    "Carbohydrates: 4g",
    "Protein: 17g",
    "Fat: 31g",
    "Saturated Fat: 12g",
    "Polyunsaturated Fat: 3g",
    "Monounsaturated Fat: 15g",
    "Trans Fat: 0.1g",
    "Cholesterol: 54mg",
    "Sodium: 1329mg",
    "Potassium: 255mg",
    "Fiber: 1g",
    "Sugar: 1g",
    "Vitamin A: 1971IU",
    "Vitamin C: 6mg",
    "Calcium: 276mg",
    "Iron: 1mg",
    ""
  ],
  "Comments": [
    "Jeanne McCabe says:Could you add chicken to this salad? If so any ideas of type of chicken. Looking to add more protein. Love this salad",
    "Alyssa Rivers says:OMG my air fryer chicken recipe is the perfect chicken to add to this recipe. It’s fast, simple and DELICIOUS!",
    "Kim Lippy says:Gentle suggestions: Put all the veggies/cheeses at the bottom of the salad bowl topped w/the torn romaine & let them marinate w/the dressing. At the time you are ready to serve your antipasto salad THEN mix, otherwise everything will get soggy prematurely. Once mixed, its best to consume right way. Usually not very good the next day (soggy).",
    "Karen says:A friend brought this salad to a luncheon featuring Italian dishes and it was a big hit.  So pretty and colorful, we all wanted the recipe.  I have made this at least 4-5 times since July.",
    "Michelle K Drozdibob says:You cannot make a mistake with this salad. You can add other veggies, omit what you /family do not like and it will still be very good. You can add everything BUT the lettuce and make it in advance, at the last minute, mix in chopped romaine. I took a big bowl of it to my grandson’s birthday party a few years ago and people gobbled it down!",
    "Terri says:I made this salad and it was delicious!  The only complaint from people was that it was wilted and a little soggy by the time they were ready to eat it!  Any suggestions?",
    "Maria Wilbert says:Toss the dress when you’re ready to eat.",
    "LorriH says:I’m making this for an Italian themed dinner party, but one or two of the guests are vegetarian. I will have a meat tray on the side for the pepperoni, salami, suprasata,etc. and for protein in the salad itself, I will add red kidney beans and garbanzo’s. It sounds delicious. Thank you!",
    "sal says:how much lemon juice?  your recipe say 1/2 but nothing more.  would like to try, it looks so good.",
    "Alyssa Rivers says:It’s 2 tablespoons of lemon juice!",
    "Ursula says:Easy prep, tasty & pretty. Only needed fresh breadsticks to complete this seemingly, healthy meal ?",
    "Johna says:This a delicious salad!  It’s very forgiving to tweak as much or as little of your choice of ingredients.  I stayed with same ingredients but added more of what we liked & made additional portions of that delicious dressing!  I got several appreciate, “Oh man!” and “Holy cow!” when my bunch tried this salad.",
    "Tina H says:I just made this salad and added a little white wine vinegar, simply because I love vinegar in all salads. It was perfect and everyone at the table asked for the recipe. Thanks for sharing!",
    "Monica Booth says:This was incredibly easy to make and so delicious, perfect for a summer night. I added cucumbers only because my toddler pretty much only eats cucumbers right now but it would have been perfect without it too. I’ll definitely make it again.",
    "Liz says:I made this for friends that we had seen in years. It was so simple and so simple and refreshing! Our friends loved it! I did prep prior to making the salad which I always do. I cut up all the ingredients and put them in containers in the fridge until I was ready to mix it…",
    "restaurantthatdeliversnearme.website says:Thanks for antipasto salad.",
    "Cat Gardner says:Sounds delicious. For the dressing, is it 1/2 cup lemon juice or juice from 1/2 lemon?",
    "Alyssa Rivers says:Juice from a lemon.",
    "Mary Ruggiero says:Could you be more specific in terms of amount of juice needed—lemon can range greatly in size.",
    "Alyssa Rivers says:I used a medium-sized lemon and squeezed about 4 to 5 Tablespoons."
  ]
}