{
  "URL": "https://therecipecritic.com/apple-dump-cake/",
  "Summary": "With only a handful of ingredients, this Apple Dump Cake is as simple as it is delicious.",
  "Metadata": [
    "Prep Time:  10minutes",
    "Cook Time:  50minutes",
    "Total Time:  1hour",
    "Servings:  12Servings"
  ],
  "Ingredients": [
    "2 (21-ounce) cans apple fruit filling",
    "1 (15.25-ounce) box yellow cake mix",
    "2 teaspoons cinnamon",
    "½ cup chopped pecans",
    "1 cup cubed salted butter"
  ],
  "Instructions": [
    "Preheat the oven to 350 degrees Fahrenheit. Spray a 13 x 9 x 2-inch baking dish with non-stick cooking spray.",
    "Spread 2 (21-ounce) cans apple fruit filling evenly into the bottom of the prepared pan.",
    "In a medium-sized bowl, combine 1 (15.25-ounce) box yellow cake mix, 2 teaspoons cinnamon, and ½ cup chopped pecans. Sprinkle the cake mixture evenly over the apple pie filling.",
    "Place pieces of 1 cup cubed salted butter on top of the cake mixture.",
    "Bake for 50-60 minutes or until golden brown and bubbly."
  ],
  "Nutrition": [
    "Calories: 324kcal",
    "Carbohydrates: 36g",
    "Protein: 2g",
    "Fat: 20g",
    "Saturated Fat: 11g",
    "Cholesterol: 41mg",
    "Sodium: 449mg",
    "Potassium: 42mg",
    "Fiber: 1g",
    "Sugar: 19g",
    "Vitamin A: 473IU",
    "Calcium: 102mg",
    "Iron: 1mg",
    ""
  ],
  "Comments": [
    "Maisie Gee says:Hi there!I was looking at your “dump cakes” which look amazing and I thought would be a nice change from apple crumble!I know the recipe is supposed to be simple, but how could I substitute the cake mix and I would like the cake to be diabetic friendly.  Am I back to using my standard crumble mix?Was also thinking of using fresh apples for Rosh Hashanah!  Any additional suggestions?Many thanks.",
    "Alyssa Rivers says:I’m so glad you’re excited about the dump cakes! I’m sorry, I’m not an expert in diabetic-friendly cooking, so I’d recommend checking a trusted diabetic recipe resource to make sure any swaps are safe and work well. A crumble topping you already love could be a great option, and fresh apples for Rosh Hashanah sound absolutely delicious!",
    "Alexis says:So easy and SO delicious!!! I will be making this again and again!",
    "Alyssa Rivers says:Thanks for the comment! I’m so glad you liked it!",
    "Elaine Winne says:Very easy and delish!  Vanilla ice cream and caramel sauce put it over the top!Great recipe!",
    "Patricia A DeSantis says:This cake turned out so lousy….the top did not bake with the bottom and stayed on top. So I just mixed it all together and put it back in the oven for about 15 minutes more. I believe the cake mix should have been on the bottom of the pan and the rest of the ingredients on the top of the cake. Put the butter melted into the cake.",
    "Dianna Beyer says:Hello Patricia , sorry your Apple pie dump cake didn’t turn out like you expected. The  yellow cake and the cinnamon and pecans mixed together is put on top of the apple pie filling then just add the butter pieces on the top and bake it . The cake mixture is meant too be on the top as it is an Apple Crisp . Please try again and please let me know as I am going too try this recipe, Thank You and stay safe always, Dee❤️",
    "Gp says:For the Peach dump cake recipe, when using fresh peaches the tip suggested making a simple syrup from sugar/water.    This recipe omits that suggestion for fresh apples.   Is that correct?   Oh well, we are going to find out.",
    "Alyssa Rivers says:You can definitely add simple syrup to your apples as well if you prefer a sweeter, softer filling!",
    "Pam says:I love this recipe! This time I used a spice cake mix in place of the yellow cake mix and it was wonderful. Thank you for sharing this recipe!!",
    "Pati says:Add raisins and you’ve got me hooked.",
    "ANN says:LOVE THIS AND SO EASY.  I HAVE ALSO USED CHERRY PIE FILLING…MMMM"
  ]
}