{
  "URL": "https://therecipecritic.com/apple-bread/",
  "Summary": "This deliciously sweet apple bread with hints of seasonal spices is the perfect fall dessert. Each bite is packed with apple chunks and hints of cinnamon and vanilla. Make this your new fall favorite indulgence.",
  "Metadata": [
    "Prep Time:  15minutes",
    "Cook Time:  55minutes",
    "Total Time:    1hour10minutes",
    "Servings:  12Slices"
  ],
  "Ingredients": [
    "3 cups all-purpose flour",
    "1 cup granulated sugar",
    "1  cup light brown sugar packed",
    "2 teaspoons ground cinnamon",
    "3/4 teaspoon ground nutmeg",
    "1 teaspoon baking soda",
    "1/2 teaspoon baking powder",
    "1/2 teaspoon salt",
    "4 large eggs room temperature",
    "1 cup oil",
    "2 teaspoons vanilla extract",
    "2 cups apples chopped and peeled (about 2 medium)",
    "1/2 cup apple cider",
    "1 tablespoon salted butter",
    "6 tablespoons powdered sugar",
    "1/4  teaspoon vanilla extract"
  ],
  "Instructions": [
    "Preheat the oven to 350 degrees Fahrenheit. Grease and line a 9×5 loaf pan with parchment paper, also greasing the paper.",
    "In a large mixing bowl, whisk 3 cups all-purpose flour, 1 cup granulated sugar, 1  cup light brown sugar, 2 teaspoons ground cinnamon, 3/4 teaspoon ground nutmeg, 1 teaspoon baking soda, 1/2 teaspoon baking powder, and 1/2 teaspoon salt together and set aside.",
    "In a separate bowl, whisk 4 large eggs, 1 cup oil, and 2 teaspoons vanilla extract. Add the wet ingredients to the dry ingredients and stir until combined. The batter will be very thick.",
    "Fold the prepared 2 cups apples into the batter and add to the prepared bread pan.",
    "Bake for 50 to 55 minutes or until a toothpick inserted into the center comes out clean. Cool the bread in the pans for 10 minutes before removing to a wire rack to finish cooling.",
    "In a small saucepan, bring 1/2 cup apple cider to a boil over high heat. Reduce the heat and simmer until the liquid has reduced by half.",
    "Remove from the heat and whisk in 1 tablespoon salted butter, 6 tablespoons powdered sugar, and 1/4  teaspoon vanilla extract. Drizzle the warm glaze over the cooled bread."
  ],
  "Nutrition": [
    "Serving: 1loaf",
    "Calories: 480kcal",
    "Carbohydrates: 67g",
    "Protein: 5g",
    "Fat: 22g",
    "Saturated Fat: 3g",
    "Polyunsaturated Fat: 6g",
    "Monounsaturated Fat: 13g",
    "Trans Fat: 0.1g",
    "Cholesterol: 65mg",
    "Sodium: 131mg",
    "Potassium: 134mg",
    "Fiber: 2g",
    "Sugar: 42g",
    "Vitamin A: 133IU",
    "Vitamin C: 1mg",
    "Calcium: 43mg",
    "Iron: 2mg"
  ],
  "Comments": [
    "Judy says:This recipe for me was a complete failure. A waste of my ingredients and time. Directions should state to place in two 9×5 pans. Never could get done and was a complete mess that overflowed. Maybe I missed something in the directions.",
    "Alyssa Rivers says:I’m so sorry this recipe didn’t turn out for you — that’s always frustrating, especially when you’ve spent time and ingredients on it. I haven’t had an issue with it overflowing, but oven temperatures and pan sizes can definitely make a difference. Sweet breads do tend to bake for quite a while, and if your oven runs a little cool, that might have caused it to stay underbaked and spill over.If you’d like to try it again, you could split the batter into two 9×5 pans, or even make it as muffins instead (another reader mentioned that works well). Muffins would likely bake in about 30–35 minutes, though I haven’t tested that version myself.",
    "Sarah says:I’ve made this recipe a few times and it always comes out amazing. I do make a few changes: 1) I use 3 cups apples, 2) Instead of bread I make 18 muffins- 375 degrees for 30-35 minutes",
    "Deborah says:I made this apple bread today and I’m delighted with how quick and easy it was to assemble. The results were delicious and my husband was very happy to discover this cake waiting for him with a cup of tea when he came in from the garden. Thanks for creating this yummy recipe",
    "Deb says:Can you use a gluten free flour bread mix like King Arthur?",
    "Alyssa Rivers says:I have not tried that yet! Let me know how it turns out!",
    "Jennifer says:Hi! I’m pretty new to Baking, Can you verify the size of the loaf pans?",
    "Qashang says:Ah this is the perfect recipe for fall! Looks absolutely delicious.",
    "Everest says:It’s an amazing and very informative article about this topic. Thanks for sharing this good information. It’s really cool and good.",
    "Lara says:Do you suppose some brown sugar could be swapped for the white sugar? Maybe 1:1, or 1.5 white to .5 brown? This recipe just seems like brown sugar would elevate it?"
  ]
}