{
  "URL": "https://therecipecritic.com/apple-brown-betty/",
  "Summary": "An Apple Brown Betty is a warm and comforting apple dessert that is full of fall flavors. The apples are coated in lemon juice with a brown sugar spiced crumble throughout that satisfies with every bite. If you don't like oats, this recipe is for you!",
  "Metadata": [
    "Prep Time:  30minutes",
    "Cook Time:  50minutes",
    "Total Time:    1hour20minutes",
    "Servings:  8people"
  ],
  "Ingredients": [
    "4 cups apples peeled cored and thinly sliced",
    "3 tablespoons lemon juice",
    "1 cup all purpose flour",
    "1 cup granulated sugar",
    "⅓ cup brown sugar packed",
    "2 teaspoons ground cinnamon",
    "½ teaspoon nutmeg",
    "½ teaspoon allspice",
    "½ teaspoon cardamom",
    "½ teaspoon salt",
    "¾ cup cold butter cubed"
  ],
  "Instructions": [
    "Preheat oven to 375℉ and lightly grease a baking dish (I used a standard pie dish) with non stick spray, or butter.",
    "In a bowl pour your lemon juice over your apples and mix to coat well.",
    "In a food processor pulse your flour, sugar, brown sugar, cinnamon, nutmeg, allspice, cardamom, and salt until it’s well mixed.",
    "Start pulsing in your cubed butter about 1 tablespoon at a time until it is all incorporated. No chunks of butter should remain,",
    "In your baking dish, layer ½ of your apples on the bottom, ½ of your crumb mixture on the apples, then your remaining apples on top of the crumb mixture, and finally the last of your crumb mixture on top.",
    "Bake for 40-50 minutes, your apples should be tender and your crumbs will be crisp and golden brown."
  ],
  "Nutrition": [
    "Calories: 377kcal",
    "Carbohydrates: 55g",
    "Protein: 2g",
    "Fat: 18g",
    "Saturated Fat: 11g",
    "Polyunsaturated Fat: 1g",
    "Monounsaturated Fat: 4g",
    "Trans Fat: 1g",
    "Cholesterol: 46mg",
    "Sodium: 286mg",
    "Potassium: 113mg",
    "Fiber: 2g",
    "Sugar: 41g",
    "Vitamin A: 568IU",
    "Vitamin C: 5mg",
    "Calcium: 26mg",
    "Iron: 1mg",
    ""
  ],
  "Comments": [
    "Diane Palmquist says:Can you substitute other fruits successfully?",
    "Alyssa Rivers says:I haven’t tried other fruits with this recipe before!",
    "Mcilwain says:Apple Betty in this recipe didn’t have oats why not",
    "Alyssa Rivers says:Hi! I didn’t use any in this recipe but feel free to change it up how you like!",
    "Sabrina says:wow, had never heard of this but I love it, and yes, I’m happy to skip oats anytime, love the lemon juice too, brown sugar, yes, let’s face it, all ot these flavors are wonderful, thank you"
  ]
}