{
  "URL": "https://therecipecritic.com/apple-pie-cupcakes/",
  "Summary": "Apple pie cupcakes are a twist on a classic dessert! They are moist, delicious and with fresh apple pie filling in the middle, they give you JUST the right amount of texture! ",
  "Metadata": [
    "Prep Time:  30minutes",
    "Cook Time:  18minutes",
    "Total Time:  48minutes",
    "Servings:  12Cupcakes"
  ],
  "Ingredients": [
    "1 ½ cup all-purpose flour",
    "¾ cup granulated sugar",
    "¼ teaspoon salt",
    "1 teaspoon baking powder",
    "½ teaspoon baking soda",
    "1 teaspoon cinnamon",
    "¼ teaspoon nutmeg",
    "¾ cup sour cream",
    "½ cup vegetable oil",
    "1 room temperature egg",
    "2 teaspoons vanilla extract",
    "1 ½ cups diced apples, about 2 apples",
    "1 teaspoon lemon juice",
    "⅓ cup granulated sugar",
    "2 teaspoons cornstarch",
    "½ teaspoon cinnamon",
    "⅛ teaspoon nutmeg",
    "⅛ teaspoon salt",
    "1 cup softened unsalted butter",
    "4 cups powdered sugar",
    "½ cup brown sugar",
    "1 tablespoon vanilla",
    "1 teaspoon cinnamon",
    "4-5 tablespoons heavy cream"
  ],
  "Instructions": [
    "Preheat the oven to 350 degrees Fahrenheit and line a muffin tin with cupcake liners. Set aside.",
    "In a medium mixing bowl, sift together the 1 ½ cup all-purpose flour, ¾ cup granulated sugar, ¼ teaspoon salt, 1 teaspoon baking powder, ½ teaspoon baking soda, 1 teaspoon cinnamon, and ¼ teaspoon nutmeg. Set aside.",
    "In a large bowl, combine the ¾ cup sour cream, ½ cup vegetable oil, 1 room temperature egg, and 2 teaspoons vanilla extract until smooth. Add the flour mixture into the sour cream mixture and mix gently until just barely combined.",
    "Use a cupcake scoop to fill the cupcake liners ⅔ of the way full. Add a tablespoon of the apple filling to the center of each cupcake.",
    "Bake in the middle rack in the oven for 16-18 minutes until a toothpick inserted in the middle of the cupcakes comes out clean and the tops of the cupcakes spring back when pressed on gently. Allow the cupcakes to cool completely.",
    "Combine the 1 ½ cups diced apples, 1 teaspoon lemon juice, ⅓ cup granulated sugar, 2 teaspoons cornstarch, ½ teaspoon cinnamon, ⅛ teaspoon nutmeg, and ⅛ teaspoon salt in a medium saucepan over medium heat.",
    "Bring to a simmer and lower the heat to medium-low. Allow to simmer for 4-5 minutes, until the liquid thickens and the apples begin to soften. Remove from the heat and allow to cool completely.",
    "In the bowl of a stand mixer, use the paddle attachment to mix the 1 cup softened unsalted butter for 2-3 minutes on medium-high until light and fluffy.",
    "Add the 4 cups powdered sugar, ½ cup brown sugar, and 1 tablespoon vanilla. Mix on low for a minute or two, until most of the powdered sugar is absorbed by the butter, and then increase the speed to medium-high. Mix for 3 Minutes.",
    "Add the 1 teaspoon cinnamon and 3 tablespoons of the 4-5 tablespoons heavy cream and mix on medium-high until combined. If you want a softer consistency, add the remaining 2 tablespoons of heavy cream and beat for 2 minutes on medium-high.",
    "Use a piping bag to pipe the frosting onto the cooled cupcakes. Dust lightly with cinnamon and enjoy!"
  ],
  "Nutrition": [
    "Calories: 600kcal",
    "Carbohydrates: 83g",
    "Protein: 3g",
    "Fat: 30g",
    "Saturated Fat: 14g",
    "Polyunsaturated Fat: 6g",
    "Monounsaturated Fat: 7g",
    "Trans Fat: 1g",
    "Cholesterol: 68mg",
    "Sodium: 171mg",
    "Potassium: 84mg",
    "Fiber: 1g",
    "Sugar: 69g",
    "Vitamin A: 665IU",
    "Vitamin C: 1mg",
    "Calcium: 60mg",
    "Iron: 1mg",
    ""
  ],
  "Comments": [
    "Allie Lady says:What apples do you recommend for this??",
    "Alyssa Rivers says:Depends on how tart you want the filling to be! I always like to use Granny Smith but if you want something sweeter, I recommend Honeycrisp.",
    "Lora Layne says:Did you make a hole in the cupcake to put the apple filling?",
    "Alyssa Rivers says:Lora, you put 1 Tablespoon of the apple filing in the center of the cupcake batter in the cupcake tin, before they are baked.",
    "marion prentis says:delicious, forgot to give you the 5 stars",
    "Marion prentis says:the family loved them so I have to make more & double the recipe, is it ok to substitute margarine for butter, like to save a little here & there",
    "marion prentis says:made them today, loved them",
    "marion prentis says:sounds delicious  can I freeze them ?",
    "Alyssa Rivers says:You can refrigerate them for up to 7 days, but I don’t recommend freezing them.",
    "Laura says:Delicious and easy to make! I had to bake mine about 5 minutes longer but this recipe is a definite keeper!",
    "Denise Rosenthal says:I don’t bake often so I’m going to ask a stupid question. Your recipe says to use a muffin tin. Is a cupcake tin the same thing? Also, if I wanted to use a large/jumbo muffin tin, would I just double the amount of apple filling? Thanks for your help ?",
    "Alyssa Rivers says:Not a stupid question at all! Yes, muffin and cupcake tins are the same thing. And correct, you will need to add more filling! When using a larger muffin tin you may need to add on a few minutes of cooking time so they cook all the way through.",
    "AmbalaCakes says:Nice APPLE PIE CUPCAKES",
    "Karen says:These are delicious!",
    "Sabrina says:love the serving size with a muffin versus a pie! Less dangerous for me, ha, thank you, apple pie is one of the best flavors there is!"
  ]
}