{
  "URL": "https://therecipecritic.com/applesauce-muffins/",
  "Summary": "I see a batch of sweet and ultra-moist applesauce muffins in your future! They’re so delicious and made with all-natural sugars. The perfect breakfast, snack, dessert, you name it!",
  "Metadata": [
    "Prep Time:  10minutes",
    "Cook Time:  20minutes",
    "Total Time:  30minutes",
    "Servings:  12Muffins"
  ],
  "Ingredients": [
    "1 ¼ cup applesauce",
    "3 tablespoons milk",
    "2 teaspoons apple cider vinegar",
    "¼ cup pure maple syrup",
    "1 teaspoon vanilla",
    "1 ½ cup flour",
    "½ teaspoon salt",
    "1 teaspoon baking soda",
    "½ teaspoon baking powder",
    "½ teaspoon ground cinnamon"
  ],
  "Instructions": [
    "Preheat the oven to 350 degrees Fahrenheit. Line a muffin pan with muffin liners or spray well with pan spray. It's best to use a pan spray with flour in it. But you can use regular spray and then dust the muffin wells with flour and tap out the excess.",
    "In a large bowl, whisk together 1 ¼ cup applesauce, 3 tablespoons milk, 2 teaspoons apple cider vinegar, ¼ cup pure maple syrup, and 1 teaspoon vanilla.",
    "In a medium bowl, whisk together 1 ½ cup flour, ½ teaspoon salt, 1 teaspoon baking soda, ½ teaspoon baking powder and ½ teaspoon ground cinnamon.",
    "Add the dry ingredients to the wet ingredients and mix until combined.",
    "Scoop the batter into the prepared muffin pan, filling each well ⅔ of the way full.",
    "Bake for 18-20 minutes or until a toothpick comes out clean from the center of the muffins. Let them cool for 10 minutes before serving."
  ],
  "Nutrition": [
    "Calories: 89kcal",
    "Carbohydrates: 20g",
    "Protein: 2g",
    "Fat: 0.3g",
    "Saturated Fat: 0.1g",
    "Polyunsaturated Fat: 0.1g",
    "Monounsaturated Fat: 0.04g",
    "Cholesterol: 0.5mg",
    "Sodium: 191mg",
    "Potassium: 75mg",
    "Fiber: 1g",
    "Sugar: 7g",
    "Vitamin A: 14IU",
    "Vitamin C: 0.3mg",
    "Calcium: 23mg",
    "Iron: 1mg"
  ],
  "Comments": [
    "Christina says:My toddler is allergic to eggs, and these have been her new favorite muffins! They are so fluffy and soft! Plus we always have all the ingredients on hand. They do always take longer in the oven than the recipe calls for (often like ten minutes longer!) but I just keep an eye on them and keep checking. They are so delicious and easy!",
    "Julie Buening says:Alyssa, love this recipe esp the grandkids  I have a box of brownie mix what could I use instead of eggs ? I get on your web site when I don’t know what to make you are a life saver, even for fast dinners  thanks you",
    "Alyssa Rivers says:Hi Julie, you can use 1/4 cup of unsweetened applesauce for each egg, or you can mix 1 tablespoon of flaxseed with 2 tablespoons of water for each egg. Let me know how they turn out! And thanks for your sweet words, that means a lot to me!",
    "ted says:excellent. Can I sub. almond flour and honey?",
    "Alyssa Rivers says:Hi Ted, thank you for your question. I wouldn’t recommend using almond flour, as it doesn’t have any binding agents and will leave you with crumbling, grainy muffins. If you want to try these muffins gluten free, I recommend using a gluten free flour mix that is 1:1 (like Bob’s Redmill) with regular flour.You can replace the maple syrup with honey.Let me know how they turn out!",
    "Beth says:These sound amazing!! If I want to add raisins, how much, or little, should I add so that the muffins rise and are not weighted down by the fruit?"
  ]
}