{
  "URL": "https://therecipecritic.com/apple-fritters/",
  "Summary": "Juicy chunks of apple, coated in batter and shallow fried, these homemade apple fritters are a tender, delicious apple breakfast treat that are also incredibly simple to make. They’re topped off with an addictive but simple icing which takes them to a whole ‘nother level.",
  "Metadata": [
    "Prep Time:  15minutes",
    "Cook Time:  20minutes",
    "Total Time:  35minutes",
    "Servings:  12fritters"
  ],
  "Ingredients": [
    "1 ¼ cups all purpose flour",
    "2 teaspoons baking powder",
    "¾ teaspoon ground cinnamon",
    "½ teaspoon salt",
    "2 tablespoons brown sugar",
    "2 large eggs",
    "1 teaspoon vanilla extract",
    "⅓ cup milk",
    "3 Granny Smith apples, peeled, cored, and cut into small cubes",
    "vegetable oil for frying",
    "1 ½ cups powdered sugar",
    "2-3 tablespoons water"
  ],
  "Instructions": [
    "In a large bowl, sift together the 1 ¼ cups all purpose flour, 2 teaspoons baking powder, and ¾ teaspoon ground cinnamon. Add the ½ teaspoon salt and 2 tablespoons brown sugar and whisk it all together.",
    "In a separate bowl, whisk together the 2 large eggs and 1 teaspoon vanilla extract until frothy.",
    "Fold the flour mixture into the eggs, followed by the ⅓ cup milk.",
    "Add the 3 Granny Smith apples, peeled, cored, and cut into small cubes to the batter and fold to combine. Be careful not to over mix.",
    "Cover a baking tray with paper towels and place a wire rack on top.",
    "In a medium skillet, pour in enough vegetable oil for frying to be 1/4 inch deep. Heat it over medium heat - it is hot enough when you dip the end of a wooden spoon in and it starts to bubble after a couple of seconds.",
    "Place ¼ cup of batter into the hot oil, 3-4 at a time (don’t overcrowd the pan). Cook for 3-4 minutes until dark golden, then turn and cook on the other side for another 3-4 minutes.",
    "Transfer the fried fritters to the wire rack and let them cool for a few minutes while you make the glaze.",
    "To make the glaze, sift the 1 ½ cups powdered sugar into a small bowl, then add the 2-3 tablespoons water a little at a time until you have a runny glaze.",
    "Dip the tops of the fritters into the glaze, then turn glaze side up back on the wire rack for another couple of minutes."
  ],
  "Nutrition": [
    "Calories: 153kcal",
    "Carbohydrates: 34g",
    "Protein: 3g",
    "Fat: 1g",
    "Saturated Fat: 0.4g",
    "Polyunsaturated Fat: 0.2g",
    "Monounsaturated Fat: 0.3g",
    "Trans Fat: 0.003g",
    "Cholesterol: 28mg",
    "Sodium: 182mg",
    "Potassium: 87mg",
    "Fiber: 2g",
    "Sugar: 22g",
    "Vitamin A: 76IU",
    "Vitamin C: 2mg",
    "Calcium: 60mg",
    "Iron: 1mg",
    ""
  ],
  "Comments": [
    "Ella says:The best ever!",
    "Mark says:Can these be made gluten free? I’ve got a grandson who misses out on so much because he is allergic to gluten.",
    "LaShaughn Williams says:This is recipe was pretty good, I follow the directions as directed, my batter wasn’t loose, it was kinda think, so mines where like a ball shape, however the flavor is on point, first time making them it was great!",
    "Carm says:Thankyou for this recipe I just noticed it now. I’ll let you know how it goes when I make them.",
    "Diana R Albano says:OMG!!!  This is the perfect answer for anyone with everything to do at Christmas for yourself as the perfect present… Cook, clean, and dessert!  Here’s to the 26th.",
    "sonia santos says:looks yummy! instead of all purpose flour, can I use oat flour? thanks!",
    "Alyssa Rivers says:That sounds delicious. Let me know how it turns out."
  ]
}