{
  "URL": "https://therecipecritic.com/apple-cider-chicken-thighs/",
  "Summary": "Juicy chicken thighs simmered in apple cider with crisp apples and warm spices. This cozy fall dinner is full of flavor.",
  "Metadata": [
    "Prep Time:  15minutes",
    "Cook Time:  35minutes",
    "Total Time:  50minutes",
    "Servings:  6servings"
  ],
  "Ingredients": [
    "2 pounds boneless, skinless chicken thighs about 6-8 thighs",
    "1 teaspoon salt additional to taste",
    "½ teaspoon ground black pepper additional to taste",
    "½ teaspoon dried thyme",
    "¼ teaspoon dried sage",
    "¼ teaspoon ground allspice",
    "¼ teaspoon onion powder",
    "¼ teaspoon garlic powder",
    "2 tablespoons olive oil",
    "1 tablespoon unsalted butter",
    "2 large apples sliced into ¼-inch thick slices, peeling optional",
    "1 ¾ cups fresh apple cider",
    "¼ cup chicken broth",
    "1 teaspoon Dijon mustard",
    "1 tablespoon cornstarch for slurry",
    "2 tablespoons water for slurry",
    "fresh thyme or parsley optional garnish"
  ],
  "Instructions": [
    "Combine 1 teaspoon salt, ½ teaspoon ground black pepper, ½ teaspoon dried thyme, ¼ teaspoon dried sage, ¼ teaspoon ground allspice, ¼ teaspoon onion powder, and ¼ teaspoon garlic powder in a large bowl.",
    "Thoroughly dry 2 pounds boneless, skinless chicken thighs by patting them with paper towels before adding them to the bowl with the spices. Toss until evenly coated in the rub.",
    "Heat a large 14-inch skillet over medium heat. Add 2 tablespoons olive oil to the skillet.",
    "Add the seasoned chicken thighs top-side down to the skillet. Cook for 5-7 minutes, until golden brown. Flip and cook for an additional 5-7 minutes, until the internal temperature of the chicken reaches 165 degrees Fahrenheit. Remove the chicken to a plate.",
    "Add 1 tablespoon unsalted butter to the skillet. Once melted, add 2 large apples and spread them into an even layer. Cook for 2 minutes, until the apples are lightly browned before flipping them to cook the other side for another 2 minutes.",
    "Add 1 ¾ cups fresh apple cider, ¼ cup chicken broth, and 1 teaspoon Dijon mustard to the skillet and bring to a simmer. Simmer for about 10 minutes until reduced by half. Taste and season with additional salt and pepper as needed.",
    "Combine 1 tablespoon cornstarch with 2 tablespoons water in a small bowl before whisking it into the sauce. Once thickened, add the chicken thighs back to the skillet and cook for about 2 minutes until the chicken is heated through.",
    "Spoon the sauce and the apples over the chicken before garnishing with fresh thyme or parsley and serving."
  ],
  "Nutrition": [
    "Calories: 316kcal",
    "Carbohydrates: 20g",
    "Protein: 30g",
    "Fat: 13g",
    "Saturated Fat: 3g",
    "Polyunsaturated Fat: 2g",
    "Monounsaturated Fat: 6g",
    "Trans Fat: 0.1g",
    "Cholesterol: 149mg",
    "Sodium: 572mg",
    "Potassium: 529mg",
    "Fiber: 2g",
    "Sugar: 14g",
    "Vitamin A: 141IU",
    "Vitamin C: 4mg",
    "Calcium: 29mg",
    "Iron: 2mg",
    ""
  ],
  "Comments": [
    "Hope says:I made this tonight, the 1 3/4 vinegar seemed excessive so I figured it was a typo and instead put 1 3/4 of chicken broth with 1/4 of vinegar. Added a little heavy cream and some of the same seasonings I used with the chicken. My family really liked it.Thank you for sharing!",
    "Alyssa Rivers says:Hi Hope, the 1 3/4 cup apple cider is not apple cider vinegar! Just simply apple cider. There isn’t any vinegar in this recipe."
  ]
}