{
  "URL": "https://therecipecritic.com/apple-pomegranate-salad-honey-balsamic-dressing/",
  "Summary": "Healthy and delicious?? Better believe it! This salad is perfect for a tasty side dish or top it with some chicken for a fantastic main course!",
  "Metadata": [
    "Prep Time:  15minutes",
    "Total Time:  15minutes",
    "Servings: 4"
  ],
  "Ingredients": [
    "6-8 cups chopped romaine, baby spinach leaves, or mixed greens",
    "½ cup pomegranate seeds",
    "2 medium apples, cored and sliced",
    "½ cup crumbled feta cheese",
    "½ cup balsamic vinegar",
    "2 teaspoons minced garlic",
    "⅓ cup granulated sugar",
    "4 tablespoons extra virgin olive oil",
    "1 tablespoon honey",
    "1 teaspoon salt",
    "Optional: fresh cracked pepper"
  ],
  "Instructions": [
    "Prepare the dressing by whisking all ingredients together until smooth. Chill until ready to serve.",
    "In a large bowl combine lettuce, pomegranate seeds, apple slices, and feta cheese. Toss to mix well.",
    "Top the salad with dressing and freshly cracked black pepper if desired, toss and serve fresh."
  ],
  "Nutrition": [
    "Calories: 362kcal",
    "Carbohydrates: 47g",
    "Protein: 4g",
    "Fat: 19g",
    "Saturated Fat: 5g",
    "Cholesterol: 17mg",
    "Sodium: 806mg",
    "Potassium: 377mg",
    "Fiber: 4g",
    "Sugar: 40g",
    "Vitamin A: 6269IU",
    "Vitamin C: 10mg",
    "Calcium: 134mg",
    "Iron: 1mg"
  ],
  "Comments": [
    "L.M. says:Maybe it should be more correctly called sugar balsamic dressing.",
    "Retta says:Haluleljah! I needed this-you’re my savior.",
    "Trudie says:I love the Apple vinegar salad dressing that you get at burger king. The packet says that it’s made by Ken’s salad dressing. I have looked everywhere for  it but  find 10/12 other flavors.  When you buy the apple salad from burger king they give you two packs for your salad. Wal-mart sells Ken’s Dressings but I can’t the apple vinegar flavor. I would really appreciate it if someone could get me the recipe so that I could make it and always have it on hand. Thanks",
    "patricia says:I made this for an office party.  It traveled easily, I put the dressing on right before eating. and I sliced the apples, I’m sure they would have been ok but I wanted them to look their best.  Everyone loved it!   It was fabulous.  thanks so much",
    "Kathy Meier says:Hi! I can’t wait to try this recipe. I found a YouTube clip of how to take the pomegranate seeds out of the pomegranate effortlessly & without a lot of mess. All you have to do is cut the pomegranate in half and submerge in a bowl of water. Break apart the pomegranate while it is submerged and the seeds will come out easily. Then the membranes from the pomegranate float to the top of the water. Scoop the membranes out & drain the water. That’s all there is to it! Try it! It really works!Kathy",
    "Teresa says:This salad looks so wonderful. I can’t wait to make it. Pinning and sharing!"
  ]
}