{
  "URL": "https://therecipecritic.com/apple-pecan-spice-cake-with-brown-sugar-cream-cheese-frosting/",
  "Summary": "The most tender and moist apple pecan spice cake that you will make.  And the brown sugar cream cheese frosting is absolutely delicious!  ",
  "Metadata": [
    "Prep Time:  25minutes",
    "Cook Time:  40minutes",
    "Total Time:    1hour5minutes",
    "Servings:  18Slices"
  ],
  "Ingredients": [
    "4 cups chopped Granny Smith apples",
    "2 cups granulated sugar",
    "½ cup vegetable oil",
    "2 lightly beaten eggs",
    "1 teaspoon vanilla extract",
    "2 cups all-purpose flour",
    "2 teaspoons baking powder",
    "½ teaspoon baking soda",
    "2 teaspoons ground cinnamon",
    "½ teaspoon ground nutmeg",
    "1 teaspoon salt",
    "½ cup milk",
    "1 cup roughly chopped pecans",
    "8 ounces room temperature cream cheese",
    "¼ cup softened salted butter",
    "2 teaspoon vanilla extract",
    "1 cup light brown sugar"
  ],
  "Instructions": [
    "Preheat oven to 350 degrees Fahrenheit. Spray a 9 x 13 x 1-inch baking sheet with nonstick cooking spray, then lightly dust with flour. Tap out the excess flour and set aside.",
    "In a large bowl, combine 4 cups chopped Granny Smith apples and 2 cups granulated sugar. Stir in ½ cup vegetable oil, 2 lightly beaten eggs, and 1 teaspoon vanilla extract.",
    "In a medium bowl combine 2 cups all-purpose flour, 2 teaspoons baking powder ½ teaspoon baking soda, 2 teaspoons ground cinnamon, ½ teaspoon ground nutmeg, and 1 teaspoon salt.",
    "Add the flour mixture to the apple mixture and mix to combine. Add ½ cup milk and stir until just combined. Add 1 cup roughly chopped pecans and stir until combined.",
    "Pour the batter into the prepared pan and bake for 30-40 minutes or until a toothpick comes out clean from the center. Let the cake cool completely.",
    "Add 8 ounces room temperature cream cheese to a large bowl and beat with a hand mixer on high speed until smooth. Add ¼ cup softened salted butter and beat until smooth, scraping down the sides and bottom of the bowl to ensure it is incorporated evenly.",
    "Add 2 teaspoon vanilla extract and 1 cup light brown sugar. Beat for 5 minutes on medium-high speed, until it is light and fluffy and the sugar has dissolved.",
    "Spread the frosting evenly on top of the cooled cake. Refrigerate until serving."
  ],
  "Nutrition": [
    "Calories: 369kcal",
    "Carbohydrates: 51g",
    "Protein: 4g",
    "Fat: 18g",
    "Saturated Fat: 6g",
    "Polyunsaturated Fat: 5g",
    "Monounsaturated Fat: 6g",
    "Trans Fat: 0.1g",
    "Cholesterol: 39mg",
    "Sodium: 234mg",
    "Potassium: 165mg",
    "Fiber: 2g",
    "Sugar: 38g",
    "Vitamin A: 304IU",
    "Vitamin C: 1mg",
    "Calcium: 64mg",
    "Iron: 1mg",
    ""
  ],
  "Comments": [
    "Carol says:Could you use Gigi apples instead? I have many to use up. Thanks",
    "Alyssa Rivers says:Hi Carol, thank you for your question. I can’t find a variety of Apple called Gigi apples, so I’m not sure how well they bake. Some apples get mushy, but it will work with any variety if you don’t mind that. Let me know how it turns out!",
    "Becki says:Absolutely delicious. I made it with wheat flour once for friends and it was such a hit that I had to try it with my GF alternative(Bob’s Red Mill) so that I could try it myself. So good!",
    "Kate says:I LOVE this cake! I’ve made it every fall for the last 3 years and shared it with different family members each time. Everyone always loves it! And I love that it can be made ahead of time. I find that it’s just as yummy, maybe even better, the next day! Thanks for this recipe!",
    "Gracie says:I made this cake yesterday, it was fabulous!!I had some applesauce so I used it as a substitution for the oil in the recipe.  It came out perfect and cut a few calories.  This is going to be my new favorite “go to” cake.  Anything with fresh apples, pecans and cream cheese frosting has to be wonderful….you didn’t disappoint!",
    "Sarah Wagner says:I`d really love to bake this delicous looking cake. But i can´t work with  “cup”here in Austria we work with “gramm”So could anybody please tell me how much gramm a cup is? Please help 🙂much appreciated",
    "Leslie leslieskittles@gmail.com says:Can I use this recipe to make cupcakes Leslie",
    "Alyssa Rivers says:Yes, that will work great!",
    "Deborah S Brown says:made this cake right after finding it. Left off the frosting and it was perfect just that way. It’s a keeper.",
    "Kelly says:If I used a spice cake mix what else do I need to add?",
    "Elena says:So easy! And so glorious! Great recipe. Congratulations!",
    "Marie Bautista says:Make this cake today. I didn’t have pecans so I subbed walnut. Absolutely delicious and so easy to make. This cake gets a total 10 from me.",
    "Helyn says:Very delicious! Followed the recipe exactly as written! I will definitely make again. What a nice treat on a cool fall day!",
    "Helyn says:I believe it’s just a package of cream cheese; not cream cheese frosting!!The frosting turned out great! No brown sugar grit as some have posted!"
  ]
}