{
  "URL": "https://therecipecritic.com/apple-pecan-crisp/",
  "Summary": "Apple pecan crisp is so easy to make and is the perfect fall dessert. The crisp apples, crunchy pecans hidden throughout, and a buttery cinnamon sugar crumb topping are the perfect combo!",
  "Metadata": [
    "Prep Time:  20minutes",
    "Cook Time:  40minutes",
    "Total Time:  1hour",
    "Servings: 12"
  ],
  "Ingredients": [
    "6 cups Granny Smith Apples (peeled and sliced)",
    "2 Tablespoons Lemon Juice",
    "2/3 cup brown sugar",
    "2 Tablespoons flour",
    "1 teaspoon cinnamon",
    "1 teaspoon cardamom",
    "1/4 teaspoon ginger",
    "1 cup pecans (salted and chopped)",
    "3/4 cup all-purpose flour",
    "3/4 cup old fashioned oats",
    "1 1/2 cups brown sugar",
    "1 teaspoon cinnamon",
    "1/2 teaspoon nutmeg",
    "1/4  teaspoon salt",
    "3/4 cup butter (cold and cubed)"
  ],
  "Instructions": [
    "Preheat oven to 350 degrees Fahrenheit and lightly grease a 9×13-inch casserole dish with softened butter or cooking spray.",
    "Whisk together sugar, flour, cinnamon, ginger, cardamom, and 1/2 cup of pecans in a large bowl.",
    "In a separate bowl, add the apples and lemon juice. Mix to coat evenly.",
    "Dump the dry mix onto the apples and toss until completely coated.",
    "Spread the apples evenly into your baking dish",
    "In a bowl, add the flour, oats, brown sugar, cinnamon, nutmeg, and cubed butter.",
    "Mix with a pastry cutter or fork until you have a coarse crumb texture.",
    "Add the remaining chopped pecans and mix. Sprinkle crumb topping onto the apples, covering them completely.",
    "Bake for 35-45 minutes, or until the apples are tender and the topping is a light, golden brown."
  ],
  "Nutrition": [
    "Calories: 397kcal",
    "Carbohydrates: 60g",
    "Protein: 3g",
    "Fat: 18g",
    "Saturated Fat: 8g",
    "Polyunsaturated Fat: 2g",
    "Monounsaturated Fat: 6g",
    "Trans Fat: 0.5g",
    "Cholesterol: 31mg",
    "Sodium: 152mg",
    "Potassium: 191mg",
    "Fiber: 3g",
    "Sugar: 46g",
    "Vitamin A: 394IU",
    "Vitamin C: 4mg",
    "Calcium: 54mg",
    "Iron: 1mg",
    ""
  ],
  "Comments": [
    "Suzanne says:So good!  Made it last night with gluten free flour and oats.  We all loved it!",
    "Mary Ann B says:This is delicious!  I used only brown sugar and used only 1/3 of a cup for the filling. I also added reduced apple cider – 1 1/2 c reduced to 1/2 cup and added it with the lemon juice. Be careful, that cider will boil over.",
    "Manon says:This is my favorite apple crisp recipe so far! Unfortunately I didn’t have enough pecans so I mixed in walnuts. It was still delicious but I can’t wait to make it again with pecans only! Thanks",
    "Terry Thompson says:Easy apple crisp recipe",
    "Brandi Barlow says:Well this was absolutely amazing!!",
    "Polly says:You are correct, this is an amazing recipe and the best apple crisp I’ve had.One question: when do you add the rolled oats? I ended up adding mine when I added the pecans,  ut as someone with no culinary sense whatsoever, I’d love confirmation of that. Thanks again for sharing this great recipe!",
    "Pat says:I would presume that you would add the oats at the same time you add the flour, sugar, etc.",
    "Francisca Pacheco says:Hi i am a mom of two boys and working mom as well. When it comes to my family they love their sweets so do i lol. I’m interested in easy desserts to make with my busy schedule. Love fall winter deserts. Thank you.",
    "Syl says:Made this for years, but reduce 1/3 cup sugar and added can of whole cranberry sauce to apples…use organic apples and left peel on…,Fall favorite !",
    "Shawnna says:Hey girl this looks amazing! Yummy! I love the Fall to! Can’t wait for it to arrive here in Oklahoma!"
  ]
}