{
  "URL": "https://therecipecritic.com/apple-fries/",
  "Summary": "Lightly battered and tender, apple fries are going to become your new favorite treat! A generous coating of cinnamon sugar and homemade caramel dip make them even more irresistible!",
  "Metadata": [
    "Prep Time:  10minutes",
    "Cook Time:  5minutes",
    "Total Time:  15minutes",
    "Servings:  4people"
  ],
  "Ingredients": [
    "oil for frying",
    "3 Granny Smith Apples peeled",
    "1/4 cup cornstarch",
    "1 cup sugar",
    "1 Tablespoon Cinnamon",
    "caramel sauce for dipping optional"
  ],
  "Instructions": [
    "In a medium-sized skillet add vegetable oil about 1 inch up from the pan and heat over medium-high heat.",
    "Slice the apples into 1/4 inch slices.",
    "Dip the apple slices into corn starch and add them to the hot oil. Fry for 1-2 minutes until they start to soften. Carefully remove them with a slotted spoon and place them on a paper towel-lined plate.",
    "Combine the sugar and cinnamon and roll the apple into the coat. Serve with caramel sauce for dipping."
  ],
  "Nutrition": [
    "Calories: 300kcal",
    "Carbohydrates: 78g",
    "Protein: 1g",
    "Fat: 1g",
    "Saturated Fat: 1g",
    "Polyunsaturated Fat: 1g",
    "Monounsaturated Fat: 1g",
    "Sodium: 3mg",
    "Potassium: 156mg",
    "Fiber: 4g",
    "Sugar: 64g",
    "Vitamin A: 80IU",
    "Vitamin C: 6mg",
    "Calcium: 29mg",
    "Iron: 1mg",
    ""
  ],
  "Comments": [
    "AmbalaCakes says:Very nice and tasty",
    "Cyndi says:Could these be done in an Air Fryer?",
    "Alyssa Rivers says:Yes! That sounds delicious!"
  ]
}