{
  "URL": "https://therecipecritic.com/apple-pie-filling/",
  "Summary": "Make your Thanksgiving pies taste even better this year with fresh apple pie filling! It has the perfect, glossy consistency and tastes absolutely delicious with the added cinnamon and nutmeg. It's the perfect substitute for canned apple pie filling. Plus, it's easy to freeze for later.",
  "Metadata": [
    "Prep Time:  5minutes",
    "Cook Time:  10minutes",
    "Processing Time for Canning:  35minutes",
    "Total Time:  50minutes",
    "Servings:  6cups"
  ],
  "Ingredients": [
    "¾ cup granulated sugar",
    "6 tablespoons Clearjel",
    "3 cups apple juice or water",
    "1 ½ teaspoon ground cinnamon",
    "¼ teaspoon ground nutmeg",
    "1 pinch salt",
    "3 ½ teaspoons lemon juice",
    "3 ½ cups apples peeled, cored, and sliced or diced"
  ],
  "Instructions": [
    "In a small bowl, whisk together ¾ cup granulated sugar and 6 tablespoons Clearjel. Set aside.",
    "Bring 3 cups apple juice or water to a rolling boil in a medium pot. Once boiling, add the sugar and Clearjel mixture and whisk until combined. Reduce the heat to medium and continue to whisk until the liquid thickens and turns opaque, about 4-5 minutes.",
    "Reduce the heat to low and add1 ½ teaspoon ground cinnamon, ¼ teaspoon ground nutmeg, 1 pinch salt, and 3 ½ teaspoons lemon juice.",
    "Add the peeled and sliced 3 ½ cups apples and stir until they are fully incorporated into the gel.",
    "If you will be using the filling without canning it first, return the mixture to the pot and cook over medium heat for 4-5 minutes until it bubbles and the gel is clear.",
    "If you will be canning it, make sure your jars are clean and warm. Add the filling to the prepared jars, leaving ¼ inch head space. Wipe the rims clean and then wipe with white vinegar. Add the lid and screw on the band fingertip tight.",
    "Place the filled jars on a rack in your canning pot, being sure there is 1 inch of water over the tops. Bring to a low boil. Process for 30 minutes before turning off the heat. Let the jars sit in the water for 5 minutes before removing them to a towel, where they should cool for 24 hours.",
    "Check the lid to make sure it is sealed and not flexing at all before storing it in a cool, dark place."
  ],
  "Nutrition": [
    "Calories: 224kcal",
    "Carbohydrates: 57g",
    "Protein: 0.4g",
    "Fat: 0.4g",
    "Saturated Fat: 0.1g",
    "Polyunsaturated Fat: 0.1g",
    "Monounsaturated Fat: 0.02g",
    "Sodium: 13mg",
    "Potassium: 209mg",
    "Fiber: 2g",
    "Sugar: 45g",
    "Vitamin A: 42IU",
    "Vitamin C: 6mg",
    "Calcium: 20mg",
    "Iron: 0.3mg",
    ""
  ],
  "Comments": [
    "Lisa says:I would love to make this but can it be put in the freezer for later",
    "Alyssa Rivers says:Yes you can freeze the filling. Add it to a large freezer bag and it will keep for up to 3 months. Leave in the refrigerator overnight to thaw.",
    "Shirley says:Would sure-jell be the same as clear-jel?",
    "Alyssa Rivers says:Hi Shirley, I am sorry to say no they are not the same. Only use clearjel for this recipe. Thank you for your question!",
    "Steve Y says:You left the walnuts out of your apple pie. I see about 1/2 cup to make the best apple but it has a long way to go too be better than grandma’s apple pie"
  ]
}