{
  "URL": "https://therecipecritic.com/apple-crumb-muffins/",
  "Summary": "Apple Crumb Muffins are sweet and fluffy bakery-style muffins topped with a brown sugar crumble. Every bite is loaded with fresh apple pieces and spiced to perfection!",
  "Metadata": [
    "Prep Time:  15minutes",
    "Cook Time:  20minutes",
    "Total Time:  35minutes",
    "Servings:  12people"
  ],
  "Ingredients": [
    "2 cups all-purpose flour",
    "2 teaspoons baking powder",
    "½ teaspoon salt",
    "1 cup whole milk",
    "¼ cup vegetable oil",
    "1 large egg",
    "½ cup granulated sugar",
    "1 teaspoon vanilla extract",
    "1 ½ cups Granny Smith apples peeled and diced (about 2 apples)",
    "⅓ cup brown sugar",
    "1 teaspoon ground cinnamon",
    "⅔ cup all-purpose flour",
    "1 dash salt",
    "¼ cup unsalted butter melted"
  ],
  "Instructions": [
    "Preheat the oven to 400 degrees Fahrenheit. Spray a muffin pan with non-stick cooking spray, or line it with muffin liners and set aside.",
    "In a small bowl, whisk together 2 cups all-purpose flour, 2 teaspoons baking powder, and ½ teaspoon salt.",
    "In a large bowl, combine 1 cup whole milk, ¼ cup vegetable oil, 1 large egg, ½ cup granulated sugar, and 1 teaspoon vanilla extract.",
    "Add the flour mixture to the milk mixture and mix until combined.",
    "Stir in the 1 ½ cups Granny Smith apples peeled and diced.",
    "Scoop the batter into the prepared muffin pan until each well is about ⅔ full. Set aside.",
    "Prepare the crumb topping by mixing ⅓ cup brown sugar, 1 teaspoon ground cinnamon, ⅔ cup all-purpose flour, and 1 dash salt in a small bowl.",
    "Add ¼ cup unsalted butter and mix until everything is evenly moistened and you have pieces about the size of small peas.",
    "Sprinkle the crumb topping evenly over the muffin batter in the muffin pan.",
    "Bake for 20-22 minutes, until a toothpick comes out clean from the center of the muffins. Let them cool for at least 15 minutes before serving."
  ],
  "Nutrition": [
    "Calories: 258kcal",
    "Carbohydrates: 39g",
    "Protein: 4g",
    "Fat: 10g",
    "Saturated Fat: 4g",
    "Polyunsaturated Fat: 3g",
    "Monounsaturated Fat: 2g",
    "Trans Fat: 0.2g",
    "Cholesterol: 26mg",
    "Sodium: 114mg",
    "Potassium: 160mg",
    "Fiber: 1g",
    "Sugar: 17g",
    "Vitamin A: 180IU",
    "Vitamin C: 1mg",
    "Calcium: 69mg",
    "Iron: 1mg",
    ""
  ],
  "Comments": [
    "Rachel Lilly says:I used to make this recipe a lot but when I went to make it recently I noticed that it is now completely different.  can I please get the original recipe that uses butter and brown sugar instead of oil and white sugar?",
    "Alyssa Rivers says:I’m sorry I don’t have access to the original recipe any more. It was one of my contributor recipes. You can replace the oil with butter and white sugar with brown sugar.",
    "Katherine A Dietz says:Can I use cosmic crisp apples in place of granny Smith apples?ThanksKatherine",
    "Alyssa Rivers says:Sure! Let me know how it turns out!",
    "Anisah Wells says:Love the recipe.  Thanks",
    "Suzanne says:Can this be used as a bread recipe or would I need to change quantities?",
    "Alyssa Rivers says:That should work great! Let me know how it works out! Thanks for choosing one of my recipes! XOXO",
    "Kaylie says:Amazing!!!!",
    "CHris Bull says:DO you use plain flour or Self RAising flour in the banana and strawberry bread",
    "Alyssa Rivers says:I used all purpose flour for that bread. XOXO",
    "Cigi says:My new favorite!  So yummy!"
  ]
}