{
  "URL": "https://therecipecritic.com/apple-butter/",
  "Summary": "Apple Butter is a sweet velvety concentrated apple spread that you’ll want to put on everything. It requires just a few ingredients and a little bit of patience to make this yummy jam like condiment.",
  "Metadata": [
    "Prep Time:  15minutes",
    "Cook Time:  2hours",
    "Total Time:    2hours15minutes",
    "Servings:  28Tablespoons"
  ],
  "Ingredients": [
    "3 pounds quartered and cored golden delicious apples",
    "¾ cup apple cider, or apple juice",
    "½ cup packed brown sugar",
    "½ tablespoon ground cinnamon",
    "¼ teaspoon kosher salt",
    "⅛ teaspoon nutmeg",
    "1 teaspoon vanilla extract"
  ],
  "Instructions": [
    "Place 3 pounds quartered and cored golden delicious apples in a large pot with ¾ cup apple cider, ½ cup packed brown sugar, ½ tablespoon ground cinnamon, ¼ teaspoon kosher salt, and ⅛ teaspoon nutmeg.",
    "Cook over medium-low heat, covered for 1 hour, stirring every 10 minutes, until the apples are very soft.",
    "Puree the apples with a hand blender or a high powered blender until smooth. Stir in 1 teaspoon vanilla extract.",
    "Cook uncovered over low heat for about 1 hour, stirring occasionally (about every 5 minutes) until dark in color.",
    "Place the apple butter in jars and store in the fridge for up to 3 weeks. Makes about 3 ½ (8-ounce) jars."
  ],
  "Nutrition": [
    "Calories: 44kcal",
    "Carbohydrates: 11g",
    "Protein: 0.1g",
    "Fat: 0.1g",
    "Saturated Fat: 0.02g",
    "Polyunsaturated Fat: 0.03g",
    "Monounsaturated Fat: 0.005g",
    "Sodium: 23mg",
    "Potassium: 64mg",
    "Fiber: 1g",
    "Sugar: 9g",
    "Vitamin A: 27IU",
    "Vitamin C: 2mg",
    "Calcium: 8mg",
    "Iron: 0.1mg",
    ""
  ],
  "Comments": [
    "Leanna buckel says:why don’t you peal the apples?",
    "Alyssa Rivers says:I like the extra bit of texture that the peel adds, but you can remove it too if that’s what you prefer!",
    "Trish says:This sounds so delicious and obviously easy enough to make at home. I do have a question about the number of servings. 3 1/2 – 8 ounce jars equals 28 ounces, the recipe states 28 tablespoons.  Am I doing my math wrong?"
  ]
}