{
  "URL": "https://therecipecritic.com/apple-tart/",
  "Summary": "Loaded with fresh apples and baked to a perfect golden brown, this beautiful apple tart is the pastry of the summer! A combination of buttery, nutty, and tart, it tastes as good as it looks!",
  "Metadata": [
    "Prep Time:  40minutes",
    " 55minutes",
    "Total Time:    1hour35minutes",
    "Servings:  8People"
  ],
  "Ingredients": [
    "1 ½ cup flour",
    "¼ cup granulated sugar",
    "¼ tsp salt",
    "¼ cup unsalted butter cold",
    "1 egg yolk",
    "2-4 tbsp cold water as needed",
    "5 apples peeled, cored and sliced thin",
    "1/3 granulated sugar",
    "½ tsp cinnamon",
    "¼ tsp nutmeg",
    "1 tsp vanilla extract",
    "1 tbsp lemon juice",
    "Dash of salt",
    "Apricot preserves"
  ],
  "Instructions": [
    "In a medium bowl, mix the flour, sugar and salt together. Using a fork or a pastry blender, cut the cold butter into the flour mixture and continue to cut it in until it begins to resemble breadcrumbs.",
    "Add in the egg yolk and mix together as best you can with a fork before adding 2 tbsp of the chilled water. Knead the dough together gently, adding more water if necessary to bring the dough together in a ball.",
    "Wrap the dough in plastic wrap and allow to chill in the fridge for 30 minutes.",
    "Once chilled, roll the dough out into a ¼ inch thick circle. If the dough is cracking as you roll, give it a few minutes to warm up slightly before trying again. To transfer it to the tart pan, roll the pastry up on your rolling pin and unroll it over the tart pan.",
    "Press the bottom and sides of the pan. Trim the excess dough by rolling the rolling pin over the top of the tart pan. Prick the bottom of the pan a few times with a fork and place in the fridge while you prepare the filling.",
    "Preheat the oven to 375°.",
    "In a medium bowl toss the sliced apples, sugar, cinnamon, nutmeg, vanilla and lemon juice together. Allow to macerate for 10-15 minutes.",
    "Stir again before laying the apples in the tart shell in your desired design. If you want to make them a rose, overlap the apples in a circular pattern spiraling inward. Because the apples spent time macerating, they will be soft and able to bend with the curve of the pan. The thinner the slices, the easier they will be to bend.",
    "Bake for about 50-55 minutes, until the apples are tender and the crust is nice and golden brown. Once cooled, mix a little water with some apricot preserves and brush them over the apples to get a nice sheen."
  ],
  "Nutrition": [
    "Calories: 229kcal",
    "Carbohydrates: 40g",
    "Protein: 3g",
    "Fat: 7g",
    "Saturated Fat: 4g",
    "Polyunsaturated Fat: 1g",
    "Monounsaturated Fat: 2g",
    "Trans Fat: 1g",
    "Cholesterol: 40mg",
    "Sodium: 76mg",
    "Potassium: 155mg",
    "Fiber: 3g",
    "Sugar: 18g",
    "Vitamin A: 272IU",
    "Vitamin C: 6mg",
    "Calcium: 17mg",
    "Iron: 1mg",
    ""
  ],
  "Comments": [
    "Lydia Posusta says:I’m assuming the recipe calls for 1/3 CUP of granulated sugar for the filling? The unit of measurement is missing.",
    "Alyssa Rivers says:Yes, thank you for catching that. I’ll update the recipe card!",
    "Gabby says:Can I add a layer of salted caramel under the apples?",
    "Alyssa Rivers says:Yes, that sounds wonderful! Here’s a recipe for salted caramel sauce if you need it!",
    "Alexandra Truex says:The filling was runny and the dough didn’t fit the pan. It was not enough. Filling tasted good though.",
    "Randy says:I have two questions1) can I use two different types of     apple’s together in this tart?    And2) can you freeze your dough after     you shape it in the tart pan?",
    "Alyssa Rivers says:Yes, you can use any apple of your preference. And yes, you can freeze the dough and then thaw it overnight in your refrigerator.",
    "Carol Hacker says:I thought it was beautiful, but the crust had no flavor.  Wondered what I could have done to give it more flavor.  Maybe made it a little more buttery??  Thoughts?",
    "Alyssa Rivers says:Hi Carol, thank you for your comment. Typical pastry dough is very simple and doesn’t have much flavor. But, you could try upping the salt to 1/2 teaspoon, but I feel like that will be too much for me personally. Alternatively, you can try using a higher quality butter, such as Kerrygold, or you can add 1/4-1/2 teaspoon ground cinnamon to the flour before cutting in the butter if you want more spice to it.",
    "Shelley says:I didnt have enough dough to cover up the sides of a 24cm tart pan. is the recipe for a pan that’s smaller? apples tasted excellent!",
    "Alyssa Rivers says:Hello! I used a standard 9-inch tart pan for this recipe.",
    "Linda says:What size tart pan did you use?  I don’t have one so I will order one, but could I use a pie plate and if yes, what size?  I have a bunch of apples that need to be used up. Thanks.",
    "Alyssa Rivers says:I used a standard 9-inch tart pan that has a 1-inch depth on the sides!",
    "Hannah says:filling was great though my crust was hard as a rock, unsure if I cooked it wrong because I had to add more water in mine to knead.",
    "Sabrina says:lovely, a prefect summer treat and it looks beautiful too, best way to showcase apples, thank you!"
  ]
}