{
  "URL": "https://therecipecritic.com/applesauce-pancakes/",
  "Summary": "Fluffy applesauce pancakes are easy and delicious with a hint of brown sugar and cinnamon for a cozy fall flavor. The addition of applesauce gives these homemade pancakes the perfect texture. These will quickly become your favorite fall breakfast! ",
  "Metadata": [
    "Prep Time:  5minutes",
    "Cook Time:  10minutes",
    "Total Time:  15minutes",
    "Servings:  12people"
  ],
  "Ingredients": [
    "2 cups flour",
    "4 teaspoons baking powder",
    "1/4 cup brown sugar",
    "1 tsp cinnamon",
    "1/2 teaspoon salt",
    "1 cup milk, or buttermilk",
    "1 cup applesauce, unsweetened",
    "1 large egg",
    "1 tsp vanilla"
  ],
  "Instructions": [
    "To a large bowl, add 2 cups flour, 1/4 cup brown sugar, 4 teaspoons baking powder, 1 tsp cinnamon, and 1/2 teaspoon salt. Whisk to combine.",
    "Add 1 cup milk, 1 cup applesauce, 1 tsp vanilla, and 1 large egg to the bowl of dry ingredients. Whisk together until smooth and blended.",
    "Allow the batter to sit for a couple of minutes while you heat the skillet. It allows the batter to thicken a little.",
    "Preheat a large skillet to medium-high heat. Or heat a griddle according to the manufacturer's instructions.",
    "Lightly spray the skillet or griddle with non-stick cooking spray.",
    "Pour ¼ cup batter onto the griddle or skillet and cook until bubbles begin to appear on the surface. Carefully flip and cook the opposite side until golden brown. Adjust and lower the heat if the pancakes begin to burn.",
    "Serve with sautéed apples, and enjoy!"
  ],
  "Nutrition": [
    "Serving: 1pancake",
    "Calories: 122kcal",
    "Carbohydrates: 24g",
    "Protein: 3g",
    "Fat: 1g",
    "Saturated Fat: 1g",
    "Polyunsaturated Fat: 0.2g",
    "Monounsaturated Fat: 0.3g",
    "Trans Fat: 0.002g",
    "Cholesterol: 16mg",
    "Sodium: 113mg",
    "Potassium: 215mg",
    "Fiber: 1g",
    "Sugar: 7g",
    "Vitamin A: 59IU",
    "Vitamin C: 0.2mg",
    "Calcium: 94mg",
    "Iron: 1mg"
  ],
  "Comments": [
    "Olivia Stryjewski says:This batter was way too thick. I added close to one additional cup of milk and still had to spread the pancakes on the grill.",
    "Hensley says:Thank you for this delicious recipe, it was a hit this morning!",
    "Kesha says:Can this recipe be used for waffles & are there any recipe changes to do so?",
    "Alyssa Rivers says:No changes! You can use the recipe interchangeably. ?",
    "Ana R Teiwaz says:I love your recipies!",
    "Alyssa Rivers says:Thanks Ana!!"
  ]
}