{
  "URL": "https://therecipecritic.com/apple-cider-cookies/",
  "Summary": "These soft and delicious Apple Cider Cookies are a delightful blend of apple cider, warm spices, and drizzled with a sweet glaze. These cookies are a cozy and irresistible treat that's perfect for any occasion.",
  "Metadata": [
    "Prep Time:  25minutes",
    "Cook Time:  12minutes",
    "Chill Time:  30minutes",
    "Total Time:    1hour7minutes",
    "Servings:  24Cookies"
  ],
  "Ingredients": [
    "1 cup apple cider",
    "1 cup unsalted butter",
    "1 cup dark brown sugar, packed",
    "½ cup granulated sugar",
    "1 egg",
    "1 teaspoon vanilla extract",
    "¼ cup unsweetened applesauce",
    "3 cups flour",
    "¾ teaspoon baking powder",
    "½ teaspoon baking soda",
    "½ teaspoon salt",
    "1 teaspoon cinnamon",
    "½ teaspoon nutmeg",
    "1 teaspoon apple cider drink mix",
    "2/3 cup powdered sugar",
    "1 teaspoon apple cider drink mix",
    "1/4 teaspoon vanilla extract",
    "1 tablespoon apple cider"
  ],
  "Instructions": [
    "Add 1 cup apple cider to a small saucepan and bring to a boil over medium-high heat. Lower to medium-low and simmer until it reduces to ¼ cup. Remove from the heat and let cool.",
    "Use a hand or stand mixer to beat 1 cup unsalted butter, 1 cup dark brown sugar, and ½ cup granulated sugar on high for 2-3 minutes or until light and fluffy. Add the reduced apple cider, 1 egg, 1 teaspoon vanilla extract, and ¼ cup unsweetened applesauce and mix until combined.",
    "In a medium bowl, whisk together 3 cups flour, ¾ teaspoon baking powder, ½ teaspoon baking soda, ½ teaspoon salt, 1 teaspoon cinnamon, ½ teaspoon nutmeg, and 1 teaspoon apple cider drink mix. Add the dry ingredients to the wet and mix just until fully incorporated. Cover and chill for at least 30 minutes or overnight.",
    "After the dough has chilled, preheat the oven to 350 degrees Fahrenheit and line two baking sheets with parchment paper.",
    "Remove the dough from the fridge and use a large cookie scoop to scoop onto the baking sheets, leaving 2 inches between them.",
    "Bake for 10-12 minutes, rotating the pan halfway through. The edges should be just barely set and slightly golden brown. The center of the cookies will look very underdone, but they will continue to cook as they cool.",
    "Let the cookies cool on the pan for 3-4 minutes before transferring to a cooling rack to finish cooling.",
    "While the cookies cool, prepare the glaze by whisking 2/3 cup powdered sugar, 1 teaspoon apple cider drink mix, 1/4 teaspoon vanilla extract, and 1 tablespoon apple cider together until smooth. Drizzle over the top of the cooled cookies."
  ],
  "Nutrition": [
    "Calories: 198kcal",
    "Carbohydrates: 30g",
    "Protein: 2g",
    "Fat: 8g",
    "Saturated Fat: 5g",
    "Polyunsaturated Fat: 0.4g",
    "Monounsaturated Fat: 2g",
    "Trans Fat: 0.3g",
    "Cholesterol: 27mg",
    "Sodium: 79mg",
    "Potassium: 60mg",
    "Fiber: 1g",
    "Sugar: 18g",
    "Vitamin A: 247IU",
    "Vitamin C: 0.1mg",
    "Calcium: 21mg",
    "Iron: 1mg",
    ""
  ],
  "Comments": [
    "Cheesesteak22 says:These sound so good. I’ve tried something very similar before and found that adding caramel bits is fantastic. 😉"
  ]
}