{
  "URL": "https://therecipecritic.com/apricot-glazed-ham/",
  "Summary": "If you are looking for the perfect ham to be the star of your Christmas dinner, this apricot glazed ham is it! It has a delicious apricot glaze drizzled on top and it's baked to perfection.",
  "Metadata": [
    "Prep Time:  10minutes",
    "Cook Time:    1hour45minutes",
    "Total Time:    1hour55minutes",
    "Servings:  20people"
  ],
  "Ingredients": [
    "10 pound spiral ham, boneless, fully cooked (pre-sliced)",
    "1 cup apricot preserves",
    "1 Tablespoon Dijon mustard",
    "1/2 cup brown sugar",
    "1/8  teaspoon ground cinnamon",
    "1/8 teaspoon ground cloves"
  ],
  "Instructions": [
    "Preheat oven to 350°F.",
    "Place the ham in a roasting pan or 9X13 baking dish, cut side down.",
    "In a saucepan, combine the apricot preserves, dijon mustard, brown sugar, cinnamon, and cloves. Whisk ingredients together and bring to a boil over medium-high heat. Once it comes to a boil, remove it from heat.",
    "Brush 1/2 of the glaze over the ham. Make sure the glaze gets between the slices.",
    "Cover the pan tightly with foil so the ham doesn't dry out. Bake for 90 minutes or per the package instructions.",
    "Remove the ham from the oven and brush the remaining glaze on top. Save a little for serving if you like. Increase the oven temperature to 425°F. Return the ham to the oven uncovered. Bake for an additional 10 minutes, or until the ham gets a nice brown outer layer.",
    "Transfer the ham to a serving platter. Let the ham rest and slightly cool for 15 minutes before serving. Slice and serve with additional glaze if you saved some."
  ],
  "Nutrition": [
    "Calories: 388kcal",
    "Carbohydrates: 13g",
    "Protein: 43g",
    "Fat: 17g",
    "Saturated Fat: 4g",
    "Polyunsaturated Fat: 2g",
    "Monounsaturated Fat: 7g",
    "Cholesterol: 166mg",
    "Sodium: 2634mg",
    "Potassium: 655mg",
    "Fiber: 1g",
    "Sugar: 10g",
    "Vitamin A: 25IU",
    "Vitamin C: 54mg",
    "Calcium: 21mg",
    "Iron: 2mg"
  ],
  "Comments": [
    "Melody Salisbury says:Made this glaze and everyone agreed it was the best glaze ever!",
    "Debbie R says:Hi I have a shank ham should I try to slice up some sections to get the glaze in there?PS Love all of your recipes!  Total fan!",
    "Alyssa Rivers says:Thank you! I would cut slices in it. If its easier, you can score a crosshatch in to the ham as well.",
    "Elizabeth says:I can’t find apricot preserves. If using apricot jam would there be any modifications? Thank you.",
    "Alyssa Rivers says:You won’t need to make any modifications using jam. Let me know how it turns out!",
    "E.J. at Curious Cook says:Super recipe. Made this with a really small ham and cut the amount in half.  I’m going to try it with sausage meatballs next.",
    "Jackie Dixon says:Hi, I am from NZ. Your recipe sounds gorgeous and I will be trying it Christmas day (2023) for my family. I have a shank ham (1/2), do I put the cut side down on the pan to cook?  Will the glaze run off it while it is cooking?Thanks, Jackie",
    "Alyssa Rivers says:I would lay it down on its side if you can. But I’m sure it will still turn out beautifully if you cook it with the cut side down. The glaze is pretty sticky so it should stay on!Merry Christmas, Jackie!",
    "Marnie Reid says:Hello, Im also from New Zealand trying it today, it is fantastic, Thank you and Merry Christmas",
    "Cindy says:Can I cook it the day before and reheat it?",
    "Alyssa Rivers says:Yes you can!",
    "Candice says:Can I use this with a shank ham instead of spiral cut?",
    "Alyssa Rivers says:Yes! The shank ham might have a stronger pork flavor but that should be fine!",
    "Bethany says:Do you think this would work with plum preserves?",
    "Alyssa Rivers says:I would think that would work! That sounds delicious, let me know how it turns out!",
    "Tara says:We had this for dinner tonight and really enjoyed it! I usually make a ham in the crockpot, but this might be my go-to recipe from now on. I served it with rice pilaf, Hawaiian rolls, and green beans. Merry Christmas!",
    "Sabrina says:thank you for sharing this recipe, have never used apricot before, nice that its not as sweet as the typical honey baked version, much appreciated!",
    "Rachel says:So the whole time it’s cooking the slices are at the bottom of the pan?",
    "Alyssa Rivers says:Yes, that is correct!"
  ]
}