{
  "URL": "https://therecipecritic.com/arbys-sauce/",
  "Summary": "Skip the drive-thru and whip up this irresistible homemade Arby's sauce in minutes! It's a delicious mix of smoky paprika, tangy vinegar, and brown sugar.",
  "Metadata": [
    "Prep Time:  2minutes",
    "Cook Time:  5minutes",
    "Total Time:  7minutes",
    "Servings:  4people"
  ],
  "Ingredients": [
    "2 tablespoons tomato paste",
    "1 tablespoon distilled vinegar",
    "3 tablespoons brown sugar",
    "4 tablespoons water",
    "6 drops tabasco sauce, or to taste",
    "¼ teaspoon onion powder",
    "¼ teaspoon garlic powder",
    "¼ teaspoon smoked paprika",
    "2 tablespoons Worcestershire sauce",
    "1 tablespoon cornstarch, to thicken",
    "salt and pepper to taste"
  ],
  "Instructions": [
    "Combine 2 tablespoons tomato paste, 1 tablespoon distilled vinegar, 3 tablespoons brown sugar4 tablespoons water, 6 drops tabasco sauce,¼ teaspoon onion powder, ¼ teaspoon garlic powder, ¼ teaspoon smoked paprika, 2 tablespoons Worcestershire sauce, 1 tablespoon cornstarch, salt and pepper to tastein a small saucepan and whisk to combine.",
    "Heat over medium-high heat for 5 minutes, whisking frequently.",
    "Serve warm or cool and store in an airtight container in the refrigerator.",
    "Enjoy as a dip for french fries or as a condiment on sandwiches."
  ],
  "Nutrition": [
    "Calories: 57kcal",
    "Carbohydrates: 14g",
    "Protein: 0.4g",
    "Fat: 0.1g",
    "Saturated Fat: 0.01g",
    "Polyunsaturated Fat: 0.03g",
    "Monounsaturated Fat: 0.01g",
    "Sodium: 217mg",
    "Potassium: 170mg",
    "Fiber: 0.4g",
    "Sugar: 11g",
    "Vitamin A: 193IU",
    "Vitamin C: 4mg",
    "Calcium: 21mg",
    "Iron: 1mg",
    ""
  ],
  "Comments": [
    "RKaye says:Very good sauce. I did find it a bit sweet, so I reduced the amount of sugar by half.",
    "Doctor Grandma Jeannie says:Excellent!  I reduced the Tobasco to 4 drops, and used a tad less cornstarch.  It was GREAT!  Thanks!"
  ]
}