{
  "URL": "https://therecipecritic.com/arepas/",
  "Summary": "Arepas are a delicious cheesy bread made out of cornmeal! This super simple Colombian treat is sure to win the hearts of your family.",
  "Metadata": [
    "Prep Time:  20minutes",
    "Cook Time:  20minutes",
    "Total Time:  40minutes",
    "Servings:  8Arepas"
  ],
  "Ingredients": [
    "1 ½ Teaspoons Salt",
    "2 Cups Pre-Cooked Corn Meal White or Yellow",
    "2 ½ Cups Warm Water",
    "4 Ounces Mozzarella Cheese Shredded, Optional",
    "Vegetable Oil as Needed"
  ],
  "Instructions": [
    "Preheat the oven to 350°F.",
    "In a medium bowl, whisk together the salt and corn meal. Add the warm water and mix until a soft, moist dough forms.",
    "Divide the dough into 8 even-sized balls, about 2 ½ tablespoons per ball. Use your fingers to press the balls into round discs, about 5-inches. If you would like to make them cheese-filled, carefully add a heaping tablespoon of cheese to the center of the disc and press the dough around the cheese to form a dough ball. If you do not want to fill the arepas, make the discs 3-inches with and ½ inch thick.",
    "Carefully press the ball until it’s a disc about 3-inches wide and ½ inch thick.",
    "In a large skillet, bring 2 tablespoons of vegetable oil over medium-low heat. Cook the discs for 5 minutes on either side, transferring to a baking sheet. Bake all the arepas in the oven for 10 minutes, until the outside is crisp and golden. These are best served warm."
  ],
  "Nutrition": [
    "Calories: 195kcal",
    "Carbohydrates: 29g",
    "Protein: 7g",
    "Fat: 6g",
    "Saturated Fat: 2g",
    "Polyunsaturated Fat: 1g",
    "Monounsaturated Fat: 2g",
    "Cholesterol: 11mg",
    "Sodium: 530mg",
    "Potassium: 139mg",
    "Fiber: 4g",
    "Sugar: 1g",
    "Vitamin A: 96IU",
    "Calcium: 76mg",
    "Iron: 1mg",
    ""
  ],
  "Comments": [
    "Jodi says:Hello, I have two questions. First, do I only cook the arepas on one side before transferring them into the oven to finish baking? And second, if I wanted to add chicken, should I add already cooked chicken? I am thinking that would be the case but wanted to double check. Thanks a bunch. Looking forward to trying these out.",
    "Nancy Schuller says:I measured carefully and my dough is complete soup!How long do I need to stir?  I am using Bob’s Red Mill yellow corn Polenta.Help!",
    "Janice says:Polenta and cornmeal are two different things.",
    "claribel howarth says:Delicious I added a little butter and sugar to the mix and they reminded me of the best Colombian arepas I had.",
    "Carlos Calzone says:Muy bueno!",
    "Anna says:Is it supposed to be gummy still in the middle, like dough?",
    "Alyssa Rivers says:Hello! No, but that can sometimes happen if you cut into them right after baking. Let them rest on the pan after you take them out of the oven, and they will continue to bake. After a few minutes, you can cut into them and they shouldn’t be doughy inside!",
    "Laura says:These were very tasty. I followed the package directions and the only difference was that it instructed to knead the dough for a minute. I put some chicken and cheese in some, I made some non-stuffed and a bit thinner so they were crispy and topped them with salsa and avocado. I have also seen arepas made plain and thick but cut down the middle and stuffed with a lot of yummy ingredients. I personally love them crispy and topped! I agree these taste bland plain, bring the flavor with the toppings or stuffing!",
    "dama says:i did follow the recipe but it taste bland.",
    "Alicia says:These look great! I’m excited to try them with my family. Have you tried cooking them in an air fryer??",
    "Alyssa Rivers says:I haven’t! But that’s a great idea, I should put that on my list of things to try!",
    "Angel says:Thanks.  I never heard of pre_cooked cornmeal.",
    "Ann says:Alyssa, there a couple of speeding errors in the recipe.  “8 even-side” I think you meant 8 even sized. The other is heating the oil in the large fry pan, how hot?I love your recipes. In fact when I am looking for a new recipe I check your blog first.Keep up the great cooking.",
    "Alyssa Rivers says:Hey! Thanks for always checking out my recipes! You heat the oil on medium-low heat and heat up the discs for 5 minutes on either side before you bake them. They are so good, I hope that you love them!",
    "Stefanie says:This recipe sounds delicious, we love cornmeal.  However, I’m confused with the pre-cooked cornmeal.  So if I’m using precooked cornmeal, it is not dry, yet you are whisking in the salt.  So, my question is, should I cook my cornmeal according to package directions and then stir in the salt and water once it has cooled?  I really would like to try these.Thank you.",
    "Alyssa Rivers says:Hey Stefanie! Precooked cornmeal is also known as masarepa. This is what I used in this recipe! It is dry when you start with it. Hope that helps! These are delicious, you will love them.",
    "Ann says:The package should say Pre-cooked corn meal.  In my grocery it is in the Spanish/Mexican food area not in the cooking aisle.  This way it separates the two corn meal.  The Pre-cooked is a finer corn meal.I hope this helps with finding the correct corn meal.",
    "Jean says:I make arepas for my family all the time, but with Gouda cheese that has more sass & flavor. I add 1 tsp salt, because the cheese contains plenty of salt already. When shaping my arepas and to avoid the cracks like yours, I get my hands wet and very gently rub the cracks shut and they will be sealed and fry beautifully with no loss of cheese! Very important in my household!"
  ]
}