{
  "URL": "https://therecipecritic.com/arnold-palmer-recipe/",
  "Summary": "Cool, crisp, and perfectly balanced, this Arnold Palmer is made with just two ingredients—lemonade and black tea. It’s the ultimate summer sip!",
  "Metadata": [
    "Prep Time:  10minutes",
    "Total Time:  10minutes",
    "Servings:  6servings"
  ],
  "Ingredients": [
    "2  cups fresh lemon juice, about 10 lemons",
    "1 ½ cups granulated sugar",
    "4 cups unsweetened brewed black iced tea",
    "ice"
  ],
  "Instructions": [
    "Mix the 2  cups fresh lemon juice, and 1 ½ cups granulated sugar in a large pitcher and stir until the sugar is dissolved.",
    "Pour the 4 cups unsweetened brewed black iced tea into the pitcher and stir well. Pour over ice and serve."
  ],
  "Nutrition": [
    "Calories: 210kcal",
    "Carbohydrates: 55g",
    "Protein: 0.3g",
    "Fat: 0.4g",
    "Saturated Fat: 0.03g",
    "Polyunsaturated Fat: 0.02g",
    "Monounsaturated Fat: 0.01g",
    "Sodium: 1mg",
    "Potassium: 85mg",
    "Fiber: 0.2g",
    "Sugar: 52g",
    "Vitamin A: 5IU",
    "Vitamin C: 31mg",
    "Calcium: 5mg",
    "Iron: 0.1mg",
    ""
  ],
  "Comments": [
    "John Crewalk says:This is my go to summertime drink. So quenching. Sometimes I dont put as much sugar as the recipe calls for. What alternatives to sugar can I use?",
    "Alyssa Rivers says:I would personally use monk fruit because it’s a good 1:1 sweetener. But, you could also use Splenda (1/2 cup Splenda = 1 cup sugar), or honey at a 1:1 ratio!"
  ]
}