{
  "URL": "https://therecipecritic.com/asian-turkey-lettuce-wraps/",
  "Summary": "Asian turkey lettuce wraps are packed with tender meat and seasoned, crunchy veggies. These light and tasty wraps are the perfect healthy appetizer or even dinner!",
  "Metadata": [
    "Prep Time:  10minutes",
    "Cook Time:  20minutes",
    "Total Time:  30minutes",
    "Servings:  8Servings"
  ],
  "Ingredients": [
    "1 tablespoon sesame oil",
    "1 pound ground turkey",
    "¼ cup shredded carrots",
    "6 ounces mushrooms, coarsely chopped",
    "8 ounces sliced water chestnuts, drained and coarsely chopped",
    "2 green onions, chopped",
    "1 clove garlic, minced",
    "¼ cup hoisin sauce",
    "2 tablespoons low sodium soy sauce",
    "1 tablespoon rice wine vinegar",
    "2 teaspoons red chili paste",
    "12 butter lettuce leaves, Boston and iceberg lettuce will also work"
  ],
  "Instructions": [
    "In a medium-sized skillet over medium-high heat, add the sesame oil and ground turkey. Cook and crumble until it is almost cooked throughout.",
    "Add carrots, mushrooms, water chestnuts, green onions, and garlic. Continue to cook for 1-2 minutes until turkey is cooked and veggies are tender.",
    "Combine the hoisin sauce, soy sauce, rice wine vinegar, and chili paste. Stir into the meat and vegetable mixer then let simmer for 1-2 minutes.",
    "Serve on butter lettuce leaves and enjoy!"
  ],
  "Nutrition": [
    "Calories: 134kcal",
    "Carbohydrates: 11g",
    "Protein: 16g",
    "Fat: 3g",
    "Saturated Fat: 1g",
    "Polyunsaturated Fat: 1g",
    "Monounsaturated Fat: 1g",
    "Trans Fat: 0.01g",
    "Cholesterol: 31mg",
    "Sodium: 321mg",
    "Potassium: 391mg",
    "Fiber: 2g",
    "Sugar: 4g",
    "Vitamin A: 1470IU",
    "Vitamin C: 5mg",
    "Calcium: 20mg",
    "Iron: 1mg",
    ""
  ],
  "Comments": [
    "Jenna says:This was amazing! I added bell peppers and ginger. Thank you for a great recipe!",
    "Cat says:Good base recipe. I didn’t have hoisin sauce, so I used oyster sauce/brown sugar at a 3:1 ratio. Added ginger at the same time as garlic in a 1:1 ratio. Used garlic chili sauce, because that’s what I had on hand and doubled it; gotta have that spice! Use. greens from our garden, put turkey mixture on top, and added sliced Thai basil and crushed peanuts. Delicious!!! Hubby had me print out the original recipe and add my change notes.",
    "Susan says:This is a fantastic dish. It’s fast, easy and very satisfying. I served it with baked brown rice and will definitely do it again. And again. And….",
    "Cassady says:Just stumbled on this recipe! It was really good! Thank you for sharing.",
    "Aracelis says:Can l use beef in this recipe?",
    "Cilla says:This was INCREDIBLE!! I worried I didn’t have hoisin sauce on hand but it was buried behind several other sauce bottles in my fridge LOL.I omitted the mushrooms and water chestnuts but added red peppers. This was so delicious and I divided the leftovers to share with my family and also keep a surprise container of it in my freezer for when I invariably forget that I have delicious meals for when we are busy with kid activities. Thank you so much for sharing this masterpiece!",
    "Megan says:How many ounces or cups is a serving size?",
    "Alyssa Rivers says:Each serving is about a half a cup.",
    "Margaret says:When you say red chili paste are you referring to Thai red chili paste or something else?",
    "Alyssa Rivers says:Hello! Asian Red Chili Paste (also just known as just red chili paste) is what I used in this recipe!",
    "Bonnie says:Thank you for this delicious recipe, have made it several times and love it.I noticed in the photos, you have cilantro on the turkey in the wrap, but it is not mentioned in the recipe.Is there a reason, or maybe I missed it, lol.Cilantro is a lovely addition to this recipe, in fact a must, as far as Asian food goes.Thanks again for all your delicious recipes."
  ]
}