{
  "URL": "https://therecipecritic.com/asian-chicken-salad/",
  "Summary": "This Asian chicken salad is packed with crispy greens, crunchy chicken, toasted almonds, and chow mein noodles. It's tossed with a light and delicious creamy vinaigrette and will be your new go-to salad!",
  "Metadata": [
    "Prep Time:  20minutes",
    "Cook Time:  10minutes",
    "Total Time:  30minutes",
    "Servings:  4Servings"
  ],
  "Ingredients": [
    "3 Tablespoons Honey",
    "1 1/2 Tablespoons Rice Wine Vinegar",
    "1/4 cup mayonnaise",
    "1 teaspoon dijon mustard",
    "1/8 teaspoon sesame oil",
    "2 chicken breasts* boneless",
    "2 Tablespoons oil for frying chicken",
    "1 large egg",
    "1/2 cup milk",
    "1/2 cup flour",
    "1/2 cup cornflakes crushed",
    "3 cups romaine lettuce chopped",
    "1 cup red cabbage chopped",
    "1 cup Napa cabbage chopped",
    "1/2 cup carrots shredded",
    "1 Tablespoon roasted almonds",
    "1/3 cup chow mein noodles",
    "salt and pepper to taste"
  ],
  "Instructions": [
    "In a small mixing bowl whisk together honey, rice wine vinegar, mayonnaise, dijon mustard, and sesame oil. Set in the fridge until ready to use.",
    "In a medium skillet heat oil on medium heat. Prepare the chicken by pounding to about 1/2 inch thick. This helps them to cook faster and more even. In a shallow dish whisk egg and milk together. In another shallow, disk combine crushed corn flakes and flour.",
    "Dredge the chicken in the egg/milk mixture and then coat well in the cornflakes. Place the coated chicken in the hot oil and cook on each side until the chicken is no longer pink.",
    "While the chicken is cooking, prepare the salad by chopping the romaine, and cabbages. In a large bowl, toss with shredded carrots, chow mien noodles, and roasted almonds. Cut the chicken into bite-sized chunks forming a pile in the middle. Serve with dressing."
  ],
  "Nutrition": [
    "Calories: 548kcal",
    "Carbohydrates: 49g",
    "Protein: 33g",
    "Fat: 25g",
    "Saturated Fat: 4g",
    "Cholesterol: 122mg",
    "Sodium: 434mg",
    "Potassium: 745mg",
    "Fiber: 4g",
    "Sugar: 18g",
    "Vitamin A: 6257IU",
    "Vitamin C: 22mg",
    "Calcium: 94mg",
    "Iron: 4mg"
  ],
  "Comments": [
    "Kay says:I only made the dressing to use on an Asian style coleslaw as a side to something else.  It was yummy.",
    "Flora says:Love your web page! Finally Something different! Thank you!",
    "Gayle says:Do you have any sodium free recipes?",
    "autumn says:I made the dressing for this tonight and it was not so great. I think it has something to do with the rice wine vinegar.  The reason I say this is because I make the baked sesame chicken quite often and have to cut way down on the vinegat or cut it out completely or I don’t like it. Could I be buying the wrong rice wine vinegar or maybe just not a fan of the taste of it? I’ve never been able to find rice wine vinegar so I get rice vinegar. Are they the same or is there actually a diffierence?",
    "autumn says:I hope you don’t take what I said wrong. I think your recipes are great – and I’m sure this one is just as amazing. It’s just I am thinking I’m doing something wrong.",
    "Alyssa says:Hmmm I am wondering what could go wrong. This really is my favorite salad and the dressing is amazing.  Sorry you didn’t like it.",
    "Alyssa says:I didn’t feel that the rice wine vinegar was too over powering in this.  You might not be a fan of the taste.  Try apple cider vinegar for a little more sweet taste to it.  That might work better. 🙂",
    "Kay says:Are there 2 types of rice vinegar?  I buy SWEET rice wine vinegar.  I love it. I’m going to try this dressing on a cabbage, carrot, scallion slaw type dish to add to my Korean beef over rice. The mustard seems kind of weird to me in this dressing but I love mustard so I’m going for it.",
    "Jo says:This is soooo yummy.  Couldn’t get enough of it.",
    "Cassandra Monroe says:I meant Pinterest!* hah",
    "Cassandra Monroe says:SO glad this popped up on my instgram feed!  I love this salad so much it’s the only thing I order. Now I can make it at home!",
    "Kristen Duke says:Oh this salad sounds tasty! Thanks so much for sharing – I’ll try this one soon!",
    "Kelly says:Love Applebee’s salads and yours looks awesome! Salads and soups are definitely welcome around our house lately especially after all the heavy holiday dishes we had.  Thanks for sharing Alyssa!",
    "Heather @ French Press says:this looks so much better than any I have ever eaten out 🙂",
    "Chels R. says:I love this salad at Applebee’s. It’s the only thing I order there.",
    "Trish - Mom On Timeout says:Looks amazing Alyssa! I love all those vibrant colors!",
    "Teresa says:This looks SO wonderful. Thanks for sharing.",
    "Chung-Ah | Damn Delicious says:Amazing! I love how crisp that chicken is! I may just have to make this for dinner tonight!On another note, I hope you don’t mind me saying this but the use of the word “oriental” is considered to be a racial slur and can be a bit offensive to Asians such as myself. I really hope you reconsider using this word in the title of your recipe.",
    "Alyssa says:Oh my gosh I had no idea!!  I feel so bad now. I don’t even know what I would rename it because that is what everyone knows it as!  Help!",
    "Chung-Ah | Damn Delicious says:Thanks for being so understanding! You are too sweet. I’m thinking maybe “Asian Chicken Salad” would be more PC?",
    "Alyssa says:I just emailed you!  The only email I could find on your site was contact@damndelicious.net",
    "Sandra says:Chung-Ah, Did you contact Appleby’s regarding changing the name of the salad, too???? I think most places use “oriental” instead of Asian so that it distinguishes it from being “Indian/East Indian” Asian.",
    "Shirley Marcario says:A recipe is no place to be politically correct.  It is what it is………………",
    "JaimeLovesStuff.com says:Oh yum! Oriental salads are my favorite, too.  I will need to make this! Yummy!"
  ]
}