{
  "URL": "https://therecipecritic.com/asian-glazed-salmon/",
  "Summary": "Blanketed with an insanely good soy garlic glaze, this juicy Asian glazed salmon is to die for! With how healthy and delicious it is, it will become your new lunch go-to!",
  "Metadata": [
    "Prep Time:  5minutes",
    "Cook Time:  14minutes",
    "Total Time:  19minutes",
    "Servings:  4Servings"
  ],
  "Ingredients": [
    "2 pounds boneless skinless salmon about 4 smaller fillets",
    "¾ cup lightly packed brown sugar",
    "⅓ cup soy sauce",
    "2 tablespoons hoisin sauce",
    "2 tablespoons peeled and grated fresh ginger",
    "1 tablespoon lime juice",
    "½ teaspoon minced garlic",
    "red pepper flakes to taste"
  ],
  "Instructions": [
    "Preheat the broiler to high. Line a baking sheet or baking dish with foil and place 2 pounds boneless skinless salmon on in.",
    "Whisk ¾ cup lightly packed brown sugar, ⅓ cup soy sauce, 2 tablespoons hoisin sauce, 2 tablespoons peeled and grated fresh ginger, 1 tablespoon lime juice, ½ teaspoon minced garlic, and red pepper flakes in a medium saucepan.",
    "Bring the glaze to a boil over medium heat, then whisk until it thickens, about 2-3 minutes. Remove from the heat and reserve a small portion to the side for finishing.",
    "Brush the salmon generously with the non-reserved glaze and broil for 4 minutes. Remove the salmon from the oven and gently flip the fish over. Brush it again with the glaze and return it to the oven to broil for 4 more minutes.",
    "Carefully remove the salmon from the oven and use a clean brush to brush the reserved glaze over the salmon and serve immediately."
  ],
  "Nutrition": [
    "Calories: 512kcal",
    "Carbohydrates: 46g",
    "Protein: 47g",
    "Fat: 15g",
    "Saturated Fat: 2g",
    "Polyunsaturated Fat: 6g",
    "Monounsaturated Fat: 5g",
    "Cholesterol: 125mg",
    "Sodium: 1321mg",
    "Potassium: 1237mg",
    "Fiber: 0.5g",
    "Sugar: 43g",
    "Vitamin A: 93IU",
    "Vitamin C: 1mg",
    "Calcium: 70mg",
    "Iron: 3mg"
  ],
  "Comments": [
    "CARRIE L says:Very good, but a bit too sweet.  Will add less brown sugar next time.",
    "Sarah says:First time I broiled salmon, usually bake or air fry.  It was very moist, only broiled an extra minute.  I  halved the sauce. Thank u will repeat.",
    "Sharon says:I’m wondering how close to the broiler should the lan be? Top rack or lower?",
    "Alyssa Rivers says:I use the top rack but if you feel that the pan is too close, the second to the top is great!",
    "Debbie W. says:Quick and delicious.  A keeper recipe.  I part broiled and baked the salmon.  Thanks.",
    "J says:The sauce burnt horribly under the broiler and after the flip, the salmon still wasn’t cooked! What went wrong??",
    "Alyssa Rivers says:Oh no! I am so sorry! There could be a few different variables. If the pan was too hot that can burn the skin onto the pan.",
    "Slamming Salmon Lover says:Use a grill sheet on top of a pan and watch closely. I would actually sear it skin side up then flip and glaze. Sugars will burn if not balanced by enough fat when put under a broiler. Otherwise you need to marinade for several hours and not broil.",
    "Susan K says:This is great. We were looking for a new preparation for salmon…my husband was making fried rice…it all went together really well.  Very tasty.",
    "Susan K says:Made this tonight and it was so good. Will make again!",
    "Quinn says:I just made this today and it was astounding! Thank you so much!",
    "Debbie says:This looks delicious!  I love salmon.  Thank you for sharing this recipe.  I pinned it."
  ]
}