{
  "URL": "https://therecipecritic.com/asiago-dip/",
  "Summary": "Asiago dip is super creamy and is loaded with flavor!  There are just a few ingredients and simple, easy to follow steps.  It has the perfect flavor combination, and trust me when I say one bite of this delicious dip will not be enough!  It will get devoured in no time by anyone who tries it!",
  "Metadata": [
    "Prep Time:  10minutes",
    "Cook Time:  30minutes",
    "Total Time:  40minutes",
    "Servings:  12People"
  ],
  "Ingredients": [
    "1 cup light mayonnaise",
    "1  (8-ounce) container light sour cream",
    "5-6 artichoke hearts diced",
    "½ cup sun-dried tomatoes, not oil-packed",
    "2 teaspoons minced garlic",
    "½ cup thinly sliced green onions",
    "⅔ cup grated Asiago Cheese",
    "1 tablespoon grated Parmesan cheese"
  ],
  "Instructions": [
    "Preheat the oven to 350 degrees Fahrenheit and spray an 8 x 8 x 2-inch baking dish with non-stick cooking spray.",
    "In a medium bowl, add the mayonnaise, sour cream, artichokes, sun-dried tomatoes, garlic, green onions, and asiago cheese. Stir to combine.",
    "Pour the dip mixture into the prepared pan and sprinkle the top with the parmesan cheese.",
    "Bake for 30 minutes or until warmed through and bubbly.",
    "Serve with bruschetta, crackers, or a sliced baguette!"
  ],
  "Nutrition": [
    "Calories: 102kcal",
    "Carbohydrates: 6g",
    "Protein: 3g",
    "Fat: 7g",
    "Saturated Fat: 2g",
    "Polyunsaturated Fat: 3g",
    "Monounsaturated Fat: 1g",
    "Trans Fat: 0.01g",
    "Cholesterol: 7mg",
    "Sodium: 324mg",
    "Potassium: 183mg",
    "Fiber: 1g",
    "Sugar: 3g",
    "Vitamin A: 321IU",
    "Vitamin C: 6mg",
    "Calcium: 83mg",
    "Iron: 1mg",
    ""
  ],
  "Comments": [
    "Maya says:What could this be used for and with? chicken, beef, or a special dish? 🙂",
    "denise says:my family gets together evening for apps…. we all have many places to be… this will be on this yrs menu!!",
    "Our Pinteresting Family says:Looks delicious! I think I’m going to try this out for a Christmas Eve appetizer. Thanks so much for sharing. 🙂"
  ]
}