{
  "URL": "https://therecipecritic.com/asian-meatballs/",
  "Summary": "are the perfect blend of flavors and are drenched in the most insanely delicious sauce! Perfect for dinner or even an appetizer, they will certainly get a \"WOW!\" at your next get together! ",
  "Metadata": [
    "Prep Time:  10minutes",
    "Cook Time:  12minutes",
    "Total Time:  22minutes",
    "Servings:  35Meatballs"
  ],
  "Ingredients": [
    "2  pounds ground pork or ground beef",
    "2 teaspoon sesame oil",
    "1  cup Panko or breadcrumbs",
    "1/2 teaspoon ground ginger",
    "2 large eggs",
    "3 teaspoon minced garlic",
    "1/2  Cup thinly-sliced green onions",
    "Optional garnish: toasted sesame seeds, sliced scallions",
    "2/3  cup hoisin sauce",
    "1/4 cup rice vinegar",
    "2 garlic cloves, minced",
    "2  tablespoons soy sauce",
    "1  teaspoon sesame oil",
    "1 teaspoon ground ginger"
  ],
  "Instructions": [
    "Preheat oven to 400.",
    "In a large bowl, mix together meatball ingredients until well-combined. Shape into balls (I made mine about 1.5 inches, which yielded about 35 meatballs, but 1 inch is probably standard), and place on a greased baking sheet or in a 9×13 baking dish.",
    "Bake for 10-12 minutes, or until meatballs are golden on the outside and no longer pink on the inside.",
    "While the meatballs are baking, whisk together all of the sauce ingredients until blended. Once meatballs have finished cooking, you can either dip each meatball individually (using a toothpick) in the sauce mixture. Or you can pour the sauce over the meatballs and gently stir them until covered.",
    "Serve warm, and sprinkle with additional garnish if desired."
  ],
  "Nutrition": [
    "Calories: 99kcal",
    "Carbohydrates: 5g",
    "Protein: 6g",
    "Fat: 6g",
    "Saturated Fat: 2g",
    "Cholesterol: 28mg",
    "Sodium: 186mg",
    "Potassium: 94mg",
    "Fiber: 1g",
    "Sugar: 2g",
    "Vitamin A: 28IU",
    "Vitamin C: 1mg",
    "Calcium: 16mg",
    "Iron: 1mg"
  ],
  "Comments": [
    "Hana says:Amazing! Thank you for the recipe",
    "Alyssa Rivers says:You’re so welcome!",
    "Sally says:These were amazing.  I made them with pork and poured the sauce and meatballs over pasta.  Normally I would use rice but I had the pasta on hand.  I made enough to freeze and I’m glad I did!!  Highly recommend!!!",
    "Sharon says:These look and sound delicious. You say it makes 35 meatballs, but how many are in one serving? Thanks",
    "Alyssa Rivers says:This is so delicious, I can’t wait for you to try it! If you are serving the meatballs as your meal, with additional sides, I would say about 6-7 meatballs per person.",
    "Pat says:My son really likes these. We make them ahead and they freeze well to prep ahead for his lunches at work. Put in container with some rice, throw some fruit in the bag and he is ready to go. Thanks!",
    "John Guardino says:Outstanding!!! A must try.",
    "C G says:These aren’t bad, but they’re not good. Right off the bar, missing seasoning in the meatballs. Added a bit of salt and soy sauce to the mix, still way underseasoned. The sauce lacks something, too. Not a total loss, but won’t make them again."
  ]
}