{
  "URL": "https://therecipecritic.com/asian-barbecue-burgers-with-sweet-chili-lime-mayo/",
  "Summary": "Asian Barbecue Burgers with Sweet Chili Lime Mayo are crazy and tender juicy burgers infused with asian spices. Topped with an asian slaw and a sweet chili lime mayo you will never go back to boring burgers again!",
  "Metadata": [
    "Prep Time:  15minutes",
    "Total Time:  15minutes",
    "Servings:  4servings"
  ],
  "Ingredients": [
    "1 pound 85% lean ground beef",
    "1 (1.12-ounce) package McCormick Grill Mates Korean BBQ Marinade",
    "2 cups coleslaw mix",
    "2 teaspoons rice vinegar",
    "1 teaspoon soy sauce",
    "1 teaspoon sesame oil",
    "¼ cup mayonnaise",
    "3 tablespoons sweet chili sauce",
    "1 tablespoon lime juice"
  ],
  "Instructions": [
    "Preheat the grill to high heat.",
    "Add 1 pound 85% lean ground beef and 1 (1.12-ounce) package McCormick Grill Mates Korean BBQ Marinade to a medium sides bowl and mix just until incorporated, being careful to not over mix.",
    "Divide the meat mixture into 4 equal portions and shape each one into a patty.",
    "Place the burgers on the grill and cook for 8 minutes, flipping them over halfway through. Cook until the meat reaches 160 degrees Fahrenheit on a meat thermometer.",
    "Prepare the slaw by adding 2 cups coleslaw mix, 2 teaspoons rice vinegar, 1 teaspoon soy sauce, and 1 teaspoon sesame oil to a medium bowl and toss until combined.",
    "Add ¼ cup mayonnaise, 3 tablespoons sweet chili sauce, and 1 tablespoon lime juice to a small bowl and mix until combined.",
    "Assemble the burgers with romaine lettuce under the patty, if desired, and top the patty with the slaw and sweet chili lime mayo. Serve immediately."
  ],
  "Nutrition": [
    "Calories: 386kcal",
    "Carbohydrates: 9g",
    "Protein: 22g",
    "Fat: 29g",
    "Saturated Fat: 8g",
    "Polyunsaturated Fat: 7g",
    "Monounsaturated Fat: 10g",
    "Trans Fat: 1g",
    "Cholesterol: 83mg",
    "Sodium: 386mg",
    "Potassium: 405mg",
    "Fiber: 1g",
    "Sugar: 7g",
    "Vitamin A: 45IU",
    "Vitamin C: 14mg",
    "Calcium: 33mg",
    "Iron: 3mg",
    ""
  ],
  "Comments": [
    "Trish says:I have made these several times and the family loves them.  However, I can no longer find the Korean BBQ marinade anywhere.  Any suggestions on a substitute?",
    "Kerry A Murray says:Is the slaw made with the dry slaw mix, the cabbage etc or a pre-mixed wet slaw?",
    "Alyssa Rivers says:You will buy a coleslaw package in the salad section. Hope that helps! XOXO",
    "David says:Hey .. do you make the marinade as per the package instructions or do you use the dry rub mixed with the meat??",
    "Elizabeth says:These were great and so easy to make!",
    "lulu says:Do you think Gochujang Hot & Sweet Sauce would be okay instead of the sweet chili sauce?",
    "Alyssa says:I have never tried the hot and sweet sauce but it sounds delicious!! Let me know how it turns out!!",
    "Ed says:I love this, very easy to make.  Really great flavors, and yeah the mayo is awesome!",
    "Alyssa says:That is so great to hear! I am so glad you liked it as much as we did! THANK YOU for sharing!",
    "Hannah @CleanEatingVeggieGirl says:That mayo!  I but it makes every burger taste extra delicious!",
    "Alyssa says:Yes! I love the mayo! It makes everything taste better and puts a nice twist on your burger! Thanks for following along with me! xoYour Recipe Critic,Alyssa"
  ]
}