{
  "URL": "https://therecipecritic.com/asparagus-salad/",
  "Summary": "This fresh asparagus salad is one of my favorites and I can't wait to show you how to make it. With lemon vinaigrette dressing drizzled on top this salad has a light and flavorful crisp crunch in every bite.",
  "Metadata": [
    "Prep Time:  10minutes",
    "Cook Time:  5minutes",
    "Total Time:  15minutes",
    "Servings:  5People"
  ],
  "Ingredients": [
    "1 bunch asparagus cut into thirds",
    "3 cups spinach",
    "½ cup sliced radish",
    "1 cup halved cherry tomatoes",
    "½ cup peas",
    "¼ cup sliced red onion",
    "¼ cup feta cheese",
    "¼ cup olive oil",
    "1 juiced lemon",
    "2 tablespoons apple cider vinegar",
    "salt and pepper to taste"
  ],
  "Instructions": [
    "In a large pot boil 1 bunch asparagus for 3-5 minutes. Rinse in cold water.",
    "In a large bowl combine 3 cups spinach, ½ cup sliced radish, 1 cup halved cherry tomatoes, ½ cup peas, ¼ cup sliced red onion, and ¼ cup feta cheese.",
    "In a small bowl whisk together ¼ cup olive oil, 1 juiced lemon, 2 tablespoons apple cider vinegar, and salt and pepper to taste.",
    "Pour the desired amount of dressing over the salad and toss together."
  ],
  "Nutrition": [
    "Calories: 144kcal",
    "Carbohydrates: 6g",
    "Protein: 3g",
    "Fat: 13g",
    "Saturated Fat: 3g",
    "Polyunsaturated Fat: 1g",
    "Monounsaturated Fat: 8g",
    "Cholesterol: 7mg",
    "Sodium: 109mg",
    "Potassium: 255mg",
    "Fiber: 2g",
    "Sugar: 2g",
    "Vitamin A: 2001IU",
    "Vitamin C: 20mg",
    "Calcium: 68mg",
    "Iron: 1mg"
  ],
  "Comments": [
    "Martha says:My husband and I love this salad, make it all the time.Wanted to pass this idea on, I roast my asparagus. Just lightly toss of olive oil & S/P. Gives the asparagus a wonderful flavor. Depending on the size of your asparagus, about 10-15 minutes (until al dente) on 375. Remove from pan & place on glass plate. My stone counters helps to cool fast.Give it a try….",
    "Jan says:I notice that you list it as 90 kcal per serving – how much is a serving?",
    "Alyssa Rivers says:A serving of this salad is about 1 cup. The nutritional facts are all estimated.",
    "Julie B says:It looks great, and I want to make it. What peas do I use? Someone earlier mentioned early harvest peas, but I don’t know if those are fresh peas or frozen. If they are fresh, do they need to be cooked like the asparagus? I didn’t realize that I am such a pea newbie! Thank you for any advice.",
    "Suzanne says:Made this for the first time today for a dinner at a neighbours place. It was a hit!  I will make it again!",
    "Suzanne Newman says:This is THE salad that no matter what type of crowd you’re making it for, you will get endless compliments!  It’s AMAZING!WARNING:  You’ll also be sending this recipe to several more people the next day!  This salad is SOOO easy to make.  The veggies are fresh and so complimentary together, and the colors are spectacular together!This is a very easy to make the salad in advance, and then just toss the dressing on at the last minute.  The only thing I want to emphasize about this recipe is to make sure you use “early harvest” peas!",
    "Julie says:Tell me more about these “early harvest” peas. Are they fresh? Did you cook them like the asparagus. I appreciate any guidance you have.",
    "Stephanie Lanzalotto says:Love this salad! made as written except I had bleu cheese crumbles and no feta. It was delicious with the bleu, and I think goat would work as well. This is going in the “make it again and again” file.",
    "Steve Gabel says:This worked for me.  It is important to balance you vegetables (don’t overpower it with too much onion or spinach.  I went with this recipe because I’m watching my diet (trying to lose a few pounds), big in vegetables.  Crumbled Feta is important to the recipe and the Lemon Vinaigrette works.  The lemon flavor is good, not overpowering.",
    "Isaura says:I love salads like this , so healthy, beautiful variation of veggys…thanks,",
    "Marie says:Made this salad as a side to a Quiche Lorraine for Easter brunch. An absolute winner. Much better than the “same old, same old”. Veggie forward. And substituted little gem lettuce for spinach due to a person that has an aversion to raw spinach. Really, think it came out better. Great salad for the Spring. And the dressing can be used in sooo many different ways. An absolute keeper.",
    "Linda says:I love this salad, and keep returning to it this summer— so many fresh flavors, and the asparagus adds a touch of novelty. I’m trying it with pickling the radishes and onions tonight as a little experiment.",
    "Elaine says:Just made this salad today for my Easter meal and can I just say….best salad ever! I didn’t have peas so used edamame and it was great. Used low sodium feta. That dressing OMG – it’s my new fave! Love your recipes! Thanks so much",
    "Traci Kenworth says:Can’t wait to try!"
  ]
}