{
  "URL": "https://therecipecritic.com/asparagus-stuffed-chicken/",
  "Summary": "This asparagus stuffed chicken is incredibly juicy and tender. Flavored with the most delicious spices and stuffed with the incredibly healthy vegetable, asparagus, you will want to lick your plate clean! ",
  "Metadata": [
    "Prep Time:  5minutes",
    "Cook Time:  20minutes",
    "Total Time:  25minutes",
    "Servings:  3People"
  ],
  "Ingredients": [
    "3 large Chicken Breasts",
    "6 slices Mozzarella Cheese",
    "9 Asparagus Stalks",
    "1 Tablespoon Brown Sugar",
    "1 teaspoon Chili Powder",
    "1/2 teaspoon Paprika",
    "1 teaspoon Italian Seasoning",
    "1 teaspoon Garlic Powder",
    "1/2 teaspoon Salt",
    "1/4 teaspoon Pepper",
    "2 Tablespoons Olive Oil"
  ],
  "Instructions": [
    "Preheat the oven to 375 degrees.  Slice the chicken in half about 3/4 of the way.  Open the chicken and pound each side to be about 1/4 inch thick.",
    "Stuff the chicken breasts each with 2 slices of cheese, and 3 asparagus stalks.  Fold the chicken oven and secure it with toothpicks around the edges.",
    "In a small bowl combine the brown sugar, chili powder, paprika, Italian seasoning, garlic powder, salt, and pepper.  Rub generously on each side of the chicken.",
    "Add the olive oil to a medium-sized skillet and turn to medium-high.  Add the chicken and sear on each side for 2-3 minutes.  Cover the pan with foil and put it into the oven.  Cook for about 15-20 minutes or until the chicken is cooked throughout."
  ],
  "Nutrition": [
    "Calories: 543kcal",
    "Carbohydrates: 9g",
    "Protein: 62g",
    "Fat: 28g",
    "Saturated Fat: 10g",
    "Polyunsaturated Fat: 2g",
    "Monounsaturated Fat: 12g",
    "Trans Fat: 1g",
    "Cholesterol: 189mg",
    "Sodium: 1019mg",
    "Potassium: 1025mg",
    "Fiber: 2g",
    "Sugar: 5g",
    "Vitamin A: 1188IU",
    "Vitamin C: 5mg",
    "Calcium: 328mg",
    "Iron: 3mg",
    ""
  ],
  "Comments": [
    "Joe Sheehan says:I have used the mozzarella but last time I used a Swiss and Gruyére blend from Aldi’s and it was out of this world!",
    "Darrie Sayles says:This turned out SO good! Thank you for all the chicken cooking tips. It turned out PERFECT!",
    "Debra says:Can I use fish instead of chicken?",
    "Alyssa Rivers says:I haven’t tried that before. That sounds delicious!",
    "Barbara Renaud says:This is a great recipe! The chicken is moist and tender and it’s easy to put together. I’ve used a similar spice mix on just chicken breasts but this is a whole new level of delicious. I used Gouda cheese slices and a grated cheddar & mozzarella mix because that is what I had on hand.  This one’s a keeper! Thank you."
  ]
}