{
  "URL": "https://therecipecritic.com/asparagus-quiche/",
  "Summary": "This asparagus quiche is as delicious as it is gorgeous! It has a perfectly flaky texture combined with an insanely delicious flavor. This will be the star of the show at any breakfast or brunch! ",
  "Metadata": [
    "Prep Time:  15minutes",
    "Cook Time:  45minutes",
    "Total Time:  1hour",
    "Servings:  6People"
  ],
  "Ingredients": [
    "1 Pre-Made Pie Crust (homemade or store-bought)",
    "4 large Eggs",
    "2 cups Heavy Cream (best results with higher fat)",
    "1  lb Asparagus (trimmed and cut into 1/2-inch pieces)",
    "1 1/4 cups Gruyere cheese, shredded, divided (any cheese works)",
    "1 tsp Onion Powder",
    "1/2 tsp Salt",
    "1/2 tsp Pepper"
  ],
  "Instructions": [
    "Preheat the oven to 375℉.",
    "Prepare your pie crust according to recipe directions or line a pie dish with a store-bought pie crust.",
    "In a large skillet add 3 tablespoons of water, and the cut asparagus.  Cover and cook over medium heat for 5-7 minutes, until the asparagus is bright green and crisp-tender. Drain the water and allow it to cool for a few minutes before placing it in the bottom of the prepared pie crust.",
    "Once asparagus is slightly cooled, place it in the bottom of the prepared pie crust, followed by 1 cup of shredded cheese.",
    "In a large bowl, whisk together the eggs, heavy cream, onion powder, salt, and pepper.",
    "Pour the egg mixture into the pie crust and top with the remaining 1/4 cup shredded cheese.",
    "Bake for 45 minutes, or until the center is set. If the crust edges begin to brown, use a pie shield or foil wrapped around the edge. Let the quiche sit for 15 minutes before slicing."
  ],
  "Nutrition": [
    "Serving: 1slice",
    "Calories: 577kcal",
    "Carbohydrates: 20g",
    "Protein: 18g",
    "Fat: 48g",
    "Saturated Fat: 27g",
    "Polyunsaturated Fat: 3g",
    "Monounsaturated Fat: 15g",
    "Trans Fat: 1g",
    "Cholesterol: 244mg",
    "Sodium: 577mg",
    "Potassium: 329mg",
    "Fiber: 2g",
    "Sugar: 4g",
    "Vitamin A: 2180IU",
    "Vitamin C: 5mg",
    "Calcium: 374mg",
    "Iron: 3mg"
  ],
  "Comments": [
    "Jacqueleena says:The best asparagus quiche I have ever had!!I did make a few modifications but I know the quiche would have been amazing exactly as written!I added 4 large sautéed mushrooms and used partially cooked hash browns for my crust. Thanks for a delicious recipe!!",
    "Jacqueleena says:After reading comments I thought I would mention that I did use a large pie dish and dried my asparagus with paper towels to rid it of some water. The 4 eggs/2 cups heavy cream was perfect. Do not skip the resting for 15 minutes step!  Perfection!",
    "Wayne Lind says:I have made many quiche and this one was a flop. It was like a egg custard in a pie shell.I will be going back to my old one from 40 years ago out of my old French Cook Book.WayneB.C. Canada",
    "Pam says:This looks delish. I’m going to make it for dinner tonight. My first time ever wish me good luck.",
    "Katherine says:Roast the asparagus… unless you’re pressing it after using water to cook/drain, that moisture messes up the consistency.  6 eggs and 1.5 cups half/half works better than 4 to 2 ratio (using cream).  Typically with custards which is what “quiche” is, you scald, not boil the milk, cream, etc. Before combining with eggs/seasoning.  That initial cook time then becomes the time to sturdy/set your custard… won’t turn out runny.  An alternative is to raise heat first 15 mins then reduce for endurance of bake time.",
    "Carole Langston says:Like the other comments below, I had way too much egg/cream  mixture that I had to didn’t fit the pie pan and leaked out all over the sheet pan I had it on. I cooked it 60 minutes til a toothpick came out clean, and it was still not firm enough for me.  However, it was quite tasty and I even used a gluten free crust which came out nice and crispy.",
    "Barry Schlimme says:All of these ingredients will not fit into a 9″ pie plate.  I had to leave out half of the asparagus and half of the egg mixture.  It’s in the oven now.  Regardless of how it tastes, it’s no longer your recipe.  Should you perhaps mention that it a DEEP DISH pie plate is required?",
    "Alyssa Rivers says:I used a regular 9″ dish tin for this recipe! If you are using an 8″ dish or perhaps a shallow tart pan then this will not fit. But a regular pie pan should work!",
    "Pat w says:Made this today. Followed recipe exactly.  For me, it was just ok, the texture didn’t seem as solid (or “quiche” like) as I’m used to from other quiche recipes I’ve made, a bit slightly looser.  I’ve made many different quiche recipes over the years & all of them I’ve made have more eggs to cream ratio than this, usually 6 large eggs to 1 1/2 cups heavy cream or half & half.  I’ll make this again & try 6 eggs to 1.5 cups of heavy cream instead bc I’m making it fur a friend who loves both quiche & asparagus.",
    "MP says:Do you use a 9 inch deep dish pie crust?",
    "Cathy Robinson says:Can I used 1/2& 1/2 instead of cream? I’m going to use chopped chives instead of onion powder … they are beautiful and as fresh as the asparagus right now!!",
    "Alyssa Rivers says:Yes, that will work fine!",
    "Julie Dietsch says:This is delicious!  I’ve made it 3 times since I found it and love it more with each iteration.  I’ve also shared it so other people can share the love.  Yum.",
    "Sue says:There is some confusion with this recipe.  It is in the oven now. I have no idea if I did the cheese correctly. I don’t know where the extra cheese came from.  Instruction #4 says “Once asparagus is slightly cooled, place it in the bottom of the prepared pie crust, followed by 1 cup of shredded cheese.”  Instruction #5 says “In a large bowl, whisk together the eggs, heavy cream, cheese, onion powder, salt, and pepper.” While instruction #6 says “Pour the egg mixture into the pie crust and top with the remaining ¼ cup shredded cheese.”.  I had 1 1/4 cups of cheese, one cup used in #4 and 1/4 cup used in #6, where the heck does the cheese come from for #5?",
    "Alyssa Rivers says:The extra cheese listed in step #5 was a typo! It’s been fixed. Let me know if you try this, it’s so delicious!"
  ]
}