{
  "URL": "https://therecipecritic.com/autumn-chopped-salad-creamy-poppyseed-dressing/",
  "Summary": "Autumn Chopped Salad with Creamy Poppyseed Dressing is all of your fall salad dreams come true!  Crisp chopped apples, pears, romaine lettuce, crunchy pecans, bacon, cranberries and feta cheese combine in a creamy dressing to bring you one unforgettable salad!",
  "Metadata": [
    "Prep Time:  10minutes",
    "Total Time:  10minutes",
    "Servings:  4servings"
  ],
  "Ingredients": [
    "4 cups chopped romaine lettuce",
    "1 diced barlett pear",
    "1 diced crisp red apple, such as honey crisp, gala, or fuji",
    "5 pieces cooked and chopped thick-cut bacon",
    "¼ cup dried cranberries",
    "¼ cup chopped toasted pecans",
    "¼ cup crumbled feta cheese",
    "⅓ cup mayonnaise",
    "¼ cup milk",
    "3 tablespoons granulated sugar",
    "4 teaspoons apple cider vinegar",
    "2 teaspoons poppy seeds"
  ],
  "Instructions": [
    "In a large bowl, add 4 cups chopped romaine lettuce, 1 diced barlett pear, 1 diced crisp red apple, 5 pieces cooked and chopped thick-cut bacon, ¼ cup dried cranberries, ¼ cup chopped toasted pecans, and ¼ cup crumbled feta cheese. Toss to combine.",
    "To make the dressing, add ⅓ cup mayonnaise, ¼ cup milk, 3 tablespoons granulated sugar, 4 teaspoons apple cider vinegar, and 2 teaspoons poppy seeds to a medium bowl and whisk to combine.",
    "Pour half of the dressing over the salad and toss until evenly coated. Add more dressing as desired or serve the remainder on the side. Serve immediately."
  ],
  "Nutrition": [
    "Calories: 518kcal",
    "Carbohydrates: 33g",
    "Protein: 9g",
    "Fat: 40g",
    "Saturated Fat: 10g",
    "Polyunsaturated Fat: 13g",
    "Monounsaturated Fat: 14g",
    "Trans Fat: 0.1g",
    "Cholesterol: 48mg",
    "Sodium: 535mg",
    "Potassium: 375mg",
    "Fiber: 5g",
    "Sugar: 25g",
    "Vitamin A: 4227IU",
    "Vitamin C: 6mg",
    "Calcium: 118mg",
    "Iron: 1mg",
    ""
  ],
  "Comments": [
    "Barb says:What other dressing would you recommend?  Hubby doesn’t care for poppyseed dressing…too sweet.Thanks.",
    "Alyssa Rivers says:Barb, I have so many vinaigrette dressings that would be amazing with this salad. You can try my apple cider, balsamic, basil, lemon or champaign vinaigrette.",
    "Chrissy says:I had a little bit of broccoli and added it why not yummy.I also tossed the apples in dressing first maybe that helped with apples not Browning.its so good we ate it for two days.",
    "PATTI says:We don’t care for pears. How do you think a green apple would be for a substitute?",
    "Alyssa Rivers says:Hi Patti, thank you for your question. An apple would work great, the green might be very tart, and pears are typically more sweet. The nice thing about this recipe is you can make it how you like it! Let me know how it turns out!",
    "Bella says:Looks delicious. Does this salad need to set up in the fridge for any amount of time before serving? Thank you!",
    "Alyssa Rivers says:Keeping it in the fridge for a little bit will help all of the flavors meld, but it can also be served straight after mixing everything together!",
    "Bev says:I’ve made this salad twice in the last 2 weeks for luncheons. It’s so very good!! I used 50/50 salad mix & romaine and used honey roasted pecans the first time & honey roasted shivered almonds the 2nd time…both were good. I added some honey mustard to store bought Marzetti’s poppyseed dressing for a little more kick. The 2nd time, I served the dressing on the side which worked better. Everyone at both luncheons loved it and went back for seconds. Thanks for this keeper recipe!",
    "Jennie Mimnagh says:Do you think walnuts would work instead of pecans?",
    "Alyssa Rivers says:Yes! That would be delicious!",
    "Jane Hensen says:How do keep apple from turning brown? But of lemon juice?",
    "Alyssa Rivers says:Yes! Just toss them in some lemon juice before adding them in.",
    "B says:Super Delicious!! My family and friends loved it and will be a must every Thanksgiving!! Might substitute the apples next time because they turn brown easily the next day, but overall I strongly recommend this recipe! Thanks! 🙂"
  ]
}