{
  "URL": "https://therecipecritic.com/avocado-tuna-salad/",
  "Summary": "This fresh and flavorful avocado tuna salad is the perfect side dish for summer! The combo of bright veggies, savory tuna, and creamy avocado is one you don't want to miss!",
  "Metadata": [
    "Prep Time:  5minutes",
    "Total Time:  5minutes",
    "Servings: 4"
  ],
  "Ingredients": [
    "3 5 oz cans tuna",
    "1/4 cup sliced red onion",
    "3 roma tomatoes chopped",
    "3 avocados sliced",
    "1 tablespoon dijon mustard",
    "1 tablespoons olive oil",
    "1 tablespoon lemon juice",
    "salt and pepper to taste",
    "optional: celery and cucumber"
  ],
  "Instructions": [
    "In a bowl add the tuna, red onion, roma tomatoes, avocados, dijon, olive oil, lemon juice, and salt and pepper.",
    "Stir everything together and serve immediately."
  ],
  "Nutrition": [
    "Calories: 339kcal",
    "Carbohydrates: 16g",
    "Protein: 14g",
    "Fat: 26g",
    "Saturated Fat: 4g",
    "Polyunsaturated Fat: 3g",
    "Monounsaturated Fat: 18g",
    "Cholesterol: 20mg",
    "Sodium: 179mg",
    "Potassium: 965mg",
    "Fiber: 11g",
    "Sugar: 3g",
    "Vitamin A: 643IU",
    "Vitamin C: 24mg",
    "Calcium: 38mg",
    "Iron: 2mg"
  ],
  "Comments": [
    "Shirin Gulledge says:I love this, nice to not have mayo in a tuna salad",
    "Lebo says:Delicious! Added some mushrooms and salad peppers.10/10!",
    "Dawna says:So, so, so yummy!  I added goat cheese for a touch of creamy pop flavor (feta would be fabulous too).",
    "Jan says:Easy, quick and tasty, but missing something.  Seemed incomplete for a main dish…perhaps over pasta as another commenter suggested.",
    "Adora says:Made this for lunch.  Served it over whole wheat pasta.  Delicious, healthy, and easy!",
    "Ronette says:This looks so so yummy I want to try it"
  ]
}