{
  "URL": "https://therecipecritic.com/avocado-deviled-eggs/",
  "Summary": "A twist on a classic appetizer, avocado deviled eggs are so creamy and delicious! Flavored with lime and dusted with paprika, your guests won't be able to get enough of this flavorful dish!",
  "Metadata": [
    "Prep Time:  10minutes",
    "Total Time:  10minutes",
    "Servings: 12"
  ],
  "Ingredients": [
    "12 hard boiled eggs",
    "2 medium avocados",
    "1/4 tsp garlic powder",
    "1 tbsp lime Juice (more if needed to blend)",
    "1/2 tsp kosher salt  (more to taste if needed)",
    "1/8 tsp pepper",
    "paprika and chopped cilantro for garnish (optional)"
  ],
  "Instructions": [
    "Cut hard-boiled eggs in half and gently scoop yolks into a food processor. Set the sliced egg whites aside for later.",
    "Cut and scoop the avocados into the food processor with the egg yolks.  Add the garlic powder, and salt and pepper.  Blend until smooth.  You can also mix the ingredients by hand using a fork for a more textured filling.",
    "Adjust seasonings if needed.  Scoop mixture into a piping bag.  Or you can use a plastic sandwich bag, and snip off one corner.  Pipe the filling into the eggs.",
    "Garnish with a sprinkle of paprika and chopped cilantro.  Serve right away, or cover and refrigerate until ready to serve."
  ],
  "Nutrition": [
    "Serving: 2egg halves",
    "Calories: 132kcal",
    "Carbohydrates: 4g",
    "Protein: 7g",
    "Fat: 10g",
    "Saturated Fat: 2g",
    "Polyunsaturated Fat: 1g",
    "Monounsaturated Fat: 5g",
    "Cholesterol: 187mg",
    "Sodium: 161mg",
    "Potassium: 228mg",
    "Fiber: 2g",
    "Sugar: 1g",
    "Vitamin A: 310IU",
    "Vitamin C: 4mg",
    "Calcium: 29mg",
    "Iron: 1mg",
    ""
  ],
  "Comments": [
    "Jae says:Can I make these a day ahead or will they turn brown due to the avocado?",
    "Alyssa Rivers says:Hi Jae, thank you for your question. Yes the avocados will brown (oxidize), so the best presentation will be freshly made. However, they will taste great whether or not they’re oxidized!",
    "Tracy says:Made them today, great recipe! Might try some chili powder/Taco seasoning instead of paprika for a Taco Tuesday kinda of taste. Definitely a keeper~ Thank You",
    "Alyssa Rivers says:I love that idea! Let me know how they turn out!",
    "Ed says:How do I boil eggs so the shell doesn’t tear and remove the white?",
    "Alyssa Rivers says:Shocking the eggs in the ice water should help the peel come off easily!",
    "Tonya Hoover says:This always works for me:  fill pot with water, add eggs at room temp.  Put on stove til water and eggs come to a boil. As soon as you see it boil, take the pot off burner and cover for 10 min.  After 10 min, drain and put in ice bath for 3-5 min.They way I peel them:  I lightly tap the fat end of the egg on the counter till it cracks and then I roll it around on its “butt” making wider circles til the shell has lots of little cracks in it. It allows the air to creep up around inside the membrane and separates from the outer shell.  I then just roll it all around until the whole shell is shattered.  By that time, the shell is literally sloughing off and the white portion is intact. Hope this helps!!!",
    "Lexi says:Sounds great, I can’t wait to make this! I assume the lime juice goes into the food processor with the other filling ingredients?",
    "Alyssa Rivers says:Yes!",
    "Sabrina says:great and a nice way to skip the mayo and still have a creamy texture, nice idea, thank you!"
  ]
}