{
  "URL": "https://therecipecritic.com/avocado-salsa/",
  "Summary": "Fresh, flavorful, and insanely delicious, this avocado salsa is the best salsa EVER! Filled with only the best of ingredients, this salsa will be one that you will make over and over! ",
  "Metadata": [
    "Prep Time:  10minutes",
    "Servings: 4"
  ],
  "Ingredients": [
    "4 Avocados sliced",
    "5 Roma Tomatoes diced",
    "1/2 Red Onion diced",
    "1 Jalapeño  diced",
    "1/2 Cup Cilantro chopped",
    "Juice of 1 Lime",
    "3 Garlic Cloves minced",
    "1/2 teaspoon Salt",
    "1/4 teaspoon Pepper"
  ],
  "Instructions": [
    "In a medium sized bowl add avocado, tomatoes, onion, jalapeño, cilantro, lime juice, garlic, salt, and pepper.",
    "Stir it all together and serve immediately with tortilla chips!"
  ],
  "Nutrition": [
    "Calories: 346kcal",
    "Carbohydrates: 23g",
    "Protein: 5g",
    "Fat: 30g",
    "Saturated Fat: 4g",
    "Polyunsaturated Fat: 4g",
    "Monounsaturated Fat: 20g",
    "Sodium: 311mg",
    "Potassium: 1208mg",
    "Fiber: 15g",
    "Sugar: 4g",
    "Vitamin A: 1113IU",
    "Vitamin C: 37mg",
    "Calcium: 42mg",
    "Iron: 1mg",
    ""
  ],
  "Comments": [
    "Mark Johnson says:Great hit with the family! Simple recipe for a refreshing salsa!",
    "Lindsey says:Delicious ?"
  ]
}