{
  "URL": "https://therecipecritic.com/avocado-tomato-cucumber-arugula-salad/",
  "Summary": "Avocado, Tomato and Cucumber Arugula Salad is fresh, delicious and light and packed with amazing flavor! Tossed in a tangy lemon glaze and topped with feta cheese, you won't be able to get enough!",
  "Metadata": [
    "Prep Time:  15minutes",
    "Total Time:  15minutes",
    "Servings: 5"
  ],
  "Ingredients": [
    "2 diced avocados",
    "1 sliced English cucumber",
    "3 diced Roma tomatoes",
    "¼ cup sliced red onion",
    "1 cup arugula",
    "2 tablespoons olive oil",
    "2 tablespoons lemon juice",
    "salt and pepper",
    "¼ cup feta cheese"
  ],
  "Instructions": [
    "In a large bowl, combine 2 diced avocados, 1 sliced English cucumber, 3 diced Roma tomatoes, ¼ cup sliced red onion, and 1 cup arugula. Gently toss.",
    "In a small bowl, whisk the 2 tablespoons olive oil, and 2 tablespoons lemon juice. Add to the veggies and toss.",
    "Season with salt and pepper, and top with crumbled ¼ cup feta cheese."
  ],
  "Nutrition": [
    "Calories: 219kcal",
    "Carbohydrates: 12g",
    "Protein: 4g",
    "Fat: 19g",
    "Saturated Fat: 4g",
    "Polyunsaturated Fat: 2g",
    "Monounsaturated Fat: 12g",
    "Cholesterol: 7mg",
    "Sodium: 96mg",
    "Potassium: 604mg",
    "Fiber: 6g",
    "Sugar: 3g",
    "Vitamin A: 617IU",
    "Vitamin C: 18mg",
    "Calcium: 69mg",
    "Iron: 1mg"
  ],
  "Comments": [
    "MelisendePF says:Very good salad. I tripled the arugula and cut down on the cucumber. Also used cherry tomatoes because they’re the only commercial ones with any taste these days. Didn’t have much leftover after a dinner for 4.",
    "Kimmy Mae says:Fantastic salad! Love the ‘peppery’ taste of the arugula. My family LOVED it. I didn’t have feta so I used blue cheese. What a YUMMY salad!!",
    "Imran Khan says:Amazing Tomato Cucumber salad Recipe."
  ]
}