{
  "URL": "https://therecipecritic.com/avocado-egg-rolls/",
  "Summary": "Avocado Egg Rolls are crispy on the outside with an avocado mixture inside that is bursting with flavor!",
  "Metadata": [
    "Prep Time:  15minutes",
    "Cook Time:  5minutes",
    "Total Time:  20minutes",
    "Servings:  8eggrolls"
  ],
  "Ingredients": [
    "1 cup vegetable oil, for frying",
    "3 diced avocados",
    "¼ cup diced red onion",
    "1 diced Roma tomato",
    "3 tablespoons chopped fresh cilantro leaves",
    "1 teaspoon garlic powder",
    "juice of 1 lime",
    "salt and pepper to taste",
    "8 egg roll wrappers"
  ],
  "Instructions": [
    "In a large skillet heat the 1 cup vegetable oil, to medium-high heat.",
    "In a medium bowl, add the 3 diced avocados and mash to the desired consistency. Add the ¼ cup diced red onion, 1 diced Roma tomato, 3 tablespoons chopped fresh cilantro leaves, 1 teaspoon garlic powder, juice of 1 lime, and salt and pepper to taste to taste.",
    "Lay one of the 8 egg roll wrappers on a clean workspace with one corner facing you, and spoon some of the avocado mixture in the center of each wrapper.",
    "Using your finger, rub the edges of the wrapper with water. Bring the bottom edge of the wrapper up and roll it tightly over the filling.",
    "Fold the sides in continue to roll the wrapper up and press to seal.  Repeat until all the wrappers have been used.",
    "Add the egg rolls to the hot oil and fry until they are golden brown on all sides, for 2-3 minutes.  Remove with metal tongs and place onto a paper towel-lined plate.  Serve immediately with your favorite dipping sauce."
  ],
  "Nutrition": [
    "Calories: 405kcal",
    "Carbohydrates: 15g",
    "Protein: 3g",
    "Fat: 39g",
    "Saturated Fat: 6g",
    "Polyunsaturated Fat: 17g",
    "Monounsaturated Fat: 14g",
    "Trans Fat: 0.2g",
    "Cholesterol: 1mg",
    "Sodium: 81mg",
    "Potassium: 412mg",
    "Fiber: 6g",
    "Sugar: 1g",
    "Vitamin A: 189IU",
    "Vitamin C: 10mg",
    "Calcium: 18mg",
    "Iron: 1mg",
    ""
  ],
  "Comments": [
    "Fran says:What r u dippong the avocado egg rolls",
    "Nisreen Anis says:Can I make the AVOCADO EGG ROLLS one day prior; leave them in the fridge and then fry them the next day just before the party? Will the avocado filling blacken?",
    "Alyssa Rivers says:Yes, the avocado will go brown. I would gook them just before serving. A quick way of making these is in the air fryer if you want to try them that way! Here is the recipe: Air Fryer Avocado Egg Rolls (Cheesecake Factory Copycat!)",
    "Susan says:If freezing egg rolls, should they be fried first?",
    "Alyssa Rivers says:Yes, fully cook the egg rolls and then you can store them in your freezer in an airtight container for about 3 months.",
    "Lennie says:Wasted my time on this recipe. It turned out bitter, not sure  why. But all I can think of is the lime that I used which is freshly squeezed. Half of it went to the garbage.",
    "Sandi says:Can you make them in the air fryer like regular egg rolls?",
    "Alyssa Rivers says:Yes! Try this recipe instead! Air Fryer Avocado Egg Rolls (Cheesecake Factory Copycat!)",
    "Terry Kerr says:Can you make them a head of time",
    "Alyssa Rivers says:Yes, they will be great ahead of time.",
    "Frank says:Can you put these in the air.frier or oven rather than frying in oil.",
    "Alyssa Rivers says:Yes! Here is my air fryer recipe: Air Fryer Avocado Egg Rolls (Cheesecake Factory Copycat!)",
    "simon andrew says:Its really good recipe thanks",
    "Brenda Cameron says:Thank you so much for sharing this recipe. How many calories are in just one egg roll?",
    "Alyssa Rivers says:It is approximately 187 per egg roll. Hope that helps!",
    "Brenda Nordberg says:What is the best dipping sauce for the avacado eggrolls.",
    "Alyssa Rivers says:My favorite is ranch or an avocado ranch dip.",
    "Carol says:I would love to add Shrimp, would I have to make any adjustments?",
    "Alyssa Rivers says:Shrimp would be great! No adjustments!",
    "Lisa says:What so you think about putting these in an air fryer?",
    "Alyssa Rivers says:That sounds delicious! Let me know what you did and how it turned out! Thanks for following along with me!",
    "Kathleen says:I hope to do that tonight or tomorrow.  How did it come out?",
    "olivia says:Oh my gosh!! I was looking for this recipe everywhere!!! I moved a couple of years ago where there isn’t a Cheesecake Factory near my home and I was craving this a few months ago. PERFECT 😀 thanks!",
    "James McFarland says:Can I buy the egg roll wrappers in the supermarket  ?",
    "Alyssa Rivers says:Yes, I usually find them in the asian isle. You can also find them at local asian markets in your town.",
    "Melissa says:You can purchase egg roll wrappers in the Produce Department of your local grocery store.",
    "Kathleen says:I find eggroll wrappers in my produce section in NY markets typically where the fresh salad dressings are, fresh juices, tofu…salad kits",
    "Sharon Rausch says:I can hear good sound thank you so much for sharing nice post.",
    "LeDon says:You stated how many calories were in a serving at the Cheesecake Factory. However you didn’t say how many egg rolls were in a serving. I sure hope it’s more than one. Haha",
    "Alyssa Rivers says:In the recipe it shows under the prep and cooking minutes it serves 8 eggrolls.",
    "Sabrina says:great copycat breakdown, thank you, I guess I missed the original on the menu, but glad you’ve put it here, much appreciated"
  ]
}