{
  "URL": "https://therecipecritic.com/avocado-chicken-salad/",
  "Summary": "Avocado Chicken Salad is easy to make and you will never want to make your chicken salad without avocado again!  Perfect on a sandwich, croissant or served with tortilla chips!",
  "Metadata": [
    "Prep Time:  5minutes",
    "Total Time:  5minutes",
    "Servings: 4"
  ],
  "Ingredients": [
    "2 cups cooked and shredded chicken about 3 chicken breasts",
    "½ cup mayonnaise",
    "1 teaspoon freshly chopped cilantro",
    "1 diced large avocado",
    "2 teaspoon lime juice",
    "½ teaspoon salt",
    "½ teaspoon pepper"
  ],
  "Instructions": [
    "In a medium sized mixing bowl, add 2 cups cooked and shredded chicken, ½ cup mayonnaise, 1 teaspoon freshly chopped cilantro, 1 diced large avocado, 2 teaspoon lime juice, ½ teaspoon salt and ½ teaspoon pepper. Mix until combined.",
    "Serve in a sandwich or croissant or with tortilla chips."
  ],
  "Nutrition": [
    "Calories: 192kcal",
    "Carbohydrates: 1g",
    "Protein: 1g",
    "Fat: 21g",
    "Saturated Fat: 3g",
    "Cholesterol: 12mg",
    "Sodium: 469mg",
    "Fiber: 1g",
    "Sugar: 1g",
    "Vitamin A: 20IU",
    "Vitamin C: 0.7mg",
    "Iron: 0.1mg"
  ],
  "Comments": [
    "Ft Worth Mom says:Made this recipe today and realized I didn’t have any fresh cilantro.  Reached into the fridge and thought I pulled out cilantro paste, but, after adding it, realized I pulled out basil paste instead.  It was still amazing!  My picky kids tore through it and asked for seconds.  Thanks for this simple, filling, and economical recipe.  It’s going into our meal plan rotation!",
    "Kelly Hubbard says:Thank you for this post. I’ve always believed that chicken had to be cooked to 180 using an instant read thermometer to be safe. Always dry. I do more grilling outdoors, but I’ll definitely have to look for one of those pans. Should be good for any type of meat.",
    "bepmina says:This is a lovely recipe, and one I would definitely try. This particular combination sounds delicious. Thanks for sharing!",
    "Darshan Jain says:Hi buddy,Great, Seriously This post was damn awesome, One thing that strikes me the most is your style of writing… Whoa, you explain kinds of stuff so elegantly, I could understand the concept behind this very well just by reading it once.Thanks for sharing this wonderful article, I definitely will share it on social media platforms.",
    "Hannah Flack says:This looks really wonderful. I do think spaghetti squash is a great option for enjoying traditional noodle dishes on a grain-free diet. Thanks for posting this on Food Flicks Friday.",
    "Alisha Ross says:These recipes all look amazing. If I had kids, I would totally try them with them! Cheese is my favorite food group so…..",
    "Tracy Skinner says:I am so excited to try the Avocado chicken salad sandwich.  It looks and sounds delicious",
    "The Modern Proper says:Gotta love the simple recipes like these that becomes staples in your home.",
    "Ruthie says:I would love the recipe, but can’t get it to print.  Help",
    "Alyssa says:I’m so sorry. I switched to WordPress recently and and have to convert every single recipe to a recipe card and print option. I haven’t gotten to this one yet. You can try copying and pasting it for now. 🙂",
    "Amanda says:How long would this last if I made a bunch and tried to store it? I know avocados don’t normally last long once they’ve been sliced.",
    "Alyssa says:Avocados need to be served fresh or they will brown. I made a pasta avocado salad yesterday and the avocados were brown by the evening. You could make everything else and dice the avocados and put them in right before you serve it. Let me know how you like it!  🙂",
    "Arlene says:Did you know that once the avocado has been sliced or chopped,  it can be stored in a covered container & won’t go brown if you just set the avocado pit in the container with the sliced avocado?  It works. We have stored it for 2-3 days with no browning.",
    "Unknown says:I’ll bet you could use fat free plain yogurt in place of the mayonnaise to lower the fat content.",
    "crystal says:Yes, u can. I have tried that!",
    "Elizabeth Waterson says:YUM! Chicken salad is my favorite and avocado makes anything better 🙂"
  ]
}