{
  "URL": "https://therecipecritic.com/avocado-fries/",
  "Summary": "Crispy-baked avocado fries are coated in seasoning and a crunchy garlic panko crust and then baked to crispy perfection! These are so delicious and easy to make that you will want to pair them with every meal! ",
  "Metadata": [
    "Prep Time:  10minutes",
    "Cook Time:  12minutes",
    "Total Time:  22minutes",
    "Servings: 24"
  ],
  "Ingredients": [
    "4 avocados slightly firm",
    "3 eggs",
    "1 cup flour",
    "1 cup panko",
    "1 Tablespoon Italian Seasoning",
    "1 teaspoon garlic powder",
    "1 teaspoon salt"
  ],
  "Instructions": [
    "Preheat the oven to 400 degrees. Lightly grease a baking sheet and set it aside. Slice the avocados in half lengthwise and then cut into wedges. In a shallow dish, add the eggs. In another dish, add the flour, and in the last dish, adds the panko, Italian seasoning, garlic powder, and salt.",
    "Dip the avocado into the flour, then the egg, and lastly in the panko. Lay onto your greased baking sheet.",
    "Spray the avocado with cooking spray and bake for 12-14 minutes until crispy. Serve with honey chipotle dip if desired."
  ],
  "Nutrition": [
    "Calories: 91kcal",
    "Carbohydrates: 9g",
    "Protein: 2g",
    "Fat: 6g",
    "Saturated Fat: 1g",
    "Polyunsaturated Fat: 1g",
    "Monounsaturated Fat: 4g",
    "Trans Fat: 0.002g",
    "Cholesterol: 20mg",
    "Sodium: 126mg",
    "Potassium: 185mg",
    "Fiber: 3g",
    "Sugar: 0.4g",
    "Vitamin A: 82IU",
    "Vitamin C: 3mg",
    "Calcium: 16mg",
    "Iron: 1mg",
    ""
  ],
  "Comments": [
    "tina vernum says:Can. You. Deep. Fry. Them",
    "Alyssa Rivers says:Yes! That will be great too!",
    "Roxanne Whittekiend says:I’ve had something like this at a restaurant. Glad I have a recipe for them now",
    "The Modern Proper says:These look absolutely amazing! I had never thought to make avocado fries. I love that you can use unripe avocados. I want to try it out! I’m so curious what the flavor is like. Keep these fun recipes coming!",
    "Alexandra Brown says:You have some nice recipes and I would love to get some of those recipes so I would appreciate if you can send me them thank you so much"
  ]
}