{
  "URL": "https://therecipecritic.com/avocado-chocolate-pudding/",
  "Summary": "Avocado chocolate pudding is a creamy and dark dairy free chocolate pudding with fresh and good-for-you ingredients! Not only does it taste better than regular pudding, but it's as easy as putting all of the ingredients in the blender to curb your sweet tooth without all the guilt.",
  "Metadata": [
    "Prep Time:  5minutes",
    "Cook Time:  0minutes",
    "Total Time:  5minutes",
    "Servings:  2People"
  ],
  "Ingredients": [
    "2 ripe avocados pits removed",
    "4 tablespoons cocoa powder",
    "⅓ cup honey",
    "½ cup milk of your choice I used almond",
    "1 teaspoon vanilla extract"
  ],
  "Instructions": [
    "In a blender or food processor, add all the ingredients and blend until the pudding is smooth and creamy. You can add more or less milk depending on what you want the texture to be."
  ],
  "Nutrition": [
    "Calories: 559kcal",
    "Carbohydrates: 73g",
    "Protein: 8g",
    "Fat: 33g",
    "Saturated Fat: 6g",
    "Polyunsaturated Fat: 4g",
    "Monounsaturated Fat: 21g",
    "Cholesterol: 7mg",
    "Sodium: 42mg",
    "Potassium: 1251mg",
    "Fiber: 17g",
    "Sugar: 51g",
    "Vitamin A: 392IU",
    "Vitamin C: 20mg",
    "Calcium: 116mg",
    "Iron: 3mg"
  ],
  "Comments": [
    "Shelly Bennett-Bale says:This is so so good. You would never know its made with avacado!!! It definetly satisfied my night time sweet tooth",
    "Alyssa Rivers says:I agree!",
    "Baby Doll says:I had hoped this would taste like, or even better than, regular chocolate pudding.  However, it had faint avocado taste in each bite. Are you suppose to taste the avocado or did I do something wrong?",
    "Sonia F says:I made this avocado chocolate pudding; it is delicious; we used lactaid 2% milk and let it get cold in the refrig.  My husband loves choc pie and he’s loving the choc pudding",
    "Christine says:I made the Avocado Chocolate Pudding but next time I’m going to chop up the avocados into smaller pieces before blending.  I’m also going to use a different sweetener.  It seems that me & honey don’t get along.  I also ilke evaporated milk on my pudding when I put it in the bowl to eat & I found A small carton of it that is lactose free.",
    "Renee Bentz says:How long is this good for?",
    "Alyssa Rivers says:You can store leftovers in the refrigerator for up to 4 days."
  ]
}