{
  "URL": "https://therecipecritic.com/avocado-basil-pasta/",
  "Summary": "Avocado Basil Pasta is the perfect salad for summer! Full of ripe creamy avocados, crisp bacon and juicy tomatoes, you and yours truly are going to love this!",
  "Metadata": [
    "Prep Time:  10minutes",
    "Cook Time:  10minutes",
    "Total Time:  20minutes",
    "Servings:  4Servings"
  ],
  "Ingredients": [
    "8 ounces dried bow tie  and/or wagon wheel pasta",
    "2 medium avocados halved, seeded, peeled, and coarsely chopped",
    "2 medium ripe tomatoes roughly chopped",
    "6 slices bacon crisp cooked, drained, and crumbled",
    "2/3 cup fresh basil chopped",
    "2 tablespoons lemon juice",
    "1 tablespoon olive oil",
    "3 cloves garlic minced",
    "1/4 teaspoon ground black pepper",
    "1/8 teaspoon salt",
    "1/2 cup parmesan cheese shredded"
  ],
  "Instructions": [
    "Cook the pasta according to package directions. Rinse and set aside.",
    "In a large bowl combine the avocados, tomatoes, bacon, basil, lemon juice, olive oil, garlic pepper and salt. Add the pasta and toss to combine.",
    "Transfer to a serving bowl and sprinkle with cheese."
  ],
  "Nutrition": [
    "Calories: 606kcal",
    "Carbohydrates: 56g",
    "Protein: 19g",
    "Fat: 36g",
    "Saturated Fat: 9g",
    "Cholesterol: 30mg",
    "Sodium: 506mg",
    "Potassium: 857mg",
    "Fiber: 9g",
    "Sugar: 4g",
    "Vitamin A: 968IU",
    "Vitamin C: 23mg",
    "Calcium: 189mg",
    "Iron: 2mg"
  ],
  "Comments": [
    "Annette says:Avocado Basil Pasta received rave reviews from extended family members when my grandson and I made it, including a phone call from a 17 year old granddaughter! It was delicious!",
    "Beth says:Has anyone substituted the basil for cilantro? If so, how was it?",
    "Leslie says:This was Delish!!",
    "Angelina says:YUM! we’re lovin’ ALL of your salads, especially now that’s summer & pretty hot & humid here.  This sounds like yet another winner, & I know that we’ll love it.  Thanks ?",
    "Carol says:I made this for dinner tonight and added some rotisserie chicken breast to make it the main (and only) dish.  This is definitely a keeper recipe! DELICIOUS!!",
    "Linda says:Avocados were on sale last week and I bought too many (I know-how can you have too many avocados?!) I made this salad to rave reviews to all who tried it and this will be in my recipe file for many repeat performances!  And don’t skimp on the fresh basil-the flavor in those shreds is KEY!",
    "Audrey says:I made this for dinner tonight and it was so good. I used spaghetti squash instead of pasta.  Will  definitely be making this regularly. Thanks!",
    "NavyWife says:Skipped the bacon and avocado (couldn’t find a ripe one) and this was still yummy and delicious! Will definitely make this again!!",
    "Christine says:Do you make this ahead and chill it?",
    "Alyssa says:This is best served fresh because the avocados will brown.  You could always add the avocados right before serving if you want make it a little bit earlier! 🙂",
    "Christina Espinoza says:Looks delicious, making it this weekend!",
    "Chung-Ah | Damn Delicious says:Love this! It has all of my favorite ingredients too!",
    "Robyn says:What’s red in the picture?? Looks like bell pepper or tomato but I don’t see that in the ingredient list…",
    "Alyssa says:Sorry I forgot to add the tomatoes!  I have fixed that.  You will need 2 medium sized tomatoes. 🙂",
    "Caroline {TheBarbeeHousewife} says:It has been a mild summer here in NC, I am thankful to get a 20 minute break from the rain to send my husband out to the grill! I love the idea of this pasta, it looks perfect! Thanks for sharing!",
    "Alyssa says:The sun was finally out today and we were able to grill! 🙂 Let me know how you like this! 🙂"
  ]
}