{
  "URL": "https://therecipecritic.com/avocado-chicken-bacon-chopped-salad-creamy-basil-dressing/",
  "Summary": "Avocados, Chicken, Bacon, and tomatoes come together in this fresh and delicious salad giving it amazing flavor! One of the best salads that I have EVER had!",
  "Metadata": [
    "Prep Time:  25minutes",
    "Total Time:  25minutes",
    "Servings:  6Servings"
  ],
  "Ingredients": [
    "4 cups chopped romaine lettuce",
    "1 pound boneless skinless chicken breast, cooked and chopped",
    "6 slices bacon, cooked and crumbled",
    "3 large avocados, diced",
    "1 pint grape tomatoes, cut in half",
    "¼ cup crumbled feta cheese",
    "8 ounces sour cream",
    "2 tablespoons apple cider vinegar",
    "1 tablespoon heavy whipping cream",
    "1 tablespoon granulated sugar",
    "1 teaspoon salt",
    "1 teaspoon ground black pepper",
    "2 tablespoons chopped fresh basil"
  ],
  "Instructions": [
    "Add 4 cups chopped romaine lettuce, 1 pound boneless skinless chicken breast,, 6 slices bacon, 3 large avocados, 1 pint grape tomatoes, and ¼ cup crumbled feta cheese to a large bowl and toss until evenly combined.",
    "Whisk together 8 ounces sour cream, 2 tablespoons apple cider vinegar, 1 tablespoon heavy whipping cream, 1 tablespoon granulated sugar, 1 teaspoon salt, 1 teaspoon ground black pepper, and 2 tablespoons chopped fresh basil. Pour over the salad and toss to coat it evenly. Serve immediately."
  ],
  "Nutrition": [
    "Calories: 468kcal",
    "Carbohydrates: 17g",
    "Protein: 24g",
    "Fat: 35g",
    "Saturated Fat: 11g",
    "Polyunsaturated Fat: 4g",
    "Monounsaturated Fat: 17g",
    "Trans Fat: 0.04g",
    "Cholesterol: 94mg",
    "Sodium: 718mg",
    "Potassium: 1139mg",
    "Fiber: 8g",
    "Sugar: 6g",
    "Vitamin A: 3899IU",
    "Vitamin C: 23mg",
    "Calcium: 109mg",
    "Iron: 2mg",
    ""
  ],
  "Comments": [
    "Michelle Royall says:This was so delicious and easy to make. Everyone in the family loved it from the picky 18 year old to the husband. I will definitely add this to the line up.",
    "Jackie says:HiHow did you cook the chicken for this salad.",
    "nicollette says:Yummy!! How many calories is this?",
    "Sara Dodd says:I love that we can print your recipes out, anything I can’t print out I don’t try.  Food network don’t let you print their recipes out anymore, so I don’t even go there anymore.   Your recipes look so good I can’t wait to try them.  Thank you.  Sara",
    "Allison @ Wine and the Wooden Spoon says:This salad looks awesome and the fact that I have a couple avocados in the fridge waiting to be used and some bacon in the freezer makes me want to try this! Also, you could totally sub greek yogurt for the sour cream so it’s a tad healthier!"
  ]
}