{
  "URL": "https://therecipecritic.com/bacon-wrapped-brussels-sprouts/",
  "Summary": "Bacon Wrapped Brussels Sprouts have a drizzle of maple and are perfectly baked until golden brown. It's a MUST-MAKE appetizer this holiday season!",
  "Metadata": [
    "Prep Time:  15minutes",
    "Cook Time:  30minutes",
    "Total Time:  45minutes",
    "Servings:  6servings"
  ],
  "Ingredients": [
    "1 pound Brussels sprouts",
    "1 tablespoon olive oil",
    "salt to taste",
    "ground black pepper to taste",
    "1 pound bacon cut in half",
    "½ cup real maple syrup",
    "3 tablespoons packed brown sugar"
  ],
  "Instructions": [
    "Preheat the oven to 400 degrees Fahrenheit.  Line a baking sheet with parchment paper or aluminum foil and set aside.",
    "Trim the stem ends of 1 pound Brussels sprouts and add them to a medium bowl. Toss them with 1 tablespoon olive oil, salt, and ground black pepper to taste.",
    "Wrap each Brussels sprout with a half slice of the 1 pound bacon cut in half, and secure with a toothpick, if necessary. Lay them on the baking sheet so they don’t touch each other.",
    "Whisk together ½ cup real maple syrup and 3 tablespoons packed brown sugar in a small bowl. Use a pastry brush to brush this over the tops of the Brussels sprouts.",
    "Bake for 30 minutes, flipping them halfway through, until the bacon is crisp and the Brussels sprouts are tender. Remove immediately from the baking sheet and place them on a serving dish. Serve warm with your favorite creamy dip."
  ],
  "Nutrition": [
    "Calories: 464kcal",
    "Carbohydrates: 32g",
    "Protein: 12g",
    "Fat: 33g",
    "Saturated Fat: 10g",
    "Polyunsaturated Fat: 5g",
    "Monounsaturated Fat: 15g",
    "Trans Fat: 0.1g",
    "Cholesterol: 50mg",
    "Sodium: 524mg",
    "Potassium: 512mg",
    "Fiber: 3g",
    "Sugar: 24g",
    "Vitamin A: 598IU",
    "Vitamin C: 64mg",
    "Calcium: 70mg",
    "Iron: 1mg",
    ""
  ],
  "Comments": [
    "Pat C says:What is the dip shown in the picture. I want that recipe as well please.",
    "Alyssa Rivers says:Hi Pat, I am having a hard time remembering what I made for the dip. I’m guessing it was my homemade ranch, or garlic aioli.",
    "Steve says:Excellent recipe!  Adjustments for time and temp should be considered depending on your equipment.  Otherwise excellent recipe that we will use again and again!!!"
  ]
}