{
  "URL": "https://therecipecritic.com/bacon-cheddar-breakfast-pizza/",
  "Summary": "Pizza for breakfast? Yes please! A thin, crispy crust topped with salty bacon, a pile of soft scrambled eggs and melted cheddar cheese.. now that's how I like to start my mornings! ",
  "Metadata": [
    "Prep Time:  15minutes",
    "Cook Time:  5minutes",
    "Total Time:  20minutes",
    "Servings:  8Slices"
  ],
  "Ingredients": [
    "1 package refrigerated pizza crust dough I used Pillsbury thin crust",
    "6 slices bacon chopped",
    "10 eggs beaten",
    "1/4 cup milk",
    "1  teaspoon salt",
    "1/2  teaspoon  pepper",
    "2 cups cheddar cheese shredded",
    "4 tablespoons mayonnaise",
    "2 tablespoons Dijon mustard",
    "2 green onions chopped"
  ],
  "Instructions": [
    "Preheat oven to 400ºF. Spread the pizza crust on a baking sheet and bake for 5 minutes.",
    "In a large skillet, cook the chopped bacon until crisp and remove to a plate. Drain all but 1 tablespoon of the bacon drippings from the skillet.",
    "Add the eggs, milk, salt and pepper to a bowl and whisk until well combined. Pour the eggs into the skillet with bacon drippings and scramble until just set, about 2-3 minutes.",
    "Mix the mayonnaise and Dijon mustard in a small bowl and spread a thin layer over the pizza crust as a \"sauce\"",
    "Add the scrambled eggs over the sauce, then top with the cheddar cheese and bacon. Bake the pizza for another 5-7 minutes until the crust is golden and the cheese is melted. Sprinkle with chopped green onions and cut into slices to serve."
  ],
  "Nutrition": [
    "Calories: 437kcal",
    "Carbohydrates: 25g",
    "Protein: 20g",
    "Fat: 28g",
    "Saturated Fat: 11g",
    "Cholesterol: 249mg",
    "Sodium: 807mg",
    "Potassium: 160mg",
    "Fiber: 1g",
    "Sugar: 4g",
    "Vitamin A: 622IU",
    "Vitamin C: 1mg",
    "Calcium: 247mg",
    "Iron: 3mg"
  ],
  "Comments": [
    "Mary says:Do you spray pan with cooking spray before you put the crust in the pan?",
    "Alyssa Rivers says:I don’t!",
    "Betty says:Hi there, Is there any way I could make this ahead of time…..even a few hours?",
    "Amy at Ms. Toody Goo Shoes says:I’m a little late for breakfast, but had to comment on this – what a great idea! A pinner!",
    "bridget b. @623Designs says:YUM! Pizza is my favorite food, and when my 20 month old wakes up in the morning, her first words are usually “Eat…pita (pizza)”. 🙂  I will definitely be giving this a try.",
    "Melanie @ Carmel Moments says:I already know my kids would be happy breakfast eaters on the day I make this. Looks so good!Have a great day Alyssa and Liz!",
    "Liz Fourez says:Thank you, Melanie! Happy kids make a happy momma, right? 🙂",
    "Amy says:I’m definitely making this!  Wonder if it freezes and reheats well.  Always looking for quick weekday breakfast ideas since I don’t have time to cook.",
    "Jennie @themessybakerblog says:I’m jumping for joy over here. Pizza for breakfast sounds amazing!",
    "Liz Fourez says:I’m jumping right along with ya, Jennie! This pizza is delish. 😉",
    "Caroline {TheBarbeeHousewife} says:This looks like a perfect breakfast, I love that you make one and tons of people can eat it!",
    "Liz Fourez says:It will definitely feed a crowd! I just love meals like that!"
  ]
}