{
  "URL": "https://therecipecritic.com/bacon-wrapped-chestnuts/",
  "Summary": "These Bacon Wrapped Chestnuts are crunchy sweet chestnuts, that are enveloped in a savory bacon and marinated in a sweet spicy sauce for the perfect flavor combination.",
  "Metadata": [
    "Prep Time:  15minutes",
    "Cook Time:  45minutes",
    "Marinate Time:  2hours",
    "Total Time:  3hours",
    "Servings:  24Chestnuts"
  ],
  "Ingredients": [
    "2 (8-ounce) cans whole water chestnuts",
    "1 pound bacon can use turkey bacon",
    "¼ cup brown sugar",
    "¼ cup sweet chili sauce",
    "½ cup mayonnaise"
  ],
  "Instructions": [
    "Cut the strips of 1 pound bacon in half.  Wrap around 2 (8-ounce) cans whole water chestnuts and stick a toothpick in the center to hold them in place.  Place in a 9 x 13-inch pan.",
    "Mix ¼ cup brown sugar, ¼ cup sweet chili sauce, and ½ cup mayonnaise together. Pour the sauce over the bacon-wrapped chestnuts.",
    "Marinate in the fridge for 2 hours.",
    "Bake at 350 degrees Fahrenheit for 45 minutes.  Broil the top for about 5 minutes at the end to crisp the bacon a little."
  ],
  "Nutrition": [
    "Calories: 132kcal",
    "Carbohydrates: 6g",
    "Protein: 3g",
    "Fat: 11g",
    "Saturated Fat: 3g",
    "Polyunsaturated Fat: 3g",
    "Monounsaturated Fat: 4g",
    "Trans Fat: 0.03g",
    "Cholesterol: 14mg",
    "Sodium: 183mg",
    "Potassium: 59mg",
    "Fiber: 0.4g",
    "Sugar: 4g",
    "Vitamin A: 10IU",
    "Vitamin C: 0.2mg",
    "Calcium: 4mg",
    "Iron: 0.2mg",
    ""
  ],
  "Comments": [
    "Y the Wait says:that looks so delicious, very curious about it’s taste.",
    "Dorothy Higginbotham says:Yes it is very delicious and well worth a try. I have 2 pans marinading right now",
    "Pat Hines says:Can you use regular bacon?",
    "Dorothy Higginbotham says:Yes",
    "Cara says:My family can’t stand nuts, so I’ll have to cut this recipe in half for just me and my boyfriend. Can’t wait to try it.",
    "Dorothy Higginbotham says:Don’t tell them what it is unless there is an allergy. Let them try it. I do it all the time to my brother-in-law that doesn’t like anything. Zucchini for instance he claimed he hates it. I let him eat it then tell him after he’s done eating it lol  I bought a loaf of chocolate zucchini bread he couldn’t eat it fast enough lol tuna he said he hates it I made a tuna salad he ate almost all of it. My late husband & friend wouldn’t eat beef liver I made a pan let it simmer half the day in onions the came in the house helped themselves to it not knowing it was liver the ate every bit of it lol it’s all in how it’s presented to get them how to try it lol",
    "Carissa Rasmussen says:We had bacon wrapped dates for thanksgiving and now they have to be a tradition. They were amazing. These look like an awesome addition too!",
    "Amy says:Now I am going to crave these!"
  ]
}