{
  "URL": "https://therecipecritic.com/bacon-cheeseburger-wraps/",
  "Summary": "Delicious bacon cheeseburgers in a wrap. This is a meal the family is sure to love!",
  "Metadata": [
    "Prep Time:  20minutes",
    "Cook Time:  10minutes",
    "Total Time:  30minutes",
    "Servings:  4Servings"
  ],
  "Ingredients": [
    "1 pound lean ground beef",
    "½ pound bacon, cooked and chopped",
    "¼ cup ketchup",
    "2 tablespoons mustard",
    "1 tablespoon Worcestershire Sauce",
    "1 teaspoon garlic salt",
    "pepper to taste",
    "4 White Tortillas, burrito size",
    "2 cups shredded cheddar cheese",
    "Green Lettuce",
    "Tomatoes"
  ],
  "Instructions": [
    "Cook the ground beef in a saucepan over medium-high heat, when the beef is browned, add in the cooked bacon and mix them together.",
    "In a small bowl, whisk the ketchup, mustard, Worcestershire sauce, salt and pepper. Add it to the ground beef and mix well.",
    "Lay a tortilla flat and put about ¼ cup of the beef mixture inside, top with desired toppings, and roll it up like a burrito.",
    "Place the assembled wrap on a panini press or grill until the cheese is melted. Enjoy fresh!"
  ],
  "Nutrition": [
    "Calories: 834kcal",
    "Carbohydrates: 18g",
    "Protein: 43g",
    "Fat: 65g",
    "Saturated Fat: 28g",
    "Cholesterol: 177mg",
    "Sodium: 1658mg",
    "Potassium: 614mg",
    "Fiber: 2g",
    "Sugar: 4g",
    "Vitamin A: 664IU",
    "Vitamin C: 1mg",
    "Calcium: 461mg",
    "Iron: 4mg"
  ],
  "Comments": [
    "Elaine Moore says:Anxious to try these!!",
    "Cindy Mc Neil says:So, so good!  Every recipe I’ve tried has been good.  Your ingredients are “normal” things that I usually have on hand – so appreciated. We don’t have a panini grill so we put the wraps on an oiled griddle and set a heavy pan on them for a nice, crispy finish. Flipped them for a few minutes and they were ready to eat. We cooked the meat and combined the other ingredients last night so all we had to do today was put the wraps together. Thanks for another great recipe!",
    "Katherine says:This is my question as well! What happens to the lettuce when you put the wrap on a panini press until the cheese melts? Doesn’t it totally wilt into mush?",
    "Alyssa says:I wouldn’t think it would wilt the lettuce unless it stayed on the press too long. The hamburger and cheese will be on the outside and the tomato and lettuce will be on in the middle away from the heat. If you prefer to press it without the lettuce and put the lettuce either on top of the panini and eat it with a fork and knife or you may be able to unwrap it a bit and place the lettuce in after you have pressed it (that may be a mess though). Let me know how it turns out!!",
    "Laura M says:What happens to the lettuce when you put the wrap on a panini press until the cheese melts?  Doesn’t it totally wilt into mush?",
    "Cindy McNeil says:Just made these – in my opinion, the lettuce was still ok even though it got warm/soft. Don’t be afraid to try it.",
    "Amy says:This recipe is a keeper! I made for my husband and he hid the rest in the fridge (there were only leftovers because there’s just the two of us). I didn’t even make it with bacon the first time as I didn’t have it on hand — so, he was even more in love when I used that the second time.",
    "hallie says:Sounds yummy I might try it minus the mustard!!!!",
    "Cindy McNeil says:We made the meat/mustard/seasonings up the night before and were a bit nervous with the strong mustard fragrance. But when we made them, it wasn’t strong at all. Just delicious!",
    "Dan says:Who doesn’t like bacon?? Bacon is magical.",
    "Kerry says:I keep a steady supply of Bacon in my house so this would be fabulous! Looks so good!"
  ]
}