{
  "URL": "https://therecipecritic.com/bacon-jam/",
  "Summary": "I know it may sound like an unusual combination, but trust me when I say bacon jam is a game-changer. This sweet and savory spread, made with crispy bacon, caramelized onions, and a touch of maple syrup, can elevate any dish from ordinary to extraordinary. It has a sweet and savory flavor that goes well with so many different foods, from toast and crackers to burgers and sandwiches.",
  "Metadata": [
    "Prep Time:  5minutes",
    "Cook Time:  20minutes",
    "Total Time:  25minutes",
    "Servings:  1Cup"
  ],
  "Ingredients": [
    "12 ounces bacon chopped",
    "2 cups sweet onion small dice",
    "¼ cup sherry vinegar",
    "1 tablespoon balsamic vinegar",
    "¼ cup brown sugar",
    "2 tablespoons maple syrup",
    "⅓ cup water",
    "½ teaspoon fresh thyme optional",
    "Salt and pepper to taste"
  ],
  "Instructions": [
    "Add the bacon to a large skillet and cook over medium-high heat until crisp. Remove with a slotted spoon to a paper towel lined plate. Discard all but 2 tablespoons of the bacon grease.",
    "Add the onions to the reserved bacon grease and cook over medium heat until the onions are translucent, about 4-5 minutes.",
    "Return the bacon to the pan and add the vinegars, brown sugar, maple syrup, water, and thyme, if desired. Cook until bubbling, then reduce the heat to low and cook for 10-15 minutes, until thick and dark.",
    "Transfer to a container and let cool completely before serving or storing in the fridge."
  ],
  "Nutrition": [
    "Calories: 1864kcal",
    "Carbohydrates: 113g",
    "Protein: 46g",
    "Fat: 135g",
    "Saturated Fat: 45g",
    "Polyunsaturated Fat: 22g",
    "Monounsaturated Fat: 59g",
    "Trans Fat: 0.5g",
    "Cholesterol: 225mg",
    "Sodium: 2309mg",
    "Potassium: 1265mg",
    "Fiber: 3g",
    "Sugar: 96g",
    "Vitamin A: 177IU",
    "Vitamin C: 17mg",
    "Calcium: 185mg",
    "Iron: 3mg",
    ""
  ],
  "Comments": [
    "keturah king says:Do you have a recommendation for adding in a jalapeno, chipotle, habanero or other spicy pepper?",
    "Sabrina says:very clever and like that it’s nicely balanced, not all bacon flavor, thank you!"
  ]
}