{
  "URL": "https://therecipecritic.com/bacon-wrapped-pickles/",
  "Summary": "Calling all pickle lovers! Meet your new favorite appetizer. These bacon wrapped pickles are the perfect combination of tangy, crunchy, and meaty, and so easy to devour!",
  "Metadata": [
    "Prep Time:  5minutes",
    "Cook Time:  20minutes",
    "Total Time:  25minutes",
    "Servings:  12people"
  ],
  "Ingredients": [
    "12 pickle spears",
    "12 slices bacon",
    "ranch dressing for dipping",
    "fresh dill chopped for garnish optional"
  ],
  "Instructions": [
    "Preheat the oven to 425 degrees Fahrenheit. Line a baking sheet with parchment paper and set aside.",
    "Use a paper towel to absorb any pickle juice from the 12 pickle spears.",
    "Wrap each pickle spear in a slice of 12 slices bacon, then place each spear on the prepared baking sheet.",
    "Bake for 20 minutes or until the bacon is crispy.",
    "Garnish with chopped fresh dill and serve with a side of ranch dressing."
  ],
  "Nutrition": [
    "Serving: 1pickle",
    "Calories: 100kcal",
    "Carbohydrates: 2g",
    "Protein: 3g",
    "Fat: 9g",
    "Saturated Fat: 3g",
    "Polyunsaturated Fat: 1g",
    "Monounsaturated Fat: 4g",
    "Trans Fat: 0.03g",
    "Cholesterol: 15mg",
    "Sodium: 671mg",
    "Potassium: 116mg",
    "Fiber: 1g",
    "Sugar: 1g",
    "Vitamin A: 127IU",
    "Vitamin C: 1mg",
    "Calcium: 36mg",
    "Iron: 0.2mg"
  ],
  "Comments": [
    "Amanda says:I LOVE pickles and these were so delicious, especially with homemade ranch! They were gone in like 5 minutes. Probably gonna make 5 times the amount for Christmas. Thank you for sharing!",
    "Alyssa Rivers says:So happy you like them! These bacon wrapped pickles are the perfect appetizer for Christmas.",
    "Ray Leiva says:Your recipe sounds delicious. Can’t wait to try it myself."
  ]
}