{
  "URL": "https://therecipecritic.com/bacon-wrapped-smokies/",
  "Summary": "These bacon wrapped smokies are the perfect sweet and salty appetizer that everyone will devour! Little smokie sausages are wrapped in crispy bacon and caramelized in a brown sugar spice blend. They are sure to be a favorite at your next party!",
  "Metadata": [
    "Prep Time:  10minutes",
    "Cook Time:  30minutes",
    "Total Time:  40minutes",
    "Servings:  30people"
  ],
  "Ingredients": [
    "1 pound bacon, cut into thirds",
    "14 ounces little smokies (cocktail sausages)",
    "⅓ cup brown sugar",
    "1 teaspoon chili powder",
    "½ teaspoon smoked paprika"
  ],
  "Instructions": [
    "Preheat oven to 375 degrees Fahrenheit.",
    "Slice 1 pound bacon, strips into thirds. Wrap each strip around one of the 14 ounces little smokies, then place in a baking dish.",
    "In a small bowl, add ⅓ cup brown sugar, 1 teaspoon chili powder, and ½ teaspoon smoked paprika. Mix to combine and sprinkle generously over the top of the bacon-wrapped smokies.",
    "Bake in the preheated oven for 30-40 minutes. The bacon will be crisp, and the brown sugar will caramelize.",
    "Enjoy warm with toothpicks for serving!"
  ],
  "Nutrition": [
    "Serving: 1smokie",
    "Calories: 74kcal",
    "Carbohydrates: 3g",
    "Protein: 2g",
    "Fat: 6g",
    "Saturated Fat: 2g",
    "Polyunsaturated Fat: 1g",
    "Monounsaturated Fat: 3g",
    "Trans Fat: 0.02g",
    "Cholesterol: 10mg",
    "Sodium: 105mg",
    "Potassium: 36mg",
    "Fiber: 0.03g",
    "Sugar: 2g",
    "Vitamin A: 42IU",
    "Vitamin C: 0.001mg",
    "Calcium: 3mg",
    "Iron: 0.1mg"
  ],
  "Comments": [
    "Andrea says:These look really yummy!",
    "Alyssa Rivers says:They’re the best!! And so simple to make!",
    "Sharon says:These look so good! Smokies-ultimate football food and of course bacon makes everything better!! I saw that you said they could be reheated in an air fryer, just wondering if anyone has made them in an air fryer."
  ]
}