{
  "URL": "https://therecipecritic.com/bacon-wrapped-carrots/",
  "Summary": "Wow, your guests this holiday season with these amazing bacon-wrapped, honey-glazed carrots! They're saucy and tender with the perfect mix of sweet and savory!",
  "Metadata": [
    "Prep Time:  10minutes",
    "Cook Time:  35minutes",
    "Total Time:  45minutes",
    "Servings:  6people"
  ],
  "Ingredients": [
    "2 pounds whole carrots, peeled (1/2 inch thick, not all of them will be used)",
    "1 pound bacon, thin-sliced",
    "1/4 cup honey",
    "salt & pepper to taste",
    "fresh parsley (optional for garnish)"
  ],
  "Instructions": [
    "Preheat oven to 425°F. Line a baking sheet with parchment paper. Set aside.",
    "Select 12 carrots of similar size and thickness from the package. Wash and peel carrots. Leave the carrots whole, do not cut the ends off.",
    "Wrap a piece of bacon tightly around each carrot. Overlap the ends so the bacon is secured. Sprinkle with salt and pepper.",
    "Place on the prepared baking sheet and roast for 30 minutes or until carrots are soft and bacon is starting to crisp.",
    "In a microwaveable bowl, warm the honey for 20 seconds to help make the honey easier to glaze. Brush the carrots with warm honey.",
    "Return the carrots back to the oven for the last 5 minutes. Remove when the honey starts to bubble and the bacon is golden and crisp. If you want the bacon crispier, you can turn the oven to broil for about 1 minute, but watch it very closely or it will burn.",
    "Remove carrots from the oven and serve! If desired, garnish carrots with fresh chopped parsley."
  ],
  "Nutrition": [
    "Calories: 783kcal",
    "Carbohydrates: 26g",
    "Protein: 1g",
    "Fat: 76g",
    "Saturated Fat: 30g",
    "Polyunsaturated Fat: 9g",
    "Monounsaturated Fat: 34g",
    "Cholesterol: 72mg",
    "Sodium: 218mg",
    "Potassium: 491mg",
    "Fiber: 4g",
    "Sugar: 19g",
    "Vitamin A: 25259IU",
    "Vitamin C: 9mg",
    "Calcium: 51mg",
    "Iron: 1mg"
  ],
  "Comments": []
}