{
  "URL": "https://therecipecritic.com/bacon-cheeseburger-soup/",
  "Summary": "A delicious hearty and creamy soup that will remind you of a bacon cheeseburger!",
  "Metadata": [
    "Prep Time:  20minutes",
    "Cook Time:  20minutes",
    "Total Time:  40minutes",
    "Servings:  6Servings"
  ],
  "Ingredients": [
    "1 pound ground beef",
    "1 pound bacon, cooked and crumbled",
    "4 tablespoons unsalted butter, divided",
    "¾ cup chopped onion",
    "¾ cup shredded carrots",
    "¾ cup diced celery",
    "1 teaspoon dried parsley flakes",
    "1 teaspoon dried basil",
    "3 cups chicken broth",
    "4 cups peeled and diced potatoes, about 3-4 large potatoes",
    "¼ cup all-purpose flour",
    "2 cups shredded cheddar cheese",
    "1 cup milk",
    "½ cup heavy cream",
    "1 teaspoon salt",
    "½ teaspoon pepper",
    "¼ cup sour cream"
  ],
  "Instructions": [
    "In a large pot over medium-high heat, cook the ground beef until it is evenly browned, drain, and set aside.",
    "In the same saucepan add 1 tablespoon butter, onion, shredded carrots, celery, parsley flakes, and basil. Cook until the vegetables are tender.",
    "Add the broth, potatoes, and cooked beef and bring to a boil. Reduce heat to low, cover, and simmer for 10-12 minutes or until the potatoes are tender.",
    "In a separate small skillet over medium-high heat, melt the remaining 3 tablespoons of butter. Whisk the flour into the butter to create a paste.",
    "Take 1 cup of the soup liquid and slowly whisk it into the butter and flour paste. once it's incorporated, whisk the mixture into the soup pot.",
    "Stir in the cheese, milk, heavy cream, salt, pepper, and crumbled bacon. Cook and stir until the cheese melts. Remove from heat and stir in sour cream."
  ],
  "Nutrition": [
    "Calories: 961kcal",
    "Carbohydrates: 30g",
    "Protein: 39g",
    "Fat: 76g",
    "Saturated Fat: 35g",
    "Cholesterol: 199mg",
    "Sodium: 1641mg",
    "Potassium: 1258mg",
    "Fiber: 5g",
    "Sugar: 4g",
    "Vitamin A: 3785IU",
    "Vitamin C: 27mg",
    "Calcium: 428mg",
    "Iron: 7mg"
  ],
  "Comments": [
    "Jana says:I’ve made this many times now, and I absolutely love it.  Friends request that I make it when they come over.  It’s so comforting.  It has a lot of flavor.  I can make it with very basic ingredients that I tend to have on hand.  It’s a real winner.  Thank you for sharing this recipe.",
    "Carla Hanzuk says:I ♥️ this soup!  So good with a warm crusty roll on a cold wintery day (or any day!) Thank you for the yummy recipe",
    "April says:Perfect! Definany has become a go to!",
    "Temika Pennyman says:I made this soup with minor tweaks (veggies) instead I used dried ingredients with the exception of onions. MY FAMILY LOVED IT, including my husband who is a very picky eater. Thank you for sharing!",
    "Tim says:Really good, I added garlic with my veggies and garnished with fresh dill pickle which i felt it really needed…Thanks for the recipe!",
    "Jayne says:I decided to review this recipe only because I made the Cheeseburger Soup recipe from this siteand in my review gave it 4 stars because it was “missing something” and that was BACON! So realizing this is pretty much the same recipe with the addition of bacon I felt at liberty to give this recipe 5 stars and a review. The only change I would make is to use some of the bacon grease (that is if you are frying your own) to cook your veggies in, instead of the butter, it will bump the flavor up even more. A really tasty, hearty, soup everyone enjoyed. I will make it again.  Thank you.",
    "Chris says:This is a phenomenal recipe! I probably made this 5 to 10 times everybody loves it and the bacon just makes it a million times better!",
    "Kristie Warning says:This website or blogger of the recipe critic has the best recipes! Bacon cheeseburger soup is 10 of 10 and I’ve tried other recipes from this site everything is A+"
  ]
}