{
  "URL": "https://therecipecritic.com/bacon-ranch-pasta-salad/",
  "Summary": "This bacon ranch pasta salad is filled with colorful veggies and perfectly contrasting textures and flavors! Every bite is so satisfying it will be an incredible hit!",
  "Metadata": [
    "Prep Time:  10minutes",
    "Cook Time:  10minutes",
    "Total Time:  20minutes",
    "Servings:  12People"
  ],
  "Ingredients": [
    "16 ounces fusilli tri-color pasta, or pasta of choice",
    "10 slices bacon, cooked and crumbled",
    "3 Roma tomatoes, diced",
    "2 cups broccoli, chopped",
    "5 ounces sliced olives",
    "2 cups cheddar cheese, shredded",
    "1 cup mayonnaise or Greek yogurt",
    "1 packet dry ranch seasoning (about 2 tablespoons)"
  ],
  "Instructions": [
    "Cook the pasta according to package directions.  Drain and rinse in cold water.",
    "Cut up your broccoli, olives, and tomatoes and add them to a large bowl.",
    "Combine the pasta, bacon, and cheese with the veggies.",
    "In a small bowl whisk the mayonnaise and dry ranch seasoning.  Add it to the bowl of pasta and veggies and mix until combined."
  ],
  "Nutrition": [
    "Calories: 304kcal",
    "Carbohydrates: 3g",
    "Protein: 8g",
    "Fat: 29g",
    "Saturated Fat: 9g",
    "Cholesterol: 40mg",
    "Sodium: 546mg",
    "Potassium: 148mg",
    "Fiber: 1g",
    "Sugar: 1g",
    "Vitamin A: 478IU",
    "Vitamin C: 16mg",
    "Calcium: 153mg",
    "Iron: 1mg"
  ],
  "Comments": [
    "K C says:Yum, I’ve made this severa times! I add cucumber and green pepper in lieu of the broccoli and olives and I cube the cheese instead of shredding it.",
    "Alyssa Rivers says:Thank you for your comment! Your variations sounds delicious!",
    "Tish says:I’ve been looking for a ranch pasta salad, and after reading your recipe, and watching the video I was hooked!!! This is easy, so tasty, and I even had bacon for it after my BLT’S last night. There’s one thing I did add and it was some finely diced Vandalia onion.Thank you so much for putting this one out here.",
    "linda Jones says:i need easy quick dinner recipes that my care provider could make in her home and bring to me in my assisted living facility. the food i get in this facility is barely edible so i am needing quick dinner recipes.  i only have a microwave to heat the dinners.  also i would like  easy salads which rrequire only few ingredients.what is a instant pot?",
    "Brenda says:This was very good, me and hubby loved it. Only change I made was I added cooked chicken. I will definitely make this again. Thanks, I love your recipes",
    "Mary Ellen says:I often make this salad – my family loves it (so do I)  – really easy and really good."
  ]
}