{
  "URL": "https://therecipecritic.com/bacon-ranch-cheese-ball/",
  "Summary": "This bacon ranch cheese ball will be your favorite go-to appetizer! The winning combination of bacon, ranch seasoning, and cheddar cheese really stands out in this tasty cheese ball. Serve with crackers and watch everyone devour it!",
  "Metadata": [
    "Prep Time:  15minutes",
    "Total Time:  15minutes",
    "Servings:  8Servings"
  ],
  "Ingredients": [
    "2 (8-ounce) packages cream cheese",
    "1 (1-ounce) packet dry buttermilk ranch dressing mix",
    "½ cup shredded cheddar cheese",
    "¼ cup thinly sliced green onion",
    "6 pieces bacon, cooked and crumbled",
    "1 cup pecans or almonds, finely chopped for coating"
  ],
  "Instructions": [
    "In a medium bowl, mix the 2 (8-ounce) packages cream cheese and 1 (1-ounce) packet dry buttermilk ranch dressing mix using an electric hand mixer.",
    "Add the ½ cup shredded cheddar cheese, ¼ cup thinly sliced green onion, and the cooked and crumbled 6 pieces bacon,.",
    "Mix to combine the ingredients together until incorporated.",
    "Shape the mixture into a ball. I like to use saran wrap to make it easy!",
    "Place 1 cup pecans or almonds, on a plate then roll the cheese ball over the nuts to coat the outside. You can make one big ball or two smaller ones!",
    "Store in the refrigerator in an airtight container until you're ready to serve. Enjoy with crackers or vegetables!"
  ],
  "Nutrition": [
    "Calories: 385kcal",
    "Carbohydrates: 8g",
    "Protein: 10g",
    "Fat: 36g",
    "Saturated Fat: 15g",
    "Cholesterol: 80mg",
    "Sodium: 663mg",
    "Potassium: 221mg",
    "Fiber: 2g",
    "Sugar: 2g",
    "Vitamin A: 877IU",
    "Vitamin C: 1mg",
    "Calcium: 146mg",
    "Iron: 1mg"
  ],
  "Comments": [
    "Kim Lee says:Made this recipe over the holidays and it was a hit with my family! Super tasty and easy to make!",
    "Kreative says:Made this recipe and it’s as good as it sounds"
  ]
}