{
  "URL": "https://therecipecritic.com/bacon-crackers/",
  "Summary": "Introducing the easiest and tastiest appetizer that every party needs! Bacon crackers start with a buttery cracker layered with salty bacon and sprinkled with brown sugar and black pepper. It only takes 4 ingredients to make this sweet and salty snack. ",
  "Metadata": [
    "Prep Time:  10minutes",
    "Cook Time:  15minutes",
    "Total Time:  25minutes",
    "Servings:  32crackers"
  ],
  "Ingredients": [
    "32 Club crackers",
    "½ pound bacon,",
    "¼ cup brown sugar",
    "cracked black pepper, to taste"
  ],
  "Instructions": [
    "Preheat the oven to 350 degrees Fahrenheit. Place a wire rack on a baking sheet.",
    "Line 32 Club crackers in a single layer on top of the wire rack.",
    "Cut ½ pound bacon, into fourths and place 1 piece on top of each cracker. Save the remaining bacon for another recipe.",
    "Sprinkle ¼ cup brown sugar over the top of the bacon. Next, sprinkle cracked black pepper, on top of the brown sugar.",
    "Bake for 15-20 minutes or until the bacon is crisp to your liking. Enjoy!"
  ],
  "Nutrition": [
    "Serving: 1cracker",
    "Calories: 51kcal",
    "Carbohydrates: 4g",
    "Protein: 1g",
    "Fat: 4g",
    "Saturated Fat: 1g",
    "Polyunsaturated Fat: 1g",
    "Monounsaturated Fat: 1g",
    "Trans Fat: 0.04g",
    "Cholesterol: 5mg",
    "Sodium: 74mg",
    "Potassium: 20mg",
    "Fiber: 0.1g",
    "Sugar: 2g",
    "Vitamin A: 3IU",
    "Calcium: 6mg",
    "Iron: 0.2mg",
    ""
  ],
  "Comments": [
    "Marla says:These crackers were cleaned out tonight when I made them. Definitely keeping this recipe! Thanks!",
    "Alyssa Rivers says:Aren’t they good? So happy you liked them!",
    "Rudy says:I made without any changes. Great. Then experimented, lightly brushed pure maple syrup first. Then made as original. WOW!",
    "Charlie says:Bacon ? Crackers ? Are Absolutely Delicious!!! You Goyya Absolutely Love ❤️ Bacon ? & Club Crackers ? Together & Put Your Brown Sugar & Black Pepper With Those Club Crackers & Bacon ? & You’ll Definitely Have A Crowd Pleaser!!! Alyssa Always Thinks Of Excellent Appitizers & She`s Pretty AWESOME & Awesome She Is About Her Desserts & Dinner & Appitizers As Well!!! Bacon ? Crackers Sounds Absolutely Awesome & Delicious To Eat Any Day Of The Week!!! Alyssa Is Absolutely Awesome In Food & Desserts & Dinner Recipes For A Excellent Cook ? & Dessert & Dinner Recipes She Has Up Her Sleeve !!! She`s Pretty AWESOME & Pretty Cool ?!!! I’m Always Waiting For Her Emails ?!!! Thank.You Alyssa Your Absolutely Awesome ?!!! On Your Desserts & Dinner & Appitizers Recipes!!! I Hope You & Your Family Are Having A Great Presidents Day Weekend This Weekend!!! Charlie Andrew Of Antelope California!!@",
    "Ralph Henry says:Sounds good I’ll try it tonight"
  ]
}