{
  "URL": "https://therecipecritic.com/bacon-wrapped-dates/",
  "Summary": "Bacon wrapped dates are the perfect combination of sweet and salty and will be the most talked about appetizer at your next party. Sweet tender dates wrapped in bacon and drizzled with honey and you won't believe how amazing these are!",
  "Metadata": [
    "Prep Time:  5minutes",
    "Cook Time:  20minutes",
    "Total Time:  25minutes",
    "Servings: 16"
  ],
  "Ingredients": [
    "12 oz. Medjool dates, pitted (smaller dates are best)",
    "1/2 package  bacon, pieces cut into thirds",
    "4 Tbsp. honey, or maple syrup",
    "kosher salt  to taste",
    "parsley for garnish"
  ],
  "Instructions": [
    "Preheat the oven to 350° Farhenheit and line a baking sheet with parchment paper and a baking rack.",
    "If you can't find already pitted dates, slice through the dates and remove any pits that are there.",
    "Wrap a precut slice of bacon around each date and secure it with a toothpick.",
    "Add the wrapped date to a baking rack on top of a baking sheet pan. Brush the wrapped dates with honey using a basting brush.",
    "Bake for 20-25 minutes or until the bacon is crispy. If you want to ensure that all parts of the bacon are crispy, turn halfway through the baking time.",
    "Once they are done, immediately drizzle with additional honey if you would like then top with coarse salt to taste.",
    "Let the dates cool a little bit then serve with fresh chopped parsley!"
  ],
  "Nutrition": [
    "Serving: 1date",
    "Calories: 128kcal",
    "Carbohydrates: 19g",
    "Protein: 2g",
    "Fat: 6g",
    "Saturated Fat: 2g",
    "Polyunsaturated Fat: 1g",
    "Monounsaturated Fat: 2g",
    "Trans Fat: 0.02g",
    "Cholesterol: 9mg",
    "Sodium: 92mg",
    "Potassium: 177mg",
    "Fiber: 1g",
    "Sugar: 17g",
    "Vitamin A: 37IU",
    "Vitamin C: 0.02mg",
    "Calcium: 15mg",
    "Iron: 0.3mg"
  ],
  "Comments": [
    "Laura says:Do you add the honey before baking and add additional after baking?",
    "Alyssa Rivers says:After wrapping the date with bacon, you can brush the wrapped dates with honey using a basting brush.",
    "Gp says:Instructuons say to “…drizzle with additional”, but there is no step to have already applied precook.",
    "Alyssa Rivers says:You can just add honey afterward if you like. Sorry for the confusion!"
  ]
}