{
  "URL": "https://therecipecritic.com/bagel-breakfast-sandwich/",
  "Summary": "Start your morning off right with this hearty and filling Bagel Breakfast Sandwich. It has everything you need to fuel your body and to keep you full until lunch. These are also perfect for breakfast on the go and always hit the spot!",
  "Metadata": [
    "Prep Time:  10minutes",
    "Cook Time:  5minutes",
    "Total Time:  15minutes",
    "Servings:  1sandwich"
  ],
  "Ingredients": [
    "1 bagel, sliced (I used everything bagel)",
    "2 eggs, scrambled or fried",
    "2 slices bacon, cooked",
    "1 slice cheddar cheese (I used American)",
    "2 slices tomato",
    "arugula",
    "half avocado, sliced"
  ],
  "Instructions": [
    "Cook the eggs and bacon right before assembling the sandwich.",
    "Toast the bagel and spread butter on the bagel if you desire.",
    "On the bottom slice of the bagel, layer on the cooked eggs and cheese. Allow the cheese to slightly melt on top of the warm eggs.",
    "Add the bacon and tomato slices.",
    "Finish with a handful of arugula, sliced avocado, and the other bagel slice."
  ],
  "Nutrition": [
    "Calories: 677kcal",
    "Carbohydrates: 60g",
    "Protein: 32g",
    "Fat: 33g",
    "Saturated Fat: 12g",
    "Polyunsaturated Fat: 5g",
    "Monounsaturated Fat: 12g",
    "Trans Fat: 0.1g",
    "Cholesterol: 373mg",
    "Sodium: 1091mg",
    "Potassium: 456mg",
    "Fiber: 3g",
    "Sugar: 2g",
    "Vitamin A: 1112IU",
    "Vitamin C: 7mg",
    "Calcium: 196mg",
    "Iron: 3mg",
    ""
  ],
  "Comments": []
}