{
  "URL": "https://therecipecritic.com/bagel-recipe/",
  "Summary": "These homemade Bagels are the perfect texture, chewy, dense, yet soft, and oh so delicious! Better than store-bought every time, these homemade bagels are way easier than you think!",
  "Metadata": [
    "Prep Time:  45minutes",
    "Cook Time:  25minutes",
    "Proofing:    1hour30minutes",
    "Total Time:    2hours40minutes",
    "Servings:  8bagels"
  ],
  "Ingredients": [
    "1 ¼ cup warm water",
    "1 tablespoon instant yeast",
    "2 tablespoons sugar",
    "1 teaspoon salt",
    "1 tablespoon oil",
    "4 cups all-purpose flour",
    "1 quart water",
    "½ cup honey"
  ],
  "Instructions": [
    "Mix 1 ¼ cup warm water (100-105 degrees Fahrenheit), 1 tablespoon instant yeast, and 2 tablespoons sugar together in the mixing bowl of a stand mixer. Set aside and allow to get frothy, about five minutes.",
    "Add 1 teaspoon salt, 1 tablespoon oil, and 4 cups all-purpose flour to the yeast mixture. Using the dough hook, mix on low speed for about 6 minutes until the dough is smooth. It should spring back if you press it with your finger and should not tear when you pull it. If it leaves an indent or tears when pulled, knead for a couple more minutes.",
    "Once it’s ready, place it in an oiled bowl and cover with plastic wrap or a clean, damp dish towel to rise for 1 ½ hours or until doubled in size.",
    "Once doubled in size, punch the dough down and turn out onto the counter. Divide into 8 equal sections and form them into balls. Using your thumb, press it through the center of the ball and stretch it out to form the bagel ring. You may feel like you’re stretching it out too much, but the bagels will proof larger as they are boiled and baked, so the center of the ring needs to be larger than you want it after all the baking is said and done. Set the rings aside to rest for 15 minutes.",
    "Preheat the oven to 425 degrees Fahrenheit.",
    "Bring 1 quart water and ½ cup honey to a boil, being careful not to over crowd the pot, as the bagels will expand as they boil. Boil the bagels for 1 minute on each side. After removing from the boiling liquid, add any desired toppings while the dough is still tacky.",
    "Bake for 25 minutes. Cool completely. Toast if desired and serve with your favorite toppings."
  ],
  "Nutrition": [
    "Calories: 321kcal",
    "Carbohydrates: 68g",
    "Protein: 7g",
    "Fat: 2g",
    "Saturated Fat: 0.2g",
    "Polyunsaturated Fat: 1g",
    "Monounsaturated Fat: 1g",
    "Trans Fat: 0.01g",
    "Sodium: 301mg",
    "Potassium: 83mg",
    "Fiber: 2g",
    "Sugar: 21g",
    "Vitamin C: 0.1mg",
    "Calcium: 16mg",
    "Iron: 3mg",
    ""
  ],
  "Comments": [
    "Brian kreider says:Just made today. Very easy to make taste great . made 4 different toppings . this is what I do on a cold windy day in PA…"
  ]
}