{
  "URL": "https://therecipecritic.com/baja-fish-tacos/",
  "Summary": "Baja Fish Tacos are made with with crispy beer battered cod and topped with pico de gallo and the perfect cilantro ranch dressing. Every bite of the fried fish is bursting with flavor but is still light and fresh enough for a perfect summer meal!",
  "Metadata": [
    "Prep Time:  10minutes",
    "Cook Time:  5minutes",
    "Total Time:  15minutes",
    "Servings:  4Tacos"
  ],
  "Ingredients": [
    "1 pound fresh cod",
    "salt and pepper",
    "1 1/2 cups flour",
    "1/2 teaspoon chili powder",
    "1/2 teaspoon paprika",
    "1/2 teaspoon garlic powder",
    "1/2 teaspoon cumin",
    "1/2 teaspoon salt",
    "1/4 teaspoon pepper",
    "12 ounce beer (Or sprite)",
    "oil for frying",
    "Fresh Pico de Gallo",
    "Cafe Rio Copycat Cilantro Ranch Dressing"
  ],
  "Instructions": [
    "Prepare the cod by cutting them in one inch pieces about 3-4 inches long.  Salt and pepper and set aside.",
    "In a medium sized bowl add the flour, chili powder paprika, garlic powder, cumin, salt and pepper.  Add the beer and stir until combined.",
    "Preheat a medium sized skillet over medium high heat, add oil until it is about 1/2 inch up the side.  Heat until the thermometer reads 350 degrees.",
    "Working in batches, dredge each piece of cod into the batter and add to the preheated oil.  Fry until golden brown about 2-3 minutes each side.  Remove and set aside on plate.",
    "Assemble the tacos on a flour tortilla and top with fresh pico and cilantro ranch dressing."
  ],
  "Nutrition": [
    "Calories: 304kcal",
    "Carbohydrates: 40g",
    "Protein: 26g",
    "Fat: 1g",
    "Saturated Fat: 1g",
    "Cholesterol: 49mg",
    "Sodium: 361mg",
    "Potassium: 541mg",
    "Fiber: 1g",
    "Sugar: 1g",
    "Vitamin A: 243IU",
    "Vitamin C: 1mg",
    "Calcium: 29mg",
    "Iron: 3mg"
  ],
  "Comments": [
    "Jerome says:As a lifelong Southern California surfer and a frequent visitor to Baja Mexico, I can say with authority that Alyssa’s recipe is one of the most accurate for Baja Fish Tacos. For authenticity, the recipe must call for cabbage, which it does! Imitators will specify lettuce which I have never seen served on fish tacos in Baja! You should also use corn tortillas, but I suppose some people may not have access to corn tortillas. The crema is substituted with cilantro ranch but you can’t have everything. The fish MUST be beer batter fried to be a real Baja fish taco, and this recipe calls for that! Great job!",
    "Alyssa Rivers says:Thank you SO much!!",
    "Angela M McCann says:This is off the hook good!!!  We will definitely be making this again and whenever we make a simple fish fry, we will be using the beer batter recipe for sure.",
    "Matt Robinson says:We were just talking about this week’s dinners, so this will have to be on our taco Tuesday night menu!",
    "Lakesha Holston says:Thank You!!!!"
  ]
}