{
  "URL": "https://therecipecritic.com/baked-fish-sticks/",
  "Summary": "Oven-baked fish sticks are crispy, tender, and SO good! Coated with breadcrumbs and delicious seasoning, these fish sticks are packed with flavor and a recipe that the whole family will enjoy! ",
  "Metadata": [
    "Prep Time:  10minutes",
    "Cook Time:  20minutes",
    "Total Time:  30minutes",
    "Servings: 4"
  ],
  "Ingredients": [
    "1 pound cod  sliced into strips",
    "salt and pepper",
    "1/2 cup flour",
    "2 large  eggs",
    "1/2 teaspoon salt",
    "1 cup Panko",
    "1/2 cup grated parmesan",
    "2 teaspoons old bay seasoning",
    "1/2 teaspoon garlic powder"
  ],
  "Instructions": [
    "Preheat the oven to 375 degrees.  Salt and pepper the cod strips.",
    "Create a breading station for the fish. In one bowl add the flour. In the second bowl whisk together the eggs and salt. In the last bowl add the Panko, parmesan cheese, old bay seasoning, and garlic powder.",
    "First dip the cod in the flour, then the egg, and lastly the Panko mix.",
    "Place on a parchment paper lined baking sheet.  Bake for 15-20 minutes or golden and crispy."
  ],
  "Nutrition": [
    "Calories: 302kcal",
    "Carbohydrates: 25g",
    "Protein: 31g",
    "Fat: 8g",
    "Saturated Fat: 3g",
    "Polyunsaturated Fat: 1g",
    "Monounsaturated Fat: 2g",
    "Trans Fat: 1g",
    "Cholesterol: 153mg",
    "Sodium: 717mg",
    "Potassium: 583mg",
    "Fiber: 1g",
    "Sugar: 1g",
    "Vitamin A: 315IU",
    "Vitamin C: 1mg",
    "Calcium: 183mg",
    "Iron: 3mg",
    ""
  ],
  "Comments": [
    "Paddy Madaleno says:Can you cook these in a air fryer?",
    "Alyssa Rivers says:Try this recipe instead! From Scratch Air Fryer Fish Sticks",
    "Paddy Madaleno says:thank you I will try it that way!!!",
    "Kate Pigula says:Can you use some other kind of fish for this recipe? Thank You.",
    "Alyssa Rivers says:You can use any white fish. They are milder in flavor so you could try Haddock or Tilapia instead!"
  ]
}