{
  "URL": "https://therecipecritic.com/baked-beans-from-scratch/",
  "Summary": "I am showing you how to make the best baked beans from start to finish.  Making homemade baked beans is a lot easier than you think!",
  "Metadata": [
    "Prep Time:  15minutes",
    "Cook Time:    2hours15minutes",
    "Soak the beans:  12hours",
    "Total Time:    14hours30minutes",
    "Servings:  8People"
  ],
  "Ingredients": [
    "3 cups dried beans, navy, pinto, and great northern",
    "½ pound chopped bacon",
    "1 chopped green bell pepper",
    "1 chopped white onion",
    "2 cups ketchup, or use tomato sauce",
    "1 cup brown sugar",
    "¼ cup molasses",
    "1 tablespoon Worcestershire sauce",
    "½ cup water"
  ],
  "Instructions": [
    "Start by adding your 3 cups dried beans, to a container and filling with water until the beans are covered.  Soak the beans for 12 hours or overnight.",
    "Rinse the beans and place them into a large pot.  Fill with water until completely submerged and bring to a boil.  Reduce the heat and simmer for one hour or until the beans are tender. Drain the beans and rinse them, then return them to the pot",
    "In a medium saucepan, add the ½ pound chopped bacon and cook until crispy.  Remove the bacon with a slotted spoon.  Add the 1 chopped green bell pepper and 1 chopped white onion to the saucepan and cook until tender.",
    "Add the bacon, onion, and green pepper to the large pot with the beans.  Add in the 2 cups ketchup, 1 cup brown sugar, ¼ cup molasses, 1 tablespoon Worcestershire sauce, and ½ cup water.  Mix and add more water if needed.",
    "Preheat oven to 300 degrees Fharenheit. Add the beans to a 9x13-inch dish, cover with foil, and bake for 2 hours.  Remove the foil the last 30 minutes."
  ],
  "Nutrition": [
    "Calories: 556kcal",
    "Carbohydrates: 96g",
    "Protein: 20g",
    "Fat: 12g",
    "Saturated Fat: 4g",
    "Polyunsaturated Fat: 2g",
    "Monounsaturated Fat: 5g",
    "Trans Fat: 0.04g",
    "Cholesterol: 19mg",
    "Sodium: 781mg",
    "Potassium: 1416mg",
    "Fiber: 11g",
    "Sugar: 50g",
    "Vitamin A: 375IU",
    "Vitamin C: 19mg",
    "Calcium: 119mg",
    "Iron: 6mg",
    ""
  ],
  "Comments": [
    "Erin McDee says:Sorry this is a question not a comment.  A question from someone who doesn’t cook but wants to start 😉The recipe calls for 1/2 pound of bacon.  Ok this is going to sound stupid, but is that cooked?  What does that look like 1/ 2 pound of bacon.  Again I am not a cook so this is a real question, please go easy on me 😉",
    "Alyssa Rivers says:Hello!! 1/2 pound bacon uncooked! Typically bacon is sold in 1 lb (16 ounce) packages, so you will use half of a package (8 ounces).",
    "Cindy says:I made this recipe for a graduation party and it was a hit. The only thing I did different was reduce the brown sugar by half. That is the only change. It was delicious. Thank you for the recipe. It is my first time making baked beans from scratch. I will definitely use this recipe again.",
    "Kathy says:What can be used in place of the molasses??",
    "Alyssa Rivers says:I would try honey instead!",
    "Kay Froese says:I made these, had them covered in water for about 18 hours.  Then did everything as the recipe says but the beans do not feel soft and cooked.  Will keeping them in  oven longer than 2 hours make them done?",
    "Alyssa Rivers says:Did you make sure to boil the beans in water and then let them simmer for an hour? This is the step where they should be tender. Baking them in the oven longer won’t help that.",
    "Tim says:I am diabetic and I was wondering if there was a substitute for the brown sugar?",
    "Alyssa Rivers says:You are welcome to leave it out but it does add the most flavor creating the best results for these baked beans.",
    "Talon Waters says:The product is good, the recipe is not. It says the total time, including prep, is 2hr 30min, however, the beans have to soak for 12 hr and the beans have to cook for 1hr. Plus the baking time and minus the soaking time (I understand why she wouldn’t include soaking into prep, but I think it should at least be included in the total time so people can see the ACTUAL time), that’s 3hr. The 3hr doesn’t include prep. It also doesn’t say to put a lid on the beans and only says to bring to a boil, in both cases, I had to put a lid on the beans and bring the beans to a rolling boil. Lastly, the recipe doesn’t always include how intense you would want the flame to be.",
    "Tami says:Just made these and they were quite tasty.  A little too sweet for us, so I think i will cut down on the brown sugar and molasses next time.  Will definitely make them again with a little tweaking!",
    "Theresa says:This is the second time making these and our family and friends love, it is a no fail recipe!",
    "Misha says:Very good recipe! It looks very tasty! I will try this tonight!",
    "Debra says:This looks absolutely delicious!!!  Wondering if this recipe is suitable for slow cooking via crockpot.",
    "Desicar says:What a fabulous recipe! So easy and tasty! I’ll definitely be making this one again!",
    "Kimberly Rosene says:I’m so very excited to try this. I love baked beans from scratch. My great grandma used to make them.",
    "Sabrina says:great walk through of baked beans from scratch, a good reminder since it’s been so long since I’ve made them, I rely way too much on some kind of pre-made processed versions of these since legumes are a regular part of my diet, so thank you"
  ]
}