{
  "URL": "https://therecipecritic.com/baked-sesame-teriyaki-salmon/",
  "Summary": "Baked Sesame Teriykai Salmon is a five star salmon baked with the best homemade sesame teriyaki sauce. This is easily one of the best things that you will eat!",
  "Metadata": [
    "Prep Time:  10minutes",
    "Cook Time:  25minutes",
    "Total Time:  35minutes",
    "Servings:  4servings"
  ],
  "Ingredients": [
    "4 6-ounce salmon fillets",
    "½ cup packed brown sugar",
    "½ cup low-sodium soy sauce regular soy sauce will work, just reduce salt to ¼ teaspoon",
    "¼ cup apple cider vinegar",
    "2 teaspoons minced garlic",
    "¼ teaspoon ground black pepper",
    "½ teaspoon salt",
    "½ teaspoon sesame oil",
    "1 tablespoon cornstarch",
    "1 tablespoon water",
    "thinly sliced green onions for garnish",
    "sesame seeds for garnish"
  ],
  "Instructions": [
    "Preheat the oven to 400 degrees Fahrenheit. Spray a 9 x 13 x 1-inch sheet pan or baking dish with nonstick cooking spray and set aside.",
    "In a small saucepan, whisk together ½ cup packed brown sugar, ½ cup low-sodium soy sauce, ¼ cup apple cider vinegar, 2 teaspoons minced garlic, ¼ teaspoon ground black pepper, ½ teaspoon salt, and ½ teaspoon sesame oil. Cook over medium heat for 3 minutes until simmering and the brown sugar has dissolved.",
    "In a small bowl, combine 1 tablespoon cornstarch and 1 tablespoon water. Slowly whisk the cornstarch mixture into the saucepan.",
    "Bring the sauce to a boil and cook for about 1-2 minutes until the mixture just starts to thicken. Remove from heat. Remove ¼ cup of the sauce and reserve it on the side for later.",
    "Place 4 6-ounce salmon fillets in the prepared pan and pour the remaining sauce even over the top. You can use a pastry brush to brush it evenly over it if you would like.",
    "Cover the pan with aluminum foil and bake for 15-17 minutes until the salmon is opaque in the center, or a thermometer reaches 145 degrees Fahrenheit. You can remove the aluminum foil for the last few minutes of baking to brown the top of the salmon if you would like. Remove the pan from the oven.",
    "Brush the top of the salmon with the reserved ¼ cup of sauce. Garnish with thinly sliced green onions and sesame seeds. Serve immediately with rice."
  ],
  "Nutrition": [
    "Calories: 382kcal",
    "Carbohydrates: 31g",
    "Protein: 37g",
    "Fat: 11g",
    "Saturated Fat: 2g",
    "Polyunsaturated Fat: 5g",
    "Monounsaturated Fat: 4g",
    "Cholesterol: 94mg",
    "Sodium: 1522mg",
    "Potassium: 1001mg",
    "Fiber: 0.3g",
    "Sugar: 27g",
    "Vitamin A: 69IU",
    "Vitamin C: 0.5mg",
    "Calcium: 57mg",
    "Iron: 2mg"
  ],
  "Comments": [
    "Julie Farris says:Can this be made on a pellet grill/smoker?",
    "Alyssa Rivers says:I haven’t tried that before but I’m sure it would work!",
    "Eileen says:This Teriyaki Salmon recipe is the absolute BEST EVER! My entire family loves it! It is so easy and so scrumptious!!!  Thank you for sharing!",
    "Edian @ Best Ninja Blender says:love salmon and this recipe excites me a lot for my family reunion as my mom will be making it. have already shared this with her xD",
    "rachael shoemaker says:this is a regular staple meal in our house. easy and delish!! thanks!",
    "Luna Regina says:Fantastic recipe! I may never buy teriyaki sauce again – so easy to make.",
    "Sissa Othman says:Seriously the best salmon I’ve ever had! Makes you feel like you’ve cooked a 5 star restaurant meal."
  ]
}