{
  "URL": "https://therecipecritic.com/bake-lemon-blueberry-cheesecake-bars/",
  "Summary": "My favorite flavor of spring is lemon. And blueberry compliments the tartness of lemon so perfectly. The result of these bars were fantastic!",
  "Metadata": [
    "Prep Time:  20minutes",
    "Chill Time:  3hours",
    "Total Time:    3hours20minutes",
    "Servings:  9Servings"
  ],
  "Ingredients": [
    "5 tablespoons butter, melted",
    "1 cup graham cracker crumbs",
    "16 ounces cream cheese, softened, 2 8-ounce packages",
    "¼ cup powdered sugar",
    "½ cup heavy whipping cream",
    "2 tablespoons lemon Juice",
    "1 tablespoon lemon zest,  about 1 lemon",
    "1 ½ teaspoons unflavored gelatin, optional to help the cheesecake set",
    "1 (21-ounce) can blueberry pie filling"
  ],
  "Instructions": [
    "Line a 9 x 9 x 2-inch pan with parchment paper and lightly spray with pan spray. Set aside.",
    "Add the graham cracker crumbs and melted butter to a medium bowl and mix until it resembles damp sand. Press the graham cracker mixture evenly into the prepared pan. Chill in the refrigerator while you prepare the cheesecake filling.",
    "Add the cream cheese and powdered sugar to a large bowl and beat with a hand mixer until smooth. Add the lemon juice and lemon zest and beat until combined.",
    "Add the light cream and gelatin to a small bowl and microwave for about 30 seconds. Stir until the gelatin is dissolved before mixing it into the cream cheese mixture until fully combined.",
    "Spread the cheesecake evenly over the chilled crust. Cover with plastic wrap or foil and chill for at least 3 hours.",
    "Before serving spread the blueberry pie filling over the top of the cheesecake. Cut into squares and serve."
  ],
  "Nutrition": [
    "Calories: 453kcal",
    "Carbohydrates: 43g",
    "Protein: 5g",
    "Fat: 29g",
    "Saturated Fat: 17g",
    "Polyunsaturated Fat: 1g",
    "Monounsaturated Fat: 8g",
    "Trans Fat: 0.3g",
    "Cholesterol: 83mg",
    "Sodium: 283mg",
    "Potassium: 178mg",
    "Fiber: 2g",
    "Sugar: 33g",
    "Vitamin A: 1081IU",
    "Vitamin C: 3mg",
    "Calcium: 86mg",
    "Iron: 1mg",
    ""
  ],
  "Comments": [
    "Sandra says:Hi AlyssaI am not sure why I am not able to download you’re recipes that way I am able to keep them on download until I am able to print them – most of the time I can send them to other email and have them  printed out -EMail I have from you today for lemon recipes I cannot download or send to other email – would like to have those recipes as always I enjoy you’re recipes very much. thanks.Sincerely,Sandra.",
    "Alyssa Rivers says:Hi Sandra,Thank you for letting me know! I am sorry that you are having a problem with the recipes. I just tried a few of them and they seem to be working for me. If you are still having a problem with them please let me know which ones and I will look into them specifically. You are welcome to copy and paste the recipe onto a word document if you need to do that too. Let me know how that works. Thanks so much for following along with me! Your Recipe Critic,Alyssa",
    "Ethel Harrison says:Im not sure my comment was sent so I’m just making sure. So glad to have found your site. Your foodie palette seems just like mine. Your recipes seem so easy and sounds amazing and I will be trying many of these recipes. ThanksAlthough i just found you today and havent really tried them, judging from what I’m seeing This is going to be a 5 Star experience",
    "Ethel Harrison says:Wow! Your recipes seem so easy and sounds amazing. Just found you today but, believe me I will be trying many of these recipes.  Your foodie palette seems just like mine. You are sure to be hearing lots from me in the future! Thanks",
    "Alyssa Rivers says:That is great to hear! I am so glad to have you following along with me and all your support! Thank you so much for your kind words. I hope you are able to find some recipes that will work great for you. Thanks so much! XOXO",
    "Jennifer Gober says:This looks delicious! I am wondering if it would work in a premade Graham cracker crust because everytime I try to make one it’s about 50/50 on whether it comes out right.",
    "Novelline Mahambie says:The recipes looks devine and easy to make.send some more please!"
  ]
}