{
  "URL": "https://therecipecritic.com/baked-bananas/",
  "Summary": "Baked bananas are deliciously sweet with a touch of cinnamon and honey! They are baked to perfection and I love nothing more than a dessert that's easy AND made with fruit!",
  "Metadata": [
    "Prep Time:  5minutes",
    "Total Time:  15minutes",
    "Servings: 3"
  ],
  "Ingredients": [
    "3 bananas",
    "1 Tablespoon butter melted",
    "1 Tablespoon honey",
    "1 teaspoon cinnamon",
    "Optional toppings:",
    "Chocolate Chips",
    "whipping cream"
  ],
  "Instructions": [
    "Preheat the oven to 350 degrees.  Cut the banana in half and lay in a 9×13 inch baking dish.",
    "Combine melted butter, honey and cinnamon and evenly spread onto the tops of the bananas.",
    "Bake for 15 minutes until they are as soft as you would like them.  Serve with optional toppings."
  ],
  "Nutrition": [
    "Calories: 484kcal",
    "Carbohydrates: 100g",
    "Protein: 4g",
    "Fat: 13g",
    "Saturated Fat: 8g",
    "Polyunsaturated Fat: 1g",
    "Monounsaturated Fat: 3g",
    "Trans Fat: 0.5g",
    "Cholesterol: 30mg",
    "Sodium: 95mg",
    "Potassium: 1290mg",
    "Fiber: 10g",
    "Sugar: 60g",
    "Vitamin A: 582IU",
    "Vitamin C: 31mg",
    "Calcium: 42mg",
    "Iron: 1mg",
    ""
  ],
  "Comments": [
    "Sue says:Great recipe – delicious and using up at least 1 Banana per person.  You dont need much butter or honey – just a little.  I added some sprinkles and whole mixed nut at the end and served with some natural yogurt. The sharpness of the natural yogurt and sweetness of the banana compliment each other."
  ]
}