{
  "URL": "https://therecipecritic.com/baked-apple-chips/",
  "Summary": "These Bakes Apple Chips are super simple to make. All you do is slice each apple SUPER thin, sprinkle them with cinnamon-sugar and let the oven do the rest. Easy peasy!",
  "Metadata": [
    "Prep Time:  10minutes",
    "Cook Time:  1hour",
    "Total Time:    1hour10minutes",
    "Servings:  8Servings"
  ],
  "Ingredients": [
    "3 medium apples Granny Smith, Honey Crisp, and/or Pink Lady",
    "1/4 cup granulated sugar",
    "1/2 Tablespoon ground cinnamon"
  ],
  "Instructions": [
    "Preheat oven to 225F degrees. Line two baking sheets with silicone baking mats or parchment paper. Set aside.",
    "In a small bowl, mix sugar and cinnamon together. Set aside.",
    "Using a mandoline or a sharp knife, thinly slice the apples. Evenly, spread the apple slices onto the prepared baking sheets. Sprinkle cinnamon-sugar mixture over top of each apple slice.",
    "Bake for 1 hour, flip the apple slices over, sprinkle with more cinnamon sugar, and bake for another hour."
  ],
  "Nutrition": [
    "Calories: 86kcal",
    "Carbohydrates: 23g",
    "Protein: 1g",
    "Fat: 1g",
    "Saturated Fat: 1g",
    "Sodium: 1mg",
    "Potassium: 73mg",
    "Fiber: 2g",
    "Sugar: 20g",
    "Vitamin A: 37IU",
    "Vitamin C: 3mg",
    "Calcium: 14mg",
    "Iron: 1mg",
    ""
  ],
  "Comments": [
    "Lauren Stacey Cardon says:This recipe is easy and delicious; I’m doing it for the second time today. My one issue is that the apple slices don’t crisp up with only two hours of baking. Today I’ve baked them for 3 hours and they’re still not crisp. So it may be worth experimenting with time and temperature to get the crisp level you want.",
    "Kelly says:Looks tempting… I’ve just got a small doubt, instead of baking it, would it be good if I shallow fry the apple slices? Need your word on this… Thanks in advance 🙂",
    "Ashley says:This looks great! I’ll have to try it. 🙂 Fall is my favorite season for cooking and baking! I love apple and pumpkin recipes. Yesterday I had a mind-blowing thought. Someone needs to create a dessert that combines apples and cookie butter. I would love you forever if you post such a goodie on here!"
  ]
}