{
  "URL": "https://therecipecritic.com/baked-caprese-chicken/",
  "Summary": "Baked Caprese chicken is nothing less than delicious and delightful! It's fancy enough for company but simple enough for a quick and easy weeknight dinner that your family will go crazy for! ",
  "Metadata": [
    "Prep Time:  5minutes",
    "Cook Time:  30minutes",
    "Total Time:  35minutes",
    "Servings:  4people"
  ],
  "Ingredients": [
    "1 pound boneless skinless chicken breasts",
    "1/4 cup balsamic vinegar",
    "2 Tablespoons honey",
    "1 cloves garlic minced",
    "1 Tablespoons olive oil",
    "1 teaspoons italian seasoning",
    "1/4 teaspoon salt",
    "pinch of pepper",
    "1 cup cherry tomatoes",
    "2 large tomatoes sliced",
    "4 slices mozerella cheese",
    "chopped basil for garnish"
  ],
  "Instructions": [
    "Preheat oven to 400 degrees.  Add the chicken to a 9×13 inch pan.",
    "In a small bowl whisk the balsamic vinegar, honey, garlic, olive oil, Italian seasoning, salt, and pepper.",
    "Pour over the chicken and add cherry tomatoes to the side of the chicken.  Place the tomato slices on the top.",
    "Bake for about 20-25 minutes or internal temperature is 165 degrees.  Add cheese for the last 5 minutes to melt.",
    "Garnish with fresh chopped basil if desired."
  ],
  "Nutrition": [
    "Calories: 317kcal",
    "Carbohydrates: 18g",
    "Protein: 32g",
    "Fat: 13g",
    "Saturated Fat: 5g",
    "Polyunsaturated Fat: 1g",
    "Monounsaturated Fat: 5g",
    "Trans Fat: 1g",
    "Cholesterol: 95mg",
    "Sodium: 468mg",
    "Potassium: 771mg",
    "Fiber: 2g",
    "Sugar: 15g",
    "Vitamin A: 1174IU",
    "Vitamin C: 23mg",
    "Calcium: 176mg",
    "Iron: 1mg",
    ""
  ],
  "Comments": [
    "David Perry says:Tried this for our men’s club w/ 90 servings. Got lots of compliments!",
    "Kristen G says:Delicious and very easy preparation.",
    "Michelle says:I just took out chicken thighs this morning.  I am making this tonight. I might throw some broccoli in (before it goes bad).  Can’t wait!",
    "Amy says:This was so good!! Followed recipe exactly and loved how easy and quick it was! Will be making this on repeat.",
    "Danielle says:This was super simple and so delicious! I made up some orzo and mixed it into the sauce left in the pan when I served it!",
    "Carol says:Instead of tomatoes I did a home made tomatoes sauce, indid a basalmic glaze once it was ready.",
    "Alyssa Rivers says:That sounds delicious!",
    "LS says:This recipe was so delicious! I also was a bit surprised by the thinness of the sauce, but it did infuse the flavor into the chicken well. While it was baking I made a balsamic reduction to drizzle over the completed meal and it was perfect. I used halved grape tomatoes instead of slices, and dropped them on the chicken after placing mozz slices and basil leaves. Once the cheese melted it was perfect with the grape tomatoes and ended up with one in each bite. Will absolutely make again and again! Was great with asparagus and orzo, and also with little roasted potatoes .",
    "Liesela Austin says:I’m having ur recipe for Caprese chicken tonight and I am so excited ?!!!"
  ]
}