{
  "URL": "https://therecipecritic.com/baked-fries/",
  "Summary": "These golden, baked fries are perfectly crispy without the mess of deep-frying! Tossed with oil and tasty Italian herbs, these are sure to become a new family favorite!",
  "Metadata": [
    "Prep Time:  15minutes",
    "Cook Time:  40minutes",
    "Total Time:  55minutes",
    "Servings:  4people"
  ],
  "Ingredients": [
    "4 medium sized russet potatoes",
    "1 Tablespoon Olive oil",
    "1 teaspoon Italian seasoning",
    "2 Tablespoons parmesan",
    "1/2 teaspoon salt",
    "1/4 teaspoon pepper"
  ],
  "Instructions": [
    "Preheat oven to 425 degrees. Slice the potato using a fry cutter or slice into ¼ inch strips. Rinse in cold water and pat dry with a paper towel.",
    "In a medium sized bowl toss with olive oil, Italian seasoning, parmesan, salt and pepper.",
    "Line a baking sheet with parchment paper and spread the fries in an even layer on the baking sheet. Bake for 20 minutes and then flip. Bake for an additional 15-20 minutes or until golden and crisp.",
    "Serve with ketchup or fry sauce."
  ],
  "Nutrition": [
    "Calories: 211kcal",
    "Carbohydrates: 39g",
    "Protein: 6g",
    "Fat: 4g",
    "Saturated Fat: 1g",
    "Polyunsaturated Fat: 1g",
    "Monounsaturated Fat: 3g",
    "Cholesterol: 2mg",
    "Sodium: 342mg",
    "Potassium: 899mg",
    "Fiber: 3g",
    "Sugar: 1g",
    "Vitamin A: 31IU",
    "Vitamin C: 12mg",
    "Calcium: 66mg",
    "Iron: 2mg"
  ],
  "Comments": [
    "Mary T. says:Do you have a fry cutter that you recommend? Love all of your recipes!",
    "Alyssa Rivers says:Yes! I do love this fry cutter: https://amzn.to/3L4gO4K."
  ]
}