{
  "URL": "https://therecipecritic.com/baked-parmesan-garlic-chicken/",
  "Summary": "This parmesan garlic chicken is perfectly baked tender and juicy chicken that is lightly seasoned with Italian seasoning and garlic powder and then sprinkled with parmesan.  All made in under 30 minutes! ",
  "Metadata": [
    "Prep Time:  10minutes",
    "Cook Time:  20minutes",
    "Total Time:  30minutes",
    "Servings:  4Chicken breasts"
  ],
  "Ingredients": [
    "4 boneless skinless chicken breasts",
    "1 packet dry Italian dressing",
    "½ cup grated parmesan cheese",
    "1 teaspoon garlic powder"
  ],
  "Instructions": [
    "Preheat oven to 400 degrees Fahrenheit. In a small bowl, mix the 1 packet dry Italian dressing, ½ cup grated parmesan cheese, and 1 teaspoon garlic powder.",
    "Rub the 4 boneless skinless chicken breasts with the seasoning mixture and place them in a shallow baking dish.",
    "Bake the chicken breasts for 20-25 minutes or until no longer pink."
  ],
  "Nutrition": [
    "Calories: 185kcal",
    "Carbohydrates: 2g",
    "Protein: 28g",
    "Fat: 6g",
    "Saturated Fat: 3g",
    "Polyunsaturated Fat: 1g",
    "Monounsaturated Fat: 2g",
    "Trans Fat: 0.01g",
    "Cholesterol: 83mg",
    "Sodium: 376mg",
    "Potassium: 450mg",
    "Fiber: 0.1g",
    "Sugar: 0.03g",
    "Vitamin A: 142IU",
    "Vitamin C: 1mg",
    "Calcium: 117mg",
    "Iron: 1mg",
    ""
  ],
  "Comments": [
    "Rita says:Tried the garlic Parmesan chicken it was absolute family favorite. I made a tiny addition to the recipe in that I added black pepper to it. My family enjoyed  it with barbecue sauce but I tried it both ways with BBQ and without it they both were delicious.",
    "Teresa B says:I made this for dinner tonight & it was a big hit. I cut the recipe in half since it’s just the 2 of us empty-nesters. 1/2 of the seasoning pack is 2 teaspoons (I measured) & it was just perfect – very simple, very quick, & very tasty! I will be making this one often.",
    "Jamie says:Great! Very easy and was a family hit",
    "Carol says:I am planning to make this chicken dish, however, please advise not to “wash” the chicken  breasts. Pat dry…..",
    "Melissa says:Carol, I’ve washed my chicken for around 45 yrs & have never had any issues either with the chicken or where I have washed or with anyone getting sick.  If you don’t wash your chicken fine, but don’t try to regulate how others do their chicken."
  ]
}