{
  "URL": "https://therecipecritic.com/baked-pears/",
  "Summary": "Topped with oats, brown sugar, and cinnamon, these baked pears make the perfect low-calorie cobbler-like treat! Serve them with a side of ice cream for a delicious dessert, or eat them in the morning with some yogurt for a perfectly sweet start to your day.",
  "Metadata": [
    "Prep Time:  10minutes",
    "Cook Time:  40minutes",
    "Total Time:  50minutes",
    "Servings: 6"
  ],
  "Ingredients": [
    "3 pears",
    "1/4 cup brown sugar",
    "1/4 cup flour",
    "1/4 cup rolled oats",
    "1 teaspoon cinnamon",
    "dash salt",
    "1/4 cup butter,  cut into pieces"
  ],
  "Instructions": [
    "Preheat the oven to 375° Fahrenheit, and spray a 13×9 baking dish with non-stick cooking spray.",
    "Wash and dry the pears, then slice vertically down the center of each pear.",
    "Use a melon baller or a spoon to spoon out the seeds and create a small section to fill with the topping.  I also like to cut off a small section in the back of each pear to help them lay flat in the baking dish.",
    "Place the pears in the prepared baking dish.",
    "In a medium bowl, whisk together the brown sugar, flour, oats, cinnamon, and salt.",
    "Toss the pieces of butter in with the ingredients and use a pastry blender, two knives, your fingers, or anything else to cut the butter in until the mixture is crumbly.",
    "Sprinkle the topping evenly over the pears in the prepared baking dish.",
    "Bake in preheated oven for 35-40 minutes until pears are fork tender.",
    "Serve with ice cream on top and/or a drizzle of honey for extra sweetness!"
  ],
  "Nutrition": [
    "Calories: 186kcal",
    "Carbohydrates: 29g",
    "Protein: 1g",
    "Fat: 8g",
    "Saturated Fat: 5g",
    "Polyunsaturated Fat: 0.5g",
    "Monounsaturated Fat: 2g",
    "Trans Fat: 0.3g",
    "Cholesterol: 20mg",
    "Sodium: 65mg",
    "Potassium: 137mg",
    "Fiber: 3g",
    "Sugar: 18g",
    "Vitamin A: 260IU",
    "Vitamin C: 4mg",
    "Calcium: 24mg",
    "Iron: 1mg",
    ""
  ],
  "Comments": [
    "George Mellor says:The ads on this site are rediculous!",
    "Wendy says:Do you think these would work in an air fryer?",
    "Alyssa Rivers says:I haven’t tried them that way but they should! I’ve done pineapple in the air fryer and it turned out delicious. Air Fryer Brown Sugar Pineapple"
  ]
}