{
  "URL": "https://therecipecritic.com/baked-parmesan-chicken/",
  "Summary": "My easy baked Parmesan chicken skips the mess but keeps all the flavor. A quick, cheesy, kid-friendly dinner that’s perfect for busy weeknights.",
  "Metadata": [
    "Prep Time:  15minutes",
    "Cook Time:  40minutes",
    "Total Time:  55minutes",
    "Servings:  6servings"
  ],
  "Ingredients": [
    "6 chicken breasts about 5 pounds",
    "1 cup light mayonnaise or Greek yogurt",
    "½ cup freshly grated parmesan cheese divided",
    "1 ½ teaspoons seasoning salt",
    "1 teaspoon garlic powder",
    "½ teaspoon ground black pepper",
    "fresh parsley for garnish"
  ],
  "Instructions": [
    "Preheat the oven to 375 degrees Fahrenheit and spray a 9 x 13-inch baking dish with nonstick cooking spray.",
    "In a bowl, mix 1 cup light mayonnaise, ½ cup freshly grated parmesan cheese, 1 ½ teaspoons seasoning salt, 1 teaspoon garlic powder, and ½ teaspoon ground black pepper.",
    "Place the 6 chicken breasts in the prepared baking dish and coat each piece with the mayonnaise mixture. Sprinkle the remaining ½ cup of parmesan cheese over the top of the coated chicken. Cover with aluminum foil and bake for 20 minutes.",
    "Remove the foil and bake for another 15 minutes, until the chicken reaches an internal temperature of 165 degrees Fahrenheit and the cheese is browned.",
    "Remove from the oven, garnish with fresh parsley, and serve warm."
  ],
  "Nutrition": [
    "Calories: 381kcal",
    "Carbohydrates: 4g",
    "Protein: 51g",
    "Fat: 16g",
    "Saturated Fat: 4g",
    "Polyunsaturated Fat: 6g",
    "Monounsaturated Fat: 4g",
    "Trans Fat: 0.05g",
    "Cholesterol: 156mg",
    "Sodium: 1286mg",
    "Potassium: 864mg",
    "Fiber: 0.1g",
    "Sugar: 1g",
    "Vitamin A: 160IU",
    "Vitamin C: 3mg",
    "Calcium: 114mg",
    "Iron: 1mg",
    ""
  ],
  "Comments": [
    "Erika says:I personally added 1 tsp of salted herbs, 1 1/2 tsp of dijon mustard seed style, and thyme, and I added some chopped fresh tomatoes and a light layer of mozarella and cheddar on top of the parmesan, and this was perfect! Amazing! The chicken was juicy, perfectly cooked, the part where there was mozarella prevented the parmesan of becoming too dry, and the tomatoes soaked into the chicken while baking giving a slight tomato flavour to the overall chicken.  Also my check still had some breast bones under it to keep it juicy and tender.  This was a great recipe.",
    "John Ray says:I love this recipe, I had to make one change because I had the wrong parmesan cheese, so I used sharp cheddar instead, OMG it was good.",
    "Alyssa Rivers says:Hey John, thank you for your comment! I love your substitution! Thanks for sharing!",
    "Jeanne Prue says:This recipe is so very delicious, and incredibly easy, too. Thank you!",
    "Alyssa Rivers says:Thank you! I’m glad you enjoyed it!",
    "Carol says:Is that grateful parm cheese or shredded?",
    "Alyssa Rivers says:I used freshly grated parmesan cheese in this recipe!",
    "The truth! says:YOGURT IS TURKISH.   YOGURT IS A TURKISH WORD !!!The Greek Food Appropriaters are a problem.",
    "MARIA says:I would like some ideas for side dishes that go well with this this chicken recipe! Thanks",
    "Shannon Howell says:Alfredo noodles.I use the box kind. With garlic toast.",
    "Christine Y says:Delicious dish but I do think it needed bread crumbs on top. I added mixture of Italian bread crumbs, panko and olive oil on top. 45 mins is way too long–20-25 mins was long enough to get temp to 165 for my 4-6 oz breasts. I didn’t have seasoning salt so added a little Italian seasoning, onion powder and extra garlic powder",
    "Shannon Howell says:Yes 25 minutes will do. I don’t cover the baking dish.",
    "Sue says:I can’t wait to try this recipe! I’ve tried other recipes but it usually comes out very salty and I think I know why. I used spaghetti Parmesan so I’m gonna try the fresh. Thank y’all for all the tips!",
    "Kassandra says:Are Mayo And Miracle Whip the same? I only have Miracle whip could i use that?",
    "Alyssa Rivers says:They are similar in color and somewhat texture but the taste differently and if you prefer miracle whip then that will work great for this recipe.",
    "Shannon Manning says:Totally not the same! Use mayo!! Miracle Whip is way too sweet for this recipe in my opinion!"
  ]
}