{
  "URL": "https://therecipecritic.com/baked-chicken-spaghetti/",
  "Summary": "Baked chicken spaghetti is an easy dinner casserole. Tender pieces of chicken tossed with tender noodles and a creamy tomato sauce.",
  "Metadata": [
    "Prep Time:  20minutes",
    "Cook Time:  40minutes",
    "Total Time:  1hour",
    "Servings:  8servings"
  ],
  "Ingredients": [
    "4 quarts water",
    "1 tablespoon kosher salt for seasoning pasta",
    "1 pound spaghetti",
    "2 tablespoons olive oil",
    "½ cup finely chopped yellow onion",
    "1 tablespoon minced garlic",
    "1 teaspoon Italian seasoning",
    "2 cups marinara sauce store-bought or homemade",
    "½ cup heavy cream",
    "2 cups cooked shredded chicken",
    "1 ½ cups shredded mozzarella cheese",
    "½ cup shredded parmesan cheese",
    "1 tablespoon chopped parsley"
  ],
  "Instructions": [
    "Set the oven rack to the middle position and preheat the oven to 375 degrees Fahrenheit.",
    "In a large pot, bring 4 quarts water to a boil. Add 1 tablespoon kosher salt, stir to dissolve. Add in 1 pound spaghetti, cook according to package directions until al dente, about 10 minutes. Drain the noodles in a colander and rinse with cool water for about 30 seconds to stop the cooking.",
    "Heat 2 tablespoons olive oil in a large skillet or dutch oven over medium-low heat. Add ½ cup finely chopped yellow onion, 1 tablespoon minced garlic, and 1 teaspoon Italian seasoning. Sauté until onions are translucent, about 3 minutes.",
    "Add 2 cups marinara sauce, stir to combine. Cook until the sauce is hot, about 2 to 3 minutes. Turn off the heat and stir in ½ cup heavy cream. Season the sauce with more salt and pepper to taste.",
    "Add the drained spaghetti to the sauce, stir to combine. Add 2 cups cooked shredded chicken and mix. Transfer the pasta to a 9 x 13-inch baking dish.",
    "Sprinkle the pasta with 1 ½ cups shredded mozzarella cheese and ½ cup shredded parmesan cheese.",
    "Cover with foil and bake until the cheese melts and the pasta is hot, about 15 to 20 minutes. For a more browned surface, remove the foil, and broil the casserole until lightly browned, about 2 to 5 minutes.",
    "Garnish with 1 tablespoon chopped parsley, and serve immediately."
  ],
  "Nutrition": [
    "Calories: 459kcal",
    "Carbohydrates: 48g",
    "Protein: 24g",
    "Fat: 19g",
    "Saturated Fat: 9g",
    "Polyunsaturated Fat: 2g",
    "Monounsaturated Fat: 7g",
    "Cholesterol: 64mg",
    "Sodium: 1452mg",
    "Potassium: 449mg",
    "Fiber: 3g",
    "Sugar: 5g",
    "Vitamin A: 736IU",
    "Vitamin C: 6mg",
    "Calcium: 238mg",
    "Iron: 2mg"
  ],
  "Comments": [
    "Bob says:Made this for an injured neighbor and her husband.  She’s already texted me for the recipe.  They loved it!  I followed it to a tee, except I only had half and half and I did a number of vegetable add-ins.  Highly recommend the addition of frozen peas.  Thanks for this marina-based variation.",
    "Major says:Loved it!",
    "Carolann Pettit says:Very delicious!  I did not have any heavy cream, so I used regular coffee creamer instead.   It did not make a difference.  My husband thought I made lasagne until I showed him the spaghetti.  I will make it again.",
    "Mel says:It was easy and the kids liked it but the husband and I thought it could probably use double the spices.",
    "LeAnn Lizakowski says:My husband and kids loved it.  Easy to make and a great twist on spaghetti.",
    "Angela M says:The whole family really likes this.  Cream in the sauce is definitely a good addition.  I added sautéed zucchini and red peppers in addition to chicken.",
    "Sabrina says:fun way to serve spaghetti, and good tips about making the sauce creamy, and options too, thank you!"
  ]
}