{
  "URL": "https://therecipecritic.com/baked-rigatoni/",
  "Summary": "Baked Rigatoni is full of zesty meat, tender noodles and lots of cheese! Super simple and incredibly delicious, this is the ultimate comfort food!",
  "Metadata": [
    "Prep Time:  15minutes",
    "Cook Time:  40minutes",
    "Total Time:  55minutes",
    "Servings:  6People"
  ],
  "Ingredients": [
    "16 ounce rigatoni pasta",
    "1 Tablespoon Olive Oil",
    "1 small onion diced",
    "3 cloves garlic minced",
    "1 pound lean ground beef",
    "1 pound ground sausage",
    "1 Tablespoon Italian seasoning",
    "salt and pepper",
    "2 (24 ounce jars)  marinara sauce or Homemade Marinara",
    "16 ounce mozzarella cheese shredded",
    "1/2 cup parmesan cheese shredded",
    "chopped basil for garnish"
  ],
  "Instructions": [
    "Preheat oven to 350 degrees.  Spray a 9×13 inch baking dish and set aside.  In a large pot, bring water to a boil and cook the 16 ounce rigatoni pasta according to package directions.",
    "In a medium-sized saucepan over medium-high heat, add 1 Tablespoon Olive Oil, 1 small onion, and 3 cloves garlic.  Sauté until tender.",
    "Add 1 pound lean ground beef and 1 pound ground sausage and cook and crumble until no longer pink.",
    "Add in t1 Tablespoon Italian seasoning, salt and pepper to taste, and 2 (24 ounce jars)  marinara sauce or Homemade Marinara .  Reduce heat and let simmer.",
    "Drain the pasta and return to the large pot.  Add the meat sauce to the pot and stir until combined.",
    "Spread half of the meat sauce and pasta mixture in the bottom of your 9×13 inch dish.",
    "Layer with half of the cheese.  Repeat with remaining meat sauce and pasta mixture and cheese.",
    "Cover with aluminum foil and bake for 20 minutes. Remove the foil and bake for an additional 15-20 minutes or until bubbly."
  ],
  "Nutrition": [
    "Calories: 906kcal",
    "Carbohydrates: 61g",
    "Protein: 58g",
    "Fat: 46g",
    "Saturated Fat: 20g",
    "Trans Fat: 1g",
    "Cholesterol: 167mg",
    "Sodium: 1144mg",
    "Potassium: 726mg",
    "Fiber: 3g",
    "Sugar: 4g",
    "Vitamin A: 648IU",
    "Vitamin C: 2mg",
    "Calcium: 530mg",
    "Iron: 4mg",
    ""
  ],
  "Comments": [
    "Misty D says:This makes SO much. I ended up taking half to a friends house. So good, but I’m gonna half it from now on",
    "Lola says:Made it.  Turned out great.  My Grandson told me it was Amazing!  I agree.",
    "Alyssa Rivers says:A kid’s approval is always the gold standard! Thanks so much for trying it!",
    "Sonya says:Very easy and so yummy! I keep that recipe to cook in a rotation we love it so much. Thank you",
    "Rachel says:Made this tonight for supper. I omitted the sausage & the salt & pepper & added 2 cups of cottage cheese to the middle layer. I will be making this again, possibly even as a freezer meal.",
    "Judy Kuehner says:My family thought it needed more flavor.  Maybe fennel, or spicy Italian sausage. I felt the pasta was too much; maybe half pound or 3/4 pound at most.Thank you for the recipe.",
    "Sher says:To clarify, step 6. You say layer with half the pasta, then layer with half the pasta??  Do you mean put cheese in between those two layers?  You don’t day that. Looks great going to try this recipe, thanks",
    "Saurabh says:You have provided a very unique information of BEST EVER BAKED RIGATONI. Thankyou for the unique information.",
    "Maureen says:Looks soooo good! I’m going to try this tonight but I’m going to add some ricotta in the cheese layers and see how it comes out. Funny, my husband just said yesterday he was craving lasagna but this is so much easier! Love all your recipes and use them often!",
    "Amanda says:Did the ricotta work?",
    "Mayur says:Thankyou for writing this blog.It is very helpful."
  ]
}