{
  "URL": "https://therecipecritic.com/baked-ravioli/",
  "Summary": "This baked ravioli is a knockout dinner that is sure to be loved by all! It's smothered in melty mozzarella, parmesan, and a tasty meat sauce!",
  "Metadata": [
    "Prep Time:  15minutes",
    "Cook Time:  25minutes",
    "Total Time:  40minutes",
    "Servings:  8people"
  ],
  "Ingredients": [
    "16 ounce refrigerated ravioli I used four cheese",
    "1 pound ground beef",
    "1 Tablespoon Italian Seasoning",
    "3 cups homemade marinara  or store-bought",
    "2 cups mozzarella cheese shredded",
    "1/4 cup grated parmesan cheese",
    "freshly chopped basil for garnish"
  ],
  "Instructions": [
    "Cook ravioli according to package instructions. Drain and set aside.",
    "Preheat oven to 350 degrees. In a medium-sized saucepan add the ground beef and cook and crumble until no longer pink. Add in the Italian seasoning and marinara sauce.",
    "In a 2-quart casserole dish add 1/2 cup of the meat sauce on the bottom. Layer with 1/3 of the cheese. Layer with 1/3 of the ravioli. Repeat the layers and end with cheese.",
    "Sprinkle parmesan cheese on top. Bake for 20-25 minutes or until the cheese is bubbly and it is cooked throughout. Serve with freshly chopped basil."
  ],
  "Nutrition": [
    "Calories: 454kcal",
    "Carbohydrates: 29g",
    "Protein: 27g",
    "Fat: 25g",
    "Saturated Fat: 11g",
    "Polyunsaturated Fat: 1g",
    "Monounsaturated Fat: 7g",
    "Trans Fat: 1g",
    "Cholesterol: 96mg",
    "Sodium: 1093mg",
    "Potassium: 490mg",
    "Fiber: 3g",
    "Sugar: 5g",
    "Vitamin A: 625IU",
    "Vitamin C: 6mg",
    "Calcium: 220mg",
    "Iron: 8mg",
    ""
  ],
  "Comments": [
    "donna says:This is the best!! I made it for the 2nd time last night.  I will continue to use this recipe. I also used your recipe for Italian seasoning which is another keeper. My only question is, after cooking the ravioli, when ready to use it.  How do I keep the the ravioli from sticking together?  Do I keep it in the pot of water?",
    "Cari McBride says:This is sooo good. My family loved it. I  sautéed some chopped zucchini and squash then layered with the meat sauce  cause my teenage son needs more vegetables and it was delicious.",
    "Trudy says:Made this tonight along with your Homemade Marinara and both were delicious. My partner said YUM with the first mouth full and went back for seconds even though he’s on a “diet”.I will make both again and again ! Thanks for a great recipe.",
    "Nikki says:Made for dinner tonight. Kitchen smells incredible cant hardly wait for dinner",
    "Judy says:I made this for dinner this evening and it was delicious, and super simple to make. I used frozen ravioli instead of refrigerated and it worked well.",
    "Barbara says:Just used what I had in the kitchen,  meat filled ravioli and store bought Alfredo sauce. Added the mozzarella cheese and parmesan. My husband and I really enjoyed it. So quick and easy. Perfect when you need a last minute meal."
  ]
}