{
  "URL": "https://therecipecritic.com/baked-kung-pao-chicken/",
  "Summary": "This Baked Kung Pao Chicken is better than takeout! With a delicious sauce that has just enough of a kick and awesome flavor.",
  "Metadata": [
    "Prep Time:  20minutes",
    "Cook Time:  1hour",
    "Total Time:    1hour20minutes",
    "Servings:  6Servings"
  ],
  "Ingredients": [
    "3-4 breasts chicken cut into bite sized pieces",
    "Salt and pepper to taste",
    "1½ cup cornstarch",
    "3 eggs beaten",
    "¼ cup canola oil",
    "1/4 cup soy sauce",
    "1/4 cup vinegar",
    "1 tablespoon red chili paste like Sriracha",
    "1 teaspoon minced garlic",
    "1/4 cup brown sugar",
    "1/2 tablespoon cornstarch",
    "1 red pepper chopped",
    "1/4 cup peanuts",
    "green onions chopped for garnish"
  ],
  "Instructions": [
    "Preheat oven to 325 degrees. Cut chicken breasts into bite-sized pieces and season with salt and pepper.",
    "In separate bowls, place cornstarch and slightly beaten eggs. Dip chicken into cornstarch then coat in egg mixture. (Yes you dip the chicken in cornstarch first, then the egg.. trust me.",
    "Heat canola oil in a large skillet over medium-high heat and cook chicken until browned. Place the chicken in a 9 x 13 greased baking dish.",
    "In a medium sized mixing bowl, combine soy sauce, vinegar, red chili paste, minced garlic, brown sugar, and cornstarch. Pour over chicken and toss to coat. Add the chopped red peppers and peanuts on top. Bake for 1 hour.",
    "I stirred the chicken every 15 minutes so that it coated them in the sauce."
  ],
  "Nutrition": [
    "Calories: 325kcal",
    "Carbohydrates: 42g",
    "Protein: 6g",
    "Fat: 15g",
    "Saturated Fat: 2g",
    "Cholesterol: 82mg",
    "Sodium: 580mg",
    "Potassium: 158mg",
    "Fiber: 1g",
    "Sugar: 10g",
    "Vitamin A: 764IU",
    "Vitamin C: 29mg",
    "Calcium: 28mg",
    "Iron: 1mg"
  ],
  "Comments": [
    "LG says:Best recipe and family favorite!",
    "Rachel Mauffray says:I have made this recipe several times.  It’s the best Kung Pao chicken I’ve ever had.  The only things I changed were some added vegetables and replaced the vinegar with Chinese black vinegar.",
    "Sue K says:Disappointing. The sauce was minimal and I only used half of the chicken but full amount of sauce. Needs double the sauce and what little there was never really thickened. If you look at the first picture, note how glossy the chicken is. None, nada. The chicken has some sauce on it based on that picture. Nope, nada.",
    "Jen M says:This was fantastic.  Worth the look effort. Definitely need to double the sauce !It’s on the favourite list !Thank you",
    "Chris says:Is it possible to skip the frying and cook the chicken in the oven instead? How would you do that?",
    "Alyssa Rivers says:The frying helps give it the crisp outside. It is best to have that coating.",
    "Kolleen says:This was phenomenal! I followed the recipe the way it was written. I did double the sauce though. Absolutely delicious!!Thanks for sharing",
    "Stacy Lyons says:Made this tonight with the easy fried rice and my family loves it!  Turned out awesome and it was super easy.  Will definitely be making this more often!!!!",
    "Amy says:Excited to try this? Do you think cashews would work instead of peanuts? Thank you!",
    "Alyssa Rivers says:Yes, cashews will work instead of peanuts.",
    "Amanda Smith says:Made this tonight, absolutely delish!, will be trying the other recipes. Thankyou.",
    "Mark says:This was excellent, we will make it again and also check out the other similar recipes mentioned in the blog.Just a few comments: Needs more sauce. Next time I will increase the liquid because I wanted much more of the gooey goodness.I used a red bell pepper instead of a hot pepper, and greatly reduced the sriracha because my wife doesn’t like too much spice. Still worked out great, but maybe more like a sweet and sour.Peanuts were great in this and added that crunchy texture.",
    "Siobhan says:This was delicious.  My family loved it!  I doubled the recipe and the only thing different I did was pat the chicken dry on paper towel between browning the batches.",
    "shalini sharma says:such a fantastic blog..loved it",
    "Parker says:I also don’t use the peanuts",
    "Parker says:I love this recipe. Definitely double to sauce though. I usually pair with steamed broccoli and jasmine rice. Making again tonight!"
  ]
}