{
  "URL": "https://therecipecritic.com/baked-coconut-shrimp/",
  "Summary": "These super easy baked coconut shrimp will deliver in a flavor so delicious they will be sure to be a favorite among all of your guests! They are golden and crispy and baked to perfection. ",
  "Metadata": [
    "Prep Time:  10minutes",
    "Cook Time:  10minutes",
    "Total Time:  20minutes",
    "Servings:  4people"
  ],
  "Ingredients": [
    "1 pound peeled and deveined large shrimp tails left on",
    "2 large eggs",
    "1 cup flaked unsweetened coconut",
    "½ cup panko breadcrumbs",
    "½ cup all-purpose flour",
    "½ teaspoon garlic powder",
    "½ teaspoon paprika, optional",
    "salt and freshly ground black pepper"
  ],
  "Instructions": [
    "Preheat the oven to 425 degrees Fahrenheit. Grease a baking sheet pan with non-stick cooking spray and set aside.",
    "Gather 3 bowls. Beat 2 large eggs in the first bowl and set aside. Combine 1 cup flaked unsweetened coconut and ½ cup panko breadcrumbs in another bowl and set aside. Lastly, combine ½ cup all-purpose flour, ½ teaspoon garlic powder, salt and freshly ground black pepper, and ½ teaspoon paprika, if using in the last bowl.",
    "Dip 1 pound peeled and deveined large shrimp in the flour mixture then the egg mixture. Allow the excess egg mixture drip off the shrimp and then coat in the breadcrumb mixture, pressing to adhere.",
    "Place the shrimp on the baking sheet in a single layer. Lightly spray with non-stick spray or drizzle with olive oil.",
    "Bake until the shrimp are golden on the outside and opaque in the center, about 10 minutes."
  ],
  "Nutrition": [
    "Calories: 373kcal",
    "Carbohydrates: 23g",
    "Protein: 30g",
    "Fat: 18g",
    "Saturated Fat: 13g",
    "Cholesterol: 368mg",
    "Sodium: 976mg",
    "Potassium: 268mg",
    "Fiber: 4g",
    "Sugar: 2g",
    "Vitamin A: 119IU",
    "Vitamin C: 5mg",
    "Calcium: 196mg",
    "Iron: 5mg"
  ],
  "Comments": [
    "Dan Roys says:I really loved the 1st batch but I ran out of Paprika so I used an east coast Spice called OLD BAY. It’s just for seafood and was delicious. Thanks",
    "Dan Roys says:Can I freeze them after coating and then bake later? Should I defrost 1st or just put in oven for maybe 20minutes?",
    "Alyssa Rivers says:Yes! Lay the breaded shrimp out in a single layer on parchment-lined baking sheet then place in the freezer. Once they are completely frozen, transfer them to a freezer bag or container and freeze for up to three months. When ready, bake at 425 degrees Fahrenheit for 12-14 minutes.",
    "Dana says:These turned out great. I served them with sweet chili sauce from Trader Joe’s.A couple of tips: you can make your own panko. Just cut the crusts off a few slices of white bread (sourdough, potato, whatever) and whiz it in your food processor, then let it sit out and dry for an hour or so (in my dry climate, it was nice and dry in half an hour). Store the unused portion in the freezer.Also, the unsweetened coconut came in long strips that weren’t adhering very well to the shrimp, so I whizzed that in the food processor too, along with the 1/2 cup of panko.",
    "Regan says:We just had these for dinner, and OMG!  They are GREAT!  We dipped in store-bought sweet chili sauce, and they are awesome!  My hubby’s only change, and I agree, is to take the tails off next time.  We don’t need the handle, and we don’t want to struggle for that last little bit!  LOL  I have always fried coconut shrimp, and what a mess to clean up!  Plus, who needs more fried food?  These are better than the ones I used to order at Bonefish Grill (and they no longer have it on the menu!)  So WIN WIN!!!!  These are now in our weekly rotation!  Thanks!!!",
    "Alyssa Rivers says:Yay! I’m so glad you loved them!",
    "Isabelle Parker says:This is the best coconut shrimp i’ve EVER had, and it was my first time cooking with shrimp! Super super easy and worth it. Good with rice and salad for a dinner, and could also be good for a party appetizer. Definitely recommend it.",
    "Julie says:Best recipe for baking coconut shrimp.",
    "Kate says:Can you make these ahead of time, refrigerate and then bake?",
    "Alyssa Rivers says:Yes, that will work great with these shrimp.",
    "Candice Burson says:This recipe is just as good as the one we had in an upscale restaurant in the Caribbean",
    "Mavis says:Looking for gluten free alternative",
    "Carly R says:Absolutely delicious recipe! I used smaller shrimp and cooked for less time. Also, served with a pina colada sauce (1/2 c crushed pineapple, 1/4 c cream of coconut, splash of lemon juice, some shredded coconut. Boil, add cornstarch/water to thicken). Will definitely make this again! Thank you!",
    "Laurie in Nebraska says:Was looking for a baked Version of coconut shrimp and  found this one.  Was super easy and much healthier than the deep fried version, as I do not eat fried foods.  I made a homemade dipping sauce of honey mustard, orange marmalade, lemon juice and red chili flakes.  Super delicious, will make again and again.",
    "Kevin says:This coconut shrimp recipe is easy and very delicious! Made it for supper last night to go with our steak. Took about 30-40 minutes start to table! Thanks",
    "Shelly says:Is this recipe made with raw or pre-cooked shrimp?",
    "Alyssa Rivers says:The shrimp is raw.",
    "Ruth says:Does this recipe start with raw or pre-cooked shrimp?"
  ]
}