{
  "URL": "https://therecipecritic.com/baked-cream-cheese-chicken-taquitos/",
  "Summary": "A delicious baked taquito with a cream cheese chicken inside that the entire family will love!",
  "Metadata": [
    "Prep Time:  15minutes",
    "Cook Time:  15minutes",
    "Total Time:  30minutes",
    "Servings:  8Servings"
  ],
  "Ingredients": [
    "4 ounces cream cheese",
    "⅓ cup salsa",
    "½ teaspoon cumin",
    "1 teaspoon chili powder",
    "1 teaspoon garlic powder",
    "1 tablespoon lime juice",
    "¼ teaspoon salt",
    "2 cups cooked and shredded chicken",
    "1 cup shredded colby jack cheese",
    "1 tablespoon finely chopped green onion",
    "2 tablespoons finely chopped cilantro",
    "8-10 small flour tortillas"
  ],
  "Instructions": [
    "Preheat oven to 425 degrees Fahrenheit and prepare a baking sheet by lining it with foil and spraying it with cooking spray. Set aside.",
    "Soften 4 ounces cream cheese in the microwave for about 15-20 seconds. In a mixing bowl, combine cream cheese, ⅓ cup salsa, ½ teaspoon cumin, 1 teaspoon chili powder, 1 teaspoon garlic powder, 1 tablespoon lime juice, and ¼ teaspoon salt. Add in 2 cups cooked and shredded chicken, 1 cup shredded colby jack cheese, 1 tablespoon finely chopped green onion, and 2 tablespoons finely chopped cilantro. Stir until combined well.",
    "Add about 3 Tablespoons of the chicken mixture about 1 inch from the edge of 8-10 small flour tortillas. Roll it up and place it seam side down on the baking sheet. Repeat with each one and place about 1 inch apart not touching each other on baking sheet.",
    "Bake for 15-20 minutes or until the tortilla is lightly browning around the edges. Serve with sour cream, ranch, or your favorite sauce!"
  ],
  "Nutrition": [
    "Calories: 239kcal",
    "Carbohydrates: 18g",
    "Protein: 10g",
    "Fat: 14g",
    "Saturated Fat: 7g",
    "Cholesterol: 41mg",
    "Sodium: 514mg",
    "Potassium: 152mg",
    "Fiber: 1g",
    "Sugar: 2g",
    "Vitamin A: 514IU",
    "Vitamin C: 1mg",
    "Calcium: 163mg",
    "Iron: 1mg"
  ],
  "Comments": [
    "Bec B says:My family and friends love these! I have done shredded beef as well!Thanks!",
    "Deb J says:How long and temperature in an air fryer",
    "Alyssa Rivers says:I would say 400 degrees Fahrenheit for 10-15 minutes, flipping halfway through.",
    "Deborah Jamerson says:👍🏾 They were a big hit!",
    "Bev says:I made this tonight and it was a hit. My husband is from west Texas and very fussy about his Tex mex food – he loved it. I made a copycat Taco Bell jalapeño sauce to serve on the side and it was a good compliment to the taquito. Thanks for a great recipe. It’s going into the regular rotation.",
    "Alyssa Rivers says:Thanks Bev! I’m so glad your husband approved! That Taco Bell sauce sounds amazing with it! Thanks for the idea!",
    "Judy says:Planning on making tonight with l leftover grilled chicken. How many inches is a “small tortilla?”",
    "Carolyn Fowler says:I always have leftover tortillas in my fridge, so I was looking for ways to use them up. These were so delicious. My husband rated them a 9/10 and declared them the best Mexican style meal I’ve ever made. My toddlers also loved them. The filling is so so good. Next time I will definitely have to double the recipe because there were no leftovers!",
    "Jessie Emondt says:❤️",
    "Judy says:This recipe looks so delicious!! I am making them as is for a dinner club but I need to make some gluten free. Can I also use corn tortillas?Thanks!",
    "Alyssa Rivers says:That will work fine!",
    "Jana says:Hi! When I reheat these after freezing, should I thaw them out or cook frozen at 400 for 15-20min?",
    "Alyssa Rivers says:You could do either! If you do thaw them, make sure to do it in the fridge, overnight.",
    "Tracey says:I made these tonight with light cream cheese and light cheese. Got 10/10 from the fam!! Def make again",
    "Sarah says:In one of the photos it looks like you are spraying the finished pre cooked tacito but I don’t see it mentioned in the directions. Do they need to be sprayed to make them crispy? Thank you 🙂",
    "Alyssa Rivers says:That is an option but it does help to apply a then coat of spray for extra crispy outside.",
    "V Glessner says:This is definitely one of our top five recipes at home. It is rare that we repeat recipes, but we have made these many times over the last few months. These taquitos are easy to prep and so dang delicious! We make a large batch and reheat them in the toaster oven for a few minutes; it works great and they don’t get soggy at all. They store well in the fridge for several days.",
    "CortneyR says:This recipe is amazing!  We do a can of Rotel tomatoes instead of the salsa and leave out the cilantro.  Easily one of my favorite dishes"
  ]
}