{
  "URL": "https://therecipecritic.com/baked-potato-recipe/",
  "Summary": "This Baked Potato Recipe is easy to make with just Russet potatoes and seasonings. Top it any way you like for the perfect side dish at any meal!",
  "Metadata": [
    "Prep Time:  5minutes",
    "Cook Time:    1hour15minutes",
    "Total Time:    1hour20minutes",
    "Servings:  6servings"
  ],
  "Ingredients": [
    "6 small-medium russet potatoes (roughly 110-215 grams each)",
    "¼ cup canola oil",
    "1 teaspoon salt",
    "¼ teaspoon black pepper"
  ],
  "Instructions": [
    "Preheat the oven to 375 degrees Fahrenheit. Wash and scrub the potatoes until clean. Dry with a clean lint-free towel.",
    "Rub each potato with canola oil, about 2 tablespoons for 6 potatoes. Pierce the center of each potato with a knife or fork and place them on a baking sheet.",
    "Bake for 1 hour, or until tender. If you have large potatoes, you may need to add to the cook time.",
    "Remove the potatoes from the oven. Increase the oven temperature to 425 degrees Fahrenheit. Brush each potato with the remaining 2 tablespoons oil and season with salt and pepper.",
    "Bake for 15-20 minutes or until the skins are crispy. Serve with your favorite toppings!"
  ],
  "Nutrition": [
    "Calories: 251kcal",
    "Carbohydrates: 39g",
    "Protein: 5g",
    "Fat: 10g",
    "Saturated Fat: 1g",
    "Sodium: 398mg",
    "Potassium: 888mg",
    "Fiber: 3g",
    "Sugar: 1g",
    "Vitamin C: 12mg",
    "Calcium: 28mg",
    "Iron: 2mg"
  ],
  "Comments": [
    "rohit aggarwal says:thank you for giving me wonderful information"
  ]
}