{
  "URL": "https://therecipecritic.com/baked-chicken-thighs/",
  "Summary": "Baked Chicken Thighs are tender and juicy and baked in an AMAZING glaze mixture of Italian seasoning, Dijon mustard, sweet honey, and garlic cloves. This is a MUST make family meal!",
  "Metadata": [
    "Prep Time:  10minutes",
    "Cook Time:  40minutes",
    "Total Time:  50minutes",
    "Servings:  6People"
  ],
  "Ingredients": [
    "6 bone in chicken thighs",
    "salt and pepper",
    "1/2 cup butter melted",
    "1 Tablespoon Italian Seasoning",
    "1 Tablespoon Honey",
    "1 Tablespoon Dijon Mustard*",
    "1 teaspoon paprika",
    "3 garlic cloves minced"
  ],
  "Instructions": [
    "Preheat oven to 400 degrees.  Place the chicken in a single layer in a 9×13 inch baking dish.  Salt and pepper.",
    "In small bowl whisk together the butter, Italian seasoning, honey, dijon mustard, paprika, and garlic cloves.",
    "Spread the mixture evenly over the chicken and bake for 35-40 minutes or until chicken reaches an internal temperature of 165 degrees and is browned on the tops."
  ],
  "Nutrition": [
    "Calories: 470kcal",
    "Carbohydrates: 5g",
    "Protein: 24g",
    "Fat: 40g",
    "Saturated Fat: 16g",
    "Cholesterol: 182mg",
    "Sodium: 276mg",
    "Potassium: 320mg",
    "Fiber: 1g",
    "Sugar: 3g",
    "Vitamin A: 764IU",
    "Vitamin C: 1mg",
    "Calcium: 32mg",
    "Iron: 1mg"
  ],
  "Comments": [
    "J Barry says:You’ve replied that you can use boneless thighs (my store was out of bone-in today) so I’d like to know how to adjust the cooking – I imagine the time should be less?Also when you say “Italian Seasoning” do you mean the dry mix in a packet for Italian salad dressing/marinade mix, or do you mean a combination of dry herbs (like oregano, basil, marjoram, thyme, rosemary).Planning on making this tomorrow as an alternative to the traditional Easter entrées.Thanks!",
    "Alyssa Rivers says:I would cook boneless chicken thighs at 375 degrees Fahrenheit for about 35-30 minutes. Make sure the internal temperature is 165 degrees Fahrenheit before you serve them! I use Italian Seasoning which is a dry seasoning mix.",
    "Karin says:I see lemons in the picture but no lemons in the recipe?",
    "Alyssa Rivers says:That’s just for garnish!",
    "Rhonda says:This looks absolutely fabulous.  I copied it and saved it before I saw that it used 1/2 cup of butter. I don’t want to give up on it, but I can’t bring myself to put that much butter in a recipe. Would it ruin the taste if I used just a couple of tablespoons of canola oil or avocado oil?",
    "Alyssa Rivers says:I think that it would turn out fine! Let me know how it goes!",
    "Samantha says:I can’t see the ingredients while using my phone because of the advertisements! I won’t be able to return to this recipe.",
    "Alyssa RIvers says:I’m so sorry! The ads are what allow my recipes to be free of charge to all of my viewers. There is a button at the top of each recipe that says “jump to recipe” and it will take you straight to the recipe card with the ingredients and instructions. Thanks so much for your feedback! 🙂",
    "Deborah gronowski says:What can I substitute for the honey?",
    "Alyssa Rivers says:You could try using maple syrup or molasses. They may slightly change the flavor but would work!",
    "Nonnie says:Decided to give my husband a BBQ-break, and find a recipe for oven-cooked boneless, skinless chicken thighs; I’m so glad I found yours!We boh loved the flavor.  They were moist and tender. I cooked them about 22 to 25 minutes (checking every minute or two, after 20 minutes, for doneness).One complaint:. the amount of prep time is unrealistic— UNLESS you have the garlic cloves already peeled and chopped, and the spices already chopped!  ☺️",
    "'Nita says:Tasty recipe and it even has my 17 year-old’s approval! I accidentally dropped too much paprika, but it still tasted good! How would you prepare a sauce for this? I served it with lemon rice pilaf and green beans.",
    "Sandra Callahan says:Can you add soy sauce to the glaze recipe?",
    "Alyssa Rivers says:Yes, that will taste delicious!",
    "BILL DORGAN says:Really enjoy basic-cupboard-cooking. Fast. Nutritious. Well Plated.Juicy eye candy for the weekday family meal or the weekend friends’ dinner party.I served this with rice pilaf and asparagus drizzled with balsamic and coarse sea salt.This recipe is easily adapted. You can substitute other seasonings.Thanks for sharing."
  ]
}