{
  "URL": "https://therecipecritic.com/baked-honey-lime-chicken-taquitos/",
  "Summary": "Creamy and delicious baked taquitos with a sweet and tangy honey lime flavor.  Quick and easy and a recipe that the entire family will devour!",
  "Metadata": [
    "Prep Time:  10minutes",
    "Cook Time:  15minutes",
    "Total Time:  25minutes",
    "Servings:  8Servings"
  ],
  "Ingredients": [
    "2 cups cooked and shredded chicken",
    "4 ounces cream cheese",
    "½ teaspoon ground cumin",
    "1 teaspoon chili powder",
    "1 teaspoon garlic powder",
    "¼ teaspoon salt",
    "1 tablespoon lime juice",
    "⅓ cup honey",
    "1 cup shredded Colby Jack cheese",
    "2 tablespoons finely chopped cilantro",
    "8-10 small flour tortillas",
    "1 cup sour cream",
    "⅓ cup green taco sauce",
    "1 teaspoon lime juice",
    "¼ cup finely chopped cilantro"
  ],
  "Instructions": [
    "Preheat the oven to 350 degrees Fahrenheit and prepare a baking sheet by lining it with parchment paper or a foil sprayed with nonstick cooking spray. Set aside.",
    "Add 4 ounces cream cheese to a large bowl and soften it in the microwave for about 15-20 seconds. Add ½ teaspoon ground cumin, 1 teaspoon chili powder, 1 teaspoon garlic powder, ¼ teaspoon salt, 1 tablespoon lime juice, and ⅓ cup honey and mix until combined.",
    "Add 2 cups cooked and shredded chicken, 1 cup shredded Colby Jack cheese, and 2 tablespoons finely chopped cilantro to the cream cheese mixture and stir until combined well.",
    "Add about 3 tablespoons of the chicken mixture about 1 inch from the edge of a flour tortilla. Roll it up tightly and place it seam-side down on the prepared baking sheet. Repeat with the rest of the 8-10 small flour tortillas placing them about 1 inch apart on the baking sheet.",
    "Bake for 15-20 minutes or until the tortilla is lightly browning around the edges.",
    "While the taquitos bake, prepare the dipping sauce by whisking together 1 cup sour cream, ⅓ cup green taco sauce, 1 teaspoon lime juice, and ¼ cup finely chopped cilantro in a medium bowl. Serve on the side."
  ],
  "Nutrition": [
    "Calories: 378kcal",
    "Carbohydrates: 32g",
    "Protein: 17g",
    "Fat: 21g",
    "Saturated Fat: 11g",
    "Polyunsaturated Fat: 2g",
    "Monounsaturated Fat: 6g",
    "Cholesterol: 73mg",
    "Sodium: 631mg",
    "Potassium: 260mg",
    "Fiber: 2g",
    "Sugar: 16g",
    "Vitamin A: 743IU",
    "Vitamin C: 3mg",
    "Calcium: 210mg",
    "Iron: 2mg"
  ],
  "Comments": [
    "Monique says:These are requested at all the gatherings I go to or host myself. Super easy and so good. I just use the real small street taco tortillas to get more taquitos done out of it. Crowd pleaser, for sure.",
    "Tina says:I make this at least once a month. My husband LOVES this recipe. I even made it with the mini street taco tortillas for a party and they were a hit!! I use a little less honey and a little more chili powder, but other than that, it’s perfect 🙂",
    "Alyssa Rivers says:That is great to hear! I am so glad he LOVES it!! That makes my heart so happy! These are always a huge hit at a party! Way to go!! Thanks for sharing! XOXO",
    "John says:I agree with Lyn that this was too sweet.  I am trying them again with much less honey.  The sour cream lime sauce was superb….. I also used the combo corn/wheat tortillas, and they were perfect.",
    "Lyn says:mmmm…so good. Thanks for sharing. A little sweet. 1/4 honey opposed to 1/3.",
    "Christina says:Just made these…DELICIOUS!",
    "Anna @ Sunny Side Ups says:Oh my goodness, these look AMAZING!!! I love taquitos, and this yummy recipe is definitely going onto the weekly menu! 🙂 Pinned!",
    "Chels R. says:I love love love taquitos and these flavors sound super good!",
    "Peter says:Hi Alyssa, on this taquitos can I just instead grill the chicken in very small cubes/pieces? I don’t like shredded chicken , if you can take time to answer me thanks 🙂",
    "Matt Robinson says:These look so perfect, LOVE the flavors!!"
  ]
}