{
  "URL": "https://therecipecritic.com/baked-potato-wedges/",
  "Summary": "Baked parmesan garlic potato wedges are so incredibly easy and have the best savory flavor! These crispy wedges are roasted to perfection and guaranteed to be a huge hit. Grab your favorite dipping sauce and enjoy!",
  "Metadata": [
    "Prep Time:  5minutes",
    "Cook Time:  25minutes",
    "Total Time:  30minutes",
    "Servings: 4"
  ],
  "Ingredients": [
    "3-4 large russet potatoes",
    "1/4 c. extra virgin olive oil",
    "1 tbsp. garlic powder",
    "1 tbsp. Italian seasoning",
    "1 tsp salt  or to taste",
    "1/4 tsp Freshly ground black pepper or to taste",
    "1/2 c. freshly grated Parmesan",
    "chopped fresh parsley for garnish"
  ],
  "Instructions": [
    "Preheat oven to 400°.  Cut each 3-4 large russet potatoes lengthwise in half. Cut each half into three wedges.",
    "In a large bowl add the potato wedges, 1/4 c. extra virgin olive oil, 1 tbsp. garlic powder 1 tbsp. Italian seasoning, 1/2 c. freshly grated Parmesan, 1 tsp salt  and 1/4 tsp Freshly ground black pepper.",
    "Arrange potatoes skin side down in a single layer on a 15x10x1-in. baking pan coated with cooking spray. Sprinkle with any remaining coating. Bake for 25-30 minutes until they are golden brown and crispy.",
    "Garnish with chopped fresh parsley and serve with ketchup, ranch, or sauce of choice."
  ],
  "Nutrition": [
    "Calories: 404kcal",
    "Carbohydrates: 38g",
    "Protein: 13g",
    "Fat: 23g",
    "Saturated Fat: 7g",
    "Polyunsaturated Fat: 2g",
    "Monounsaturated Fat: 13g",
    "Cholesterol: 26mg",
    "Sodium: 1110mg",
    "Potassium: 813mg",
    "Fiber: 4g",
    "Sugar: 1g",
    "Vitamin A: 321IU",
    "Vitamin C: 9mg",
    "Calcium: 345mg",
    "Iron: 3mg"
  ],
  "Comments": [
    "Ida-Marie Gilmore says:My family loved the wedges. Will double next time. Super easy to make. Thanks for the recipe!",
    "Nora says:Awesome Our Family’s new way to make home fries Thanks for the recipe:)",
    "Skye Smith says:These were sooooo good! The parmesan makes them crispy on the outside. I will definitely make them again. Ate them with the fry sauce as suggested. Yummy!",
    "Marjorie Vandermeer says:Made this tonight. Best potatoes ever!!! Both my husband and myself loved it!"
  ]
}