{
  "URL": "https://therecipecritic.com/baked-sausage-spinach-and-egg-breakfast-taquitos/",
  "Summary": "A baked taquito that is crispy on the outside and loaded with flavorful breakfast ingredients on the inside.",
  "Metadata": [
    "Prep Time:  15minutes",
    "Cook Time:  10minutes",
    "Total Time:  25minutes",
    "Servings:  7Taquitos"
  ],
  "Ingredients": [
    "½ pound sausage",
    "2 cups chopped spinach",
    "⅓ cup diced green bell pepper",
    "6 large eggs",
    "2 tablespoons crumbled feta cheese",
    "½ cup shredded cheddar cheese",
    "½ cup salsa, plus more for serving",
    "7 medium tortillas, corn or flour",
    "cooking spray",
    "kosher salt"
  ],
  "Instructions": [
    "Preheat oven to 425 degrees Fahrenheit and line a baking sheet with foil.",
    "Brown the ½ pound sausage in a large skillet over medium heat. When sausage is almost cooked through, add the 2 cups chopped spinach and ⅓ cup diced green bell pepper and saute for a few minutes.",
    "Crack 6 large eggs into a bowl, whisk, and add to the skillet. Stir occasionally until eggs are just barely cooked through. Remove from heat and stir in the 2 tablespoons crumbled feta cheese.",
    "Microwave the 7 medium tortillas, for 30 seconds or until pliable. Divide the filling between tortillas. Top each with a little of the ½ cup shredded cheddar cheese and the ½ cup salsa,",
    "Roll each filled tortilla up tightly and place, seam-side down, on the baking sheet. Spray the tops of taquitos lightly with cooking spray and sprinkle with a little kosher salt. Bake for 10-15 minutes or until crispy. Serve with extra salsa for dipping."
  ],
  "Nutrition": [
    "Calories: 288kcal",
    "Carbohydrates: 18g",
    "Protein: 15g",
    "Fat: 17g",
    "Saturated Fat: 6g",
    "Cholesterol: 174mg",
    "Sodium: 708mg",
    "Potassium: 298mg",
    "Fiber: 1g",
    "Sugar: 3g",
    "Vitamin A: 1222IU",
    "Vitamin C: 9mg",
    "Calcium: 134mg",
    "Iron: 2mg"
  ],
  "Comments": [
    "tiffany b says:I just made these for the first time and they look amazing!",
    "Ingrid says:I’m always looking for recipes that can be frozen. Just came across this and have already added the ingredients to the next shopping list.An unanswered question though … what do you recommend for reheating a frozen Taquito?",
    "Alyssa Rivers says:I always love reheating recipes on a skillet or in the oven. For a taquito I recommend an oven with it on a greased sheet pan. For a quicker way, use a microwave.",
    "Marcia says:What is the serving size for the calories",
    "Alyssa Rivers says:Hey Marcia!Thanks for the great question.  The nutritional information is for 1 taquito.  I hope this is helpful!  Thanks for following along with me!",
    "Joleen says:I host a breakfast club every other Tuesday. I’m always looking for recipes I can make ahead. can’t wait to try these. Thank you so much for sharing.",
    "Gladys Stout-Wiegmans says:Alyssa, thank you for letting men print these recipes I had problem before couldn’t print any of them I was so frustrated. But thanks again I am a happy camper with the breakfast recipes.",
    "Lorri says:This looks amazing and I can’t wait to try it tomorrow.  Love new breakfast ideas!This may be a super silly question but do you have a preference on cooking spray?There are sooooooo many to choose from so just curious if you have a favorite.Thanks bunches! 🙂",
    "Alyssa Rivers says:I wish I did! Haha. I really just use the Costco brand or the classic PAM spray. Just depends where and when I am buying it. Thank you so much for following along with me! XOXO",
    "Sarah says:Yours looked so good, but mine didn’t work out well.  My tortillas fell apart despite warming them, and I had a lot of extra filling–maybe my tortillas were smaller?  They were tasty but definitely not pretty, and too much work for the result.",
    "Alyssa Rivers says:Oh bummer! I am sorry you had a few problems! I hope it is better next time or you can find another recipe to try for the future! Thanks for sharing! XOXO",
    "Kristen says:This was so great! We made this breakfast this morning and the Husband can’t wait to have it again! Plus, we still have all the ingredients left over to make it too :)!!",
    "Alyssa Rivers says:That is so great to hear!! I am glad you have leftovers!! That makes it so much better:)! XOXO",
    "Sherie N. says:These are really good! I’ve made these three times now and we prefer to use cheddar or Pepper Jack in place of feta and cut down on the eggs a bit. Also, I think it’s easier to use the flour tortillas as opposed to the corn. The corn tortillas tend to crack and break. Thanks, Alyssa!",
    "Alyssa Rivers says:Great ideas!  Thank you for sharing.",
    "Shirley says:I also thought about using flour instead of corn but did the flour tortillas dry out and get tough in the oven?",
    "Jessika says:Just finished making these – delicious! I served with cast iron skillet golden potatoes that I put in the oven whole browning the meat and preparing the taquitos. The man approves, yes!! 😉  —  I however substituted feta for crumbled goat cheese and then took slices of Swiss cheese cut into 4 rectangles and put 2 of those on top of the insides in a line to help it stay together more when rolled and baked.15 minutes later and perfectly golden brown.  Thank u so !",
    "Brenda says:Can you make these the night before and bake in the morning or will they get soggy?? Thanks",
    "Alyssa says:I think that that would work just fine!",
    "Arielle says:These look amazing! Love it when I see a recipe and actually have all the ingredients in the fridge!",
    "Matt Robinson says:I now know what I want for breakfast tomorrow!",
    "Kelley says:Would these breakfast taquitos freeze well and if so, how would you suggest heating them up?",
    "Kristie says:To freeze: As you roll your Taquitos, place them on a parchment lined cookie sheet without touching. Then place cookie sheet in freezer. When Taquitos are frozen remove them from the cookie sheet and add them all to a freezer safe gallon sized bag. When you are ready to eat just take taquitos out, place on a foil or parchment lined cookie sheet. Spray lightly with olive oil and sprinkle with a little salt. Bake in 425 degree oven for 15-20 minutes or until crispy.",
    "Kristi says:Can you freeze some after they were already baked ?  They were so good, I would hate for the rest to go to waste!"
  ]
}