{
  "URL": "https://therecipecritic.com/baked-feta-pasta/",
  "Summary": "This baked feta takes pasta to a whole new level. Using delicious feta cheese, tomatoes, thyme, and basil this recipe will have you coming back for seconds and even thirds!",
  "Metadata": [
    "Prep Time:  15minutes",
    "Cook Time:  35minutes",
    "Total Time:  50minutes",
    "Servings:  4people"
  ],
  "Ingredients": [
    "2 pints cherry tomatoes",
    "4 cloves garlic whole or chopped",
    "1/2 cup olive oil",
    "salt and pepper",
    "1 teaspoon fresh thyme chopped",
    "1 (7-8 ounce)  block of feta cheese",
    "10 ounces trottole pasta noodles",
    "1/4 cup chopped basil"
  ],
  "Instructions": [
    "Preheat oven to 400 degrees. In a 3-quart casserole dish add the cherry tomatoes, olive oil, salt, pepper, and thyme. Toss until coated in olive oil.",
    "Add the block of feta into the center of the cherry tomatoes. Bake for 30-35 minutes.",
    "Bring a pot of water to a boil and cook the pasta until al dente. Drain and set aside.",
    "Remove the baked feta from the oven. Add the basil and stir until all ingredients are mixed.",
    "Add the pasta and toss until coated. Serve."
  ],
  "Nutrition": [
    "Calories: 550kcal",
    "Carbohydrates: 64g",
    "Protein: 12g",
    "Fat: 28g",
    "Saturated Fat: 4g",
    "Polyunsaturated Fat: 3g",
    "Monounsaturated Fat: 20g",
    "Cholesterol: 1mg",
    "Sodium: 34mg",
    "Potassium: 694mg",
    "Fiber: 4g",
    "Sugar: 8g",
    "Vitamin A: 1261IU",
    "Vitamin C: 56mg",
    "Calcium: 53mg",
    "Iron: 3mg"
  ],
  "Comments": [
    "Alice says:Yummy! I was looking for a recipe to use up my feta and basil and this is totally yummy!",
    "Greg Post says:Enhance this recipe by substituting 8-12oz of sun dried tomatoes and adding 12-16oz of marinated artichoke hearts.  Amazing!"
  ]
}