{
  "URL": "https://therecipecritic.com/baked-mushroom-chicken/",
  "Summary": "Easy Baked Mushroom Chicken has a melted cheese covering the tender chicken breast with flavorful mushrooms and mushroom sauce to enhance every bite. ",
  "Metadata": [
    "Prep Time:  5minutes",
    "Cook Time:  20minutes",
    "Total Time:  25minutes",
    "Servings:  4servings"
  ],
  "Ingredients": [
    "4 thinly sliced chicken breasts",
    "salt and pepper to taste",
    "1 tablespoon Italian seasoning",
    "2 tablespoons unsalted butter",
    "8 ounces sliced mushrooms",
    "½ cup chicken broth",
    "½ cup shredded mozzarella cheese",
    "fresh chopped parsley for garnish"
  ],
  "Instructions": [
    "Preheat the oven to 375 degrees Fahrenheit. Salt and pepper 4 thinly sliced chicken breasts and evenly season with 1 tablespoon Italian seasoning.",
    "In a large skillet over medium-high heat add 2 tablespoons unsalted butterr. Cook and brown each side of the seasoned chicken breasts and place in a 13 x 9 x 2-inch baking dish.",
    "Returning to the skillet add 8 ounces sliced mushrooms and ½ cup chicken broth. Simmer until tender pour over the chicken in the baking dish.",
    "Bake uncovered for 15 minutes. Top with ½ cup shredded mozzarella cheese cheese and bake an additional 5 minutes until the cheese is melted and the chicken is cooked throughout. Garnish with fresh chopped parsley for garnish"
  ],
  "Nutrition": [
    "Calories: 367kcal",
    "Carbohydrates: 3g",
    "Protein: 53g",
    "Fat: 15g",
    "Saturated Fat: 7g",
    "Polyunsaturated Fat: 1g",
    "Monounsaturated Fat: 4g",
    "Trans Fat: 0.3g",
    "Cholesterol: 171mg",
    "Sodium: 507mg",
    "Potassium: 1050mg",
    "Fiber: 1g",
    "Sugar: 1g",
    "Vitamin A: 359IU",
    "Vitamin C: 4mg",
    "Calcium: 107mg",
    "Iron: 2mg",
    ""
  ],
  "Comments": [
    "Christine says:Too bland. I added Marsala cooking wine, minced garlic, and onions to mushrooms. I also dredged the chicken in flour before browning.",
    "Cindi says:Love how quick this all came together. I did add fresh spinach to the mushrooms for a little extra vegetable boost. I used baby Bella mushrooms that I sliced thick and my skillets are oven safe so assembled all back into the skillet for baking. One less dish to wash. Thanks for a new great recipe to add into my rotation!",
    "Shay M says:This was amazing, so easy & glad to find a recipe where I had everything on hand so no need to buy extra spices I don’t use.  I had some fresh spinach so added just before I put it in the oven. Served over a spoonful of mashed potatoes. Definitely will make again.  Thank you!",
    "Barbara Gatto says:Thought it was quick and easy, I used low sodium chicken broth and used Harvarti cheese.put it in the broiler or a few at the end instead of baking to get that Yummy bubbly golden brown cheese! And then a slight but of fresh lemon,served it over spinach. It was YUMMY!! TY!",
    "Alyssa Rivers says:Sounds amazing! I’ll have to try it like that next time.",
    "Toni says:Can I add zucchini, yellow squash and aspergas to this?",
    "Alyssa Rivers says:Sure! Let me know how it turns out!",
    "Mary Alice says:My Husband enjoyed this so much!  Made exactly as directed and it was easy and delicious.  I served over rice and it soaked up the broth.  YUM!  Thank you very much.  I used to make a similar recipe that called for breading and frying the chicken first, but your recipe is much less work and just as good!!!  This will go on regular rotation!",
    "Katie says:This recipe was extremely easy. I was worried it would be bland. I followed it exactly, and it was very flavorful and tasty. I ate the leftovers today, and they were just as good if not better!",
    "margaret flecker says:good recipe- tasty , fast and simple to make",
    "Jan says:Very nice and quick also.  I added fresh basil at the end as well",
    "Netta G says:This was quick and easy to make.   LOVED IT.  Delicious and it will be a regular dinner choice.  Can’t wait to try some of your other recipes!",
    "Mandy says:I made this recipe. I added sun dried tomatoes in the mushroom sauce. It added a little acid to cut through the richness of the cheese. It was awesome. Definitely a keeper.",
    "Wendy Flory says:This chicken is amazing! Juicy, tender and flavorful! A favorite for sure! I prefer it with Swiss cheese-so yummy!",
    "AmyT says:I made this tonight with Havarti cheese since it was what I had on hand–so delicious! I also added a sliced onion, garlic salt, and extra herbs.  What are the nutrition facts? it looks like they’re not showing up or not there.",
    "Kara Stolly says:When you add the mushrooms – do I add just the mushrooms or do I also dump the chicken broth in too?",
    "Alyssa Rivers says:Yes, you will add both the mushrooms and chicken broth at the same time.",
    "Kathleen says:How would this recipe be with pork chops",
    "Alyssa Rivers says:That is a great combination too!",
    "Robert Mixon says:Can u explain how to print ur recipes ? I am legally blind .",
    "Alyssa Rivers says:The print button is on the recipe card and can be found in the right upper hand corner for this recipe. Hope that helps! XOXO",
    "Bryn says:Can you tell me how thinly sliced the chicken is?  From the pictures I wouldn’t have guessed they were sliced at all.  Just want to get it right!!!  Are they sliced in half or in strips like tenders?  Thanks so much, this looks delicious",
    "Sherry says:I made tonight I think it just meant thin chicken breast – you could pound them out – I didn’t do anything to mine just cooked them longer in the frying pan until almost cooked through about 150 F then they finished to 170 F in the oven – it was good (I did add about 1 TBSP Dijon mustard to the mushroom sauce"
  ]
}