{
  "URL": "https://therecipecritic.com/baked-garlic-cheddar-chicken-strips/",
  "Summary": "Delicious chicken tenders breaded in a garlic parmesan panko mixture and baked to crispy perfection!  This is a meal the entire family will love!",
  "Metadata": [
    "Prep Time:  10minutes",
    "Cook Time:  15minutes",
    "Total Time:  25minutes",
    "Servings:  6Pieces"
  ],
  "Ingredients": [
    "1 1/4  pounds chicken tenders boneless skinless",
    "1/2 cup white flour",
    "Salt and Pepper",
    "6 tablespoons olive oil or melted butter",
    "3 teaspoons minced garlic",
    "1 teaspoon dried basil",
    "1/4 teaspoon paprika",
    "1 cup Panko",
    "2/3 cup Parmesan cheese freshly grated",
    "Famous Fry Sauce"
  ],
  "Instructions": [
    "Trim the fat from the tenders.",
    "Preheat the oven to 400 degrees F.",
    "Set out three bowls. Fill one with the white flour, about 1/4 teaspoon pepper, & about 1/2 teaspoon salt. Stir,",
    "Fill the next bowl with the olive oil or butter and minced garlic. Stir.",
    "Place the basil, paprika, Panko, and parmesan cheese in the last. Stir.",
    "Place the tenders in the flour mixture, then the garlic oil, then the panko mixture making sure to evenly and thoroughly coat each piece.",
    "Place the tenders on the sheet and then place in the oven.",
    "Cook for 15 minutes and then flip the tenders and cook for another 5-8 minutes or until the internal temperature of the chicken reaches 165 degrees F.",
    "Remove and enjoy immediately with the dipping sauce!"
  ],
  "Nutrition": [
    "Calories: 357kcal",
    "Carbohydrates: 16g",
    "Protein: 27g",
    "Fat: 20g",
    "Saturated Fat: 4g",
    "Cholesterol: 68mg",
    "Sodium: 362mg",
    "Potassium: 401mg",
    "Fiber: 1g",
    "Sugar: 1g",
    "Vitamin A: 156IU",
    "Vitamin C: 2mg",
    "Calcium: 163mg",
    "Iron: 2mg"
  ],
  "Comments": [
    "PJ says:I have made these several times.These chicken tenders are the best!!",
    "Brenda M Pappas says:Made this for the first time today.  Husband and myself really enjoyed it!",
    "Alex says:All I have to say is that this is actually one of my all time favorite recipes I’ve made, and definitely one of my favorite chicken recipes!!! There was a period of time I was making this once a week bc I couldn’t get enough of it, lol. Kudos to the recipe creator!! ??",
    "Alyssa Rivers says:Love this! Thank you for much for taking time to leave a comment and a review! It makes all the hard work worth it!",
    "Jessica says:Love this recipe! It has been in the rotation for a while now. Always a crowd pleaser!Thanks",
    "Grace Brouillard says:Excellent recipe! Made for the family tonight. Tender, crisp chicken, perfect!",
    "Vesna Krstanovich says:I do not usually share comments but after seeing some negative ones, need to say how much we love this recipe!! I follow instructions and no substitutions, in oven, on parchment paper chicken browns and crisps and does not stick to sheet pan. I flip pieces half way through cooking time. I have made this recipe numerous times now and always perfect and delicious! I make a honey Dijon dipping sauce, yogurt, yellow and grainy Dijon mustard and honey. Perfect! Thank you for this wonderful method of making chicken tenders!",
    "Kylee says:Yum! Popped these in the air fryer, so much crispier than the oven! Made these with a side of mac n cheese because the kiddo chose the side! Will definitely make these again!",
    "Alyssa Rivers says:Chicken tenders and mac and cheese is my kids’ meal of choice as well. ? I’m glad the recipe worked out for you!",
    "E Henderson says:Sorry but not a dish I’d cook again. My chicken didn’t get browned like in the photo. I had to turn up heat to 425 to get browned and it took longer than stated flipping over several times.  The chicken wasn’t as tender as I’d hoped. The olive oil seemed to make the Panko crumbs not get as crisp.",
    "Rosa says:I made these for the first time tonight. Delicious taste. The only thing I may change is to place the chicken tenders on a rack that is then placed on top of a sheet pan. With my experience this evening, the chicken stuck a little to my pan and random places on the outside were not as crispy as others. ( I did use parchment paper ) and I did as directed, flipping the meat over half way through.",
    "Alyssa Rivers says:This is a great tip! Easier cleanup too!",
    "Jen says:I don’t usually leave reviews for recipes but this was so amazing I felt it deserved it.  So easy and quick so its great for a week night.  Everyone loved it from my husband to my mother to our 20 month old.  I’ve tried others that were ok but this is a keeper and will be a new favorite in our house.  I made it exactly like the recipe with the exception of I lightly salted them before breading."
  ]
}