{
  "URL": "https://therecipecritic.com/baked-scrambled-eggs/",
  "Summary": "Get ready for the best scrambled eggs you've ever had (that also happen to be the easiest to make)! These Baked Scrambled eggs are light, fluffy, and full of flavor, and perfect for food prepping, holiday breakfasts, or just having enough food on the table to keep everyone full until lunch.",
  "Metadata": [
    "Prep Time:  5minutes",
    "Cook Time:  22minutes",
    "Total Time:  27minutes",
    "Servings: 6"
  ],
  "Ingredients": [
    "12 large eggs",
    "1 cup milk",
    "1/4 cup water",
    "1 teaspoon salt",
    "1/4 cup butter, melted and cooled"
  ],
  "Instructions": [
    "Preheat the oven to 350 degrees Fahrenheit. Spray a glass 9X13 baking dish with non-stick cooking spray.",
    "Add all of the ingredients to a large bowl and whisk together until well blended.",
    "Pour into a glass baking dish then place in the preheated oven.",
    "Allow the eggs to bake uncovered for 10 minutes.",
    "After 10 minutes, stir the eggs and bake for 12 additional minutes. It will still be liquid at this point but it comes together and cooks perfectly.",
    "Fluff and season with salt and pepper if needed. Serve warm!"
  ],
  "Nutrition": [
    "Calories: 218kcal",
    "Carbohydrates: 3g",
    "Protein: 13g",
    "Fat: 17g",
    "Saturated Fat: 8g",
    "Polyunsaturated Fat: 2g",
    "Monounsaturated Fat: 5g",
    "Trans Fat: 0.3g",
    "Cholesterol: 353mg",
    "Sodium: 589mg",
    "Potassium: 185mg",
    "Sugar: 2g",
    "Vitamin A: 777IU",
    "Calcium: 102mg",
    "Iron: 2mg",
    ""
  ],
  "Comments": [
    "Linda Blackburn says:Please can I ask..When recipe says a cup of milk how much is that in Ml..aren’t all cups a different size.Thank you",
    "Alyssa Rivers says:There are dry measuring cups and liquid measuring cups. Make sure you use the correct one. One cup is 8 ounces.",
    "Emilie Richards says:I’ve never served these scrambled eggs without somebody at the table asking how I made them so light and fluffy. Thanks for this.",
    "Alyssa Rivers says:What a great compliment to the chef! I’m glad I could provide a recipe you execute so well!",
    "Fernande Laflamme says:could you used margarine instead butter",
    "Alyssa Rivers says:Yes, that should work just fine!",
    "Claire Lane says:This was super easy recipe and the and eggs came out great.",
    "Maureen says:Do I cover them after the first 10 minutes or leave uncovered?",
    "Alyssa Rivers says:You just leave them uncovered.",
    "Claire Holland says:This did not work in my over still very much liquid after the additional 12 minutes",
    "Alyssa Rivers says:Hi Claire, that is strange, how much milk did you use and how many eggs did you add?",
    "Anka says:This recipie is delicious and so easy to make.  My husband and children loved it.  Thank you for sharing.",
    "Torii Bryant says:So am I missing something? The calorie count is 218k?? So per serving is 36k+ calories? Maybe I’m misunderstanding what it says but I read “Calories: 218kcal”",
    "Alyssa Rivers says:Kcal and cal are a different name for the same type of measurement. So that is an estimated 218 calories per serving.",
    "Amanda says:How long do these stay good in the fridge after baking?",
    "Alyssa Rivers says:5 days!",
    "Carole says:Made these for Christmas brunch.  Added chopped chives and red pepper (Christmas effect) so easy and everyone loved them.Will definitely make again.",
    "Patti says:If using a muffin tin, how many does this make -6, or 12?",
    "Rose says:Does it have to be a glass baking dish?  Would disposable aluminum pans work?   We were thinking about making them for a church breakfast (about 150 people).  We are trying to avoid a lot of clean up.",
    "Alyssa Rivers says:Disposable pans work great! I need to add that to my list of tips.",
    "Starla says:I’m wondering if you tried this in large pans? Does the baking time need to be increased? I’m looking for a fresh way to feed eggs to a 100 ppl and wasn’t sure how the timing would be if it were a large pan. Thanks!",
    "Rhonda says:Best scrambled eggs I’ve ever eaten!",
    "Kim Kosirog says:I love this..I was trying to make a healthy breakfast for 2 and I had leftover chopped onion pepper and mushrooms so I used 3 eggs 1/4 cup skim milk..1 tablespoon water 1/4 teaspoon salt and 1 tablespoon melted butter. I wished it all together added my onions peppers and mushrooms Sprayed a bread loaf pan with cooking spray..baked for 10 mins uncovered at 350..stirred covered with foil and cooked 12 more minutes..cut in half and it was perfect!",
    "Bonnie says:can these be made ahead of time?",
    "Alyssa Rivers says:If you can make them and keep them warm then they should be fine!",
    "Alsy says:You can make them a day ahead, just keep them very soft, then cool and put well wrapped in the fridge.  When you’re ready to serve, put them into a 350°oven until they’re back up to temperature.   You can also speed things up by cracking and scrambling the eggs the night before with everything you want on them, cover them tightly (empty pickle jars or 2 liter bottles work great if you need to transport!).  Give them a share or stir before you put them into the pans to cook…I leave them out for awhile to get to room temp (the ride to church for me) before putting into the oven.",
    "Connie Taylor says:love eggs  great recipe.  never thought to add water.  thanks"
  ]
}