{
  "URL": "https://therecipecritic.com/baked-sweet-hawaiian-chicken/",
  "Summary": "Delicious chicken that gets breaded and baked in a sweet and tangy pineapple sauce.  It bakes to perfection and is so much better than takeout! ",
  "Metadata": [
    "Prep Time:  20minutes",
    "Cook Time:  1hour",
    "Total Time:    1hour20minutes",
    "Servings:  4Servings"
  ],
  "Ingredients": [
    "4 boneless skinless chicken breasts",
    "Salt and pepper to taste",
    "1 ½ cups cornstarch",
    "3 beaten eggs",
    "¼ cup canola oil",
    "1 cup pineapple juice",
    "½ cup brown sugar",
    "⅓ cup soy sauce",
    "1 teaspoon minced garlic",
    "½ tablespoon cornstarch",
    "1 chopped red pepper",
    "1 (20-ounce) can pineapple tidbits, drained"
  ],
  "Instructions": [
    "Preheat oven to 325 degrees Fahrenheit. Cut 4 boneless skinless chicken breasts into bite-sized pieces and season with Salt and pepper to taste.",
    "Put the 1 ½ cups cornstarch in one bowl and 3 beaten eggs in another. Dip the chicken into cornstarch then coat in egg mixture.",
    "Heat the ¼ cup canola oil in a large skillet over medium-high heat and cook the breaded chicken until browned. Place the chicken in a 9x13-inch greased baking dish.",
    "In a medium-sized mixing bowl, whisk together 1 cup pineapple juice, ½ cup brown sugar, ⅓ cup soy sauce, 1 teaspoon minced garlic, and ½ tablespoon cornstarch. Add the 1 chopped red pepper and 1 (20-ounce) can pineapple tidbits,.",
    "Pour the mixture over the chicken and bake for 1 hour stirring the the chicken every 15 minutes or so to coat them in the sauce."
  ],
  "Nutrition": [
    "Calories: 640kcal",
    "Carbohydrates: 83g",
    "Protein: 31g",
    "Fat: 20g",
    "Saturated Fat: 3g",
    "Polyunsaturated Fat: 3g",
    "Monounsaturated Fat: 12g",
    "Trans Fat: 0.03g",
    "Cholesterol: 195mg",
    "Sodium: 1273mg",
    "Potassium: 685mg",
    "Fiber: 1g",
    "Sugar: 34g",
    "Vitamin A: 1147IU",
    "Vitamin C: 46mg",
    "Calcium: 63mg",
    "Iron: 2mg",
    ""
  ],
  "Comments": [
    "Anna says:We just finished this for dinner. It was good, just good. I will not be making this again.",
    "Naomi says:Has anyone tried this with adding sweet Onion also?",
    "Sabrina clark says:Suggestions for freezing this for another day?Should I cook chicken and make sauce separately and freeze separately and thaw and combine and bake? Anybody else try this?",
    "Alyssa Rivers says:I think freezing the chicken and sauce separately would give you the best texture once everything is combined and reheated again. ?",
    "Shannon’s husband says:Worked great for me. Let it sit with mixture for 10-15 minutes then had to do some slight seperating while frying but otherwise worked amazing.",
    "Carmen says:Excellent recipe! After dipping in cornstarch and egg,  I place each individual piece on a cookie sheet lined with parchment paper. This makes it a bit easier for me. I then use tongs to toss them in pan. No messy fingers. The first batch I forgot to add oil for browning. No big deal. Cooked in a non-stick bronze pan. 2nd batch browned in canola oil. Partner also loves this recipe! Thanks!",
    "Pat says:How about cooking this in a Ninja? Air crisp the chicken then do the baking on these bake feature?",
    "Alyssa Rivers says:That sounds awesome! Let me know how it turns out!",
    "Naomi says:Did you trybthis receipe in the ninja? Wanted to try bit as well but not sure how it would turn out",
    "Jen says:I feel like I must be doing something wrong. This recipe is soo good and my family loves it but it’s the cooking of the chicken part that gets me. My entire kitchen ends up a complete mess and I always need a second person to cook the chicken while I am doing the dipping. What am I doing wrong?  What do you do that makes this part easier?",
    "Tim says:You are exactly right! It was delicious, but trying to bread and fry bite-size pieces of chicken makes for a real mess. I ended up putting the corn starch in a gallon baggie, dumping all the bite-size pieces in, shaking it, and then scooping them out into the eggs before browning. I wonder about breading and then browning the chicken breasts and THEN cutting them into the small pieces? I may try that next time.Served it over quinoa. Big hit!",
    "Christy says:I thought this was a weight watchers recipe but with the high calories, sodium, sugar and carbs I probably won’t make again as a lot of ingredients and long prep time. This may have been from browning  a few batches rather than all at once",
    "Marsha O'Brien says:I was short pineapple juice so I added orange juice to make enough",
    "Roxie says:I didn’t add the pineapple tidbits , instead cut up fresh pineapple (not necessary of course) and served it with white rice and lightly grilled, salted veggies. It was INCREDIBLE! A little extra work with the frying, but sooo worth it. A true hit that I’ll use time and again. Thanks much!",
    "Karen says:What if I don’t use the pineapple Tibits?",
    "Alyssa Rivers says:That is fine! You are welcome to leave them out."
  ]
}