{
  "URL": "https://therecipecritic.com/baked-rice/",
  "Summary": "Stick of Butter Baked Rice is soft and fluffy rice that is loaded with sweet, rich flavors from onion soup and butter.  It is quick and easy to prep and bakes in the oven to perfection!",
  "Metadata": [
    "Prep Time:  5minutes",
    "Cook Time:  1hour",
    "Total Time:    1hour5minutes",
    "Servings:  8People"
  ],
  "Ingredients": [
    "1 cup long grain rice, not instant",
    "1  (10 ounce )can French onion soup (Campbell's)",
    "1 (14.5 ounce) can beef broth",
    "1/2 cup unsalted butter, sliced"
  ],
  "Instructions": [
    "Preheat oven to 425 degrees Fahrenheit.",
    "In an 8×8 or 2 quart dish add the rice, French onion soup, beef broth, and sliced butter.",
    "Cover with foil and bake for 30 minutes.",
    "Remove the foil and bake for an additional 30 minutes.",
    "Remove from the oven, fluff with a fork, and serve!"
  ],
  "Nutrition": [
    "Calories: 186kcal",
    "Carbohydrates: 19g",
    "Protein: 2g",
    "Fat: 12g",
    "Saturated Fat: 7g",
    "Cholesterol: 31mg",
    "Sodium: 104mg",
    "Potassium: 27mg",
    "Fiber: 1g",
    "Sugar: 1g",
    "Vitamin A: 355IU",
    "Calcium: 10mg",
    "Iron: 1mg",
    ""
  ],
  "Comments": [
    "Brandi Downing says:I liked the recipe, although would recommend less butter (surprisingly). Going to try half a stick next time!",
    "Barb says:I use 3T and the recipe is still very good.",
    "Michele says:The flavor is delicious but the rice was a little mushy for my taste. Next time I will reduce the amount of broth.",
    "Adrian D. Ashby says:I got a bit of a variation… instead of the beef broth and french onion soup,  I used two 8.25oz cartons of unsalted chicken stock, 1 envelope of Golden Onion soup mix and about 1/3 cup of water. Overall a fun recipe to keep in my arsenal!",
    "Sara says:Hi, can I use a packet of homemade onion soup mix instead of the campbells?",
    "Alyssa Rivers says:Yes that should work great! Let me know how it turns out. ?",
    "Jill says:I used the dried onion soup mix tonight and kept everything else the same. The rice was delicious!!",
    "jana johnson says:Can You bake chicken with the rice",
    "Alyssa Rivers says:Yes, as long as it’s cooked. I like to use shredded rotisserie chicken for easy prep!",
    "Linda says:Can this be made in a toaster oven",
    "Alyssa Rivers says:This needs to be baked in a regular oven!"
  ]
}