{
  "URL": "https://therecipecritic.com/baked-cinnamon-roll-oatmeal/",
  "Summary": "A quick and easy baked oatmeal with all of the goodness of a cinnamon roll inside.  It is filled with brown sugar and cinnamon and topped with a cream cheese glaze.  One of the best breakfasts you will make!",
  "Metadata": [
    "Prep Time:  5minutes",
    "Cook Time:  35minutes",
    "Total Time:  40minutes",
    "Servings:  8Servings"
  ],
  "Ingredients": [
    "3 cups quick oats",
    "¾ cup brown sugar",
    "2 teaspoons cinnamon",
    "2 teaspoons baking powder",
    "1 teaspoon salt",
    "1 cup milk",
    "½ cup melted butter",
    "¼ cup maple syrup",
    "2 eggs",
    "2 teaspoons vanilla extract",
    "¼ cup chopped pecans, optional",
    "4 tablespoons melted unsalted butter",
    "2 ounces room temperature cream cheese",
    "¾ cup powdered sugar",
    "½ teaspoon vanilla extract"
  ],
  "Instructions": [
    "Preheat oven to 350 degrees Fahrenheit. Spray an 8x8-inch baking dish with cooking spray",
    "In a large mixing bowl, 3 cups quick oats, ¾ cup brown sugar, 2 teaspoons cinnamon, 2 teaspoons baking powder, and 1 teaspoon salt together. Whisk in 1 cup milk, ½ cup melted butter, ¼ cup maple syrup, 2 eggs, and 2 teaspoons vanilla extract.",
    "Spread the mixture into the prepared baking dish. Bake in the preheated oven until bubbling, about 35- 40 minutes.",
    "Cream cheese glaze: Whisk together the 4 tablespoons melted unsalted butter, 2 ounces room temperature cream cheese, ¾ cup powdered sugar, and ½ teaspoon vanilla extract. Drizzle over the baked oatmeal. Serve warm and garnish with ¼ cup chopped pecans, if desired."
  ],
  "Nutrition": [
    "Calories: 502kcal",
    "Carbohydrates: 62g",
    "Protein: 8g",
    "Fat: 26g",
    "Saturated Fat: 14g",
    "Polyunsaturated Fat: 2g",
    "Monounsaturated Fat: 8g",
    "Trans Fat: 1g",
    "Cholesterol: 97mg",
    "Sodium: 441mg",
    "Potassium: 354mg",
    "Fiber: 3g",
    "Sugar: 40g",
    "Vitamin A: 737IU",
    "Vitamin C: 0.1mg",
    "Calcium: 149mg",
    "Iron: 2mg",
    ""
  ],
  "Comments": [
    "Mel L. says:Oh my gosh! My son can’t stand oatmeal and he ate this! It tastes like a little piece of Heaven fell on our plates for Breakfast! Absolutely AMAZING!!!! And dangerous because it’s too good! For those wondering… this tastes like the softest cinnamon cookie (Probably because I did it without the glaze) Wow! Thank you for sharing!",
    "Julie Mayer says:Alyssa, this recipe looks delicious.  I do, however, have a question about the glaze.  The directions say to melt the butter in a pan.  Then to whisk the cream cheese, vanilla, and powdered sugar together.  Drizzle over baked oatmeal.  My question is: do I add the cream cheese mixture to the melted butter or drizzle the butter and the cream cheese mixture over the oatmeal separately?  Thanks for the great recipes!  Julie",
    "Strawberry Girl says:This looks delicious.  I’m going to try it soon, but I’m wondering if it can be doubled and put in a 13X9 dish? Have you tried that? I have to make breakfast for 9 people, so I need lots of it."
  ]
}