{
  "URL": "https://therecipecritic.com/baked-chicken/",
  "Summary": "This perfect and juicy baked chicken will be sure to get a WOW at your next family get-together! It is seasoned with a delightful array of spices and baked to perfection! Your tastebuds will thank you later!!",
  "Metadata": [
    "Prep Time:  10minutes",
    "Cook Time:  20minutes",
    "Total Time:  30minutes",
    "Servings:  4chicken breasts"
  ],
  "Ingredients": [
    "1 pound chicken breasts",
    "1 tablespoon brown sugar",
    "1 teaspoon chili powder",
    "½ teaspoon paprika",
    "1 teaspoon Italian seasoning",
    "1 teaspoon garlic powder"
  ],
  "Instructions": [
    "Preheat oven to 425 degrees Fahrenheit. Prepare your chicken by using a rubber mallet to pound 1 pound chicken breasts to an even thickness.",
    "In a small bowl, add 1 tablespoon brown sugar, 1 teaspoon chili powder, ½ teaspoon paprika, 1 teaspoon Italian seasoning, and 1 teaspoon garlic powder.",
    "Rub evenly and on both sides of the chicken.",
    "Grease a 9 x 13-inch pan and add the chicken. Bake in preheated oven for 15-20 minutes or until a thermometer reads 165 degrees Fahrenheit.",
    "Remove the chicken from the oven and let it rest for 10 minutes to absorb the juices."
  ],
  "Nutrition": [
    "Calories: 147kcal",
    "Carbohydrates: 4g",
    "Protein: 24g",
    "Fat: 3g",
    "Saturated Fat: 1g",
    "Polyunsaturated Fat: 1g",
    "Monounsaturated Fat: 1g",
    "Trans Fat: 0.01g",
    "Cholesterol: 73mg",
    "Sodium: 141mg",
    "Potassium: 454mg",
    "Fiber: 1g",
    "Sugar: 3g",
    "Vitamin A: 314IU",
    "Vitamin C: 1mg",
    "Calcium: 19mg",
    "Iron: 1mg",
    ""
  ],
  "Comments": [
    "Marie says:This is one of my go to recipes for baked chicken. Everyone in the house loves it!",
    "philomela arias says:delicious and so yummy",
    "Amelia says:I made this recipe exactly as described except that I used a smaller pan to cook the chicken. The chicken came out very juicy! However, this was such a weird seasoning combination. The brown sugar made this a bit too sweet. I won’t be making this again.",
    "carol says:Hi! I’ve been cooking for over 55 years but still picked up a couple good tips from your website. I haven’t made this recipe, yet, but intend to do so. My questions are: Does this recipe need to be covered while baking?  And, do you always indicate in your recipes when, and if, the recipes need to be covered–skillet or oven?",
    "Alyssa Rivers says:Hello! This recipe does not need to be covered with foil. I will always indicate in the recipe card any specific instructions regarding baking if necessary.",
    "Amy says:First time try as recipe written was not bad.  Feel it needed salt in the seasoning (or on chicken prior to adding rub mix).  Definitely try again with this addition.  Turned out very moist, thanks for sharing!",
    "Stacy Carto says:No salt?",
    "Carrie says:Can I use bone-in chicken breasts?",
    "Alyssa Rivers says:You can! Just keep an eye on the cooking time! Let me know how they turn out.",
    "Ben Buszka says:Hi Alyssa,Can I use this recipe for Chicken – Pot – Pie ?",
    "Alyssa Rivers says:Yes! Do you have a chicken pot pie recipe already? If not, here’s one of mine! One Skillet Chicken Pot Pie",
    "Sandra Price says:Very easy and juicy!  Thanks for another great recipe that my whole family enjoyed, even my daughter who thinks she doesn’t like meat lol.",
    "Cat says:Are you able to substitute a golden monkfruit for the sugar?"
  ]
}