{
  "URL": "https://therecipecritic.com/baked-sweet-and-sour-chicken/",
  "Summary": "Baked Sweet and Sour Chicken is 1000x better than any takeout! It's crispy on the outside, juicy on the inside and exploding with flavor. There is a reason why this is our favorite recipe on the blog!",
  "Metadata": [
    "Prep Time:  20minutes",
    "Cook Time:  1hour",
    "Total Time:    1hour20minutes",
    "Servings:  6people"
  ],
  "Ingredients": [
    "4 boneless skinless chicken breasts",
    "salt and pepper to taste",
    "1 1/2 cups cornstarch",
    "3 eggs beaten",
    "1 cup granulated sugar",
    "1/4 cup ketchup",
    "1/4 cup white vinegar",
    "1/4 cup apple cider vinegar",
    "1 tablespoon low sodium soy sauce",
    "1 teaspoon garlic salt",
    "1/4 cup canola oil"
  ],
  "Instructions": [
    "Preheat oven to 325 degrees Fahrenheit. Cut chicken breasts into bite-sized pieces and season with salt and pepper.",
    "In separate bowls, place cornstarch and slightly beaten eggs. Dip chicken into cornstarch then coat in egg mixture.",
    "Heat canola oil in a large skillet over medium-high heat and cook chicken until browned. Place the chicken in a 9 x 13 greased baking dish.",
    "In a medium sized mixing bowl, combine sugar, ketchup, apple cider vinegar, white vinegar, soy sauce, and garlic salt. Pour over chicken and bake for 1 hour.",
    "I stirred the chicken every 15 minutes so that it coated them in the sauce."
  ],
  "Nutrition": [
    "Calories: 553kcal",
    "Carbohydrates: 66g",
    "Protein: 35g",
    "Fat: 15g",
    "Saturated Fat: 2g",
    "Cholesterol: 178mg",
    "Sodium: 777mg",
    "Potassium: 627mg",
    "Fiber: 1g",
    "Sugar: 36g",
    "Vitamin A: 215IU",
    "Vitamin C: 2mg",
    "Calcium: 20mg",
    "Iron: 1mg"
  ],
  "Comments": [
    "Jennifer G says:Made this tonight and it was AMAZING!  Followed recipe exactly. Picky kid approved.  Thank you, this will save a lot of money on takeout that is now not necessary.  Made this with the fried rice recipe that was also a winner!  Can’t wait to try more recipes from you, Alyssa! Appreciate all the tips as well.",
    "Elaine OSullivan says:I have made this recipe many, many times and the only thing I change is to dip in egg then toss it into a plastic bag full of cornstarch then fry.  The sauce thickens as it bakes. I add a can of chunk pineapple and cubed pieces of red sweet peppers before baking.  Always turns out great.",
    "Maggie says:Delicious!  The only change I made was using half a cup of buckwheat honey in place of the sugar.",
    "Sharon says:This was probably the best sweet and sour chicken that I’ve ever had…. The sauce was really good I had my doubts about it I wasn’t too sure how it was going to turn out but it was amazing thank you for a great recipe"
  ]
}