{
  "URL": "https://therecipecritic.com/baked-jicama-fries/",
  "Summary": "These delicious baked jicama fries are a low-carb alternative to French fries and are coated with savory seasonings! They're oven-roasted for that perfect crispy, golden brown outer layer. ",
  "Metadata": [
    "Prep Time:  10minutes",
    "Cook Time:  30minutes",
    "Total Time:  40minutes",
    "Servings: 4"
  ],
  "Ingredients": [
    "2-3 large jicamas peeled and sliced",
    "1/4 cup olive oil",
    "1/4 cup grated parmesan",
    "1 teaspoon garlic",
    "1 teaspoon smoked paprika",
    "1 teaspoon Italian seasoning",
    "Salt and pepper to taste"
  ],
  "Instructions": [
    "Preheat oven to 425 degrees F.",
    "In a large bowl add the jicama and fill with water until covered.",
    "Microwave for 10 minutes or until tender. (You can also boil them for 5 minutes on the stove.)",
    "Strain and dry the jicama.",
    "Add them to a bowl with the olive oil, garlic, paprika, Italian seasoning, parmesan, and salt and pepper.",
    "Place on a baking sheet with parchment and bake for 25-30 minutes or until crispy.",
    "Serve with fry sauce or ketchup."
  ],
  "Nutrition": [
    "Calories: 275kcal",
    "Carbohydrates: 31g",
    "Protein: 4g",
    "Fat: 16g",
    "Saturated Fat: 3g",
    "Polyunsaturated Fat: 2g",
    "Monounsaturated Fat: 10g",
    "Cholesterol: 5mg",
    "Sodium: 123mg",
    "Potassium: 527mg",
    "Fiber: 17g",
    "Sugar: 6g",
    "Vitamin A: 378IU",
    "Vitamin C: 67mg",
    "Calcium: 105mg",
    "Iron: 2mg"
  ],
  "Comments": [
    "Debbie says:Have you tried in an air fryer?",
    "Alyssa Rivers says:Yes! Try this recipe for that instead! Air Fryer Jicama Fries"
  ]
}