{
  "URL": "https://therecipecritic.com/baked-turkey-meatballs/",
  "Summary": "Baked Turkey Meatballs are tender, juicy, and perfectly seasoned. They're made with simple ingredients but big on flavor! These homemade meatballs are easy to make and healthy for the whole family! ",
  "Metadata": [
    "Prep Time:  10minutes",
    "Cook Time:  20minutes",
    "Total Time:  30minutes",
    "Servings:  5People"
  ],
  "Ingredients": [
    "1 pound ground turkey",
    "1 cup Italian breadcrumbs",
    "1 small onion, diced",
    "3 cloves garlic, minced",
    "2 large eggs",
    "¼ cup milk",
    "½ teaspoon salt",
    "¼ teaspoon pepper"
  ],
  "Instructions": [
    "Preheat the oven to 400 degrees Fahrenheit. Spray a medium baking dish with pan spray and set aside.",
    "Mix 1 pound ground turkey, 1 cup Italian breadcrumbs, 1 small onion, diced 3 cloves garlic, minced, 2 large eggs, ¼ cup milk, ½ teaspoon salt, and ¼ teaspoon pepper in a medium bowl until everything is incorporated. Roll the mixture into 1 ½-2-inch balls and place in the prepared baking dish.",
    "Bake for 20-25 minutes, until the internal temperature of the meatballs reaches 165 degrees Fahrenheit and the tops are lightly browned."
  ],
  "Nutrition": [
    "Serving: 4meatballs",
    "Calories: 238kcal",
    "Carbohydrates: 20g",
    "Protein: 28g",
    "Fat: 5g",
    "Saturated Fat: 2g",
    "Polyunsaturated Fat: 1g",
    "Monounsaturated Fat: 1g",
    "Trans Fat: 0.02g",
    "Cholesterol: 117mg",
    "Sodium: 630mg",
    "Potassium: 406mg",
    "Fiber: 2g",
    "Sugar: 3g",
    "Vitamin A: 185IU",
    "Vitamin C: 3mg",
    "Calcium: 80mg",
    "Iron: 2mg"
  ],
  "Comments": [
    "Lyn G says:Tried this recipe with a few tweaks, and it was great.  It’s one of the few meatball recipes out there that doesn’t require a million ingredients– just remember to buy the ground turkey, and then everything else is probably in your cupboard/fridge or has an easy substitution.   1) I used 93 percent lean ground turkey; 2) I added 1 Tbsp of olive oil to the mix.  3) I put the diced onion through a mini food processor to make sure I didn’t end up with chunks of onion; 4) added 1 Tbsp of Italian seasoning to the seasoned breadcrumbs; and 5) substituted 1/4 tsp of garlic powder for the fresh garlic, again to avoid chunks.  I baked it on the top 1/3 of my oven to encourage browning.",
    "LL says:Simply delicious…..added some Parm. These are my Go-To Turkey Meatballs. I eat them plain, in a roll or of course with spaghetti . Thank you 🙂"
  ]
}