{
  "URL": "https://therecipecritic.com/baked-oatmeal/",
  "Summary": "This baked berry oatmeal is a TikTok sensation that's every breakfast lover's dream! Warm, milky, and loaded with fresh berries, it's the most delicious way to start your day.",
  "Metadata": [
    "Prep Time:  10minutes",
    "Cook Time:  20minutes",
    "Total Time:  30minutes",
    "Servings: 4"
  ],
  "Ingredients": [
    "2 ripe bananas",
    "2 cups old fashioned oats",
    "1 Tablespoon chia seeds",
    "2 Tablespoons brown sugar",
    "2 cups milk",
    "2 cups mixed berries I used frozen"
  ],
  "Instructions": [
    "Preheat oven to 350 degrees.  Spray a 8×11 inch pan with cooking spray.  Add the bananas to the bottom of the pan and smash with a fork.  Add the oats on top followed by the chia seeds and brown sugar.",
    "Add the milk and stir until it is mixed.  Top with berries.",
    "Bake for 20 minutes or until the oatmeal is set.  Enjoy!"
  ],
  "Nutrition": [
    "Calories: 356kcal",
    "Carbohydrates: 63g",
    "Protein: 11g",
    "Fat: 8g",
    "Saturated Fat: 3g",
    "Polyunsaturated Fat: 2g",
    "Monounsaturated Fat: 2g",
    "Trans Fat: 0.01g",
    "Cholesterol: 15mg",
    "Sodium: 52mg",
    "Potassium: 603mg",
    "Fiber: 9g",
    "Sugar: 26g",
    "Vitamin A: 273IU",
    "Vitamin C: 7mg",
    "Calcium: 204mg",
    "Iron: 2mg",
    ""
  ],
  "Comments": []
}