{
  "URL": "https://therecipecritic.com/baked-buttery-herb-chicken-potatoes/",
  "Summary": "Baked buttery herb chicken and potatoes is juicy chicken combined with perfectly tender potatoes! It's an easy one-pan meal you can whip up quickly!",
  "Metadata": [
    "Prep Time:  5minutes",
    "Cook Time:  25minutes",
    "Total Time:  30minutes",
    "Servings:  4people"
  ],
  "Ingredients": [
    "4 boneless, skinless chicken breasts pounded to an even thickness",
    "4 cups quartered baby potatoes red and/or gold",
    "salt and pepper to taste",
    "1 packet dried Italian salad dressing",
    "6 tablespoons melted butter",
    "1 teaspoon minced garlic",
    "fresh herbs for garnish such as thyme, rosemary, or parsley"
  ],
  "Instructions": [
    "Preheat the oven to 400 degrees Fahrenheit and grease a rimmed baking sheet.",
    "Place 4 boneless, skinless chicken breasts and 4 cups quartered baby potatoes on a baking sheet and season with salt and pepper to taste.",
    "Whisk together 6 tablespoons melted butter, 1 packet dried Italian salad dressing, and 1 teaspoon minced garlic. Brush or drizzle over chicken and potatoes.",
    "Bake for 20-25 minutes or until chicken is cooked through and potatoes are tender. Sprinkle fresh herbs for garnish over the top and serve immediately."
  ],
  "Nutrition": [
    "Calories: 269kcal",
    "Carbohydrates: 27g",
    "Protein: 3g",
    "Fat: 17g",
    "Saturated Fat: 11g",
    "Polyunsaturated Fat: 1g",
    "Monounsaturated Fat: 4g",
    "Trans Fat: 1g",
    "Cholesterol: 46mg",
    "Sodium: 172mg",
    "Potassium: 643mg",
    "Fiber: 3g",
    "Sugar: 1g",
    "Vitamin A: 528IU",
    "Vitamin C: 30mg",
    "Calcium: 24mg",
    "Iron: 1mg",
    ""
  ],
  "Comments": [
    "Kevin Duzinski says:How many red potatoes do you need for four cups?",
    "Alyssa Rivers says:Hi Kevin, it kind of depends on the size of your red potatoes. But here is what I typically go by; 4 to 5 small red potatoes make approximately 1 cup when diced or sliced. And 2 to 3 medium red potatoes make approximately 1 cup when diced or sliced. So depending on the size of your red potatoes, you’d need about 18 small or 10 medium to get 4 cups. I hope this helps!",
    "Kevin Duzinski says:Thanks I was using baby reds so I went with 20 worked out pretty good. Once I cut them in half and then cut the others in half for quarters.",
    "Alyssa Rivers says:Nice! So glad it worked out!",
    "Pebbles says:Soo tender & delish.",
    "Lynn W says:Oh my…this was wonderful! I used chicken tenderloins and baby red potatoes. I don’t know why you gave instructions for leftovers, because there wasn’t a drop left after dinner!I will make this often!",
    "Karen says:Can I use Chicken Tenders for this recipe?",
    "Alyssa Rivers says:Yes, that will work too!",
    "Judi Gott says:Tried this tonight. It was really really good. Will definitely be making it again. Thanks",
    "Joy says:This recipe is delicious. Easy to make. My whole family and friends enjoyed it as well. My son’s best friend took the recipe home and made his mom cook it. It’s a hit with my family and is one of our favorites we cook it at least every few weeks.Thank you for this recipe!!!",
    "Leslie A says:Not knowing what to make I googled recipes and this was one I stumbled upon.  It was everything it promised – great flavor, easy to make, easy clean up. My family loved it!  I probably added more garlic than the recipe calls for because we love garlic so much, but other than that I followed the recipe and it couldn’t have been easier.  This is one I will definitely make again.  I added some leftover asparagus towards the end of the cooking time and had a complete meal using the one cooking sheet.  Do yourself a favor and try this recipe.  Many sheet pan recipes don’t deliver on the promised flavor, but this one did.",
    "Shelley says:HiDo you have/post nutrition info for your recipe?",
    "Alyssa Rivers says:I like to use skinny taste.com or myfitnesspal.com for any nutritional information that I may have. Hope that helps!",
    "Lori Martin says:My husband loved the  recipe!! His words were, “I like that recipe, don’t lose that recipe!”",
    "Lisa says:This has quickly become a family favorite. I have made it many times & figured it was time to let you know. I love the simplicity of this dish and the fact that nothing needs to be tweaked. Thank you for posting this.",
    "Alyssa Rivers says:That is awesome!! I am so glad it is simple and a family favorite! Thanks for sharing! XOXO",
    "Meghan says:I made this last night for my partner and I and all I gotta say is WOW! It was super easy to cook and clean up after, and the flavors and textures were on point. Thanks for sharing this! New favorite and go to recipe for sure.",
    "Lexy says:Just made this for dinner.  My hubby loved it and it was super easy to make.  Will definitely be making this again.",
    "inbaotin says:Woa, it different with us food in Vietnam. I will try it as soon as possible, maybe my cook will not the same your cook, I hope it delicious",
    "shawnna griffin says:Hey girl this looks so yummy!",
    "Taste of France says:I used to do a similar thing but with Italian salad dressing in a bottle. Don’t need the butter in that case."
  ]
}