{
  "URL": "https://therecipecritic.com/baked-cream-cheese-spaghetti-casserole/",
  "Summary": "An easy delicious baked spaghetti with cream cheese baked inside! A meal that the entire family will love!",
  "Metadata": [
    "Prep Time:  15minutes",
    "Cook Time:  30minutes",
    "Total Time:  45minutes",
    "Servings:  8Servings"
  ],
  "Ingredients": [
    "12 ounces spaghetti",
    "1 (28-ounce) jar spaghetti sauce",
    "1 pound lean ground beef",
    "1 teaspoon Italian seasoning",
    "1 clove minced garlic",
    "1 (8-ounce) package cream cheese",
    "½ cup grated parmesan cheese"
  ],
  "Instructions": [
    "Preheat the oven to 350 degrees Fahrenheit. Spray a 13 x 9 x 2-inch baking dish with non-stick cooking spray. Set aside.",
    "In a medium-sized skillet over medium heat, add 1 pound lean ground beef. Cook and brown the beef until no longer pink.",
    "Add 1 (28-ounce) jar spaghetti sauce to the skillet and stir to combine. Set aside.",
    "Cook 12 ounces spaghetti according to the package directions. Drain and place the noodles in a large bowl.",
    "Add 1 (8-ounce) package cream cheese, 1 teaspoon Italian seasoning, and 1 clove minced garlic. Stir until the cream cheese has melted and the noodles are coated.",
    "Place a small amount of the meat/sauce mixture in the bottom of the prepared baking dish. Add the spaghetti mixture on top of the sauce then top with the remaining meat/sauce mixture. Sprinkle ½ cup grated parmesan cheese on top.",
    "Bake for 30 minutes until bubbly and heated through."
  ],
  "Nutrition": [
    "Calories: 361kcal",
    "Carbohydrates: 33g",
    "Protein: 22g",
    "Fat: 15g",
    "Saturated Fat: 8g",
    "Cholesterol: 72mg",
    "Sodium: 227mg",
    "Potassium: 338mg",
    "Fiber: 1g",
    "Sugar: 2g",
    "Vitamin A: 435IU",
    "Vitamin C: 1mg",
    "Calcium: 115mg",
    "Iron: 2mg"
  ],
  "Comments": [
    "Sue says:Made this with chicken breasts inside of ground meat. And my husband loved it.  Will be making it again.",
    "Alyssa Rivers says:Yum! Thanks for the comments and review!",
    "faith sanko says:what cheeses should I put on top before baking?",
    "Alyssa Rivers says:I used parmesan here, but mozzarella would be delicious as well!",
    "Taste of Mine says:This is my husbands favorite dinner! I also made it for my aunt and uncle and they loved it too! We use ground venison",
    "Foodiewish says:This is easy, cheap and DELICIOUS! A 10! I ♥️ your recipes. This is the way I’ll make spaghetti from now on!",
    "Jamie Caplan says:Can you make this recipe (spaghetti casserole with cream cheese) ahead of time and freeze it?",
    "Christine Noble says:Part of the normal rotation now. We use gluten free pasta and baking it makes it taste like “real” spaghetti. Great easy dish.",
    "Angel Reed says:Would it make a difference if you only have 4 oz of cream cheese?",
    "Alyssa Rivers says:I would recommend using the 8 oz unless you divided the recipe in half.",
    "Kourtney says:I just made this and omg it’s soooo good I used ground turkey and it came out so hood I would have never thought to use cream cheese and I used Parmesan cheese and Mexican cheese (my family and I are cheese heads) our 8 year old son said it taste like heaven on a tongue .. he said mom please make more",
    "Alyssa Rivers says:AWE!! That is awesome! I am so glad that you all enjoyed! Thanks so much for sharing! XOXO",
    "Christina O. says:Made this tonight, and it is wonderful. I added a layer of thick cut mozzarella cheese on top of the noodles, then added the meat sauce. I put a layer of grated parmesan and more thick cut mozzarella; then baked according to the directions.",
    "Alyssa Rivers says:I love your addition of cheese! That sounds delicious! Thanks for sharing!! XOXO",
    "Peg O'Keefe says:Can this be frozen? Looking for recipes I can make for my daughter (who is pregnant with twins) that she set out in the morning and cook when she gets home from work.",
    "Steph says:Are you using 1lb of meat, total?Also…12oz spaghetti, is like an entire box? It seemed like so much in comparison to the meat & sauce mixture?",
    "Lois says:I love this recipe but mine was a little dry.  This was probably my fault because I could not find a 28oz jar of spaghetti sauce.  I thought it was a mistake.  Only 24 oz.  So I guess I should have popped open a second jar???? I also had a problem stirring in the cream cheese.  Did someone say they microwaved it a bit to soften?",
    "Pixie Dust says:I can’t believe I never made baked spaghetti until tonight.  And, boy was it a hit with the hubby!!I used the above recipe with the following modifications:Baked it in an 8X8 pan for 2 of us and we still had a lot left over.I mixed a 1/2 lb of mild Italian Sausage with a 1/2 lb of ground beef.I used 8 oz of Garden Vegetable Cream CheeseOnly used 1/2 a pound of spaghettiBoiled the pasta for 10 minutesAbsolutely delish!!!",
    "Brittinie says:I didn’t let my husband or youngest son that this dish had cream cheese. They ” can always taste it and don’t like cream cheese”. Of course, I cook with it all the time, just hide it! It was a huge success. So easy and it was torn through like starving wild dogs got a hold of it!",
    "Rachel says:I made this last night with ground turkey and it was amazing. My husband declared that it needs to go on the menu every week. Thanks for sharing!!"
  ]
}