{
  "URL": "https://therecipecritic.com/baked-french-toast/",
  "Summary": "Baked French Toast Casserole is full of cinnamon sugar and baked in an easy custard that leaves the sweet brioche bread soft on the inside and crisp on the outside. ",
  "Metadata": [
    "Prep Time:  5minutes",
    "Cook Time:  25minutes",
    "Resting time:  3hours",
    "Total Time:    3hours30minutes",
    "Servings:  6people"
  ],
  "Ingredients": [
    "1 pound brioche bread or French bread",
    "8 large eggs",
    "1 cup milk",
    "1 cup heavy cream",
    "¼ cup white sugar",
    "1 tablespoon vanilla",
    "1 teaspoon cinnamon",
    "¼ cup brown sugar",
    "3 tablespoons white sugar",
    "1 teaspoon cinnamon",
    "2 tablespoons cold butter, cubed"
  ],
  "Instructions": [
    "Preheat oven to 350 degrees Fahrenheit and grease a 9×13 inch pan.  Cut 1 pound brioche bread into bite-sized pieces and place into the prepared dish.",
    "In a medium sized bowl combine 8 large eggs, 1 cup milk, 1 cup heavy cream, ¼ cup white sugar, 1 tablespoon vanilla, and 1 teaspoon cinnamon.  Pour over the bread.",
    "In a small bowl, add ¼ cup brown sugar, 3 tablespoons white sugar, 1 teaspoon cinnamon, and 2 tablespoons cold butter,. Using a pastry cutter, combine ingredients until crumbly.  Sprinkle on top of casserole.",
    "Bake for 50-60 minutes or until the top is brown and the center is set and comes out clean with a toothpick.  Top with warm maple syrup and fresh berries if desired."
  ],
  "Nutrition": [
    "Serving: 1serving",
    "Calories: 605kcal",
    "Carbohydrates: 72g",
    "Protein: 18g",
    "Fat: 22g",
    "Saturated Fat: 14g",
    "Cholesterol: 324mg",
    "Sodium: 611mg",
    "Potassium: 300mg",
    "Sugar: 37g",
    "Vitamin A: 1130IU",
    "Calcium: 232mg",
    "Iron: 2mg",
    ""
  ],
  "Comments": [
    "Olive says:275 for ten minutes in my oven completely browned and toasted all my bread and I wasted an entire loaf, thanks for nothing",
    "Jennifer says:Hi, it’s says you need about 4 large eggs for this recipe but in the ingredients it calls for 8. Please clarify.",
    "Alyssa Rivers says:Hi! Thanks for catching that typo. It has been fixed. You need 8 large eggs as specified in the list of ingredients.",
    "Aubrey Robertson says:Unfortunately the directions for this recipe are super unclear. It mentions this needs to be made 3 hours in advance…. But what part? I don’t get it? It also says in some parts of the recipe to bake for 30 min but in others for 60min. Please clarify",
    "Alyssa Rivers says:If you don’t leave your bread out overnight (you need stale bread for this recipe), then you will need to cook your bread for about 30 minutes at 275 degrees Fahrenheit before you actually assemble and bake the entire French toast.",
    "Kate says:Really good and easy.  I used a chocolate chip brioche and omitted all the white sugar."
  ]
}