{
  "URL": "https://therecipecritic.com/baked-sticky-honey-garlic-buffalo-wings/",
  "Summary": "Baked Sticky Honey Garlic Buffalo Wings are baked to crispy perfection and topped with the most amazing honey garlic buffalo sauce.  These are finger licking good!",
  "Metadata": [
    "Prep Time:  15minutes",
    "Cook Time:  50minutes",
    "Total Time:    1hour5minutes",
    "Servings:  8servings"
  ],
  "Ingredients": [
    "4 pounds chicken party wings, patted dry with a paper towel",
    "1 tablespoon baking powder",
    "1 teaspoon garlic powder",
    "1 teaspoon salt",
    "¼ teaspoon ground black pepper",
    "1 cup buffalo sauce",
    "¾ cup honey",
    "¼ cup packed brown sugar",
    "1 tablespoon Worcestershire sauce",
    "1 tablespoon cornstarch"
  ],
  "Instructions": [
    "Preheat the oven to 400 degrees Fahrenheit. Line a baking sheet with parchment paper or aluminum foil and lightly spray with nonstick cooking spray.",
    "Add 4 pounds chicken party wings, to a large ziplock bag. Add 1 tablespoon baking powder, 1 teaspoon garlic powder, 1 teaspoon salt, and ¼ teaspoon ground black pepper and shake to coat evenly. Place the coated wings on the prepared baking sheet.",
    "Bake for 45-50 minutes, flipping the wings halfway through, until crispy and no longer pink, and the wings reach 165 degrees Fahrenheit on a meat thermometer.",
    "While the wings bake, prepare the honey garlic buffalo sauce in a medium saucepan. Add 1 cup buffalo sauce, ¾ cup honey, ¼ cup packed brown sugar, 1 tablespoon Worcestershire sauce, and 1 tablespoon cornstarch. Cook over medium-high heat while whisking constantly, about 3-4 minutes, or until the sauce has thickened.",
    "Once the wings are done baking, brush the sauce over them just before serving."
  ],
  "Nutrition": [
    "Calories: 403kcal",
    "Carbohydrates: 35g",
    "Protein: 23g",
    "Fat: 20g",
    "Saturated Fat: 5g",
    "Polyunsaturated Fat: 4g",
    "Monounsaturated Fat: 8g",
    "Trans Fat: 0.2g",
    "Cholesterol: 94mg",
    "Sodium: 1332mg",
    "Potassium: 391mg",
    "Fiber: 0.2g",
    "Sugar: 33g",
    "Vitamin A: 182IU",
    "Vitamin C: 1mg",
    "Calcium: 90mg",
    "Iron: 2mg",
    ""
  ],
  "Comments": [
    "Lori says:The ingredients say cornstarch but your directions say baking powder. Which is It ?",
    "Lori says:Oooops my bad. I see now. Sorry!!! Lol",
    "Nannette says:Wonderful wings. Just one thing. These are not Buffalo wings. Buffalo wings are simply Franks Hotsauce and butter. That’s it. Fry up the fresh raw wings then directly into Franks. I’m from Buffalo.",
    "Bershell Clark says:Made these for Super Bowl Sunday. They were delicious. My family loved them. I thought they were going to be a little bit on the spicy hot side because of the Franks Red Hot Sauce but I guess the honey and the brown sugar played its part to tone the heat down. This recipe definitely delivered. ??????",
    "Linda says:I made this today for Labor Day instead of grilling; my family is still eating.  Great recipe.  Thank you",
    "Marilyn says:The winner at yesterday’s Super Bowl???  Baked Sticky Honey Garlic Buffalo Wings!!! Usually I order wings the day before but this year I wanted to try your recipe.  So easy, so tasty!!  Our family all agreed that this must become one of our “tradition” foods.  Thank you!!",
    "Denise says:I really like your website. Your recipes look so good. I tried to print them out but it isn’t working for some reason. Do you have any suggestions?   Thanks for letting me ask you. I will be waiting to hear from you.",
    "Sonya says:I’m making this tonight for my family!  Cant wait to try it!",
    "Laura Penrose says:I made these tonight and they were DELICIOUS!!!!!! I ended up making two batches of the sauce: one spicy and one not so spicy. They were SOOO yummy!!",
    "Alyssa Rivers says:That is a great idea! I will have to do that next time we make these! I am so glad you loved them! XOXO"
  ]
}