{
  "URL": "https://therecipecritic.com/baked-teriyaki-chicken/",
  "Summary": "Baked teriyaki chicken is a healthy, delicious dish that comes together in just 45 minutes! The tender, moist chicken is drenched in a sweet and savory teriyaki glaze. Your family will love it!",
  "Metadata": [
    "Prep Time:  15minutes",
    "Cook Time:  30minutes",
    "Total Time:  45minutes",
    "Servings:  4Servings"
  ],
  "Ingredients": [
    "2 pounds boneless skinless chicken breasts, about 3-4 large breasts",
    "½ cup soy sauce",
    "½ cup granulated sugar",
    "¼ cup rice vinegar",
    "1 clove garlic, minced",
    "¼ teaspoon ground ginger",
    "¼ teaspoon black pepper",
    "1 tablespoon cornstarch",
    "1 tablespoon water",
    "green onions, for garnish",
    "Sesame seeds, for garnish"
  ],
  "Instructions": [
    "Preheat the oven to 400 degrees Fahrenheit. Spray a 13x9x2-inch baking dish with non-stick cooking spray. Lay the 2 pounds boneless skinless chicken breasts, into the prepared pan.",
    "Whisk ½ cup soy sauce, ½ cup granulated sugar, ¼ cup rice vinegar, 1 clove garlic, ¼ teaspoon ground ginger, and ¼ teaspoon black pepper in a medium saucepan.",
    "In a separate bowl, stir 1 tablespoon cornstarch and 1 tablespoon water and then whisk into the sauce. Turn the heat to medium-high until the mixture comes to a boil. Reduce the heat to low and whisk until the sauce starts to thicken.",
    "Pour the teriyaki sauce over the chicken in the baking dish. Cook for 20 minutes then spoon some of the sauce in the baking dish over the chicken. Bake for an additional 15 minutes or until the chicken is no longer pink and the juices run clear.",
    "Garnish with chopped green onions, and Sesame seeds, then serve over rice!"
  ],
  "Nutrition": [
    "Calories: 384kcal",
    "Carbohydrates: 29g",
    "Protein: 51g",
    "Fat: 6g",
    "Saturated Fat: 1g",
    "Cholesterol: 145mg",
    "Sodium: 1883mg",
    "Potassium: 909mg",
    "Fiber: 1g",
    "Sugar: 26g",
    "Vitamin A: 68IU",
    "Vitamin C: 3mg",
    "Calcium: 17mg",
    "Iron: 2mg"
  ],
  "Comments": [
    "Iridian says:Hello I was wondering if we really needed the cider vinegar for this recipe",
    "Tracy Foster says:We love this recipe! I have even made these as freezer meals as well! I take disposable pans, put the chicken in, pour the sauce over, and freeze. Then when we want to eat them, I take them right out of the freezer and cook frozen (you could defrost too). I like a lot of teriyaki sauce, so I tend to make extra sauce 🙂",
    "Kara says:Absolutely perfect. It was so yummy it made my husband’s eyes roll in the back of his head. This dish was also very easy to make and an easy cleanup. Definitely making this again.",
    "Kim says:Hi there. I am excited to make this. Does the sugar go right into Step 1 as well? Thank you.",
    "Laura says:Just made this tonight! Soooo tasty! Mmmmm……",
    "m. says:Sounds yummy. Only big problem is you’re recipe says to pour the marinade over the cooked chicken. The same marinade that you use to coat the RAW chicken in….? Unless I misread.",
    "Sweetdee says:The flavor of this is delicious! I think next time I’ll try just throwing it in the crock pot instead, so its a little easier and can really soak up the flavor. (and just so you know, you don’t have the sugar listed in the directions part of the recipe.)",
    "c.m.giles says:This has become a favorite in our home.  Family loves sauce on pork tenderloin as well.",
    "BradyBunchezOfOatzx says:Very tasty, yet so simple  to make!!…. Congratulations on your third little one….",
    "Kelly says:Yay, so happy for you and your family Alyssa, congratulations on your baby girl 🙂 Definitely the best Christmas present!  Our baby girl is due in March and we can’t wait for her big brother to meet her too 🙂 Love teriyaki chicken and your baked version looks fantastic:)  Hope you and your family had a wonderful Christmas and enjoy the rest of the holidays and new year!",
    "Dalila G. says:WooHoo!! Congrats to you and hubby….a girl!!How wonderful for you, just wait till all the fun starts! I see you have already started with the  girly things…..let the good times roll!!This is a nice change up for me. I usually cook mine in a wok, never thought of baking it.Thanks for a new-to-me recipe.",
    "Barbara Sullivan says:I’m looking forward to trying this recipe.  Did you mean to include the cornstarch, water & sugar in the saucepan?  Thanks.  Barbara",
    "Alyssa says:Yes. This helps the sauce become thick and glaze the chicken. 🙂",
    "Roe says:What do you do with the corn starch, water and sugar? They are no place in the directions.",
    "Alyssa says:You add them into the sauce.  I fixed that for you! 🙂",
    "Samantha @ Five Heart Home says:Congratulations on your baby girl, Alyssa! I have two boys followed by a girl as well (ages 6, 4, and 15 months) and it’s a really fun combo. The big brothers are already extremely protective and baby girl has no choice but to love PINK! Congrats again and have fun getting ready for her arrival! 🙂"
  ]
}