{
  "URL": "https://therecipecritic.com/baked-zucchini-fries/",
  "Summary": "Baked zucchini fries are crispy on the outside with a crunchy, seasoned crust and tender zucchini inside. It's hard to stop after just one!",
  "Metadata": [
    "Prep Time:  20minutes",
    "Cook Time:  15minutes",
    "Total Time:  35minutes",
    "Servings: 6"
  ],
  "Ingredients": [
    "3 small zucchini or 2 large",
    "1 cup panko crumbs",
    "1/2 cup grated parmesan cheese",
    "2 Tbsp Italian Seasoning",
    "1 teaspoon garlic powder",
    "1/2 teaspoon salt",
    "1/2 cup flour",
    "2 eggs",
    "1 tablespoon water"
  ],
  "Instructions": [
    "Preheat the oven to 425 degrees F.",
    "Slice the zucchini into sticks.",
    "Add the flour to a bag with the zucchini and shake it to coat them.",
    "In a medium bowl stir together the Panko, parmesan, Italian seasoning, garlic powder, and salt.",
    "Add the eggs and water to a small bowl and whisk them together.",
    "Remove the zucchini from the bag and dip them in the egg mixture then into the Panko.",
    "Place them on a baking sheet with parchment paper and spray them with olive oil.",
    "Bake for 12-15 minutes or until golden and crispy."
  ],
  "Nutrition": [
    "Calories: 155kcal",
    "Carbohydrates: 20g",
    "Protein: 9g",
    "Fat: 5g",
    "Saturated Fat: 2g",
    "Cholesterol: 62mg",
    "Sodium: 230mg",
    "Potassium: 338mg",
    "Fiber: 2g",
    "Sugar: 3g",
    "Vitamin A: 375IU",
    "Vitamin C: 17.6mg",
    "Calcium: 161mg",
    "Iron: 2.3mg"
  ],
  "Comments": [
    "Joe McIntyre says:In my Traeger cooking right now.  Not 3 small, or 2 large, it only took 1 huge garden zucchini to make one extra large cookie sheet. Can’t wait to taste!",
    "Alyssa Rivers says:Let me know how it turned out!",
    "Joe McIntyre says:They were very tasty!Didn’t brown very well.  I cooked for an extra 5 min and raised the temp to 500 in the Traeger. They still didn’t look as nice and brown as your pictures. I followed the recipe and sprayed with olive oil before baking.  They were great, even without bring as pretty as pictured!",
    "Susan Mollica says:Egg wash did not adhere to floured Zucchini sticks. Panko mixture became thick and gloppy. Sure doesn’t look like panko in the photo. So disappointed.",
    "Alyssa Rivers says:Hi Susan, I’m so sorry these didn’t turn out for you. I understand how frustrating that can be. Did you add the panko to the egg mixture? If you try it again, I would make sure you pat the zucchini dry with a paper towel before coating in flower. Then you want to dip them in the egg mixture and let any excess drip off before you dip it in the panko mixture. I definitely used panko.",
    "Susan Mollica says:I’ve been cooking for 50 years. I did not mix the panko and eggs. My Zucchini was dry. The eggwash does not fully stick to the floured sticks. And please let me know a magical way to dip the egg-coated sticks into panko without egg mixing with the panko. What you have pictured here looks like FINE GROUND panko, or it’s regular breadcrumbs. I’d love to see a video of you making this recipe exactly as you have written it.",
    "Daisy Drayton says:Would these be better if baked on a wirerack? Instrad of placing them flat on the pan?",
    "Alyssa Rivers says:Hey Daisy, thank you for the question! I love your name, by the way! You can definitely try using a wire rack! I use a regular baking sheet and they come out just fine.",
    "Teresa Kuhl says:Are these less crispy as air fryer recipe because I have really want to make those but have a larger group tonight? However love crunch!",
    "Alyssa Rivers says:The air fryer zucchini fries will be a little more crispy, but I think the baked version is just as delicious! ?",
    "Margie McGee says:When do we rinse and pat dry the zucchini, before or after cutting into fries?",
    "Theresa says:Can these be done in air fryer?",
    "Alyssa Rivers says:Try this recipe instead! Air Fryer Zucchini Fries",
    "Roger says:After the zucchini is dipped in egg and coated with egg, break crumbs and spices, can you freeze them without cooking them for future use?",
    "Alyssa Rivers says:Yes, that would work. I would even recommend cooking them, then freezing them. Then when frozen you can bake in the oven or skillet them to warm up.",
    "Tamalita says:Wow these turned out perfect! I really couldn’t believe it lol. Absolutely delicious.",
    "Marjorie Handel says:Can I make these up the day before and then reheat — in the microwave.",
    "Alyssa Rivers says:Hi Marjorie!They will taste great if made up the day before but I would suggest using the oven to keep the right flavor and texture.  Sometimes the microwave can alter the texture of the food.  I hope this is helpful.  Thanks for following along with me!!",
    "Adrianne Mock says:Can you substitute yellow squash for zucchini?Our zucchini plants didnt do well this year,  butcher yellow squash are definitely producing",
    "Alyssa Rivers says:Adrianne!This substitution should taste just great!  Such a bummer that your zucchini didn’t do so well. Let me know how it turns out!  Thanks for following along with me!!",
    "Annette says:Love this making it for the first time. Zucchini fries are my favorite. Will use Red Pepper dressing as a dipping sauce since any kind of a tomato sauce gives me digestion issues."
  ]
}