{
  "URL": "https://therecipecritic.com/baked-parmesan-chicken-nuggets/",
  "Summary": "These Baked Parmesan Chicken Nuggets are the perfect easy and healthy meal your entire family will love.",
  "Metadata": [
    "Prep Time:  15minutes",
    "Cook Time:  30minutes",
    "Total Time:  45minutes",
    "Servings:  4Servings"
  ],
  "Ingredients": [
    "3 boneless skinless chicken breasts",
    "salt and pepper to taste",
    "½ cup buttermilk",
    "1 cup panko breadcrumbs",
    "½ cup parmesan cheese",
    "1 teaspoon Italian seasoning",
    "1 cup all-purpose flour",
    "½ cup melted butter",
    "2 lightly beaten room-temperature eggs"
  ],
  "Instructions": [
    "preheat the oven to 400 degrees Fahrenheit, cover a baking sheet with foil, place a wire rack on the cooking sheet, and spray it lightly with nonstick cooking spray.",
    "Pat the 3 boneless skinless chicken breasts dry, cut them into 1½-inch pieces, and place them in a medium bowl. Sprinkle the chicken with salt and pepper to taste, and pour the ½ cup buttermilk over the chicken. Mix to coat and set aside.",
    "In a shallow dish, combine 1 cup panko breadcrumbs, ½ cup parmesan cheese, and 1 teaspoon Italian seasoning. Mix to combine.",
    "Place 1 cup all-purpose flour, ½ cup melted butter, and 2 lightly beaten room-temperature eggs in separate shallow dishes. There will be 4 dipping dishes in total.",
    "Take the chicken out of the buttermilk over a mesh strainer with a bowl underneath to allow any excess liquid to drip off.",
    "Line up the dipping dishes; flour, butter, eggs, and breadcrumb mixture.",
    "Dredge a chicken piece with flour and shake off any excess. Dip it in the butter, then in the eggs, and finally in the breadcrumb mixture. Place it on the wire rack. Repeat until all chicken has been coated.",
    "Place the prepared baking sheet on the middle rack in the oven and bake for 20-30 minutes, turning after 10-15 minutes. Nuggets are done when golden brown, crispy and cooked through.",
    "If the nuggets aren't as crispy as you want after 30 minutes, Set the oven to broil and cook for a few minutes until desired crispiness."
  ],
  "Nutrition": [
    "Calories: 573kcal",
    "Carbohydrates: 37g",
    "Protein: 32g",
    "Fat: 33g",
    "Saturated Fat: 19g",
    "Polyunsaturated Fat: 2g",
    "Monounsaturated Fat: 9g",
    "Trans Fat: 1g",
    "Cholesterol: 209mg",
    "Sodium: 654mg",
    "Potassium: 472mg",
    "Fiber: 2g",
    "Sugar: 3g",
    "Vitamin A: 1009IU",
    "Vitamin C: 1mg",
    "Calcium: 246mg",
    "Iron: 3mg",
    ""
  ],
  "Comments": [
    "Becky Greenwood says:These nuggets are definitely a favorite under my roof!! Sauces galore, and even juicy and delicious by themselves!! Highly, highly recommended if you want something delicious and baked instead of fried!!!",
    "Sara Strother says:Are you using grated or shredded parm?",
    "Alyssa Rivers says:I like to use shredded parmesan but grated also works great! It is more of what texture you like to have on your nuggets.",
    "Jocelyn says:These are delicious!  I cut my chicken into strips rather than suggests so that I would have less dipping to do.  Also, I had to decrease the butter because of my husband’s dietary needs, though I’m sure he would have preferred the full butter amount.  Thanks for another wonderful recipe.",
    "Shirley Tucker says:If I made a bunch of these and froze them before baking, how long do you think I’d need to bake them straight from the freezer?",
    "Alyssa Rivers says:I would start with 12-15 minutes at 350*. Hope that helps! Those are going to be delicious! XOXO"
  ]
}