{
  "URL": "https://therecipecritic.com/baked-orange-chicken/",
  "Summary": "Better than take out Orange Chicken that is baked to perfection and will blow your mind!",
  "Metadata": [
    "Prep Time:  30minutes",
    "Cook Time:  1hour",
    "Total Time:    1hour30minutes",
    "Servings:  6Servings"
  ],
  "Ingredients": [
    "3-4 boneless skinless chicken breasts",
    "salt and pepper, to taste",
    "1½ cups cornstarch",
    "3 eggs, beaten",
    "¼ cup canola oil",
    "⅔ cup brown sugar",
    "⅔ cup orange juice",
    "¼ cup low-sodium soy sauce",
    "2 teaspoons sriracha",
    "3 tablespoons white vinegar",
    "3 tablespoons apple cider vinegar",
    "1 teaspoon garlic salt",
    "1 tablespoon grated orange peel",
    "1 teaspoon cornstarch"
  ],
  "Instructions": [
    "Preheat oven to 325 degrees Fahrenheit and grease a 13 x 9 x 2-inch baking dish. Cut the chicken breasts into bite-size pieces and season with salt and pepper.",
    "Add the cornstarch to one bowl and the slightly beaten eggs to another bowl. Dip each chicken piece into the bowl of cornstarch first, then coat in the egg mixture.",
    "Heat the canola oil in a large skillet over medium-high heat. Cook the chicken until browned. Place the chicken in the prepared baking dish.",
    "Whisk the brown sugar, orange juice, sriracha, soy sauce, white vinegar, apple cider vinegar, garlic salt, grated orange peel, and cornstarch in a mixing bowl.",
    "Pour the sauce over the chicken and bake for 1 hour, stirring the chicken every 15 minutes to coat the chicken in the sauce.",
    "Serve over rice and enjoy!"
  ],
  "Nutrition": [
    "Calories: 481kcal",
    "Carbohydrates: 58g",
    "Protein: 28g",
    "Fat: 14g",
    "Saturated Fat: 2g",
    "Cholesterol: 154mg",
    "Sodium: 950mg",
    "Potassium: 555mg",
    "Fiber: 1g",
    "Sugar: 26g",
    "Vitamin A: 208IU",
    "Vitamin C: 17mg",
    "Calcium: 43mg",
    "Iron: 1mg"
  ],
  "Comments": [
    "Peggy says:Outstanding Fried Rice. Even my granddaughter liked it",
    "Lauran says:OMG this was delicious!!!  My husband couldn’t stop thanking me for making this dish!  So THANK YOU THANK YOU!!!!  I also made the Kung Pao chicken – AMAZING as well!!!!",
    "Alyssa Rivers says:I’m so happy you liked it! Thanks for trying it out!!",
    "Sheri says:My family is leery when I try new recipes. But my son and daughter are both fans of Panda Express orange chicken, so I figured I’d try this. I used the ingredients as listed but unfortunately did not have an orange for orange peel! Will definitely make sure I have one next time, and I think I will do as another reviewer said and make extra sauce. (And maybe a tiny bit more sriracha.) I followed one reviewer’s suggestion to coat the chicken in cornstarch using 1 tablespoon at a time in a ziptop bag, and it worked like a charm. I baked for one hour as directed, stirring only once halfway through, and the chicken was not at all overdone. It was saucy and tender and delicious. We did kind of wish for crispier. I’m wondering if next time, I put the sauce in the pan first and then the chicken on top, if it would stay crispy? I served it with fried rice, and there was not one bit left over. Thanks for a great recipe! Can’t wait to try the firecracker and sweet & sour.",
    "Hayley says:Times the sauce by 1.5 since we love sauce over here, and used rice wine vinegar instead of apple cider. Other than that, followed the recipe exactly and it turned out perfectly. Can’t wait to make this again!!",
    "Alyssa Rivers says:That is great to hear!! I am so glad that you love it so much! XOXO",
    "AngiAng says:“Dinner tastes like PF Changs back in the day” per the hubby!  Thank you for sharing!",
    "Alyssa Rivers says:That is too perfect!! I love it! Thanks so much for sharing!! XOXO",
    "Cherry says:didn’t turn out well. ! I don’t taste anything but SOUR! I had to tweak it a lot, to get a good taste. I put ginger, a little bit of honey & sesame oil, made a huge difference.",
    "Syd says:It was soooooo good, I tweaked the sauce until it got to the rate I wanted and it was great. I want to thank you because my Mom just had surgery on her shoulder and she loves orange chicken, I made it for her and it really lifted her spirits. I’m making it again for her this Friday. Thanks so much?",
    "Maret says:Delicious!  Just for fun, I made 3 different blogger’s orange chicken recipes and yours was voted the all around favorite by my taste testers!  I plan to try the Ziploc method to speed things up as the cornstarch/egg process is both messy and time consuming for me.  I also would like to steam some veggies and make extra sauce.  Thanks for a great recipe for enjoying homemade Chinese restaurant food.",
    "Teri Meeks says:We made this tonight for dinner and it was great!! A little time consuming even with my husband working with me. We are going to try a really large batch and freeze it, then just make the sauce as we need it. Success! I’ve already shared the link with our daughter!",
    "Rocio Casanova says:OPINION/SUGGESTION: How to get chicken crispy by using this recipe.  I wanted the chicken to be extra crispy so I kept it on the pan longer, cooked for 30 minutes at the recommended temperature, took out one of the pieces to taste (tasted and felt ready), transferred the chicken pieces to another pan (to leave the sauce behind since I made extra), and broiled in high for 5 minutes and then broiled it in low for another 10.  I served the extra sauce on the side and the chicken was nice and crispy and had dipping sauce to add more sauce to taste:) AMAZING! I also cooked the chicken in coconut oil since it is the oil I use.  Great recipe! Be sure to monitor your chicken. I think it plays a huge part on how log you brown the chicken for when cooking it in the pan too, and how big the chicken chunks are:) Actual cooking time was less than an hour in the oven because I cooked it longer in the pan too. (I love crispy!)",
    "Rocio Casanova says:“I kept in in the pan longer” : As in I browned the chicken longer in the pan with the coconut oil, then cooked it in the oven.",
    "Veronica says:Used 1.16 pounds of chicken breast cut into 1″ cubes and made a full batch of the sauce. Put 1 Tbsp corn starch into a zipper top bag and shook around. Added the chicken and then another 1 Tbsp of corn starch to the bag. Zipped and shook. Added another 1 Tbsp and repeated the shaking. Everything was nicely coated, it only took about 5 minutes for everything (I tried the “dip in the corn starch and egg” method and it took over a half hour to just coat the chicken – NEVER again), and didn’t waste an extra cup of corn starch. I hate food waste! Only needed 1 beaten egg to coat everything too. I used a stainless steel frying pan and the chicken didn’t brown as much as I like, but it did get a bit too dry on the inside. Next time I will make the cubes a bit bigger; probably 1.5″ cubes. After cooking the chicken, I added the sauce straight to the skillet and popped the whole thing in the oven. There was enough sauce to spoon over the rice after it thickened in the oven too; perfect for our little plain rice hater. This combination of methods made much fewer dishes! Everyone liked how it turned out, but I thought it was missing something and I’m not sure what it is.",
    "Erin M says:So proud of myself for making this for dinner tonight (new graduate, trying to learn how to cook lol!) It smelled delicious and had awesome flavor…but the sauce didn’t thicken very much 🙁 Any advice on how to thicken the sauce??",
    "Rocio Casanova says:HI! I had the same problem and just added some cornstarch to thicken. I did add it at the end so the cornstarch kinda created some lumps I had to break down so maybe start with adding a teaspoon when you add the dry ingredients in the bowl first:) Good luck!",
    "Jake says:I’ve made two of these “better than take out” recipes so far, this one and the fried rice and both are on point. Delicious, straightforward, just great.",
    "Athee says:Can you substitute chicken thighs? That’s what I have on hand, and is like to try this tonight.",
    "Anne says:Tried this last night and it was amazing!!  I used coconut oil instead of canola and it really added a delicious flavor (especially with the yummy orange sauce!).  We eat a lot of chicken and sometimes it gets boring…thanks for helping me make things interesting!"
  ]
}