{
  "URL": "https://therecipecritic.com/baked-huli-huli-chicken/",
  "Summary": "Baked Huli Huli chicken is a tried and true recipe now made in the oven! Tender chicken baked in a sweet and savory sauce. This easy one-pan dinner is full of Hawaiian-inspired flavors!",
  "Metadata": [
    "Prep Time:  10minutes",
    "Cook Time:  35minutes",
    "Total Time:  45minutes",
    "Servings:  6people"
  ],
  "Ingredients": [
    "2½ pounds boneless skinless chicken thighs,  or chicken breasts",
    "½ cup pineapple juice",
    "¼ cup soy sauce",
    "¼ cup brown sugar",
    "3 tablespoons ketchup",
    "1 teaspoon ground ginger",
    "1 teaspoon garlic, minced",
    "1 tablespoon cornstarch",
    "6 pineapple rings, drained",
    "green onions, for garnish"
  ],
  "Instructions": [
    "Preheat the oven to 375 degrees Fahrenheit.",
    "Place 2½ pounds boneless skinless chicken thighs,  in a single layer into a 13×9-inch baking dish.",
    "In a medium saucepan, whisk together ½ cup pineapple juice, ¼ cup soy sauce, ¼ cup brown sugar, 3 tablespoons ketchup, 1 teaspoon ground ginger, 1 teaspoon garlic,and 1 tablespoon cornstarch. Heat over medium heat until it starts to thicken. Remove from the heat and reserve 1/4 cup of the marinade for later.",
    "Pour the remaining sauce mixture over the top of the chicken thighs.",
    "Bake in the preheated oven for 35-40 minutes or until the chicken reaches 165 degrees Fahrenheit.",
    "Arrange the 6 pineapple rings, on top of the chicken. Brush the reserved marinade on top of the pineapple rings and chicken thighs.",
    "Adjust the oven to broil and broil the chicken for 3-5 minutes. Watch it closely and remove it once the chicken is golden and caramelized.",
    "Enjoy the chicken thighs whole or shredded over rice. Garnish with green onions, and enjoy!"
  ],
  "Nutrition": [
    "Calories: 325kcal",
    "Carbohydrates: 25g",
    "Protein: 38g",
    "Fat: 8g",
    "Saturated Fat: 2g",
    "Polyunsaturated Fat: 2g",
    "Monounsaturated Fat: 3g",
    "Trans Fat: 0.03g",
    "Cholesterol: 180mg",
    "Sodium: 780mg",
    "Potassium: 619mg",
    "Fiber: 1g",
    "Sugar: 21g",
    "Vitamin A: 113IU",
    "Vitamin C: 8mg",
    "Calcium: 41mg",
    "Iron: 2mg",
    ""
  ],
  "Comments": [
    "Holly says:I was disappointed. I found that the baking chicken creates water that totally watered down the lovely sauce, creating a very bland chicken dish. Next time I’ll bake the chicken first, dunno the water and the cover with sauce.",
    "Alyssa Rivers says:Oh no! I am sorry it ended up being watered down.A couple possibilities; Some brands of chicken are injected with broth or water, so that definitely could be the culprit.It can also help to let the chicken rest for about 10 minutes or so after it comes out of the oven to absorb moisture that it let off while cooking.In the future you could sear them in a skillet first over medium-high heat for 3-4 minutes per side, then finishing them in the oven with the sauce for 15-20 minutes!",
    "RP says:Looks great but do you really mean 40 ounces of boneless thighs? And this is for 6 people?thank you",
    "Alyssa Rivers says:Hi, yes this is accurate. If your family needs more you can totally double the recipe!",
    "Marcus Rinehart says:Parts of this were good, but if I make it again I will leave out the ginger or cut it way back. I like the sweetness and the pineapple, but nobody at the table liked the ginger.",
    "Batgirl says:Delicious!   Family loved it.  My family is sauce crazy so I had to quadruple the sauce recipe. Will definitely be making again."
  ]
}