{
  "URL": "https://therecipecritic.com/baked-chicken-tacos/",
  "Summary": "These baked chicken tacos are loaded with seasoned chicken, cheese and salsa. The perfect easy dinner for a busy day!",
  "Metadata": [
    "Prep Time:  10minutes",
    "Cook Time:  10minutes",
    "Total Time:  20minutes",
    "Servings:  10tacos"
  ],
  "Ingredients": [
    "10 flat-bottomed hard taco shells",
    "3 cups cooked shredded chicken",
    "juice from 1 lime",
    "2 teaspoons taco seasoning",
    "½ teaspoon ground cumin",
    "¼ teaspoon garlic powder",
    "2 cups shredded cheddar cheese",
    "2 tablespoons chopped cilantro",
    "1 ½ cups shredded romaine lettuce",
    "1 cup pico de gallo or salsa"
  ],
  "Instructions": [
    "Preheat the oven to 400 degrees Fahrenheit. Arrange the 10 flat-bottomed hard taco shells inside a 9x13-inch baking dish.",
    "In a medium bowl, combine the 3 cups cooked shredded chicken, juice from 1 lime, 2 teaspoons taco seasoning, ½ teaspoon ground cumin, and ¼ teaspoon garlic powder. Stir until the chicken is coated with the seasonings.",
    "Divide the chicken mixture among the taco shells and top with 2 cups shredded cheddar cheese.",
    "Bake for 10 minutes or until tacos are warmed through and cheese is melted.",
    "Sprinkle with 2 tablespoons chopped cilantro. Divide the 1 ½ cups shredded romaine lettuce and 1 cup pico de gallo or salsa among the tacos and serve immediately."
  ],
  "Nutrition": [
    "Calories: 232kcal",
    "Carbohydrates: 12g",
    "Protein: 17g",
    "Fat: 13g",
    "Saturated Fat: 6g",
    "Polyunsaturated Fat: 2g",
    "Monounsaturated Fat: 4g",
    "Trans Fat: 0.03g",
    "Cholesterol: 54mg",
    "Sodium: 380mg",
    "Potassium: 162mg",
    "Fiber: 1g",
    "Sugar: 2g",
    "Vitamin A: 975IU",
    "Vitamin C: 2mg",
    "Calcium: 180mg",
    "Iron: 1mg",
    ""
  ],
  "Comments": [
    "Jimmy Duke says:Nice blog! thank you for sharing with us..",
    "Ekwik Classes says:Wonderful post about “BAKED CHICKEN TACOS”. Thank you for sharing with us.",
    "Ind Groups says:Amazing Post I like your way of writing you describe it clear and easy to understand what you want to say great blogger keep it up.",
    "NSIM says:They are fantastic! I just made them tonight.",
    "Barbara says:Could you include nutrition as some of us are on low sodium or other nutritional contents",
    "Alyssa Rivers says:I have found the best way to get nutritional info on all of the recipes is through MyFitnessPal.com. You just type in the recipe and it tells you!  Skinnytaste.com is also a great resource for healthy and delicious meals and provides nutritional info. Hope this helps! XOXO",
    "Manisha says:Hi.. Thanks for this recipe…"
  ]
}