{
  "URL": "https://therecipecritic.com/baked-honey-sesame-chicken/",
  "Summary": "The sauce has a sweet honey flavor to it and is absolute honey sesame perfection. If you love chinese and make one thing from my blog, make this!",
  "Metadata": [
    "Prep Time:  30minutes",
    "Cook Time:  1hour",
    "Total Time:    1hour30minutes",
    "Servings:  6Servings"
  ],
  "Ingredients": [
    "4 chicken breasts",
    "1 cup cornstarch",
    "3 large eggs",
    "salt and pepper",
    "1/4 cup canola oil",
    "3/4 cup honey",
    "3/4 cup soy sauce",
    "1/2 cup ketchup",
    "1/2 cup brown sugar",
    "1/2 cup rice wine vinegar",
    "1 teaspoons sesame oil",
    "1 teaspoons minced garlic",
    "1 Tablespoons cornstarch",
    "additional sesame seeds for garnish"
  ],
  "Instructions": [
    "Preheat oven to 325 degrees. Cut chicken breasts into bite-sized pieces and season with salt and pepper.",
    "In separate bowls, place cornstarch and slightly beaten eggs. Dip chicken into cornstarch then coat in egg mixture then back into the cornstarch. I have also found that you can put the chicken pieces in a gallon size bag and shake to coat.",
    "Heat canola oil in a large skillet over medium-high heat and cook chicken until browned. Place the chicken in a 9 x 13 greased baking dish.",
    "In a medium sized mixing bowl, combine honey, soy sauce, ketchup, brown sugar, rice wine vinegar, sesame oil, minced garlic, and 1 T cornstarch. Pour over chicken and bake for 45 minutes or until chicken is cooked through.",
    "I stirred the chicken every 15 minutes so that it coated them in the sauce."
  ],
  "Nutrition": [
    "Calories: 622kcal",
    "Carbohydrates: 81g",
    "Protein: 38g",
    "Fat: 16g",
    "Saturated Fat: 2g",
    "Cholesterol: 178mg",
    "Sodium: 2017mg",
    "Potassium: 759mg",
    "Fiber: 1g",
    "Sugar: 58g",
    "Vitamin A: 267IU",
    "Vitamin C: 3mg",
    "Calcium: 47mg",
    "Iron: 2mg"
  ],
  "Comments": [
    "Ce Benn says:Hi, what brand of rice wine vinegar do you recommend? Years ago I made this recipe with a very authentic rice wine vinegar my husband ordered. I can’t remember what brand it was. I have tried just rice vinegar and it did not turn out the same and we were really disappointed.",
    "Alyssa Rivers says:I use Nakano brand rice vinegar, but Kikkoman is also a good brand.",
    "Maria Sexton says:This is my 20-year-old son’s very favorite dish. I have made it from this recipe many times. I follow the recipe exactly except I cut the vinegar down to 1/8 of a cup. It comes out perfect every time.",
    "P Fugate says:Excellent recipe!  My husband and I loved it.  It has such an awesome flavor.  Thanks for sharing!"
  ]
}