{
  "URL": "https://therecipecritic.com/baked-parmesan-hashbrowns/",
  "Summary": "Baked Parmesan Hashbrowns, baked to golden brown perfection and made with freshly grated potatoes, are a breakfast favorite! They are loaded with flavor and are the perfect addition to your hearty breakfast.",
  "Metadata": [
    "Prep Time:  20minutes",
    "Cook Time:  45minutes",
    "Total Time:    1hour5minutes",
    "Servings: 6"
  ],
  "Ingredients": [
    "1 ½ pounds potatoes",
    "1 small yellow onion",
    "1 cup grated parmesan cheese",
    "2 tablespoons minced chives",
    "2 tablespoons garlic herb seasoning",
    "1 teaspoon freshly ground pepper",
    "¼ cup extra virgin olive oil"
  ],
  "Instructions": [
    "Preheat oven to 400 degrees Fahrenheit, and grease the wells of a 6-well jumbo muffin pan.",
    "scrub and peel the 1 ½ pounds potatoes and grate them completely (the food processor is the easiest way). Cut the ends off the 1 small yellow onion, remove the outer layer, and grate.",
    "Combine grated potato and onion in large bowl and cover with cold water. Stir well to expose potatoes and onion to water. Allow to sit for about 5 minutes and then drain well.",
    "Add 1 cup grated parmesan cheese, 2 tablespoons minced chives, 2 tablespoons garlic herb seasoning, 1 teaspoon freshly ground pepper, and ¼ cup extra virgin olive oil to the bowl, stir well to combine. Add the mixture to the prepared wells in the jumbo muffin pan.",
    "Bake in preheated oven 40-45 minutes until the tops are golden brown. Makes 6 large Baked Parmesan Hashbrowns. Serve hot with your favorite breakfast."
  ],
  "Nutrition": [
    "Calories: 163kcal",
    "Carbohydrates: 5g",
    "Protein: 5g",
    "Fat: 14g",
    "Saturated Fat: 4g",
    "Polyunsaturated Fat: 1g",
    "Monounsaturated Fat: 8g",
    "Cholesterol: 15mg",
    "Sodium: 293mg",
    "Potassium: 86mg",
    "Fiber: 1g",
    "Sugar: 1g",
    "Vitamin A: 218IU",
    "Vitamin C: 2mg",
    "Calcium: 181mg",
    "Iron: 1mg"
  ],
  "Comments": [
    "Carol says:Can you make this in a pan adding more of the ingredients of course. I have a large family",
    "Alyssa Rivers says:I would double the recipe and use 2 pans!",
    "Tiffany Stockham says:Made these very ad-hoc. Used 50% grated potatoes, 50% frozen hashbrowns, and improvised my own garlic herb flavor by combining ingredients instead of any kind of standardized flavoring. These turned out amazingly despite my ad-hoc methods, and I couldn’t get enough of them when they were hot.Unfortunately, they’re definitely not filling enough to serve as a main dish on their own, and they don’t reheat well. Next time, I’d mix up the batter and keep it in the fridge to cook in batches, so that I didn’t end up with cold leftovers.",
    "Jen says:These look yummy! Question: might you be able to freeze them after they are baked? Or would they loose their crispness when reheated ? Thanks!",
    "Alyssa Rivers says:They may loose a bit of crispness when reheated but that is a great idea! Let me know how they turn out if you freeze them! XOXO",
    "Tiffany Stockham says:Instead of doing that, I’d refrigerate/freeze the mix before baking it and then bake in batches when desired. I think that would give maximum crisp."
  ]
}