{
  "URL": "https://therecipecritic.com/baked-cod/",
  "Summary": "Tender, flaky cod baked in a bold Cajun garlic butter sauce. Packed with flavor and the ultimate easy dinner!",
  "Metadata": [
    "Prep Time:  10minutes",
    "Cook Time:  15minutes",
    "Total Time:  25minutes",
    "Servings:  6servings"
  ],
  "Ingredients": [
    "3 cod filets cut in half",
    "salt and pepper",
    "¼ cup unsalted melted butter",
    "1 tablespoon olive oil",
    "3 minced garlic cloves",
    "1 tablespoon Cajun seasoning"
  ],
  "Instructions": [
    "Preheat the oven to 400 degrees Fahrenheit. Add 3 cod filets cut in half, to a 13 x 9 x 2-inch baking dish and season with salt and pepper to taste.",
    "In a small bowl, whisk together ¼ cup unsalted melted butter, 1 tablespoon olive oil, 3 minced garlic cloves, and 1 tablespoon Cajun seasoning.",
    "Brush evenly over the filets in the baking dish.",
    "Bake for about 15 minutes or until the fish is opaque and flakes easily. Garnish with chopped parsley and lemon slices, if desired."
  ],
  "Nutrition": [
    "Calories: 463kcal",
    "Carbohydrates: 1g",
    "Protein: 80g",
    "Fat: 13g",
    "Saturated Fat: 6g",
    "Polyunsaturated Fat: 2g",
    "Monounsaturated Fat: 4g",
    "Trans Fat: 0.3g",
    "Cholesterol: 214mg",
    "Sodium: 305mg",
    "Potassium: 1893mg",
    "Fiber: 0.4g",
    "Sugar: 0.1g",
    "Vitamin A: 991IU",
    "Vitamin C: 5mg",
    "Calcium: 80mg",
    "Iron: 2mg",
    ""
  ],
  "Comments": [
    "Jojo says:I’ve been using this recipe for a couple of years, quick, easy and delicious.",
    "Hannah says:It was delicious!!! Added asparagus and jasmine rice as my sides!! We will be having this again and I’m making sure to share it with friends!! Super easy day of the week meal!!",
    "Carol Merinar says:Wow! This was so good and so quick and easy. I don’t understand how anyone could call it bland if they made it per recipe. Must have old seasoning.",
    "Lyn Dietrich says:This was really good! I think people saying it was bland maybe were not using a good Cajun seasoning. Like one person who commented serving it with rice, I did the same with rice pilaf.Thanks!!",
    "clarel predium says:So good. My 7 year old even ate it all. This is become a staple.",
    "Clt says:Used Cod,no flavor. Not recommended in our book. Wasted butter and oil.",
    "Alyssa Rivers says:Hi, thank you for commenting. I am not sure why this didn’t have enough flavor for you. Garlic and cajun seasoning are typically very flavorful. You can always add ore seasoning, or salt and pepper to help if you feel it is lacking in flavor. I am sorry this dish didn’t meet your expectations.",
    "Susan Fox says:Hardly any preparation required. A quick dish with a good deal of spice. We will have this again.",
    "Shanna says:This is really good!  My super picky teen had seconds and even my non fish loving husband liked it so much he cleared his plate.  Will definitely make this again!",
    "Mary Ellen says:This was ok not great.  Too much butter/oil made it greasy.  Needed more Cajun seasoning.  I will stick with recipes that call for coating the fish.",
    "Patricia says:I have made this many timesAlways a hit",
    "Marlene Reagan says:My husband and I absolutely loved this recipe. I doubled the sauce and served it over rice"
  ]
}