{
  "URL": "https://therecipecritic.com/baked-sweet-sour-chicken-peppers-pineapple/",
  "Summary": "Delicious restaurant quality sweet and sour chicken that is baked to perfection!",
  "Metadata": [
    "Prep Time:  30minutes",
    "Cook Time:  1hour",
    "Total Time:    1hour30minutes",
    "Servings:  6Servings"
  ],
  "Ingredients": [
    "3-4 boneless skinless chicken breasts",
    "salt and pepper to taste",
    "1 ½ cups cornstarch",
    "3 beaten eggs",
    "¼ cup canola oil",
    "1 cup granulated sugar",
    "4 tablespoons ketchup",
    "¼ cup white vinegar",
    "¼ cup apple cider vinegar",
    "1 tablespoon low-sodium soy sauce",
    "1 teaspoon garlic salt",
    "1 (20-ounce) canned pineapple chunks, drained",
    "1 chopped green bell pepper, 1-inch pieces",
    "1 chopped red bell pepper, 1-inch pieces",
    "1 tablespoon cornstarch"
  ],
  "Instructions": [
    "Preheat the oven to 325 degrees Fahrenheit. Spray a 13 x 9 x 2-inch baking dish with non-stick cooking spray.",
    "Cut the 3-4 boneless skinless chicken breasts into bite-size pieces and season with salt and pepper to taste.",
    "Place the 1 ½ cups cornstarch in a small bowl and the 3 beaten eggs in another bowl.",
    "Coat the chicken pieces in the cornstarch then dip the pieces in the egg mixture.",
    "Heat ¼ cup canola oil in a large skillet over medium-high heat and cook the chicken until browned. Place the chicken in the prepared baking dish.",
    "In a medium sized mixing bowl, combine 1 cup granulated sugar, 4 tablespoons ketchup, ¼ cup apple cider vinegar, ¼ cup white vinegar, 1 tablespoon low-sodium soy sauce, 1 tablespoon cornstarch, and 1 teaspoon garlic salt. Stir in the drained 1 (20-ounce) canned pineapple chunks, 1 chopped green bell pepper, and 1 chopped red bell pepper,.",
    "Pour the sauce mixture over the chicken and bake for 1 hour, stirring every 15 minutes to coat the chicken in the sauce."
  ],
  "Nutrition": [
    "Calories: 456kcal",
    "Carbohydrates: 69g",
    "Protein: 16g",
    "Fat: 13g",
    "Saturated Fat: 2g",
    "Polyunsaturated Fat: 2g",
    "Monounsaturated Fat: 8g",
    "Trans Fat: 0.01g",
    "Cholesterol: 118mg",
    "Sodium: 676mg",
    "Potassium: 363mg",
    "Fiber: 1g",
    "Sugar: 37g",
    "Vitamin A: 881IU",
    "Vitamin C: 42mg",
    "Calcium: 23mg",
    "Iron: 1mg",
    ""
  ],
  "Comments": [
    "Victoria Earle says:I made this , this weekend along with the Mongolian beef, fried rice and cream cheese wontons. This is the most amazing recipe. It tasted way better then restaurant. Normally when I buy sweet and sour takeout I do not like to eat it as leftovers since it is to soggy. This version tastes good hot, cold and reheated. This one is a keeper.",
    "Sheri says:Added halved maraschino cherries with the pineapple and peppers. Amazing!!! Going to add water chestnuts next time for crunch. Easy recipes and so adaptable. Thank you!!",
    "Beata says:Wonder if you can use turkey instead of chicken.",
    "Alyssa Rivers says:Yes, that will work well too. Let me know how it turns out for you!",
    "Vicki Messina says:We prepared it for supper tonight and it turned out great.  I followed the recipe and it had a really nice coating when it came out of the oven.  Will be making this again when my daughter comes home!",
    "Laura says:I made this dish for my family last week, and it was my first ever attempt to make a Chinese Food inspired dish.  I was a little intimidated, and had the recipe for ages before attempting it.  Now I only wish that I hadn’t waited so long.  The recipe is delicious, and my whole family loved it.  My daughter told me it was the best thing I’d ever made.  Thank you for all the great recipes.  You’ve provided lots of inspiration and ideas for future meals, and I really appreciate it!",
    "Alyssa Rivers says:WOW! That is SO great to hear! I am so happy for you! Way to go!! Thank you so much for sharing!! XOXO",
    "Maryann says:Should I bake it covered or uncovered?  I’m doing half and half tonight, but I’d like to know for the future. Thanks!",
    "Cara says:Bake it uncovered so the sauce will reduce and thicken. I stirred mine every 15 minutes like Alyssa suggested and that is a good thing to do because it ensures that the chicken pieces get coated in the sauce and also helps with the reduction of the sauce.",
    "Sarah says:Hi, I’m in the UK & would love to try the recipe. Our stores don’t stock apple cider vinegar – is there any alternative? Also wine vinegar is that the same as white wine vinegar? Many thanks x",
    "Sarah says:Sorry, meant white vinegar not wine vinegar!",
    "Jeff says:Had no success with this recipe; putting the chicken in cornstarch and then eggs just made a huge disgusting mess of the pan; basically like gross scrambled eggs with still raw chicken floating around in it.  Maybe there’s a step missing?  Cannot recommend this one.",
    "Alyssa says:This is an amazing recipe and I am sorry it didn’t work out for you.  Once you get the method down it is easy to do.  I have a video tutorial here https://www.youtube.com/watch?list=PLrIzGV25YD__YxoPG30a-yQGAJq1waLbh&time_continue=23&v=SoFzWvWCQCM",
    "Cindy Nohl says:I can’t rave about this recipe enough! I put it up on my tablet and told my daughter-in-law to go for it. Mind you… The girl doesn’t cook much that’s not boxed or frozen (but I still love her dearly). With very little guidance from me, she knocked this out of the park! Being kind of a connoisseur of Asian dishes myself, I fell in love with this recipe. It will be my go to recipe from now on  whenever I am craving some Asian food, or just want to show off my culinary skills.",
    "Shari G says:Maybe you’re oil wasn’t hot enough. If it is, chicken browns and gets crispy. Then put in pan with sauce and bake.",
    "Weazy says:Time prep a little longer first time making, we like to double the sauce. Husband loves it, made four times more. Prep time faster as you are more familiar with recipe, kids home from college loved it!  Made other recipes from site, also outstanding.",
    "Jill says:Made this twice in the last two weeks with fresh pineapple. So good. Husband loves it. Never make the same recipe in one month. That’s how good it was.",
    "Joyce crof says:Could you tell me how much fresh pineapple you used for this recipe.",
    "Monique says:This recipe is great! Next time I make it I will prepair the chicken beforehand to cut down on time. Thanks again for sharing this great recipe."
  ]
}