{
  "URL": "https://therecipecritic.com/balsamic-honey-grilled-brussels-sprouts/",
  "Summary": "Crispy on the outside, tender on the inside, and topped with a balsamic honey glaze, these grilled brussels sprouts are the best side dish for summer and early fall! The amazing tangy flavor and tender, caramelized texture of these brussels sprouts will make even the pickiest of eaters a fan.",
  "Metadata": [
    "Prep Time:  10minutes",
    "Cook Time:  10minutes",
    "Total Time:  20minutes",
    "Servings: 4"
  ],
  "Ingredients": [
    "1 1/2 pounds brussel sprouts",
    "3 tablespoons honey",
    "1/4 cup balsamic vinegar",
    "2 tablespoons olive oil",
    "3 cloves of garlic minced",
    "salt and pepper to taste",
    "pinch of crushed red pepper"
  ],
  "Instructions": [
    "Preheat the grill to medium high heat.",
    "Cut the bottoms of the Brussel sprouts off.",
    "Place them in a large bowl and fill with water until they are covered.",
    "Microwave for 5 minutes or until they become slightly soft, then strain out the water.",
    "In a small bowl whisk together the honey, balsamic, olive oil, garlic, and salt and pepper.",
    "Pour the sauce over the brussel sprouts, then thread them onto the skewers.",
    "Add to the grill and cook for 5 minutes on each side, while basting the extra sauce on.",
    "Serve immediately."
  ],
  "Nutrition": [
    "Calories: 200kcal",
    "Carbohydrates: 32g",
    "Protein: 6g",
    "Fat: 8g",
    "Saturated Fat: 1g",
    "Polyunsaturated Fat: 1g",
    "Monounsaturated Fat: 5g",
    "Sodium: 47mg",
    "Potassium: 697mg",
    "Fiber: 7g",
    "Sugar: 19g",
    "Vitamin A: 1283IU",
    "Vitamin C: 145mg",
    "Calcium: 81mg",
    "Iron: 3mg",
    ""
  ],
  "Comments": [
    "Dawn says:Can these be cooked in the Air Fryer?",
    "Alyssa Rivers says:Sure! Here is a recipe where I cook Brussels sprouts in the air fryer: Crispy Parmesan Air Fryer Brussels Sprouts"
  ]
}