{
  "URL": "https://therecipecritic.com/balsamic-chicken-marinade/",
  "Summary": "This tangy-sweet balsamic chicken marinade comes together in minutes and works like magic whether you’re grilling, baking, or pan-searing.",
  "Metadata": [
    "Prep Time:  5minutes",
    "Marinating Time:  1hour",
    "Servings:  6servings"
  ],
  "Ingredients": [
    "2 pounds boneless, skinless chicken breasts or thighs",
    "½ cup balsamic vinegar",
    "3 tablespoons olive oil",
    "1 tablespoon honey optional",
    "2 teaspoons minced garlic about 2 cloves",
    "1 teaspoon Dijon mustard",
    "1 teaspoon Italian seasoning",
    "1 ½ teaspoons salt",
    "½ teaspoon ground black pepper"
  ],
  "Instructions": [
    "Add 2 pounds boneless, skinless chicken breasts to a gallon ziplock bag and set aside.",
    "Add ½ cup balsamic vinegar, 3 tablespoons olive oil, 1 tablespoon honey, 2 teaspoons minced garlic, 1 teaspoon Dijon mustard, 1 teaspoon Italian seasoning, 1 ½ teaspoons salt, and ½ teaspoon ground black pepper to a medium bowl and mix until fully combined.",
    "Pour the marinade over the chicken in the bag and close it carefully, pressing out all the air from the bag so the chicken is fully covered in the marinade.",
    "Squish the chicken around to ensure all of it is covered with the marinade before setting it aside to marinate at room temperature for 1-1 ½ hours, or in the refrigerator for up to 8 hours.",
    "Once finished marinating, discard the marinade and cook the chicken using your preferred cooking method."
  ],
  "Nutrition": [
    "Calories: 267kcal",
    "Carbohydrates: 7g",
    "Protein: 32g",
    "Fat: 11g",
    "Saturated Fat: 2g",
    "Polyunsaturated Fat: 1g",
    "Monounsaturated Fat: 6g",
    "Trans Fat: 0.02g",
    "Cholesterol: 97mg",
    "Sodium: 771mg",
    "Potassium: 597mg",
    "Fiber: 0.2g",
    "Sugar: 6g",
    "Vitamin A: 53IU",
    "Vitamin C: 2mg",
    "Calcium: 22mg",
    "Iron: 1mg",
    ""
  ],
  "Comments": [
    "Jeanette fox says:Looks really good, but my husband and I don’t care for balsamic vinegar. Is there something else we could substitute?",
    "Alyssa Rivers says:If you’re not a fan of balsamic vinegar, I would recommend my perfect chicken marinade recipe that uses red wine vinegar."
  ]
}