{
  "URL": "https://therecipecritic.com/banana-bread-streusel-muffins/",
  "Summary": "Moist and delicious banana muffins with a crumbly cinnamon streusel topping. This is such a yummy way to use up those over ripe bananas!",
  "Metadata": [
    "Prep Time:  10minutes",
    "Cook Time:  20minutes",
    "Total Time:  30minutes",
    "Servings:  12Muffins"
  ],
  "Ingredients": [
    "2 cups all-purpose flour",
    "1 cup granulated sugar",
    "1 teaspoon baking powder",
    "½ teaspoon salt",
    "½ teaspoon baking soda",
    "¼ teaspoon ground cinnamon",
    "2 eggs",
    "1 cup sour cream",
    "¼ cup melted butter",
    "2 ripe mashed bananas, about 1 cup",
    "½ cup chopped pecans or walnuts, optional",
    "½ cup brown sugar",
    "3 tablespoons all-purpose flour",
    "¼ teaspoon ground cinnamon",
    "4 tablespoons softened butter"
  ],
  "Instructions": [
    "Preheat oven to 375 degrees Fahrenheit. Line a muffin pan with cupcake liners or spray with non-stick cooking spray.",
    "Combine 2 cups all-purpose flour, 1 cup granulated sugar, 1 teaspoon baking powder, ½ teaspoon salt, ½ teaspoon baking soda, and ¼ teaspoon ground cinnamon in a large bowl. Set aside.",
    "In a medium bowl add 2 eggs, 1 cup sour cream, ¼ cup melted butter, and 2 ripe mashed bananas, Beat together using a hand mixer until smmoth.",
    "Stir in the flour mixture until moistened. Add in ½ cup chopped pecans or walnuts, if using. Fill the muffin cups ⅔ of the way full.",
    "In a small bowl, combine ½ cup brown sugar, 3 tablespoons all-purpose flour and ¼ teaspoon ground cinnamon. Using the back of a fork, cut in 4 tablespoons softened butter until crumbly.",
    "Sprinkle on top of the muffins and bake for 20-25 minutes or until a toothpick comes out clean and they are slightly golden."
  ],
  "Nutrition": [
    "Calories: 347kcal",
    "Carbohydrates: 49g",
    "Protein: 4g",
    "Fat: 16g",
    "Saturated Fat: 7g",
    "Polyunsaturated Fat: 2g",
    "Monounsaturated Fat: 5g",
    "Trans Fat: 0.3g",
    "Cholesterol: 59mg",
    "Sodium: 223mg",
    "Potassium: 196mg",
    "Fiber: 2g",
    "Sugar: 29g",
    "Vitamin A: 409IU",
    "Vitamin C: 2mg",
    "Calcium: 56mg",
    "Iron: 1mg",
    ""
  ],
  "Comments": [
    "Amy Johnsen says:I’ve been a professional baker for over 20 years and this is the best banana bread I’ve had thus far. This will be my new go to recipe. Thank you!",
    "Joan B says:These turned out real good. I cut back on the sugar . Still delicious!!",
    "Gillian says:So amazingly good, unbelievably fluffy, wow! I used two-thirds of a cup of sugar rather than one cup and may even use less next time and they were still incredible.",
    "DogRescuer says:Just made these (sans the streusel) and they turned out AMAZING! So banana-y (I understand that’s not the word) and fluffy! Love them!(The website is still not letting me leave a higher than 2-star rating; if I could, I would definitely give this 5 stars!)",
    "Alice says:I consider myself a fairly good baker and find that using cold butter makes a much better streusel.  Also, it is easier to crumble after putting it in the freezer for a few minutes if it is too soft.  And after all of that,  the streusel melted together.  So next time, I will definitely use cold butter; although it will be harder to cut the butter into the streusel ingredients.",
    "Zero the Dragon King says:Are you it’s TBSPs (and not TSPs) of butter for the streusel? Because mine did not stay crumbly AT ALL.",
    "Gayatri Mantra says:Looks sooo good yummy",
    "Jamie says:I found this recipe on Pinterest and it is by far the most amazing banana recipe I have ever made! Thank you so much for sharing this!",
    "Kellie V says:Are there any acceptable substitutes for sour cream? I already made my hubby go to the store once today haha and I don’t have enough sour cream for this recipe. Thanks 🙂",
    "Ginger says:If I wanted to use self-rising flour, do I omit the baking soda and baking powder??",
    "jay says:Seems like your ingredients would also work for one 9 x 5 loaf pan.  What do you think",
    "noormahomed says:Drooling good."
  ]
}