{
  "URL": "https://therecipecritic.com/banana-cupcakes/",
  "Summary": "Homemade banana cupcakes that are extra fluffy and moist are the ultimate dessert! Swirled on top is a tangy cream cheese frosting that makes these so perfect that you won't be able to stop at just one!",
  "Metadata": [
    "Prep Time:  25minutes",
    "Cook Time:  20minutes",
    "Total Time:  45minutes",
    "Servings:  18Cupcakes"
  ],
  "Ingredients": [
    "2 cups all purpose flour",
    "1 teaspoon baking soda",
    "1 teaspoon cinnamon",
    "½ teaspoon salt",
    "½ cup unsalted butter softened",
    "½ cup granulated sugar",
    "½ cup brown sugar",
    "2 large eggs room temperature",
    "¼ cup sour cream",
    "2 teaspoon vanilla extract",
    "½ cup buttermilk room temperature",
    "1 cup mashed ripe bananas about 2 1/2  bananas",
    "8 ounces cream cheese softened",
    "½ cup unsalted butter softened",
    "1 teaspoon vanilla extract",
    "½ teaspoon salt",
    "4 cups powdered sugar"
  ],
  "Instructions": [
    "Preheat the oven to 350°. Line a cupcake pan with cupcake liners and set it aside.",
    "In a medium bowl sift the flour, baking soda, cinnamon, and salt together. Set aside.",
    "In the bowl of a mixer use the paddle attachment to beat the butter, granulated sugar, and brown sugar until fluffy. Add in the eggs one at a time and beat until combined. Add the sour cream and vanilla until just combined.",
    "Add the buttermilk and mashed bananas and mix on low until just combined. Be sure to scrape down the bowl entirely a few times before adding in the dry ingredients. Add the dry ingredients and mix on low until smooth.",
    "Use a cookie scoop to scoop the batter into the prepared cupcake pan and only fill the cupcake liners 2/3 of the way full. Bake for 18-20 minutes, or until the cupcakes spring bake when lightly pressed. Cool completely before frosting.",
    "In the bowl of a mixer, beat the cream cheese and unsalted butter together until smooth. Scrape down the bowl and beat again for about 10 seconds to make sure everything is completely incorporated.",
    "Add the vanilla, salt and powdered sugar. Mix on low until the powdered sugar is moistened enough for you to increase the speed without it making a mess. Beat until smooth.",
    "Use a piping bag to pipe onto the cooled cupcakes, or spread with a knife."
  ],
  "Nutrition": [
    "Calories: 364kcal",
    "Carbohydrates: 53g",
    "Protein: 3g",
    "Fat: 16g",
    "Saturated Fat: 10g",
    "Polyunsaturated Fat: 1g",
    "Monounsaturated Fat: 4g",
    "Trans Fat: 1g",
    "Cholesterol: 64mg",
    "Sodium: 252mg",
    "Potassium: 111mg",
    "Fiber: 1g",
    "Sugar: 40g",
    "Vitamin A: 554IU",
    "Vitamin C: 1mg",
    "Calcium: 39mg",
    "Iron: 1mg",
    ""
  ],
  "Comments": [
    "Val says:I’ve made the banana cupcakes and they are quite good.  I was wondering if I can make this into a cake instead of cupcakes and what size pan would you suggest.",
    "Bennie Ann Mesa says:This is a great recipe.Followed your recipe exact with a few changes mainly because I live in Montana.First I added 3 over riped bananas (I figured I would get the extra liquid with the extra banana for the much needed moisture because of Montana’s high altitude for baking.Then I baked the mini cupcakes ( my husband & I prefer minis over regular sized cupcakes) in 325 degree temp for 35 mins; I rotated the pan halfway through.They came out perfectly moist with husbands approval!Thank you.",
    "karen covington says:These are really, really tasty!! I made these once, prior to this and they were a tad heavy, lacking in that banana flavor. This time I measured the mashed banana in a measuring cup. (typically I just mash up amount needed but after watching John from Preppy Kitchen I learned we need to Measure! Measure! Measure!) I also sifted the flour as well as making sure my butter and sugars were beat until almost fluffy. SO, this time around, the cupcakes came out MOIST with a strong taste of banana! Tip: use good quality vanilla 😉",
    "Dawn says:These are the best banana cupcakes I’ve ever made. You won’t be disappointed! Absolutely delicious ?",
    "Cassie Williams says:GIRL these are AMAZING! Also this cream cheese frosting is BOMB. Best cream cheese frosting ever period.  I made a bunch of mini cupcakes using this banana recipe and frosting.",
    "Sylvia says:Great",
    "Barbara Shaffer says:Saw this recipe on facebook and I made these today with bananas that were ripe and I keep in the freezer for later use. The cake was excellent and the sour cream frosting was applied with a pastry bag and tip that I had for quite a while was a beautiful finish! Have to say I don’t usually bake from scratch but I think I will for now on! Thanks for a superb recipe",
    "Alyssa Rivers says:That is great to hear! I am so glad that you found it and made it. Thank you for the great review!"
  ]
}