{
  "URL": "https://therecipecritic.com/banana-cream-pudding-cake-mix-cookies/",
  "Summary": "Cake mix and pudding comes together in these easy to make cookies! They have incredible flavor and texture and taste like a banana cream pie!",
  "Metadata": [
    "Prep Time:  5minutes",
    "Cook Time:  10minutes",
    "Total Time:  15minutes",
    "Servings:  24Cookies"
  ],
  "Ingredients": [
    "1 (15.25-ounce) box yellow cake mix",
    "1 (3.4-ounce) package banana cream pudding mix",
    "2 eggs",
    "½ cup melted butter",
    "1 tablespoon milk",
    "1 cup white chocolate chips"
  ],
  "Instructions": [
    "Preheat oven to 350 degrees Fahrenheit. Line 2 baking sheets with parchment paper and set aside.",
    "In a large bowl whisk together the 1 (15.25-ounce) box yellow cake mix and 1 (3.4-ounce) package banana cream pudding mix. (Do not prepare the pudding, leave it dry.) Add the 2 eggs, ½ cup melted butter, 1 tablespoon milk. Stir until combined.",
    "Fold in 1 cup white chocolate chips. scoop the cookies out into about 2 tablespoon-sized balls and place them on the prepared baking sheets.",
    "Bake the cookies for 10-12 minutes or until the edges are slightly brown."
  ],
  "Nutrition": [
    "Calories: 80kcal",
    "Carbohydrates: 5g",
    "Protein: 1g",
    "Fat: 7g",
    "Saturated Fat: 4g",
    "Polyunsaturated Fat: 0.3g",
    "Monounsaturated Fat: 2g",
    "Trans Fat: 0.2g",
    "Cholesterol: 25mg",
    "Sodium: 44mg",
    "Potassium: 29mg",
    "Fiber: 0.02g",
    "Sugar: 5g",
    "Vitamin A: 141IU",
    "Vitamin C: 0.04mg",
    "Calcium: 19mg",
    "Iron: 0.1mg",
    ""
  ],
  "Comments": [
    "Anne Marie says:I am looking for the recipe that was posted weeks ago of “Banana Pineapple Cake” and now I can’t find it. Can you please help. Thank you.",
    "Alyssa Rivers says:Hmm, this hummingbird cake uses bananas and pineapple. But I can’t think of a cake I posted recently that was labeled banana pineapple. I do remember the Tom Cruise coconut cake! YUM! I’m sorry I’m not much help!",
    "Kinsey Childress says:Hi, I think I may have accidentally added too much flour too this and it came out a little bready. The dough tastes amazing though. Is there anything I could add to the dough to make it more cookie like instead of bread",
    "MICHELLE KELLY says:I made these with peanut butter chips and turned out amazing. So tasty.",
    "Sandra Muller-White says:I just made them and they ae so yummy!",
    "KATE PRICE says:We just had a cookie exchange at work and these were the heavy favorite.  She had everyone asking for the recipe!  So amazing.",
    "Michelle says:Getting ready to make a sugar free version. I’m so excited!!",
    "Ck says:I used whit cake mix and I put Carmel chips and it turned out great. Thanks",
    "Ck says:Can you use white cake mix and still have the banana flaver.",
    "Alyssa Rivers says:Yes, of course! You may alter any recipe to your liking. It may not have the same flavor but it will still taste good. Let me know how it turns out! XOXO",
    "Izzy :) says:Hi a friend recommended these to me and i want to want to try it out! The only issue im finding is that all the cake mix boxes from Pillsbury i found were 15.25oz not 5.25oz. Is that a typo and i should use the whole box or should i weigh out the box mix to 5.25oz? Thanks!",
    "Alyssa Rivers says:Yes that was a typo! Thank you for letting me know, I got it fixed!",
    "Elliott says:These cookies were a HUGE hit at thanksgiving. Everybody wanted the recipe from me 🙂Next time I’m making a modification.I’m using caramel instant pudding, spice cake mix, and caramel chips.Can’t wait to taste the results :p",
    "Elliott says:Also, I cook them as little as possible while still not having any dough. For a couple batches, that meant letting them cool, taste testing, and putting back into the oven for an extra minute or so, letting them cool again, taste testing… etc. until they were fully cooked the BARE MINIMUM after cooling. (cookies tend to continue cooking after you take them out, and my preference is for as chewy as possible)",
    "Elliott says:*cinnamon chips*not caramel chips. Oops 🙂",
    "Alyssa says:Aren’t they AMAZING?  One of my all time favorites!",
    "Danielle says:These turned out really yummy for me.  I added 1 cup broken Nilla wafers to the mix as well for a little unexpected crunch.  My oven cooked them in about 14 minutes.",
    "Dieselle says:Do you use instant pudding?",
    "Alyssa says:Yes I did. 🙂",
    "Medeja says:Yummy! The color looks so lovely!"
  ]
}