{
  "URL": "https://therecipecritic.com/banana-beer-bread/",
  "Summary": "Have you ever tried adding some bubbly goodness to your favorite fruit bread? Well, if you haven't, you're missing out on an amazing treat! This banana beer bread is moist, slightly sweet, with a subtle beer taste that adds a fun twist to the classic banana bread recipe, and the best part? It's super easy to make!",
  "Metadata": [
    "Prep Time:  15minutes",
    "Cook Time:  1hour",
    "Total Time:    1hour15minutes",
    "Servings:  1loaf"
  ],
  "Ingredients": [
    "3 bananas well ripened",
    "¾ cup brown sugar packed",
    "1 large egg",
    "1 teaspoon vanilla extract",
    "1 cup beer",
    "2 ¼ cups all purpose flour",
    "2 teaspoons baking soda",
    "½ teaspoon salt",
    "1 teaspoon cinnamon",
    "1 teaspoon cardamom",
    "½ teaspoon allspice"
  ],
  "Instructions": [
    "Preheat your oven to 350 degrees fahrenheit and prepare a loaf pan by spraying it with nonstick spray.",
    "Peel your bananas and in a large bowl, mash them with a fork. Add in your brown sugar and whisk, using a hand mixer, until it is well combined. Add in your egg, vanilla, and beer, whisk until well combined.",
    "In a separate bowl, sift together your flour, baking soda, salt, cinnamon, cardamom and allspice.",
    "Mix the dry ingredients into the wet ingredients, ½ cup at a time until it is all added in and just come together. At this point you will add in your walnuts and chocolate chips if you are including them in your bread.",
    "Pour your batter into your prepared loaf pan and bake for 55-65 minutes. A toothpick inserted into the center will come out clean.",
    "Remove the loaf from the pan and allow it to cool on a cooling rack for at least 20 minutes before cutting into it."
  ],
  "Nutrition": [
    "Calories: 359kcal",
    "Carbohydrates: 78g",
    "Protein: 7g",
    "Fat: 1g",
    "Saturated Fat: 0.4g",
    "Polyunsaturated Fat: 0.4g",
    "Monounsaturated Fat: 0.3g",
    "Trans Fat: 0.003g",
    "Cholesterol: 27mg",
    "Sodium: 580mg",
    "Potassium: 327mg",
    "Fiber: 3g",
    "Sugar: 34g",
    "Vitamin A: 79IU",
    "Vitamin C: 5mg",
    "Calcium: 44mg",
    "Iron: 3mg",
    ""
  ],
  "Comments": []
}