{
  "URL": "https://therecipecritic.com/bananas-foster/",
  "Summary": "Warm, soft bananas covered in a buttery, cinnamon rum sauce and served with vanilla ice cream. What could be better than that? Bananas foster is a classic dessert that's ready in 15 minutes and sure to impress.",
  "Metadata": [
    "Prep Time:  10minutes",
    "Cook Time:  5minutes",
    "Total Time:  15minutes",
    "Servings:  4People"
  ],
  "Ingredients": [
    "3 bananas",
    "5 tablespoons butter",
    "⅔ cup brown sugar",
    "3 tablespoons rum",
    "2 teaspoons vanilla",
    "½ teaspoon cardamom",
    "½ teaspoon cinnamon",
    "⅓ cup coarsely chopped walnuts",
    "Vanilla ice cream for serving"
  ],
  "Instructions": [
    "Prepare your bananas by peeling and slicing them, I cut mine in half then slice them lengthwise. Coarsely chop your walnuts and set both aside.",
    "In a large skillet, over medium heat, melt your butter. Add in your brown sugar, rum, vanilla, cardamom, and cinnamon and whisk to combine. Bring the mixture to a low boil.",
    "Add in your prepared bananas and walnuts, cook until the bananas are tender and begin to caramelize, about 2 minutes.",
    "Serve fresh over vanilla ice cream."
  ],
  "Nutrition": [
    "Calories: 464kcal",
    "Carbohydrates: 62g",
    "Protein: 6g",
    "Fat: 23g",
    "Saturated Fat: 11g",
    "Polyunsaturated Fat: 5g",
    "Monounsaturated Fat: 5g",
    "Trans Fat: 1g",
    "Cholesterol: 52mg",
    "Sodium: 144mg",
    "Potassium: 490mg",
    "Fiber: 3g",
    "Sugar: 50g",
    "Vitamin A: 566IU",
    "Vitamin C: 8mg",
    "Calcium: 76mg",
    "Iron: 1mg",
    ""
  ],
  "Comments": [
    "Michele says:Which type of rum? White or dark?",
    "Alyssa Rivers says:You can use either! Dark rum will bring out more of the banana flavor in the recipe."
  ]
}