{
  "URL": "https://therecipecritic.com/banana-cake-with-cream-cheese-frosting/",
  "Summary": "This Banana Cake with Cream Cheese Frosting is light and fluffy with just the right amount of silky smooth frosting on top. If you have ripe bananas, this is the way to eat them up!",
  "Metadata": [
    "Prep Time:  15minutes",
    "Cook Time:  35minutes",
    "Servings:  12people"
  ],
  "Ingredients": [
    "½ cup unsalted butter",
    "1 cup granulated sugar",
    "½ cup brown sugar, packed",
    "2 large eggs, room temperature",
    "1 tablespoon vanilla extract",
    "1 cup sour cream",
    "1 1/2 cups mashed bananas about 3 bananas",
    "2 cups all-purpose flour",
    "1 teaspoon baking soda",
    "½ teaspoon salt",
    "½ cup unsalted butter,  room temperature",
    "4 ounces cream cheese,  softened",
    "2 teaspoons vanilla bean paste,  or vanilla extract",
    "2 tablespoons milk",
    "2 ½ cups powdered sugar",
    "¼ teaspoon salt",
    "fresh banana slices for topping, if desired"
  ],
  "Instructions": [
    "Preheat oven to 350 degrees Fahrenheit and spray a 9×13 inch metal baking pan with pan spray, a spray with flour is best.",
    "Add ½ cup unsalted butter to a small saucepan and melt over medium heat for 5-8 minutes until brown and fragrant. Remove from the heat and let the butter cool to room temperature.",
    "Add the browned butter, 1 cup granulated sugar, and ½ cup brown sugar, to a large bowl and beat with an electric mixer or stand mixer fitted with the paddle attachment until combined. Mix in 2 large eggs, and 1 tablespoon vanilla extract, followed by 1 cup sour cream and 1 1/2 cups mashed bananas. Scrape down the sides and bottom of the bowl to ensure everything is thoroughly combined.",
    "Add 2 cups all-purpose flour, 1 teaspoon baking soda, and ½ teaspoon salt and mix until combined. Pour the batter into the prepared baking pan and spread it evenly. Bake for 33-35 minutes or until the toothpick comes out clean when inserted in the middle of the cake.",
    "Let the cake cool completely before frosting.",
    "Beat ½ cup unsalted butter,  and 4 ounces cream cheese,  together until smooth. Add 2 teaspoons vanilla bean paste,  2 tablespoons milk, 2 ½ cups powdered sugar , and ¼ teaspoon salt and mix until combined and smooth. Spread over the top of the cooled cake. If desired, add fresh banana slices for topping, and serve."
  ],
  "Nutrition": [
    "Serving: 1slice",
    "Calories: 522kcal",
    "Carbohydrates: 75g",
    "Protein: 5g",
    "Fat: 23g",
    "Saturated Fat: 14g",
    "Polyunsaturated Fat: 1g",
    "Monounsaturated Fat: 6g",
    "Trans Fat: 1g",
    "Cholesterol: 89mg",
    "Sodium: 290mg",
    "Potassium: 192mg",
    "Fiber: 1g",
    "Sugar: 55g",
    "Vitamin A: 781IU",
    "Vitamin C: 3mg",
    "Calcium: 53mg",
    "Iron: 1mg"
  ],
  "Comments": []
}