{
  "URL": "https://therecipecritic.com/banana-bread-brownies/",
  "Summary": "Rich chocolate brownies and light banana bread are swirled together in these Banana Bread Brownies! It's the perfect mashup of two of our favorite recipes!",
  "Metadata": [
    "Prep Time:  15minutes",
    "Cook Time:  40minutes",
    "Total Time:  55minutes",
    "Servings:  16servings"
  ],
  "Ingredients": [
    "¾ cup unsalted butter",
    "1 cup granulated sugar",
    "½ cup brown sugar",
    "3 large eggs",
    "2 teaspoons vanilla extract",
    "¾ cup all-purpose flour",
    "½ teaspoon salt",
    "1 cup over-ripe mashed bananas (about 2 medium bananas)",
    "½ teaspoon baking powder",
    "½ cup unsweetened cocoa powder",
    "¾ cup semisweet chocolate chips",
    "2 tablespoons semisweet chocolate chips, for sprinkling"
  ],
  "Instructions": [
    "Preheat the oven to 350 degrees Fahrenheit. Line a 9 x 9 x 2-inch square baking pan with a parchment paper.",
    "Use an electric hand mixer or whisk ¾ cup unsalted butter, 1 cup granulated sugar, and ½ cup brown sugar in a large bowl. Add 3 large eggs and 2 teaspoons vanilla extract and mix.",
    "Stir in ¾ cup all-purpose flour and ½ teaspoon salt, just until combined.",
    "In a separate medium bowl, mash 1 cup over-ripe mashed bananas and sprinkle ½ teaspoon baking powder on top. Stir to combine. Add half of the batter mixture into the banana mixture and stir to combine. Set aside.<img decoding=\"async\" width=\"334\" height=\"500\" src=\"https://therecipecritic.com/wp-content/uploads/2021/02/Banana-Bread-Brownies-3-334x500.jpg\" class=\"attachment-medium size-medium\" alt=\"\" srcset=\"https://therecipecritic.com/wp-content/uploads/2021/02/Banana-Bread-Brownies-3-334x500.jpg 334w, https://therecipecritic.com/wp-content/uploads/2021/02/Banana-Bread-Brownies-3-400x599.jpg 400w, https://therecipecritic.com/wp-content/uploads/2021/02/Banana-Bread-Brownies-3.jpg 680w\" sizes=\"(max-width: 334px) 100vw, 334px\" />",
    "Add ½ cup unsweetened cocoa powder and ¾ cup semisweet chocolate chips  into the remaining half of the batter mixture. Stir to combine.<img decoding=\"async\" width=\"334\" height=\"500\" src=\"https://therecipecritic.com/wp-content/uploads/2021/02/Banana-Bread-Brownies-4-334x500.jpg\" class=\"attachment-medium size-medium\" alt=\"\" srcset=\"https://therecipecritic.com/wp-content/uploads/2021/02/Banana-Bread-Brownies-4-334x500.jpg 334w, https://therecipecritic.com/wp-content/uploads/2021/02/Banana-Bread-Brownies-4-400x599.jpg 400w, https://therecipecritic.com/wp-content/uploads/2021/02/Banana-Bread-Brownies-4.jpg 680w\" sizes=\"(max-width: 334px) 100vw, 334px\" />",
    "Dollop spoonfuls of about half of the brownie batter into the prepared pan. It doesn't need to cover the bottom of the pan. Pour the banana bread mixture over the brownie mixture. Drop spoonfuls of the remaining brownie batter on top, then use a knife to gently swirl the mixtures together a bit. Sprinkle 2 tablespoons semisweet chocolate chips, on top before baking.<img decoding=\"async\" width=\"334\" height=\"500\" src=\"https://therecipecritic.com/wp-content/uploads/2021/02/Banana-Bread-Brownies-5-334x500.jpg\" class=\"attachment-medium size-medium\" alt=\"\" srcset=\"https://therecipecritic.com/wp-content/uploads/2021/02/Banana-Bread-Brownies-5-334x500.jpg 334w, https://therecipecritic.com/wp-content/uploads/2021/02/Banana-Bread-Brownies-5-400x599.jpg 400w, https://therecipecritic.com/wp-content/uploads/2021/02/Banana-Bread-Brownies-5.jpg 680w\" sizes=\"(max-width: 334px) 100vw, 334px\" />",
    "Bake for 40 to 45 minutes until a toothpick inserted into the center of the brownies comes out clean with just a few crumbs on it. Cool completely before slicing into squares.<img decoding=\"async\" width=\"334\" height=\"500\" src=\"https://therecipecritic.com/wp-content/uploads/2021/02/Banana-Bread-Brownies-7-334x500.jpg\" class=\"attachment-medium size-medium\" alt=\"\" srcset=\"https://therecipecritic.com/wp-content/uploads/2021/02/Banana-Bread-Brownies-7-334x500.jpg 334w, https://therecipecritic.com/wp-content/uploads/2021/02/Banana-Bread-Brownies-7-400x599.jpg 400w, https://therecipecritic.com/wp-content/uploads/2021/02/Banana-Bread-Brownies-7.jpg 680w\" sizes=\"(max-width: 334px) 100vw, 334px\" />"
  ],
  "Nutrition": [
    "Calories: 265kcal",
    "Carbohydrates: 34g",
    "Protein: 3g",
    "Fat: 14g",
    "Saturated Fat: 8g",
    "Polyunsaturated Fat: 1g",
    "Monounsaturated Fat: 4g",
    "Trans Fat: 0.4g",
    "Cholesterol: 58mg",
    "Sodium: 104mg",
    "Potassium: 182mg",
    "Fiber: 2g",
    "Sugar: 25g",
    "Vitamin A: 331IU",
    "Vitamin C: 1mg",
    "Calcium: 32mg",
    "Iron: 2mg",
    ""
  ],
  "Comments": [
    "Cole says:Was linked this recipe by a friend who loves it! Question – are you supposed to use UNSALTED or SALTED butter? Assuming unsalted since that’s usually the default for baking recipes but I just want to point out that the recipe says “unsalted salted butter” in both the instructions & ingredient list so you might want to update that haha!",
    "Alyssa Rivers says:Cole, I’m sorry about the confusion. You are right, it is unsalted butter. I went ahead and got that fixed!",
    "mar says:These were delicious.  Not sure why people would have to be rude and give a poor rating for the author forgetting to edit when to add the vanilla (on original recipe, it has since been corrected by the author on the recipe now).  If you do any baking at all you  know vanilla is added to baked goods after you cream the sugar and around the time you add the eggs.  Really adding it at any mixing point should be fine.  I followed the recipe as written, but used dark cocoa powder as that is what I had on hand.  I also used overripe bananas that had been frozen, and then thawed in the microwave. These bars are just like a rich chocolatey brownie and a banana bread had a baby.  Delicious.  Will make again.",
    "Heather says:Terrible recipe. Has to guess when/where to add in the vanilla. Pulled it out of the oven at 45 minutes and allowed to cool. We to cut it an hour later and it was raw.",
    "Alyssa Rivers says:I’m sorry the recipe didn’t work out for you. The vanilla is supposed to be added to the butter and sugar mixture. Thanks for pointing that out, I will update the instructions!",
    "Tarcotti says:I have a question about this recipe. It tastes amazing! But how did you get the banana batter to come out that golden color? I’ve had two versions of this recipe, one that I made and one a friend made, and both times, the banana batter looked fine going in, looking like a different color with a nice swirl to it, but after it came out of the oven, it all looked brown. No color difference between the two batters. Is it because we used old frozen bananas?",
    "Alyssa Rivers says:I would try using fresh, overripe bananas instead!",
    "Lora Jones says:My cousin is vegan, doesn’t eat suger and unly uses almond milk. Can she still use this recipe? Thanks for your help.",
    "Alyssa Rivers says:I don’t specialize in vegan recipes and would hate to give the wrong information. I have not made this recipe any other way.",
    "Ruth M. says:While we *did* love these, you might want to tweak the recipe to include generously greasing the pan and the parchment prior to dolloping, and also include adding in the vanilla during some point. Also, since most people bake with unsalted butter using that and upping the total amount of salt to 1 tsp would be just about right.I can’t wait to try these a second time with a thin layer of peanut butter frosting (my adult son’s suggestion – I gave him and his wife half the batch). Finally, a fantastic use for those tired bananas on the counter.",
    "JJ says:Yup… I forgot the vanilla"
  ]
}