{
  "URL": "https://therecipecritic.com/banana-pudding-recipe/",
  "Summary": "Magnolia Bakery Banana Pudding is a heavenly dessert made up of layers of creamy vanilla pudding, bananas, and Nilla Wafers. It's the very recipe that the famous New York City bakery uses! This delicious and easy recipe is sure to become a family favorite!",
  "Metadata": [
    "Prep Time:  15minutes",
    "chill time:  8hours",
    "Total Time:    8hours15minutes",
    "Servings:  16servings"
  ],
  "Ingredients": [
    "1  (14-ounce) can sweetened condensed milk",
    "1 ½ cups ice cold water",
    "1  (3.4-ounce) box vanilla instant pudding mix",
    "3 cups heavy whipping cream",
    "4 cups sliced bananas",
    "1  (12-ounce) box Nilla Wafer cookies"
  ],
  "Instructions": [
    "Add 1  (14-ounce) can sweetened condensed milk to a large bowl and beat with a hand mixer while slowly streaming in 1 ½ cups ice cold water. Add 1  (3.4-ounce) box vanilla instant pudding mix and beat until fully combined. Cover the pudding and refrigerate for at least 4 hours or overnight to thicken and set up.",
    "Beat 3 cups heavy whipping cream with a hand mixer until stiff peaks form. Fold the whipped cream into the chilled pudding until there are no streaks of white remaining.",
    "Assemble the pudding in either a large bowl, trifle dish, baking pan, or individual dishes. Layer the ingredients by first adding a layer of Nilla Wafers from the 1  (12-ounce) box Nilla Wafer cookies, followed by sliced bananas from 4 cups sliced bananas , and then the pudding mixture. Repeat these layers until you reach the top of your dish(es).",
    "Cover tightly with plastic wrap and place the assembled dessert in the fridge for 4-8 hours. Top with additional bananas and Nilla wafers if desired and serve."
  ],
  "Nutrition": [
    "Calories: 265kcal",
    "Carbohydrates: 23g",
    "Protein: 4g",
    "Fat: 18g",
    "Saturated Fat: 12g",
    "Polyunsaturated Fat: 1g",
    "Monounsaturated Fat: 5g",
    "Cholesterol: 59mg",
    "Sodium: 46mg",
    "Potassium: 269mg",
    "Fiber: 1g",
    "Sugar: 19g",
    "Vitamin A: 746IU",
    "Vitamin C: 4mg",
    "Calcium: 102mg",
    "Iron: 0.2mg"
  ],
  "Comments": [
    "Trish says:It concerns me the way some of you talk about soupy–I’m going to add only 1 cup of ice waater.",
    "Sonia says:What size are these glass cups you used? They look like 4 or 6 oz but I can’t tell!",
    "Alyssa Rivers says:These are 6 oz cups!",
    "Wesley’sMom says:Absolutely love this pudding and just went and got the ingredients once again because my sons bugging me to make this. Ordering online for $65 which is sold online magnolia bakery banana pudding but for about $12 I can make a pan fresh,  and have many times. To make this real simple for those wondering, 1 cup of ice cold water plus 1/2 cup of ice cold water which is  (1 1/2 cups) Most definitely use the INSTANT vanilla brand we use is jello and we use the bigger box over the small box, so pay attention as to not accidentally get the cook and serve pudding and we leave everything else the same and we prepare the water, sweetened condensed milk and pudding mixture a night before and I get up and prepare the rest the next morning so it can sit in the fridge all day. I use bananas that are more to the green and absolutely never add the bananas to the pudding as it sits in the fridge, but slice fresh bananas each serving as to not ever deal with brown colored and gross looking bananas.I keep the bananas in the fridge so they will be cold and yes the peel will darken some but the banana is perfectly good for slicing on each serving of pudding. Pudding keeps about 3 to 4 days this way without nasty looking bananas. Do stir your pudding by hand once the whipped cream is made by electric mixer as not to over mix using the electric mixer anymore in the recipe. This is a wonderful recipe and as good as the actual bakery recipe. A good cookie to use in place of Nilla are Chessman which is what they use in the Paula Dean not yo mommas banana pudding that I’ve made but always come back to this recipe most every time.I absolutely love banana pudding. I absolutely love this recipe which isn’t supposed to be homemade, but is supposed to Magnolia Bakery Banana Pudding.Enjoy!",
    "Sandy McClintock says:This is not a TRUE HOMEMADE Banana Pudding. A true banana pudding has homemade filling in it, NOT instant pudding.",
    "Kristen says:I accidentally bought the non-instant pudding. Do I still add the sweetened condensed milk and whipped cream?",
    "Alyssa Rivers says:Yes, it is best to keep those ingredients in the recipe. You can lower the amount though.",
    "Jamie says:If it’s still soupy it’s because you used the pudding that needs to be cooked instead of instant. I did this the first time then had to take the pudding out the fridge and cook it. Then it got stiff when I put it back in the fridge and the recipe turned out great. Make sure to get instant pudding if you don’t want to have to make the pudding on the stove.",
    "jo lim says:is it 1.5cups ice water or just half cup ice water. i see is written as 1 1/2 cups",
    "Alyssa Rivers says:It is 1 1/2 cups of ice water. Hope that helps.",
    "Adreana says:I just made this and after having the pudding in the fridge over night it was soupy.",
    "Molly says:Can you make this a day in advance of serving?",
    "Alyssa Rivers says:Yes, leave in the refrigerator up to 24 hours.",
    "Holly Bricker says:Nutter butter cookies are also delicious",
    "Rick says:After chilling, what should the consistency of the pudding be? After four hours, mine is still soupy. Should it be actual pudding consistency?",
    "Alyssa Rivers says:It should be more thick, whipped like and creamy. You may need to beat it a little longer to get that thickness and whipped looked. It will be thick pudding like texture.",
    "Tatiyana says:I’d the recipe for 1 & 1/2 cup of water or just 1/2 cup because I used 1&1/2 since you put the one next to the 1/2",
    "Brooke says:I just made this!  Delicious",
    "Mel Likeman says:What is a good substitute for Nilla Wafers? I can’t get them anywhere!",
    "Alyssa Rivers says:Graham crackers are always a great substitute. I am sorry that you are not able to find them."
  ]
}