{
  "URL": "https://therecipecritic.com/banana-cream-pudding-cookies/",
  "Summary": "Banana Pudding Cookies are soft, chewy, and absolutely scrumptious. With all the banana flavor of a banana cream pie wrapped in a cookie. ",
  "Metadata": [
    "Prep Time:  10minutes",
    "Cook Time:  10minutes",
    "Total Time:  20minutes",
    "Servings:  24Cookies"
  ],
  "Ingredients": [
    "1 cup unsalted butter softened",
    "3/4 cup brown sugar",
    "1/4 cup granulated sugar",
    "3.4 ounce package banana cream instant pudding mix",
    "2 large eggs",
    "1 teaspoon vanilla extract",
    "2 1/4 cups flour",
    "1 teaspoon baking soda",
    "1/2 teaspoon salt",
    "2 cups white chocolate chips"
  ],
  "Instructions": [
    "Preheat oven to 350 degrees Fahrenheit. Line a baking sheet with parchment paper or a Silpat baking mat and set it to the side.",
    "Using a mixer, beat together butter and sugars until creamy. Add in pudding mix, eggs, and vanilla extract. In a medium bowl, whisk together the flour, baking soda, and salt. Add the dry ingredients to the wet ingredients and mix until just combined. Stir in the white chocolate chips.",
    "Drop cookie dough by rounded tablespoons onto a prepared baking sheet. Bake for 10 minutes, or until slightly golden around the edges and set. Remove cookies from the oven and let cool on the baking sheet for two minutes. Transfer to a cooling rack and cool completely."
  ],
  "Nutrition": [
    "Calories: 246kcal",
    "Carbohydrates: 30g",
    "Protein: 3g",
    "Fat: 13g",
    "Saturated Fat: 8g",
    "Cholesterol: 37mg",
    "Sodium: 141mg",
    "Potassium: 72mg",
    "Fiber: 1g",
    "Sugar: 21g",
    "Vitamin A: 261IU",
    "Vitamin C: 1mg",
    "Calcium: 42mg",
    "Iron: 1mg"
  ],
  "Comments": [
    "Mary McBrien says:Your recipes are great and I’ve used many of then",
    "Jamie says:Is there anyway to make this with cook & serve pudding ? For some reason instant banana is not available here in Canada and it’s like 20 bucks for a two-pack of these small boxes on Amazon. Please help!!",
    "Becca says:Can you freeze these? They’re delicious!",
    "Alyssa Rivers says:Yes! Let them cool, and then store them in an airtight container in your freezer. They should last about 2-3 months! Let them thaw overnight in your fridge.",
    "Lovina Young says:Can you replace the banana pudding for sugar free package? Or will it mess up the dry portion of the cookie? Thank you in advance.",
    "Alyssa Rivers says:That should work! Let me know how it turns out!",
    "Lauren says:Can you put chopped up bananas in these cookies?",
    "Alyssa Rivers says:Sure! Let me know how it turns out!",
    "Steph d says:Can I double this recipe while using a large box of pudding ? 5.1 oz",
    "Alyssa Rivers says:That won’t be enough! You will need a total of 6.8 oz to double the recipe so I would use 2 boxes instead.",
    "laura c says:These turned out absolutely delicious. My daughter fell in love with some banana cookies at a pot luck, and the guy would not share his recipe. I have looked all over the internet for a good recipe, and I finally found one here. The other recipe we tried was absolutely awful. I am SO grateful!",
    "brenda says:Can you freeze these cookies?",
    "Madison says:5 STARS!!! Holy Moly!! If you like Banana’s you best gonna like it!! If you like Cream you best gonna like’s it!!! If you like White Chocolate and Jazz you are gonna dig’s it!! If you like them all together’s you best be liken it!! This was so delicious!!! The only thing is to add the cinnamon and sugar mixture in it!!In the recipe it wasn’t descriptive!!Cinnamon 1 1/2 tspSugar 1/3 cupAdd it in when you add your brown sugar and butter!!Oh!! And cook it for 1 – 2 minutes extra if you don’t want the cookies to be so delicate that they fall apart!!",
    "Colleen says:These cookies are awesome and easy to make. I’ve already had several requests to share the recipe. I’m making another batch, this time I’m adding chopped macadamia nuts. Can’t wait for them to come out of the oven!",
    "Megan says:I have made something similar to this before and it’s a HUGE hit!!  Add Nilla Wafers (broken up into little pieces) and Banana Chips to the batter.  You will thank me later!!!  Enjoy!",
    "Cammy says:I notice that in the ingredients it calls for 1 t vanilla, however, it is not listed in the directions."
  ]
}