{
  "URL": "https://therecipecritic.com/banana-poppy-seed-muffins-with-orange-glaze/",
  "Summary": "A delicious banana muffin full of citrus flavor and topped with an orange citrus glaze.",
  "Metadata": [
    "Prep Time:  20minutes",
    "Cook Time:  18minutes",
    "Total Time:  38minutes",
    "Servings:  12Muffins"
  ],
  "Ingredients": [
    "2 cups all-purpose flour",
    "1 ½ tablespoons poppy seeds",
    "2 teaspoons baking powder",
    "½ teaspoon salt",
    "1 cup mashed ripe banana, about 2 large bananas",
    "1 large egg",
    "¾ cup granulated sugar",
    "¼ cup vegetable oil",
    "1 tablespoon orange zest",
    "1 teaspoon vanilla extract",
    "1 cup powdered sugar",
    "2 tablespoons fresh orange juice, more if needed",
    "1 teaspoon orange zest",
    "1 teaspoon vanilla extract"
  ],
  "Instructions": [
    "Preheat the oven to 375 degrees Fahrenheit. Line a 12-cup muffin pan with muffin liners, spray lightly with nonstick cooking spray, and set aside.",
    "In a large bowl, combine 2 cups all-purpose flour, 1 ½ tablespoons poppy seeds, 2 teaspoons baking powder, and ½ teaspoon salt.",
    "In a medium bowl, whisk together 1 cup mashed ripe banana, 1 large egg, ¾ cup granulated sugar, ¼ cup vegetable oil, 1 tablespoon orange zest, and 1 teaspoon vanilla extract. Add the wet ingredients to the dry and stir together until just combined.",
    "Add the banana mixture to the flour mixture and mix until just combined. Scoop the batter into the prepared muffin pan until each well is ¾ of the way full.",
    "Bake for 18 minutes, or until a toothpick comes out clean from the center of the muffins.",
    "Add 1 cup powdered sugar, 2 tablespoons fresh orange juice, 1 teaspoon orange zest, and 1 teaspoon vanilla extract to a medium bowl and whisk until smooth. Add more orange juice 1 teapoon at a time as needed until the desired consistency is reached.",
    "Brush or drizzle the glaze over the cooled muffins. Let the glaze sit on the muffins for 20 minutes or so before serving."
  ],
  "Nutrition": [
    "Calories: 236kcal",
    "Carbohydrates: 44g",
    "Protein: 3g",
    "Fat: 6g",
    "Saturated Fat: 1g",
    "Polyunsaturated Fat: 3g",
    "Monounsaturated Fat: 1g",
    "Trans Fat: 0.03g",
    "Cholesterol: 16mg",
    "Sodium: 105mg",
    "Potassium: 179mg",
    "Fiber: 1g",
    "Sugar: 25g",
    "Vitamin A: 43IU",
    "Vitamin C: 4mg",
    "Calcium: 53mg",
    "Iron: 1mg",
    ""
  ],
  "Comments": [
    "Cheryl McGivern says:Interesting & different combination of flavors to wake up my bored tastebuds.  Very much enjoyed them.",
    "Sharon says:We just moved out to the country and have both banana and orange trees! Decided to give this recipe a try with fruits from our own yard and I am so glad that I did! Amazing! Thank you!",
    "Oksana says:I absolutely loved this recipe. I decided to try it cause it has an orange twist. Frankly speaking, I don’t like banana bread or muffins but I thought I would give a try. The most convicting fact was orange. I hoped it would ‘kill’ a banana smell. And it did!!! Which was what I expected. The only thing I will change in future – I will use less flour, maybe 1 and 3/4 cups. I can say it’s a perfect recipe if you have bananas you don’t want to eat))",
    "Alyssa says:Awesome!  Thanks for your feedback!",
    "Shawnna says:oh yummy! These look delish!",
    "Megan - The Emotional Baker says:What a creative muffin! i love this combo of flavors – I never would have thought to put them together 🙂",
    "Kara (Creations by Kara) says:These look simply scrumptious! I have all the ingredients in my pantry, so I see one of these in my near future. 🙂"
  ]
}