{
  "URL": "https://therecipecritic.com/banana-pancakes/",
  "Summary": "These banana pancakes are perfectly soft and fluffy and taste just like warm banana bread… in pancake form, of course! It's a great recipe to use when you have any over-ripe bananas!",
  "Metadata": [
    "Prep Time:  10minutes",
    "Cook Time:  20minutes",
    "Total Time:  30minutes",
    "Servings:  6people"
  ],
  "Ingredients": [
    "2 cup all purpose flour",
    "2 teaspoons baking powder",
    "1/4 teaspoon salt",
    "1/4 cup white sugar",
    "1 teaspoon cinnamon",
    "1 teaspoon Brown sugar",
    "1/4 teaspoon nutmeg",
    "2/3 cup milk",
    "1 tablespoon vanilla extract",
    "3 large very ripe bananas mashed",
    "2 tablespoons butter melted",
    "chopped pecans for garnish optional",
    "1/2 cup maple syrup",
    "1/2 cup powdered sugar",
    "1 teaspoon vanilla"
  ],
  "Instructions": [
    "Preheat a skillet to medium low heat. In a large mixing bowl whisk flour, baking powder, sugar, salt, cinnamon, brown sugar and nutmeg. Add the milk and vanilla and stir until incorporated. It will be thick.",
    "Add in mashed bananas and melted butter and mix together until the batter is smooth.",
    "Spray skillet with cooking spray and add 1/3 cup of batter to the center. It takes about 1-3 minutes for the bubbles to appear because the batter is thicker. Once the bubbles appear flip to the other side.",
    "Repeat with remaining batter. I was able to get about 8 pancakes.",
    "To make the vanilla maple glaze, whisk together the maple syrup, powdered sugar and vanilla. Serve over warm pancakes."
  ],
  "Nutrition": [
    "Calories: 283kcal",
    "Carbohydrates: 56g",
    "Protein: 3g",
    "Fat: 5g",
    "Saturated Fat: 3g",
    "Cholesterol: 13mg",
    "Sodium: 149mg",
    "Potassium: 265mg",
    "Fiber: 1g",
    "Sugar: 37g",
    "Vitamin A: 161IU",
    "Calcium: 132mg",
    "Iron: 1mg",
    ""
  ],
  "Comments": [
    "Careylyn Lupescu says:How much brown sugar do I use in the banana pancakes?",
    "Alyssa Rivers says:1 teaspoon of brown sugar.",
    "Bruce Levitt says:No eggs?",
    "Alyssa Rivers says:The bananas kind of take form and you do not need eggs for this recipe.",
    "Renata B says:No kidding, this is so thick, at one point I kneaded the “batter” to incorporate the dry ingredients.  2 out of 3 girls said it was ok.  Will not make again.",
    "Bruce Levitt says:I added another 1/3 cup milk.",
    "Amanda says:Eating these baby’s for breakfast right now!! YUMMY 😉 Didn’t change a thing!",
    "lee lee weatherly says:these look soooo good! gonna try this weekend!",
    "Adriana says:Yum! Made these today for my toddler and I . Only chance I made was adding chocolate  chips,yummy!",
    "Carla says:I  made these today and liked them. I did notice that in the directions it mentions sugar but there is not measurement above for sugar. I added some anyways. Does anyone know or has anyone added an amount? The ones I made today are good but not very sweet..",
    "Amanda says:I’m making these for my family right now. They smell amazing! The boys can’t wait to dig in.",
    "Lisa @ Cooking with Curls says:I am always looking for new ways to use up those ripe bananas, and these pancakes look like the perfect solution Alyssa!!",
    "Petra says:I wonder if you could turn this batter into waffles as well?",
    "Amy at Ms. Toody Goo Shoes says:Oh, if I only had some ripe bananas, I’d make these tomorrow morning! I pinned, and now I’ll wait impatiently for my bananas to ripen.",
    "Meriem @ Culinary Couture says:These sound amazing! Breakfast tomorrow!",
    "Jessica @ Sprinkle Some Sugar says:Banana bread + pancakes, these look amazing! Two of my favorite things in one. And for breakfast, yum!! Pinned! 🙂"
  ]
}