{
  "URL": "https://therecipecritic.com/banana-bread-crumb-cake/",
  "Summary": "Banana Bread Crumb Cake. Tender and soft this banana cake is loaded up with flavor and a hint of spice. Topped with a sweet, brown sugar crumb this is the perfect snack or breakfast cake!",
  "Metadata": [
    "Prep Time:  10minutes",
    "Cook Time:  45minutes",
    "Total Time:  55minutes",
    "Servings: 12"
  ],
  "Ingredients": [
    "½ cup light brown sugar",
    "½ cup all-purpose flour",
    "½ teaspoon ground cinnamon",
    "3 tablespoons melted butter",
    "½ cup room temperature unsalted butter",
    "½ cup granulated sugar",
    "½ cup light brown sugar",
    "2 large eggs",
    "1 teaspoon vanilla extract",
    "3 mashed ripe bananas",
    "2 cups all-purpose flour",
    "½ teaspoon baking powder",
    "½ teaspoon baking soda",
    "½ teaspoon salt",
    "½ teaspoon ground cinnamon",
    "⅔ cup buttermilk"
  ],
  "Instructions": [
    "Preheat oven to 350 degrees Fahrenheit.  Line a square baking pan with parchment paper or spray with non stick baking spray.",
    "In a small mixing bowl prepare the crumb by mixing together ½ cup light brown sugar, ½ cup all-purpose flour and ½ teaspoon ground cinnamon, and 3 tablespoons melted butter. Stir to combine. Then using a fork mix until large crumbs are formed. Set aside.",
    "In a large mixing bowl add ½ cup room temperature unsalted butter, ½ cup granulated sugar and ½ cup light brown sugar. Cream together. Add in 2 large eggs and 1 teaspoon vanilla extract. Stir to combine.",
    "Mash 3 mashed ripe bananas with a fork, then add to the batter, stir to combine, will be slightly lumpy.",
    "In a medium size mixing bowl combine 2 cups all-purpose flour, ½ teaspoon baking powder, ½ teaspoon baking soda, ½ teaspoon salt, ½ teaspoon ground cinnamon, stir with a fork to mix.",
    "Add to the sugar mixture, and stir slowly and pour in ⅔ cup buttermilk while stirring. Stir until just combined.",
    "Pour the batter into the prepared baking pan and sprinkle the crumbs on top. Gently press the crumbs into the batter to help stick.",
    "If using an 8x8 pan bake for about 45-50 minutes. If using a 9x9 pan bake for about 35-40 minutes.",
    "Allow to cool for about 30 minutes prior to serving. If desired top with icing."
  ],
  "Nutrition": [
    "Calories: 217kcal",
    "Carbohydrates: 47g",
    "Protein: 4g",
    "Fat: 1g",
    "Saturated Fat: 1g",
    "Cholesterol: 29mg",
    "Sodium: 173mg",
    "Potassium: 97mg",
    "Fiber: 1g",
    "Sugar: 27g",
    "Vitamin A: 60IU",
    "Calcium: 45mg",
    "Iron: 1.5mg",
    ""
  ],
  "Comments": [
    "Kasey says:I just made this after having my eye on it for a little while! It is absolutely delicious! (: I’m very happy with how it turned out. I made it in an 8×8 pan and it did take an additional 10 minutes before it was cooked through but that was no problem. I also made my icing to drizzle on top: 1/2 cup powdered sugar, 3 teaspoons milk, 1/2 teaspoon vanilla  PERFECTION!",
    "P B says:Confectioner’s sugar and milk",
    "PB says:I forgot to add the icing recipe was forgotten, but it’s confectioner’s sugar and milk to consistency.",
    "PB says:Moist and delicious. Altered recipe slightly to accommodate high altitude baking.",
    "Kali says:Should we remove it from the pan while it is still warm or leave it in until it has cooled?",
    "Alyssa Rivers says:Let cool a bit and then release it before it has cooled all the way.",
    "DeAnn says:Can you use a bread pan?",
    "Alyssa Rivers says:DeAnn!Yes, a bread pan should be just fine!  Great idea!  Thanks for following along!",
    "Monica Huntly says:Absolutely delicious, soft and moist",
    "Tracy says:Can you make muffins out of it? If so how many and how long would I cook them forTracy",
    "Alyssa Rivers says:Yes, that is a great idea! It will make about 18 cupcakes I believe. Let me know how it turns out!",
    "Lora says:Would have, also, liked to see the icing mixture, included in the recipe ingredients list.",
    "Lora says:I think you had forgotten to mention adding in the melted butter, to the crumb mixture!!",
    "Dianna says:YUM. This turned out really well. Really like it with the crumble on top. My son has an egg allergy so I substituted Bob’s Red Mill Egg Replacer for the two eggs (much better than flax eggs IMO) and you can’t even tell that it’s egg free. Also, didn’t have buttermilk so made my own with vinegar as per the instructions. So good. Don’t forget to add the melted butter in step 2. It’s not in the directions, but you definitely need it.",
    "Dr. James McCleary says:Recipes are great and they print out easier any other chef cooking sitewhen you make your cookbook I will buy onethank you",
    "Charisse says:Which icing do you prefer to make for the drizzle?",
    "Alyssa Rivers says:I like to use a vanilla flavored icing that can be drizzled over the top. You can make this with powder sugar, milk and vanilla."
  ]
}