{
  "URL": "https://therecipecritic.com/banana-coffee-cake/",
  "Summary": "Banana coffee cake is a great way to use up any overripe bananas you might have lying around! With a moist, fluffy, vanilla banana-flavored interior and a buttery streusel topping, this is a unique twist on coffee cake that will have you hooked after the first bite!",
  "Metadata": [
    "Prep Time:  15minutes",
    "Cook Time:  35minutes",
    "Total Time:  50minutes",
    "Servings: 16"
  ],
  "Ingredients": [
    "6 tablespoons unsalted butter  melted",
    "1 1/4 cup all-purpose flour",
    "1/2 cup light brown sugar tightly packed",
    "1/3 cup granulated sugar",
    "1 teaspoon ground cinnamon",
    "1/4  teaspoon salt",
    "¾ cup unsalted butter softened to room temperature",
    "3/4 cup granulated sugar",
    "3 very ripe bananas mashed, about 1 ½ cups",
    "2 large eggs lightly beaten",
    "1½ teaspoon vanilla extract",
    "2 Tablespoons sour cream",
    "1 1/3 cup all-purpose flour",
    "¾ teaspoon baking powder",
    "1/2 teaspoon baking soda",
    "½ teaspoon ground cinnamon",
    "½ teaspoon salt",
    "1/2 cup powdered sugar",
    "2-3 teaspoons milk",
    "1/4 teaspoon vanilla extract"
  ],
  "Instructions": [
    "Preheat oven to 350 degree Fahrenheit and lightly grease and flour a 9×9 baking pan. Set aside.",
    "Combine the butter and sugar in the bowl of a stand mixer or using a hand mixer. Beat until well-combined, then stir in mashed bananas.",
    "Add the eggs, mixing well after each addition, and then add sour cream and vanilla extract and stir well.",
    "In a separate, medium-sized bowl, whisk together the flour, baking powder, baking soda, cinnamon, and salt.",
    "Gradually add the dry ingredients to wet, stirring until completely combined (be sure to scrape down the sides and bottom of the bowl). I prefer to do this with a spatula to avoid over-mixing the batter.",
    "Pour batter evenly into the prepared pan.",
    "Melt butter in a medium-sized bowl on 10 second increments (stirring between) until just melted (you don't want it to be too hot).",
    "Use a fork to whisk together the flour, brown sugar, granulated sugar,  cinnamon, and salt. Pour melted butter over mixture and use a fork to stir until crumbly and combined.",
    "Sprinkle streusel evenly over batter.",
    "Bake on 350F for 35 minutes, or until centers spring back to the touch and a toothpick inserted in the center comes out with few moist crumbs or clean.",
    "Allow to cool before drizzling with glaze (if using) and slicing and serving.",
    "If desired, make glaze by whisking together powdered sugar, milk, and vanilla. Drizzle over cooled banana coffee cake."
  ],
  "Nutrition": [
    "Calories: 296kcal",
    "Carbohydrates: 47g",
    "Protein: 5g",
    "Fat: 10g",
    "Saturated Fat: 6g",
    "Cholesterol: 44mg",
    "Sodium: 119mg",
    "Potassium: 70mg",
    "Fiber: 1g",
    "Sugar: 17g",
    "Vitamin A: 305IU",
    "Calcium: 23mg",
    "Iron: 1.9mg",
    ""
  ],
  "Comments": [
    "Kari Parnell says:Everyone complaining that the streusel topping is way too much… No way!! I love my coffee cake with plenty of streusel on top! Delish. Great recipe and a nice alternative to banana bread, which is usually what I always use my ripe bananas for. Thank you!",
    "Ida CS says:Just looked at the recipe and didn’t find any coffee in it! Am I missing something here?",
    "Alyssa Rivers says:Hi Ida, ‘coffee cake’ just refers to the type of cake here, since it’s more dense and crumbly than traditional cake. There isn’t any actual coffee in the recipe."
  ]
}