{
  "URL": "https://therecipecritic.com/banana-bread/",
  "Summary": "Treat yourself with a slice of thick, rich, and moist banana bread. This is the easiest way to make it! It's full of flavor and always a hit with the family.",
  "Metadata": [
    "Prep Time:  15minutes",
    "Cook Time:  35minutes",
    "Total Time:  50minutes",
    "Servings:  10slices"
  ],
  "Ingredients": [
    "3 ripe bananas mashed about 1 cup",
    "1 teaspoon baking soda",
    "1/3 cup oil",
    "2/3 cup sugar",
    "2 large eggs beaten",
    "pinch of salt",
    "1 and 1/3 cup all purpose flour",
    "1/2 cup chopped walnuts optional"
  ],
  "Instructions": [
    "Mix together with a spatula or wooden spoon (all ingredients) banana, baking soda, oil, sugar, eggs, salt and flour in a large mixing bowl.",
    "Fold in the chopped walnuts if using.",
    "Pour in a greased 9×5 loaf pan. Bake in preheated oven at 350 degrees for 35 to 40 minutes or until toothpick comes out clean."
  ],
  "Nutrition": [
    "Calories: 229kcal",
    "Carbohydrates: 27g",
    "Protein: 4g",
    "Fat: 12g",
    "Saturated Fat: 1g",
    "Cholesterol: 33mg",
    "Sodium: 123mg",
    "Potassium: 56mg",
    "Fiber: 1g",
    "Sugar: 14g",
    "Vitamin A: 48IU",
    "Calcium: 13mg",
    "Iron: 1mg",
    ""
  ],
  "Comments": [
    "Deborah Jean Valente says:Love easy recipies!",
    "HAZEL says:I’ve recently tried multiple recipes for banana bread and been disappointed until I tried your recipe.  Finally found it!  Came out perfect.. Cut into it…perfect   Moistness…perfect  Banana flavor…perfect.  My search is over and this is THE recipe from now on..  Thank you so much.",
    "Alyssa Rivers says:Awww, this is the best compliment ever! I’m so glad you liked it!",
    "CeeKay1 says:Excellent! I made it Gluten Free; 2/3 cup 1to1; 1/3 cup shorgum flour and balance by pure chana dal. Will definitely do again. I was concerned with the amount of sugar, turned out good, but I will likely roll that back a bit next time.",
    "Shelly says:How long should I bake if I use small loaf pans?",
    "Alyssa Rivers says:Depending on how small your loaf pans are, I would still bake them at 350 degrees Fahrenheit, but check them after 25 minutes to see if a toothpick comes clean after poking the center. Add more time as necessary.",
    "Peggy says:I’m going to make this bread today thank you for your recipe",
    "Claudia says:I baked it last week and I loved it! Easy, quick and oh, so tasty! I’m making it again right now, I’m afraid I’m addicted to it *laughs*Thank you very much for this ♥",
    "Linda Moorhouse says:DEAR Alyssa Rivers;I always look forward to your recipes… but you did some weird “ingredient amounts”on the Easy Banana Bread recipe? EG:  0.67 cup oil….   1.33 cup sugar….  2 and 0.67Is that European measurements?  Most cooks and bakers I know are NOT that precise in their measuring… especially things like loaf Breads… pretty basic…sadly, I will have to pass this one.  Thanks Linda.",
    "David A Mize says:Out of all of the banana breads recipes I’ve ever tried this one turned out perfect has the best flavor and is moist very moist not dry so I would say this is got to be the Great American banana bread recipe it’s All American",
    "Disappointed in NH says:35 minutes to bake?  Been in for 45 and still totally raw in the middle and the edges are dark brown.  Don’t trust the internet people!",
    "Joe says:Had the same issue.  Followed recipe perfectly.  Middle was raw and edges were well done.  I had to burn the outside to get the middle to cook.",
    "Jennifer says:It sounds to me like it’s your oven you shouldn’t trust. Many ovens arent calibrated, therefore wont be the temp that you set them to. Even if it displays that temperature. Get an oven thermometer and I’m sure you will have better luck.",
    "Katie says:Easy and delicious! I have tried multiple recipes and this one has been the most successful for me. My husband took it to his coworkers and he received several comments on how yummy this bread is. The oil works in this recipe as it keeps the bread from drying out quickly and adds a dense quality. Because I prefer spice in my baked goods, I added 1 tbsp of cinnamon and 1 tsp of nutmeg for a fall flavor.",
    "Spencer says:This is the worst banana bread recipe I have ever tried. Not even my dad, the human garbage disposal, would eat it. It tastes distinctly American somehow, the sugar and the oil flavors come through very prominently but the banana flavor absolutely does not.",
    "Valerie McKissick says:Easy , simple recipe. Delicious!",
    "Nancy deal aka granny says:Added 1 extra banana,1/2 c oil 2 c brown sugar,1/3 more c of flour,1/2 tea.bam soda 3 t l milk  bake at 325 for 1 HR ,do at 50 min,muffins 20 min ,LG muff.",
    "Brad says:The notes say you can use salted butter…but butter is not one of the ingredients.  Sub for the oil??Also, the card doesn’t specify what kind of sugar.  Notes say that you can sub brown sugar for white, so you usually use white for best results?  Thanks!",
    "Alyssa Rivers says:Yes, the unsalted butter would be a substitute for the vegetable oil. I used white sugar in the original recipe. Let me know how it turns out for you!",
    "Kim B says:Could this be used for muffins?",
    "Alyssa Rivers says:I haven’t tried that before but I’m sure with an adjustment for the cooking time, that would work!",
    "Aly says:I added a little cinnamon, and vanilla extract and it was delicious! Some of my family doesnt like nuts so made it into 2 mini loaves, one with nuts, and one with dairy free chocolate chips! So good!"
  ]
}