{
  "URL": "https://therecipecritic.com/banana-cream-cheesecake/",
  "Summary": "Banana cream cheesecake is one of my favorite desserts! It has a graham cracker crust creamy filling, topped with bananas and whipped cream.",
  "Metadata": [
    "Prep Time:  20minutes",
    "Chill Time:  5hours",
    "Total Time:    5hours20minutes",
    "Servings:  8pieces"
  ],
  "Ingredients": [
    "1 3/4 cup graham cracker crumbs (14 whole crackers)",
    "1/3 cup brown sugar",
    "8 tbsp salted butter, melted",
    "16  ounces cream cheese, softened to room temperature",
    "1 (3.4 ounces) box Instant banana cream pudding",
    "1/4 cup sour cream",
    "3/4 cup powdered sugar",
    "1 tsp vanilla extract",
    "3/4 cup heavy whipping cream (40% fat is best)",
    "2 bananas, sliced",
    "1 1/2 cup heavy whipping cream",
    "1 cup powdered sugar",
    "1/2 tsp vanilla extract"
  ],
  "Instructions": [
    "For the crust, combine the graham cracker crumbs, brown sugar, and melted butter. Stir until the ingredients are incorporated. Press into the bottom and up the sides of a 9-inch pie dish. Refrigerate the prepared crust until the filling is ready.",
    "In a large bowl, combine the cream cheese and beat it until smooth with an electric handheld mixer. Add in the powdered sugar, instant banana cream pudding, vanilla extract, and sour cream. Beat ingredients for about 2 minutes until smooth and incorporated. Add the heavy whipping cream and mix for about 4 minutes until it gets very thick.",
    "Slice bananas and place them in a single layer at the bottom of the crust. Spoon the filling on top of the bananas and spread evenly in the pan. Carefully cover with plastic wrap and refrigerate for at least 5 hours or overnight.",
    "Before serving, prepare the whipped topping. Place the heavy whipping cream, powdered sugar, and vanilla into a large mixing bowl. Beat with an electric handheld mixture or a standing mixer for about 4 minutes or until stiff peaks form.",
    "To serve, top the pie with whipped topping and enjoy! Garnish with sliced bananas and graham cracker crumbs."
  ],
  "Nutrition": [
    "Serving: 8slices",
    "Calories: 783kcal",
    "Carbohydrates: 61g",
    "Protein: 7g",
    "Fat: 59g",
    "Saturated Fat: 35g",
    "Polyunsaturated Fat: 2g",
    "Monounsaturated Fat: 16g",
    "Trans Fat: 1g",
    "Cholesterol: 188mg",
    "Sodium: 440mg",
    "Potassium: 294mg",
    "Fiber: 1g",
    "Sugar: 45g",
    "Vitamin A: 2159IU",
    "Vitamin C: 3mg",
    "Calcium: 134mg",
    "Iron: 1mg"
  ],
  "Comments": [
    "Chris says:One more thing….It’s quite a bit whipped cream. It looks like the finished product is not covered entirely by the whipped cream. True? Is it served on the side? Thanks!",
    "Chris says:Is a deep dish pan too much for this recipe, in other words….will there not be enough filling to fill it?",
    "Alyssa Rivers says:That’s probably too large for this recipe unless you double it!",
    "Chris says:Ok. I’ll play it by ear. Thank you!",
    "Cyndi says:This is very cream cheese forward.  I only had one banana so a bit light on banana.  I think i will try 1 1/2 packs (12 oz) cream cheese & a tad more sour cream for a lighter pie filling as it was even heavier than I like my cheesecake.  I did use heavy liquid whipping cream. It was hard to spread into crust over banana slices.I used a premade graham crust & cool whip so donot have feedback on that portion of recipe.",
    "Melissa Gibson says:YUMMY!!! Sweet with a good not overpowering banana taste. I don’t have a hand mixer so the whipped topping portion was a little “runny’ but even then it’s super delicious! Next time I’m going to experiment and do a layer of Graham cracker crumbs and bananas then add the remaining filling. Not sure it’ll work but even this was an experiment (1st cheesecake ever) When I do I will update! All in all this is a great pie and will be made several more times. ?",
    "Virginia Mitchell says:It all looks great, I will try them."
  ]
}