{
  "URL": "https://therecipecritic.com/banana-bread-bars/",
  "Summary": "Banana bread bars are moist and flavorful and land somewhere between a cake and a bread with the most amazing brown butter frosting on top! Great for breakfast or an afternoon treat with a cup of coffee, both the texture and flavor are crave-worthy!",
  "Metadata": [
    "Prep Time:  10minutes",
    "Cook Time:  25minutes",
    "Total Time:  35minutes",
    "Servings:  24slices"
  ],
  "Ingredients": [
    "1½ cups sugar",
    "1 cup sour cream",
    "½ cup butter softened",
    "2 eggs",
    "3-4 ripe bananas, mashed (about 2 cups)",
    "2 teaspoons vanilla extract",
    "2 cups all-purpose flour",
    "1 teaspoon baking soda",
    "¾ teaspoon salt",
    "½ cup chopped walnuts, optional",
    "½ cup butter",
    "4 cups powdered sugar",
    "1½ teaspoons vanilla extract",
    "3 tablespoons milk"
  ],
  "Instructions": [
    "Preheat the oven to 375 degrees Fahrenheit. Grease and flour a 13 x 9 x 2-inch baking pan and set aside.",
    "In a large bowl, add the sugar, sour cream, butter, and eggs. Using an electric hand mixer, beat until creamy.",
    "Blend in the mashed bananas and vanilla extract.",
    "Add the flour, baking soda, and salt, and blend until incorporated. Stir in walnuts, if using.",
    "Spread the batter evenly into the prepared pan. Bake 20 to 25 minutes or until golden brown.",
    "In a large saucepan, add the butter and heat over medium heat. Heat the butter until boiling. Allow the butter to simmer and heat into a delicate brown color. Remove from the heat immediately.",
    "Add the powdered sugar, vanilla extract, and milk. Whisk together until smooth.",
    "Spread the brown butter frosting over the warm bars and enjoy!"
  ],
  "Nutrition": [
    "Calories: 288kcal",
    "Carbohydrates: 45g",
    "Protein: 2g",
    "Fat: 12g",
    "Saturated Fat: 6g",
    "Polyunsaturated Fat: 2g",
    "Monounsaturated Fat: 3g",
    "Trans Fat: 0.3g",
    "Cholesterol: 40mg",
    "Sodium: 189mg",
    "Potassium: 98mg",
    "Fiber: 1g",
    "Sugar: 34g",
    "Vitamin A: 329IU",
    "Vitamin C: 1mg",
    "Calcium: 21mg",
    "Iron: 1mg",
    ""
  ],
  "Comments": [
    "Regina K Schantz says:These tasted very good, but I baked mine close to 45 minutes. Maybe the 4 ripe bananas I used were too moist. I might put it in a 10 x 15 pan next time.",
    "Steph says:This is a great recipe, my family loves it.  I have made these 3 times now. First time with a 10×15 jelly roll pan and the second time with a 9×13 pan. The third time I went back to the 10×15 pan. We liked them that way better….besides this is a BAR recipe and should therefore be a thinner piece of dessert…9X13 makes it more of a cake.",
    "Melanie says:I am baking these as I type, directions said to use a 10×15 jelly roll pan, then down a way it said you put it in a 9×13 and wouldnt use any other size.  Which pan size is correct?",
    "Alyssa Rivers says:Use the 9 x 13! I will edit that, thank you for letting me know!",
    "Michelle Stephan says:Do we bake it for the same time when using 9×13? Recipe is not updated. Still says jelly roll pan",
    "Alyssa Rivers says:A 9 x 13 pan is correct! And yes, cook them for about 25 minutes. Check them and add additional 5 minutes if needed (this varies depending on your oven).",
    "Colleen says:I made this today again and again it came out yummy. I always bake it in a 13×9 pan. It never disappoints me. ??",
    "Stephanie says:I have made these before and my family loves them. I had over ripe bananas and decided to make it again. I didn’t have any sour cream so I used strawberry yogurt. Actually tasted really good!",
    "Marilyn says:Made this according to the instructions except I left out the nuts.It was  wonderful! Very nice texture."
  ]
}