{
  "URL": "https://therecipecritic.com/banana-he-man-cookies/",
  "Summary": "This is another great recipe to use up those over-ripe bananas and these are guaranteed to be a hit!",
  "Metadata": [
    "Prep Time:  10minutes",
    "Cook Time:  10minutes",
    "Total Time:  20minutes",
    "Servings:  24Cookies"
  ],
  "Ingredients": [
    "1 cup shortening I used butter flavored shortening",
    "1 cup sugar",
    "2 eggs",
    "1 cup mashed bananas",
    "1/2 cup buttermilk",
    "1 tsp vanilla",
    "3 cups Flour",
    "1 1/2 tsp baking soda",
    "1/2 tsp salt",
    "1 cup nuts opt",
    "4 ounces  unsalted butter softened",
    "4 ounces cream cheese softened",
    "2 cups powdered sugar",
    "1 teaspoon vanilla extract"
  ],
  "Instructions": [
    "Cream the shortening, sugar, and eggs.  Stir in the banana.  Add the buttermilk and vanilla.  Measure the flour, baking soda, and salt.  Blend together and then add to the creamed mixture.  Add nuts if desired.  Drop by rounded tablespoon 2 inches apart on baking sheet.  Bake at 350 for 10 minutes.  Frost with cream cheese frosting",
    "In a large bowl, beat together the butter and cream cheese with an electric mixer. With the mixer on low speed, add the powdered sugar a cup at a time until smooth and creamy. Beat in the vanilla."
  ],
  "Nutrition": [
    "Calories: 307kcal",
    "Carbohydrates: 35g",
    "Protein: 4g",
    "Fat: 18g",
    "Saturated Fat: 6g",
    "Cholesterol: 30mg",
    "Sodium: 145mg",
    "Potassium: 106mg",
    "Fiber: 1g",
    "Sugar: 20g",
    "Vitamin A: 216IU",
    "Vitamin C: 1mg",
    "Calcium: 21mg",
    "Iron: 1mg"
  ],
  "Comments": [
    "Pamela says:Love this recipe, my kids love bananas and I some over ripe ones in the fridge waiting on a recipe, I will just tweak a little! Thanks for sharing! I host a link party that is OPEN right now, please share one of your recipes http://pamelasheavenlytreats.blogspot.com/2012/09/heavenly-treats-sunday-link-party-17.html",
    "Sandra says:What tweeks have you done to this",
    "Robbin Thomas says:This sounds so good! I have some bananas that need to get used up, I can’t wait to make these! Thanks for sharing your recipes, I love your blog!",
    "Aimee - ItsOverflowing.com says:Real fun blog!  I’m your newest follower!!XO, Aimee"
  ]
}