{
  "URL": "https://therecipecritic.com/bang-bang-chicken/",
  "Summary": "Bring a bang to your dinner table with this explosive bang bang chicken! It’s crispy but tender and coated in a thick, creamy sauce that’s savory, spicy, and sweet all at once!",
  "Metadata": [
    "Prep Time:  15minutes",
    "Cook Time:  30minutes",
    "Total Time:  45minutes",
    "Servings:  4people"
  ],
  "Ingredients": [
    "1 pound boneless skinless chicken breast",
    "⅓ cup whole milk",
    "1 large egg",
    "¼ cup cornstarch",
    "¼ cup all purpose flour",
    "1 teaspoon salt",
    "½ teaspoon black pepper",
    "2 cups vegetable oil for frying",
    "⅓ cup mayonnaise",
    "2 tablespoons honey",
    "3 tablespoons sweet chili sauce",
    "1 tablespoon sriracha",
    "½ teaspoons salt",
    "1 tablespoon sesame seeds"
  ],
  "Instructions": [
    "In a medium bowl, whisk together your mayonnaise, honey, sweet chili sauce, sriracha, and sesame seeds. Set aside.",
    "Prepare your chicken by cutting it all into 1 inch cubes.",
    "In a medium bowl, whisk together your milk and egg. In a separate bowl, whisk together your cornstarch, flour, salt, and pepper.",
    "Place all your cubed chicken into the bowl of milk and egg, stir to coat completely. While the chicken is soaking in the milk mixture for a minute, heat your frying oil in a large skillet over medium high heat.",
    "Remove the chicken from the milk and egg mixture, allowing any excess liquid to drip off.",
    "Pour your flour mixture into a large plastic bag, place all your soaked chicken into the bag, seal it up and shake the bag to coat the chicken completely with the flour mixture.",
    "You may need to cook the chicken in a couple batches, remove the chicken from the bag and carefully place them into the hot oil.",
    "Fry the chicken for about 3-4 minutes, rotating throughout to evenly cook. The chicken should be golden brown and cooked through.",
    "Remove from the oil and place on a paper towel lined plate to allow excess oil to drip off.",
    "Once all the chicken is done, transfer it all into your bowl with the sauce and stir to coat each piece evenly.",
    "Best enjoyed fresh!"
  ],
  "Nutrition": [
    "Calories: 414kcal",
    "Carbohydrates: 30g",
    "Protein: 28g",
    "Fat: 20g",
    "Saturated Fat: 4g",
    "Polyunsaturated Fat: 10g",
    "Monounsaturated Fat: 5g",
    "Trans Fat: 0.1g",
    "Cholesterol: 124mg",
    "Sodium: 1360mg",
    "Potassium: 501mg",
    "Fiber: 1g",
    "Sugar: 16g",
    "Vitamin A: 145IU",
    "Vitamin C: 4mg",
    "Calcium: 62mg",
    "Iron: 1mg",
    ""
  ],
  "Comments": [
    "Lellie says:This looks amazing. Curious if I could sub a non dairy milk like coconut or just plain almond or soy. Has anyone tried that?",
    "Alyssa Rivers says:Yes! You can totally sub for nondairy milk! All of the ones you listed would work!",
    "Cassie says:Love this recipe! It was an instant family favorite…we triple it when we make it because EVERYONE wants lots of leftovers. ? Thank you!",
    "Maria says:I just made this for the 3rd time! Love it! For leftover chicken, should I mix with the sauce and refrigerate or refrigerate sauce and chicken separately and then mix once chicken is warmed up the following day?",
    "Cassie says:This was delicious and easy to make!!! I kept some chicken not sauced to give my kids with sauce on the side…2 out of 3 loved it! Great recipe, thank you!",
    "Cheryl Rockman says:I just made this and it’s delish.I doubled the entire recipe however not the siracha ( thank goodness)Nice and spicy in a good way and I personally wouldn’t change anything about the recipe.I served it on a bit of rice .This recipe is definitely going in my recipe book for the very near future.",
    "Bruce A Bender says:can the chicken be cooked in an air frier ?",
    "Alyssa Rivers says:Yes! Follow all of the original instructions to prepare the chicken, then air fry for about 15 minutes at 400 degrees Fahrenheit. (For even cooking, shake halfway through.) Then toss with the sauce and serve!",
    "Tonya says:Made for dinner, this was perfect!",
    "Cheah Sew Yen says:So nice it must be very yummy and delicious. Thank you for the sharing.",
    "Brenda says:I would definitely say not to bake this! I did yesterday and it never changed color and it still had the flour on it. Some of the flour was harder from being baked but some was still powdery. I baked it as you said at 375° 18-20 minutes . I did mine for 22 hoping it would brown up a bit but it didn’t.  I was going to turn up heat at that point, but then knew the chicken would be way over-cooked.    Hubby still liked it but I had a hard time with the flour on it. Loved the sauce and I will make this again, only I will fry it. I was trying to avoid the mess.  I’m a seasoned cook and the batter is same I use a lot, only frying. Thanks for your great recipes, I use them a lot.",
    "JAKE says:stop  lying",
    "Peggy Fugate says:This was really good.  I think next time I will bake the chicken instead of frying (easier to do) and will heat the sauce up.  When I added the hot chicken to the sauce, it did cool it down.  Will make again.  Thanks for sharing.",
    "Marcia Stacy says:Is sweet chili sauce the same as the chili sauce in the bottle?",
    "Alyssa Rivers says:Sweet chili sauce is different. It’s more liquidy and sweet because it has sugar in it. Chili sauce is more like a ketchup-type sauce. Here is my recipe for sweet chili sauce if you want to make it from scratch! Sweet Chili Sauce",
    "Jose says:Excellent. The only change I made was the addition of ground crushed red pepper flakes, about half a teaspoon just because we like a bit of heat. I looked at the posted picture and topped the chicken with sesame seeds and thinly sliced green onion. Served with white rice and a nice syrah.",
    "Ed says:Easy to make. Tasted great And very filling.I recommend, just as this recipe reads.",
    "Carlos L. says:How about a revised version of this for air frying (less calories!).",
    "Alyssa Rivers says:Great idea! I will keep that in mind.",
    "Mary says:Would this work in the air fryer?",
    "Alyssa Rivers says:I haven’t tried it in my air fryer yet but I will and let you know!"
  ]
}