{
  "URL": "https://therecipecritic.com/banoffee-pie/",
  "Summary": "Banoffee Pie is a popular dessert in Britain with a caramel toffee filling topped with bananas, whipped cream, and chocolate shavings.  This is such an insanely delicious pie that you won't be able to get enough of!",
  "Metadata": [
    "Prep Time:  20minutes",
    "Cook Time:  1hour",
    "Total Time:    1hour20minutes",
    "Servings:  12slices"
  ],
  "Ingredients": [
    "2 ¼ cups graham cracker crumbs",
    "2 tablespoons sugar",
    "½ cup unsalted butter",
    "½ cup unsalted butter",
    "½ cup dark brown sugar packed",
    "1  (14-ounce) can sweetened condensed milk",
    "4 sliced bananas",
    "Homemade Whipped Cream",
    "chocolate shavings"
  ],
  "Instructions": [
    "Combine 2 ¼ cups graham cracker crumbs, 2 tablespoons sugar, and ½ cup unsalted butter Press in the bottom of a 9-inch springform pan or pie dish and press it up along the sides. Chill the crust until firm.",
    "To make the filling, melt ½ cup unsalted butter in a medium-sized saucepan. Stir in ½ cup dark brown sugar and melt over medium-low heat. Add 1  (14-ounce) can sweetened condensed milk and bring it to a boil for a few minutes stirring continuously. The toffee should start to darken.",
    "Pour the filling over the crust. Cool and chill again for at least an hour or until firm.",
    "Top with 4 sliced bananas, Homemade Whipped Cream, and chocolate shavings."
  ],
  "Nutrition": [
    "Calories: 412kcal",
    "Carbohydrates: 51g",
    "Protein: 5g",
    "Fat: 22g",
    "Saturated Fat: 13g",
    "Polyunsaturated Fat: 1g",
    "Monounsaturated Fat: 6g",
    "Trans Fat: 1g",
    "Cholesterol: 60mg",
    "Sodium: 152mg",
    "Potassium: 323mg",
    "Fiber: 2g",
    "Sugar: 38g",
    "Vitamin A: 655IU",
    "Vitamin C: 4mg",
    "Calcium: 131mg",
    "Iron: 1mg",
    ""
  ],
  "Comments": [
    "Dana Casale says:I have made banoffee pie only once before, and the recipe was much more complicated but my husband LOVED it, so thought I’d try again only with a different recipe.  This is the PERFECT one!!  So easy. . .delicious!  I used digestive biscuits (found easily at our Pittsburgh Giant Eagle grocery) and only 1 large ripe banana (it’s all I had), and it was amazing.  Thanks so much for posting this easy and delicious banoffee pie recipe — will make often!",
    "Lorie says:I followed the recipe exactly.  It is the prettiest pie I have ever made.  I did not like the taste and suspect that I did something wrong.  The graham cracker crust was too thick and when sliced didn’t hold together well.  The toffee layer got too hard and made the pie difficult to eat.  I was very careful to not cook the toffee layer too long.",
    "Diane Paquin says:Do the bananas turn brown after making it, or keeping for 3 days or so?",
    "Arlene Adkins says:Can this banoffee pie be made a day before our dinner?",
    "Alyssa Rivers says:Sure! Just be sure to store it in your fridge.",
    "Gill says:I am English with Scottish roots.  I’ve made this pie for many years, but with a twist to your recipe.  The brown sugar and butter isn’t necessary if you boil the unopened tin of sweetened condensed milk in a saucepan, then cover and place in over at 300F for two hours.  Your recipe is certainly quicker than the traditional way, but it does use less sugar.",
    "Kelly says:I have made this so many times and its more delicious each time. Family constantly request it!! So Yummy!",
    "Meghan says:I also have the Mormon West Pioneers in my Ancestry DNA estimate. It’s interesting the things that connect all of us. Also, I will be making this pie soon!",
    "Alyssa Rivers says:That is super cool! Thank you for sharing!",
    "Connie says:Does this pie keep, or does it have to be eaten as soon as it’s made?",
    "Alyssa Rivers says:It will keep in the refrigerator for about 5 days long. So good!",
    "Vicki Cooper says:When in the USA, we buy Digestive biscuits from Publix Supermarkets in their international section. If using Digestives they are naturally sweeter than Graham cracker, and don’t require sugar to make the crust. Thank you for the lovely recipe, can’t wait to try it.",
    "Carolyn Ferch says:Curious as to why the pie would have a thin layer of liquid under the graham cracker crust. Followed the directions to a tee!! Your advice would be greatly appreciated! Otherwise the pie was very tasty! Thank you for sharing!",
    "Alyssa Rivers says:HMMM! I am not sure why there would be liquid under the graham cracker. I am glad that the pie was tasty! I would just think the moisture from the cooling and thawing part.",
    "Joe says:This was so interesting to learn about your family and to read about this dessert. The pie looks so yummy and delicious! The kit looks very simple and easy to do! I want to order one right now!",
    "Martha says:This pie is wonderful and looks so decadent.  I will be making this for my family. I loved hearing about your story. I know my family also originated from Britain but I wanted to find out more. Thanks for letting us know about the 40  percent off. I just ordered my kit and will be anxiously awaiting for my results.",
    "Megan says:I loved reading this post and I have always wanted to do it!  I just bought my kit from reading about your beautiful experience. Thank you for sharing!",
    "Jacky says:Hello I love getting ur recipes.  I live in brussels belgium … born and raised in Glasgow scotland .  Spent time in Nyc Ft Laud and Miami and Southern californiaThank you so much for ypur great recipesMerci beaucoupe",
    "Beth says:Thank you for sharing about your DNA results and the banoffee pie.  My brother has sent in his DNA.  I look forward to see where his results send him.  Our father’s  ancestors came from England.Getting this recipe means so much to me.  Can hardly wait to find out about our mother’s roots!",
    "Amy says:This is a very cool post. I love studying my heritage. My heritage also includes British Ancestors, Danish Ancestors, and Scottish Ancestors. I think that it is important to know where we came from – it lends understanding to who we are and helps us through some of the challenges that we face each day. Thank you for sharing this post and reminding us of the importance of our heritage. That is so fun that you were so close to your grandpa and shared the sweet picture of him when he was young. Have a great week."
  ]
}