{
  "URL": "https://therecipecritic.com/bao-buns/",
  "Summary": "Bao Buns are soft, pillowy buns made from a slightly sweet dough. They originate from China and are served with different types of fillings. You can enjoy them as a snack, as a side, or with dim sum. ",
  "Metadata": [
    "Prep Time:  10minutes",
    "Cook Time:  20minutes",
    "Proofing time:    1hour30minutes",
    "Total Time:  2hours",
    "Servings:  18buns"
  ],
  "Ingredients": [
    "½ cup water, warm",
    "½ cup milk, warm",
    "3 tablespoons sugar",
    "1 packet active dry yeast, 2 ¼ teaspoons",
    "2 tablespoons vegetable oil, more for brushing",
    "2 ½ cups all-purpose flour",
    "1 teaspoon baking powder",
    "½ teaspoon salt"
  ],
  "Instructions": [
    "In the bowl of a stand mixer, whisk together the water, milk, sugar, and yeast. Cover and let it rest until it becomes foamy about 5 minutes.",
    "In a separate bowl, whisk together the flour, baking powder, and salt.",
    "When the yeast mixture is frothy add in the flour mixture and mix on medium speed using a dough hook until the dough forms, about 3-4 minutes.",
    "Increase the speed to medium-high and mix for another 4-5 minutes until the dough is smooth and not sticking to the sides of the bowl.",
    "Dump the dough out onto a lightly floured surface and form it into a smooth ball. Lightly oil a bowl and place the dough in it. Cover and let the dough rest for at least 1 hour. The dough should double in size.",
    "While the dough rises, cut parchment paper into 4-inch squares and set aside.",
    "Dump the risen dough out onto a lightly floured surface and roll it out to an even ¼-inch thickness.",
    "Using a 3-inch diameter cookie cutter or cup, cut the dough out into circles. Brush the top of each bun with additional vegetable oil and fold the buns in half, gently pressing them down to fold.",
    "Place each bun on a piece of parchment paper on the pan, cover, and let the buns rise for another 30-45 minutes.",
    "Prepare the steamer by adding 2 cups of water to a large pot, fit the pot with a steamer ring. When the buns are ready, bring the water to a boil.",
    "Fill the steamer basket with the buns, leaving at least 1 inch of space between the buns. Place the steamer basket on the steamer ring on top of the pot and steam the buns for 10-12 minutes.",
    "They will fluff up and be firm to the touch without sticking to your fingers. You will need to work in batches.",
    "Fill the finished buns with your choice of filling, and enjoy!"
  ],
  "Nutrition": [
    "Serving: 1bun",
    "Calories: 89kcal",
    "Carbohydrates: 16g",
    "Protein: 2g",
    "Fat: 2g",
    "Saturated Fat: 0.4g",
    "Polyunsaturated Fat: 1g",
    "Monounsaturated Fat: 0.4g",
    "Trans Fat: 0.01g",
    "Cholesterol: 1mg",
    "Sodium: 68mg",
    "Potassium: 52mg",
    "Fiber: 0.5g",
    "Sugar: 2g",
    "Vitamin A: 11IU",
    "Calcium: 21mg",
    "Iron: 1mg",
    ""
  ],
  "Comments": []
}