{
  "URL": "https://therecipecritic.com/basil-pesto-chicken-sandwich/",
  "Summary": "A delicious basil pesto chicken sandwich that is quick and easy and one of the tastiest sandwiches you will eat!",
  "Metadata": [
    "Prep Time:  10minutes",
    "Total Time:  10minutes",
    "Servings:  6Servings"
  ],
  "Ingredients": [
    "2 (12.5-ounce) cans premium chunk chicken breast, 2 cups shredded chicken",
    "¼ cup low-fat mayonnaise",
    "1 cup fresh basil",
    "1 clove garlic",
    "¼ cup grated parmesan",
    "2 ½ tablespoons olive oil",
    "salt and pepper to taste",
    "hoagie rolls",
    "tomatoes",
    "spinach",
    "sliced mozzarella cheese"
  ],
  "Instructions": [
    "In a medium-sized bowl, combine 2 (12.5-ounce) cans premium chunk chicken breast, and ¼ cup low-fat mayonnaise. Mix until combined.",
    "In a food processor pulse 1 cup fresh basil, 1 clove garlic, ¼ cup grated parmesan, and 2 ½ tablespoons olive oil. Season with salt and pepper to taste.",
    "Add the pesto sauce to the chicken mixture and stir until fully incorporated.",
    "Assemble on the hoagie rolls or bread of choice. Add the desired toppings on top and enjoy!"
  ],
  "Nutrition": [
    "Calories: 172kcal",
    "Carbohydrates: 2g",
    "Protein: 13g",
    "Fat: 13g",
    "Saturated Fat: 3g",
    "Cholesterol: 26mg",
    "Sodium: 338mg",
    "Potassium: 77mg",
    "Fiber: 1g",
    "Sugar: 1g",
    "Vitamin A: 322IU",
    "Vitamin C: 1mg",
    "Calcium: 59mg",
    "Iron: 1mg"
  ],
  "Comments": [
    "Sara Nowacki says:This looks yummy!  I will be making it soon.How much pesto did you use?  I make pesto in the summer and freeze it so I already have ready made pesto.",
    "Tuiane says:I did your recipe for a romantic picnic on my 4th anniversary, it turned out so delicious that my boyfriend thinks I’m an amazing cook. It was really quick and easy to make will definitely do it again.Thanks for sharing your delicious Basil pesto chicken =)",
    "Allison says:Sounds good!  I am curious, though… no pine nuts or walnuts in the pesto?",
    "Alyssa says:You can add it in the pesto if you would like!  I know I have seen recipes with it. 🙂",
    "Chung-Ah | Damn Delicious says:Happy birthday! Hope you day was filled with great company and lots of cake. And this sandwich is glorious! It’s one of my absolute favorites.",
    "Pat says:This looks so good!  And, a quick, my kind of lunch.   Happy Birthday to you, mine was the 24th  🙂"
  ]
}