{
  "URL": "https://therecipecritic.com/bbq-chicken-stromboli/",
  "Summary": "BBQ Chicken Stromboli is full of melty provolone cheese, chicken, caramelized red onions and sweet and tangy bbq sauce.  This makes an amazing quick and easy meal or appetizer!",
  "Metadata": [
    "Prep Time:  20minutes",
    "Cook Time:  29minutes",
    "Total Time:  49minutes",
    "Servings:  8servings"
  ],
  "Ingredients": [
    "1 tablespoon unsalted butter",
    "1 cup thinly sliced red onion, about 1 small red onion",
    "1 (13.8-ounce) tube thin crust refrigerated pizza dough",
    "6 slices provolone cheese",
    "2 cups shredded chicken, I used a rotisserie chicken",
    "½ cup barbecue sauce,",
    "1 beaten egg",
    "1 teaspoon Italian seasoning",
    "1 teaspoon grated parmesan cheese"
  ],
  "Instructions": [
    "Preheat oven to 375 degrees Fahrenheit.",
    "Heat a small skillet over medium-high heat and add 1 tablespoon unsalted butter. Once melted, add 1 cup thinly sliced red onion, and cook until tender, 3-4 minutes. Remove from the heat and set aside.",
    "Roll out 1 (13.8-ounce) tube thin crust refrigerated pizza dough on a piece of parchment paper. In the center line up 6 slices provolone cheese in a row. Top with 2 cups shredded chicken, cooked onions, and ½ cup barbecue sauce,",
    "Fold the longer sides one at a time over the filling first before folding up the sides. Cut off any excess dough and pinch together the seams to seal it.",
    "Flip the whole thing over and brush the outside of the dough with 1 beaten egg.   Top with 1 teaspoon Italian seasoning and 1 teaspoon grated parmesan cheese.",
    "Bake for 20-25 minutes or until golden brown on top. Serve with more barbecue sauce on the side for dipping."
  ],
  "Nutrition": [
    "Calories: 291kcal",
    "Carbohydrates: 33g",
    "Protein: 17g",
    "Fat: 10g",
    "Saturated Fat: 5g",
    "Polyunsaturated Fat: 1g",
    "Monounsaturated Fat: 3g",
    "Trans Fat: 0.1g",
    "Cholesterol: 61mg",
    "Sodium: 687mg",
    "Potassium: 183mg",
    "Fiber: 1g",
    "Sugar: 10g",
    "Vitamin A: 263IU",
    "Vitamin C: 2mg",
    "Calcium: 135mg",
    "Iron: 2mg",
    ""
  ],
  "Comments": [
    "Teresa upright says:Can’t wait to try the stromboli, thank you",
    "Dr. J says:Delicious and enjoyable meal.  A make again.",
    "SmoQ says:BBQ Chicken Stromboli is great! I just finished it last night and the result was unexpected, my wife and daughter both liked it, which made me happy. Thanks for your recipe",
    "George says:I love how delicious and how easy this recipe looks.I am going to try to cook it tomorrow.Thank You!",
    "Saqib says:The sauce is just love. I have made that sauce my family loved the sauce. Your recipes are just awsome. Thankyou",
    "Gina StJ says:I have made this several times now and it is a huge hit.  My family wasn’t as wild about the bbq sauce, so I’ve started using pizza sauce instead.  It substitutes nicely.  With 5 kids, it’s nice to find something EVERYONE will eat.",
    "Pauline Freedman says:How many servings does this make?  I’m planning to to bring this to a gathering tomorrow.",
    "Alyssa Rivers says:This makes about 4-6 servings. You will be a fan favorite with this Stromboli! XOXO",
    "Pam says:This looks great! Could I make this ahead of time and refrigerate it before baking?",
    "Alyssa Rivers says:Yes, of course!!",
    "Kendrick says:Great recipe,They look so delicious and so easy to make.I think they will taste great too.I am going to try cooking them on Sunday for my family.Thank You!",
    "Carol says:I made this tonight.  It was OK.  I think the problem was our “italian spice” is probaly outdated.  So, half is left over and we will add some serious garlic and additional spice to see if the leftovers are better than the original.",
    "Laura says:I made this tonight and it was YUMMY! I didn’t have great luck with the parchment paper though! The dough stuck to the bottom. Next time I will just spray the pan and do the dough straight on it. Great recipe though!",
    "Mary says:Looks good – but how much chicken?  It’s not listed in the ingredients…",
    "Kim says:2 cups",
    "Pat says:There is no mention of chicken in the list of ingredients. How much should I use for the whole recipe? Thanks – can’t wait to make it!",
    "Kim says:It says 2 cups of chicken",
    "Michele says:In BBQ Chicken Stromboli, you don’t specify how much chicken should be used.",
    "Taste of France says:My husband is anti-chicken, but I think the BBQ sauce might win him over. Looks good!",
    "Janie says:Alyssa, how much chicken?  Taste of France..Try turkey breast (any meat your husband likes actually)",
    "Tiffany says:He should like this then, since there is NO chicken in the ingredients!",
    "Susan says:Recipe looks like it would be good except there’s no chicken listed ??",
    "Shannon Milligan says:It says 2c shredded chicken"
  ]
}