{
  "URL": "https://therecipecritic.com/bbq-chicken-salad-with-bbq-cilantro-lime-dressing/",
  "Summary": "This BBQ chicken salad is healthy and packed to the brim with flavor! Filled with veggies, shredded chicken, and crispy tortilla chips, this salad really takes off when you add in the dressing. It's to die for! ",
  "Metadata": [
    "Prep Time:    1hour20minutes",
    "Total Time:    1hour20minutes",
    "Servings:  6Servings"
  ],
  "Ingredients": [
    "3 cups chicken cooked and shredded",
    "2 cups BBQ sauce homemade or storebought (Highly recommend Sweet Baby Ray’s)",
    "2 romaine hearts chopped",
    "1/2 red onion diced",
    "1/4 cup cilantro chopped fresh",
    "1 1/2 cups corn",
    "1 (15 ounce) can black beans, rinsed and drained",
    "1/2 cup tomatoes, chopped",
    "4 ounces sharp cheddar cheese cubed or shredded",
    "2 ounces Monterey Jack Cheese cubed or shredded",
    "tortilla strips",
    "1 cup mayonnaise",
    "1/3 cup buttermilk",
    "1 tablespoons fresh cilantro finely chopped",
    "1 tablespoon lime juice",
    "1 teaspoon white vinegar",
    "1 teaspoon granulated sugar",
    "1 garlic clove finely minced",
    "1/2 teaspoon salt",
    "1/8 teaspoon cayenne pepper",
    "1/8 teaspoon black pepper",
    "1/4 teaspoon ground cumin",
    "1/2 cup BBQ sauce"
  ],
  "Instructions": [
    "Cook and shred your chicken. I always throw it into the crockpot with some chicken broth and let it slow cook all day. Then I will drain the juices and shred them. Once you shred your chicken, add the 2 cups of BBQ sauce to the chicken. Set aside until ready to use.",
    "If you are making the salad dressing, whisk together the mayonnaise, buttermilk, chopped cilantro, lime juice, white vinegar, sugar, garlic, salt, cayenne pepper, black pepper, cumin and BBQ sauce. Set aside until ready to use.",
    "In a large bowl, toss the romaine, red onion, cilantro, corn, and black beans. You can either add about 1/2 cup of the salad dressing to this, or serve it on the side.",
    "Top salad with the cheese and tortilla strips. Enjoy!"
  ],
  "Nutrition": [
    "Calories: 690kcal",
    "Carbohydrates: 61g",
    "Protein: 16g",
    "Fat: 43g",
    "Saturated Fat: 12g",
    "Cholesterol: 66mg",
    "Sodium: 1860mg",
    "Potassium: 570mg",
    "Fiber: 3g",
    "Sugar: 44g",
    "Vitamin A: 4058IU",
    "Vitamin C: 7mg",
    "Calcium: 282mg",
    "Iron: 2mg"
  ],
  "Comments": [
    "Laura Mckenna says:This was good, but I would cut the dressing recipe in half. It seemed like way too much dressing for this salad.",
    "Angela says:Delicious ? I loved this recipe and so did my friends who helped me consume it. It really was absolutely amazing. The few things I did different was used 2 bbq’d chicken breast (fresh off the grill after marinating in bbq sauce overnight) and did not shred but just cut into strips and left on the top of the salad. I added bell peppers (the small thin ones you get in a salad bag) and an avocado. I didn’t use any cheese and added just a little extra kick with that spices in the dressing. This was a crowd pleaser and good enough to bring to a party – it was perfect as our main meal for a group of 5 women.",
    "Jocelyn says:This looks super delicious!!!  I am trying to eat more greens and be healthy too!!!",
    "Dorothy @ Crazy for Crust says:That sounds SO good!",
    "Liz Fourez says:Definitely on my list to try! Looks AMAZING! Thanks so much for sharing, Alyssa!",
    "Anne @The Cooking Campaign says:YUM!  This looks soo good.",
    "Erin TableforSeven says:Looks delicious! It’s on my to try list..pinned 🙂"
  ]
}