{
  "URL": "https://therecipecritic.com/bbq-salmon/",
  "Summary": "This BBQ salmon is sweet, smoky, and perfectly grilled every time. Just two ingredients for a fast, flavorful summer dinner!",
  "Metadata": [
    "Prep Time:  5minutes",
    "Cook Time:  5minutes",
    "Total Time:  10minutes",
    "Servings:  4people"
  ],
  "Ingredients": [
    "4 (6-ounce) salmon filets",
    "½ cup Homemade BBQ sauce, or storebought"
  ],
  "Instructions": [
    "Prepare the grill by heating it to 450-500 degrees Fahrenheit. You will be grilling the salmon directly on the grill, so be sure to scrub your grill grates clean and lightly grease them.",
    "Brush 1 tablespoon of the ½ cup Homemade BBQ sauce, on each 4 (6-ounce) salmon filets.",
    "Once the grill is up to temperature, place each filet, skin side down, on the grill. Close the grill and cook them for 3-5 minutes.",
    "Flip the salmon, meat side down, and cook for 2-4 minutes to get grill marks on the filet. The internal temperature of salmon should reach 145 degrees Fahrenheit, but I remove the salmon from the grill at 140 degrees Fahrenheit. It will reach temperature as it rests.",
    "Remove the filets from the grill and place them on a plate. Let them rest for at least 2 minutes to finish cooking.",
    "Brush the remaining BBQ sauce on each filet before serving. Serve with grilled vegetables."
  ],
  "Nutrition": [
    "Serving: 1filet",
    "Calories: 63kcal",
    "Carbohydrates: 15g",
    "Protein: 0.5g",
    "Fat: 0.3g",
    "Saturated Fat: 0.03g",
    "Polyunsaturated Fat: 0.1g",
    "Monounsaturated Fat: 0.1g",
    "Cholesterol: 1mg",
    "Sodium: 369mg",
    "Potassium: 88mg",
    "Fiber: 0.3g",
    "Sugar: 12g",
    "Vitamin A: 80IU",
    "Vitamin C: 0.2mg",
    "Calcium: 12mg",
    "Iron: 0.2mg",
    ""
  ],
  "Comments": []
}