{
  "URL": "https://therecipecritic.com/bbq-sauce-recipe/",
  "Summary": "This Homemade BBQ Sauce recipe has the most amazing flavor combination and only takes minutes to make! It's sweet and tangy and has the perfect amount of smokiness that makes this BBQ sauce a family favorite! ",
  "Metadata": [
    "Prep Time:  5minutes",
    "Cook Time:  10minutes",
    "Total Time:  15minutes",
    "Servings:  8servings"
  ],
  "Ingredients": [
    "1 cup ketchup",
    "⅓ cup molasses",
    "⅓ cup brown sugar",
    "3  tablespoons cider vinegar",
    "1 tablespoon Worcestershire sauce",
    "1  teaspoon smoked paprika",
    "1  teaspoon chili powder",
    "1 teaspoon onion powder",
    "½ teaspoon salt",
    "2  teaspoons liquid smoke"
  ],
  "Instructions": [
    "In a medium saucepan, whisk together 1 cup ketchup , ⅓ cup molasses , ⅓ cup brown sugar , 3  tablespoons cider vinegar , 1 tablespoon Worcestershire sauce , 1  teaspoon smoked paprika , 1  teaspoon chili powder, 1 teaspoon onion powder, ½ teaspoon salt  and 2  teaspoons liquid smoke .",
    "Bring the mixture to a simmer over medium heat and cover with a lid.",
    "Simmer and stir occasionally until the sauce thickens, about 10-15 minutes.",
    "Use right away or store for later use. Allow it to cool before placing it in an airtight container and storing it in the refrigerator for 1 week."
  ],
  "Nutrition": [
    "Calories: 111kcal",
    "Carbohydrates: 29g",
    "Protein: 0.4g",
    "Fat: 0.1g",
    "Saturated Fat: 0.02g",
    "Polyunsaturated Fat: 0.1g",
    "Monounsaturated Fat: 0.02g",
    "Sodium: 460mg",
    "Potassium: 336mg",
    "Fiber: 0.3g",
    "Sugar: 26g",
    "Vitamin A: 353IU",
    "Vitamin C: 2mg",
    "Calcium: 46mg",
    "Iron: 1mg",
    ""
  ],
  "Comments": [
    "Chef Will says:I haven’t even finished cooking it and letting the flavors marry and it’s a huge party in my mouth. I added equal garlic powder to it as the onion powder, bacon, and ground red pepper for a kick of spice.",
    "Glenda knox says:Can I use something other than molasses?",
    "Alyssa Rivers says:Yes, you can use  additional brown sugar or honey instead of molasses!",
    "Coffee Lover says:Question Before Making:  RE: Nutritional Information: Why such high sodium and  potassium levels? Are the numbers for the entire recipe or for 1 serving?",
    "Alyssa Rivers says:Hi, I am not sure why the numbers were so high. I went back in and had the software recalculate the nutrition facts and they are much better now. The nutritional information is for 1/8th of the recipe. I hope this helps!",
    "Margaret B says:If you made this in a bigger batch, could it be canned in any way?",
    "Alyssa Rivers says:What a great idea! Yes you could totally can it just like normal, with a water bath!",
    "Tracey Saville says:I got  lot of compliment on this BBQ sauce for chicken breast from cook out with ladies gathering. It is a definitely a keeper for home made BBQ Sauce. I used Hickory Liquid Smoke instead of Mesquite Liquid Smoke. Also I usedOrganic COCO Aminos not soy sauce. I think the liquid Smoke is the key for good flavor BBQ Sauce.",
    "Betty Ann says:Re! Easy BBQ sauce is chili powder chili seasoning or cayenne pepper ? Some tell me it’ the powder , others it”s the pepper. I want to try the recipe this weekend. Thanks",
    "Alyssa Rivers says:Chili powder! Can’t wait for you to try it.",
    "Julian says:I’ve made this a couple of times thus far.  Very easy to make and is excellent for the people who do not want very much heat (almost none).  Will keep this around for those folks and will be crafting a heated sauce using these ingredients but adding some heat–will probably try the Korean BBQ hot chili sauce, Gochujang–it’s hot with a lot of flavors.",
    "Nick says:This looks very similar to the sauce I have been making for years now. Mine does not have the chili powder or the paprika but I add garlic powder, mustard powder, hot horseradish, and a bit of hot sauce just to kick it up a notch. All other ingredients are the same though.Sweet and hot, the way I like it.",
    "Trish says:I’m interested in your recipe if you care to share",
    "Jacy says:Will it still be good without liquid smoke or should I wait for this recipe until I have the ingredient?",
    "Alyssa Rivers says:The liquid smoke adds a lot of the flavor, I would wait until you have it!",
    "Chef Will says:It really does need the liquid smoke.",
    "Coleen says:You said this does not freeze well. I want to use it in your brisket recipe and I will be freezing some of the cooked brisket. Will the BBQ sauce survive that type of freeze?",
    "Alyssa Rivers says:It should do fine cooked in a recipe like that and then frozen!",
    "Peggy Poulter says:I really like your recipes.",
    "Carol says:I love this recipe!  I’m tired of buying items which are so easy to make, and this recipe is wonderful.  I omitted the liquid smoke, just not a fan of it.",
    "Jana says:When you left out the liquid smoke did the bar-b-q sauce taste good?",
    "Susan says:Since all the ingredients have a fairly long shelf life,  I’m wondering why this only lasts 2 weeks.  Is that just an optimum time period?",
    "Alyssa Rivers says:When mixed together the shelf life does change. You are welcome to keep it longer if wanting."
  ]
}