{
  "URL": "https://therecipecritic.com/bean-stew/",
  "Summary": "This white bean stew is a classic recipe that will fill your belly and warm you right up! With the insanely delicious flavor, this hearty stew will be your guests' favorite and fly off the table! ",
  "Metadata": [
    "Prep Time:  15minutes",
    "Cook Time:  30minutes",
    "Total Time:  45minutes",
    "Servings:  6people"
  ],
  "Ingredients": [
    "2 Tablespoon olive oil",
    "1/2 onion, diced",
    "3 whole carrots, peeled, chopped",
    "2 ribs celery, diced",
    "2 teaspoon garlic, minced",
    "3 Tablespoon tomato paste",
    "1 1/2 teaspoon kosher salt",
    "1/2 teaspoon pepper",
    "1 1/2 Tablespoon dried Italian Seasoning",
    "4 cups vegetable broth",
    "1 (14 ounce) can diced tomatoes",
    "1 large potato, peeled, chopped",
    "3 (15 ounce) cans white beans (drained and rinsed)",
    "fresh parsley for garnish"
  ],
  "Instructions": [
    "In a large pot over medium-high heat, add olive oil, onions, carrots, and celery. Cook and stir for about 8 minutes to soften the vegetables.",
    "Add the garlic, tomato paste, dried Italian Seasoning, salt, and pepper. Cook and stir for 1 minute.",
    "Pour in the vegetable broth, diced tomatoes (with liquid), potato, and white beans (drained and rinsed). Stir to combine, cover with a lid, and simmer for 20 minutes.",
    "Garnish with fresh parsley and serve with a side of French bread!"
  ],
  "Nutrition": [
    "Serving: 1cup",
    "Calories: 65kcal",
    "Carbohydrates: 6g",
    "Protein: 1g",
    "Fat: 5g",
    "Saturated Fat: 1g",
    "Polyunsaturated Fat: 1g",
    "Monounsaturated Fat: 3g",
    "Sodium: 1272mg",
    "Potassium: 120mg",
    "Fiber: 1g",
    "Sugar: 3g",
    "Vitamin A: 478IU",
    "Vitamin C: 3mg",
    "Calcium: 28mg",
    "Iron: 1mg"
  ],
  "Comments": [
    "Wendy Hartford says:Another family favorite!  I love the fact that I get all of the protein needed without meat and that it’s satisfyingly filling.  We opted for 3 types of beans (great northern / cannellini / garbanzo (chick peas).  I thought the seasonings were great, no need to add anything besides some freshly shredded Parm.  Delish!",
    "Ann Arnebold says:Can I substitute sweet potatoes in the bean stew? I gave up eating white potatoes. If not, will add another vegetable. Just don’t want to ruin the flavor. Thank you.",
    "Alyssa Rivers says:Hi Ann, thank you for the question. You can substitute sweet potatoes for white, but I haven’t tested this recipe with sweet potatoes, so I can’t guarantee the flavor. I am sure it will taste good if you like sweet potatoes! Let me know how it turns out!",
    "Laura says:Do potatoes get mushy when defrosted?",
    "Alyssa Rivers says:Hi Laura, thank you for your question. I’ve found they are a little softer but not mushy. I hope this helps!",
    "Lindsey says:Could you use chicken broth instead of veggie broth?",
    "Alyssa Rivers says:Definitely!",
    "Joan says:would this work in an instant pot",
    "Alyssa Rivers says:Yep! Sauté your veggies and then pressure cook everything on high pressure for 10 minutes.",
    "Dee says:I found your recipe as I was looking for a bean stew.  I didn’t use Italian seasoning as I wanted a basic stew to add additional twists since it makes a lot.  Tonight I used Nunu’s Cajun seasoning from their market in Scott, LA (right on I-10).  I plan to add freshly grated Parmesan cheese next  bowl and possibly ham bits as a topper after that.  It was so easy to make.  My husband the meat-eater thought it was quite good.",
    "Diane L DiPrete says:Can this be made in an instant pot?",
    "Alyssa Rivers says:Yes, saute your veggies either in a skillet or by using the saute function on your instant pot. Then add all the ingredients, close, seal, and cook on high pressure for 10 minutes.",
    "Lissie Pryor says:Regrettably one of the worst recipies I have made in a long time. The Italian seasoning was overwhelming, with very little flavour outside of the dreadful amount of that seasoning, and was thin and watery. What a waste of ingredients.",
    "Alyssa Rivers says:I’m so sorry this didn’t turn out for you!",
    "Mark says:This was pretty good. My wife said it reminded her of minestrone. If I make it again, I’m going to back off the Italian seasoning a bit. That part was a little too much for me. I think it would also be good if cabbage was added.",
    "Stuart F. says:I made a few alterations to this recipe to fit my personal preferences, but I reckon the original would work wonderfully!"
  ]
}