{
  "URL": "https://therecipecritic.com/bearnaise-sauce/",
  "Summary": "A creamy French steak sauce that you'll want to put on everything! Bearnaise sauce is a tasty variation of hollandaise, infused with shallot, tarragon, and lemon!",
  "Metadata": [
    "Prep Time:  35minutes",
    "Total Time:  35minutes",
    "Servings:  6Servings"
  ],
  "Ingredients": [
    "1 cup unsalted butter",
    "⅓ cup shallots minced",
    "2 tablespoons white wine vinegar",
    "2 tablespoons white wine",
    "2 tablespoons fresh tarragon divided",
    "½ teaspoon peppercorns",
    "2-3 strips of lemon lemon peel",
    "3 egg yolks",
    "salt to taste"
  ],
  "Instructions": [
    "Add the butter to a small saucepan and turn the heat as low as you can. This will melt the butter so slowly that the milk solids sink to the bottom and the fat will rise to the top.",
    "After 10 minutes or so the butter will be completely melted. Turn off the heat and carefully pour the fat into a separate container. Use a spoon to carefully spoon off the last bit of fat. Discard the remaining liquid. You now have clarified butter. Set aside until needed.",
    "In another small saucepan, add the shallots, white wine vinegar, white wine, 1 tablespoon of chopped tarragon, peppercorns, and lemon peel. Heat over medium until simmering, and then turn to low and cook until reduced by half.",
    "Use a fine mesh sieve to strain out the solids, using the back of a rubber spatula to press out all the liquid. Discard the solids.",
    "Bring a double boiler with 1-½ inches of water to a simmer over medium heat.",
    "Add the egg yolks and reduced liquid the top of the double boiler and whisk the egg yolks vigorously until they have thickened to a pale foam.",
    "Remove from the heat and slowly add the clarified butter, while continuing to whisk vigorously. I like to place a damp towel or silicone pot holder under the bowl to help hold it in place while I do this.",
    "The sauce will thicken as you whisk. If it becomes too thick, you can add a tablespoon or two of the hot simmering water. Be sure to whisk it as you add the water to avoid scrambling the eggs.",
    "Once all the butter has been incorporated, add the remaining tablespoon of tarragon and salt to taste. Serve immediately."
  ],
  "Nutrition": [
    "Calories: 484kcal",
    "Carbohydrates: 6g",
    "Protein: 4g",
    "Fat: 50g",
    "Saturated Fat: 31g",
    "Polyunsaturated Fat: 2g",
    "Monounsaturated Fat: 14g",
    "Trans Fat: 2g",
    "Cholesterol: 268mg",
    "Sodium: 18mg",
    "Potassium: 215mg",
    "Fiber: 1g",
    "Sugar: 2g",
    "Vitamin A: 1764IU",
    "Vitamin C: 3mg",
    "Calcium: 82mg",
    "Iron: 2mg",
    ""
  ],
  "Comments": [
    "Carol Anderson says:Can use ghee since it’s already clarified?",
    "Alyssa Rivers says:Yes, ghee would work!"
  ]
}