{
  "URL": "https://therecipecritic.com/bechamel-sauce/",
  "Summary": "Bechamel sauce is just the creamy, dreamy sauce you need in your life! It's smooth and velvety and can be used in a variety of dishes, from mac and cheese to lasagna. Once you get a taste of its creamy, subtly savory flavor, you'll be hooked!",
  "Metadata": [
    "Prep Time:  10minutes",
    "Total Time:  10minutes",
    "Servings:  2Cups"
  ],
  "Ingredients": [
    "¼ cup unsalted butter",
    "¼ cup flour",
    "2 ½ cups milk warmed",
    "Salt and pepper to taste",
    "1 pinch nutmeg"
  ],
  "Instructions": [
    "Melt the butter over medium-low heat. Add the flour and whisk constantly for about 2 minutes, until thick and bubbly and just starting to lightly brown.",
    "Slowly add the milk a little at a time while whisking constantly to prevent clumping. Increase the heat to medium and continue to whisk for 3-4 minutes until thickened and nearly boiling.",
    "Add salt and pepper to taste as well as 1 pinch of nutmeg. Continue to whisk and cook for another 3-4 minutes.",
    "Remove from the heat and serve."
  ],
  "Nutrition": [
    "Calories: 446kcal",
    "Carbohydrates: 26g",
    "Protein: 12g",
    "Fat: 33g",
    "Saturated Fat: 20g",
    "Polyunsaturated Fat: 1g",
    "Monounsaturated Fat: 8g",
    "Trans Fat: 1g",
    "Cholesterol: 98mg",
    "Sodium: 119mg",
    "Potassium: 483mg",
    "Fiber: 1g",
    "Sugar: 15g",
    "Vitamin A: 1204IU",
    "Vitamin C: 0.01mg",
    "Calcium: 385mg",
    "Iron: 1mg",
    ""
  ],
  "Comments": [
    "Suzanne Simmont says:This is a wonderful base sauce!  Can be adapted for almost anything.  It is my go to for mac & cheese base."
  ]
}