{
  "URL": "https://therecipecritic.com/beef-bourguignon/",
  "Summary": "Beef Bourguignon is a French classic made with melt in your mouth beef, mushrooms, carrots, and red wine and is cooked to perfection in the most delicious rich sauce.  A hearty and comforting meal that you will make again and again! ",
  "Metadata": [
    "Prep Time:  20minutes",
    "Cook Time:    2hours30minutes",
    "Total Time:    2hours50minutes",
    "Servings:  6servings"
  ],
  "Ingredients": [
    "3 ½ tablespoons olive oil",
    "⅓ cup chopped raw bacon about 6 slices",
    "3 pounds lean stewing beef cut into 2-inch cubes",
    "salt to taste",
    "ground black pepper to taste",
    "1 cup sliced carrots about 2 medium carrots",
    "10-12 small pearl onions  or 1 cup diced onion",
    "8 ounces sliced mushrooms",
    "2 cups red wine full-bodied, such as Pinot Noir, Burgundy, Beaujolais, or Cotes du Rhone",
    "2 cups beef broth",
    "1 tablespoon tomato paste",
    "½ cup tomato sauce",
    "¼ cup all-purpose flour",
    "2 teaspoons minced garlic",
    "½ teaspoon chopped fresh thyme",
    "1 bay leaf"
  ],
  "Instructions": [
    "Preheat the oven to 350 degrees Fahrenheit.",
    "Heat a large dutch oven over medium-high heat. Add 3 ½ tablespoons olive oil and ⅓ cup chopped raw bacon.  Cook until crisp, about 6 minutes.  Remove the bacon with a slotted spoon and reserve on a plate or bowl lined with paper-towels.",
    "Season 3 pounds lean stewing beef cut into 2-inch cubes with salt and ground black pepper and cook it on each side for 2-3 minutes until a brown crust forms, about 2-3 minutes per side. Remove them from the pot and reserve.",
    "Add 1 cup sliced carrots, 10-12 small pearl onions , and 8 ounces sliced mushrooms and cook for 2-3 minutes. Remove from the pot and reserve.",
    "2 cups red wine to the pot and scrape down the bottom and sides to get up all the leftover pieces from the meat and vegetables. Add 2 cups beef broth, 1 tablespoon tomato paste, ½ cup tomato sauce, and whisk in ¼ cup all-purpose flour.",
    "Add the bacon, beef, and vegetables back to the pot and stir to combine. Add 2 teaspoons minced garlic, ½ teaspoon chopped fresh thyme, and 1 bay leaf. Add the lid to the pot and transfer it into the oven. Let it cook for 1 ½-2 hours, until the beef is tender and falls apart easily. You may alternatively cook it covered on the stovetop over low heat for 1 ½- hours."
  ],
  "Nutrition": [
    "Calories: 583kcal",
    "Carbohydrates: 16g",
    "Protein: 56g",
    "Fat: 25g",
    "Saturated Fat: 7g",
    "Polyunsaturated Fat: 2g",
    "Monounsaturated Fat: 13g",
    "Trans Fat: 0.02g",
    "Cholesterol: 149mg",
    "Sodium: 652mg",
    "Potassium: 1304mg",
    "Fiber: 2g",
    "Sugar: 5g",
    "Vitamin A: 3710IU",
    "Vitamin C: 8mg",
    "Calcium: 82mg",
    "Iron: 6mg",
    ""
  ],
  "Comments": [
    "Cathy Bentz says:Can I make this in an instant pot?",
    "Alyssa Rivers says:I have a slow cooker beef bourgeon recipe that can easily be made in the instant pot! Follow the instructions on that recipe but instead place everything in your instant pot. Cook on MANUAL or HIGH PRESSURE for 35 minutes!",
    "James Carrillo says:I’ve never made beef bourguignon before coming across this recipe. I’ve made it twice since then and your recipe is amazing, Alyssa. It takes awhile to cook, but is so worth it. Thank you!",
    "Christine says:Yes. This is/was delicious. The recipe made wonderful leftovers! We tried it over rice and mashed potatoes. Thank you!",
    "Michelle says:Alyssa, this was fantastic! I have never made this dish before so wasn’t sure what to expect. The prep time was a little more than 15 minutes but well worth the time spent. What a great dish to have cooking in the oven on a cold winters day. It filled my Dutch Oven, everyone wanted seconds, we ate every bite of it! Thank you for such a great & easy recipe. I will definitely be making this again.",
    "Nancy Wilson says:I made your Beef Bourguignon a couple of years ago and it was the best thing I ever cooked! I remember reducing the wine in the skillet before adding to the meat. I don’t see a reduction in this recipe. Does this BB recipe above taste any different than the one with the wine reduction?       THANKS!  ?",
    "Gayle Morton says:I am rating this recipe because your recipes for this dish are inconsistent. I looked at both the oven and crock pot methods. Sometimes you mention onions and potatoes then you don’t include it when cooking. You mention beef stock in one and chicken stock in another.  Very irritating to someone reading through recipes. It may taste dilish but please, the recipe critic needs to critique her own recipes.",
    "Janet M Shenefelt says:This was absolutely delicious! Had 7 people for dinner and they all raved about it! Thank you! Love your site❤️",
    "Alyssa Rivers says:Hi Janet! So happy it was a hit! Thanks for trying out my recipes. ?",
    "Christine R Towle says:* to see if it reads how you want it to*Lol, so easy to mess words up!",
    "Vicki says:I have two large tbone steaks someone gave me.  Can I use these cut up for this recipe or do you have another suggestion?  Thanks"
  ]
}