{
  "URL": "https://therecipecritic.com/beefy-sour-cream-noodle-bake/",
  "Summary": "Delicious and cheesy casserole with a sour cream mixture that the entire family will love!",
  "Metadata": [
    "Prep Time:  20minutes",
    "Cook Time:  20minutes",
    "Total Time:  40minutes",
    "Servings:  8Servings"
  ],
  "Ingredients": [
    "1 ¼ pound ground beef",
    "1 (15-ounce) can tomato sauce",
    "½ teaspoon salt",
    "¼ teaspoon pepper",
    "¼ teaspoon onion powder",
    "8 ounces egg noodles",
    "¾ cup sour cream",
    "1 ¼ cups small curd cottage cheese",
    "2 cups grated sharp cheddar cheese"
  ],
  "Instructions": [
    "Preheat oven to 350 degrees Fahrenheit and prepare a 9x13 inch baking dish by spraying it with cooking spray.",
    "In a medium skillet over medium-high heat, cook the ground beef until it is even browned. Drain the excess fat.",
    "Season the cooked beef with salt, pepper, and onion powder. Add the tomato sauce to the beef and simmer on low for 10 minutes, stirring occasionally. Remove from heat.",
    "Cook the noodles according to package directions until they are al dente, drain and set aside.",
    "In a mixing bowl combine the sour cream and cottage cheese. Add the noodles and stir to coat.",
    "Spread half of the noodle mixture into the prepared baking dish, spread half of the ground beef mixture over the noodles, and top with half of the cheddar cheese. Repeat the layers ending with the cheese.",
    "Bake uncovered for 20 minutes or until heated through, the cheese should be melted and bubbly.",
    "Remove the dish from the oven and let it rest for a few minutes before serving."
  ],
  "Nutrition": [
    "Calories: 497kcal",
    "Carbohydrates: 27g",
    "Protein: 28g",
    "Fat: 31g",
    "Saturated Fat: 15g",
    "Cholesterol: 121mg",
    "Sodium: 956mg",
    "Potassium: 634mg",
    "Fiber: 2g",
    "Sugar: 6g",
    "Vitamin A: 849IU",
    "Vitamin C: 6mg",
    "Calcium: 288mg",
    "Iron: 3mg"
  ],
  "Comments": [
    "Karyn says:Can this dish be made the night before???",
    "Alyssa Rivers says:Yes, of course!",
    "Robin Kessler says:Very good, will make it again!",
    "rachael evans says:I am fixing this for my husband tonight, I might add a little more of each ingredient.  I hope we like this.  I really love cream cheese so I may substitute next time.",
    "Jessica says:Can you freeze this recipe?",
    "Julie says:Good Morning!  This is almost the same recipe my precious mother-in-law gave me 25 years old!  The only difference instead of cottage cheese her recipe called for cream cheese.  A definite favor of my children when they were young and now that they are in college!",
    "Linda says:How much cream cheese if you use that I steF of cottage cheese?",
    "jennifer says:this was amazing! next time I will use low fat cottage cheese, sour cream and cheddar, whole wheat egg noodles..i almost ate the whole thing in 2 days. I need to lighten it up!!!!",
    "Diane says:You could try a total of  2 cups sour cream mixed with the noodles, or ricotta cheese rather than the cottage cheese.  My family doesn’t like the ricotta layer in lasagne so I’ve substituted sour cream for years.  My son requests that for his birthday gift.  My daughter only likes lasagne “the way Mom makes it”.   No, they are not picky kids (anymore)",
    "Alice Blaser says:Love your recipes",
    "Rosa says:I made this last week, I subbed the sour cream with Greek Yogurt and the noodles with whole wheat spaghetti! My boys loved it and are asking for it again. I am curious if this freezes well though, would love to have some on hand all the time!",
    "Country Gourmet Traveler says:What a lovely recipe, I will try it out. You got a great blog with great recipes",
    "Alyssa says:This looks great! This is perfect for a weeknight meal. Thanks for sharing at Showcase Your Talent Thursday!",
    "Sarah.Crochet says:any idea if this would freeze well?",
    "Sarah Carletti says:This sounds great! Thanks so much for linking up to Thursday Food Fest! Have a great day. Sarah",
    "Laura says:This is one of my favorite Pioneer Woman recipes!  I sub the cottage cheese for cream cheese because my hubby HATES cottage cheese.  Even our picky non-tomato eating son will eat a *little* of this.  🙂",
    "Alyssa Rivers says:Yeah I was a little unsure about the cottage cheese but it turned out great!  I love cream cheese though…  I may try substituting it next time!",
    "Jeffery A. Myers says:i don’t like cottage cheese either…",
    "Carol says:Try Ricotta. Same texture different taste.",
    "Erika Marsh says:This looks yummy! We’d love it if you’d share this at our link party – Home is Where the Heart is! http://www.homesteadsimple.com/home-is-where-the-heart-is-link-it-up-wednesdays-1/",
    "Danavee says:This looks great!!!!!!!!  PINNING IT!",
    "Danavee says:Made it.  Loved it.  Posted about it on the blog!  I added your link so folks could see my inspiration!"
  ]
}