{
  "URL": "https://therecipecritic.com/beefy-nacho-soup/",
  "Summary": "This soup was so yummy! I couldn't wait to come home from being busy all day and eat this delicious soup with my family. This was a hit! ",
  "Metadata": [
    "Prep Time:  10minutes",
    "Cook Time:  10minutes",
    "Total Time:  20minutes",
    "Servings:  6people"
  ],
  "Ingredients": [
    "1 pound lean ground beef",
    "1 (1-ounce) package taco seasoning",
    "1 (10.75-ounce) can condensed nacho cheese soup",
    "1 (10-ounce) can diced tomatoes and green chilis, undrained",
    "1 ½ cups milk",
    "¾ cup sharp cheddar cheese, more for serving"
  ],
  "Instructions": [
    "In a medium pot, add the ground beef and cook over medium-high heat until no longer pink. Drain any excess fat.",
    "Stir in the taco seasoning, nacho cheese soup, canned tomatoes with green chilis, milk, and cheese.",
    "Cook for 8-10 minutes until thoroughly warmed through, stirring occasionally.",
    "Serve with additional shredded cheese on top and crushed tortilla chips."
  ],
  "Nutrition": [
    "Calories: 198kcal",
    "Carbohydrates: 3g",
    "Protein: 21g",
    "Fat: 11g",
    "Saturated Fat: 6g",
    "Polyunsaturated Fat: 0.4g",
    "Monounsaturated Fat: 3g",
    "Trans Fat: 0.3g",
    "Cholesterol: 68mg",
    "Sodium: 180mg",
    "Potassium: 365mg",
    "Fiber: 0.04g",
    "Sugar: 3g",
    "Vitamin A: 257IU",
    "Vitamin C: 0.1mg",
    "Calcium: 182mg",
    "Iron: 2mg",
    ""
  ],
  "Comments": [
    "Angje says:Super easy and delicious!!",
    "Rochelle says:I made this and it was excellent.",
    "Katalin says:So I didn’t have fiesta soup I used cheddar soup and added a larger can of diced tomatoes and cut up pickled jalapeños for the bite. Followed the rest as recipe said and ya it was good",
    "Rebecca Stevens says:My 14yr old daughter made this… But she, like me, have to tweak… and use what we have on hand.So we add large can diced tomatoes and 4oz can green chillies.No cheddar so add some Velveeta instead.A whole can of black beans.Served with sour cream and tortilla chips!",
    "Sonja says:Love this! I use just petite diced tomatoes, the rotel type seems to spicy for my son. I add can of tomato paste and rinsed pinto beans. THIS recipe is his favorite soup I make! Thanks so much.",
    "TeMekia says:I made this tonight it was delicious!!!! It’s simple, quick, and easy! Wow!!!!!!!!",
    "Ellie Elliott says:This looks perfect for a warm day! Pinned!",
    "Carrie Spellerberg says:I plan to make this tonight.  The thought of adding the black beans and corn sound like great additions.  For those wondering, Campell’s has the Fiesta Nacho Cheese flavor that I picked up specifically for this recipe.",
    "Martha High says:We ordered taco soup in a restaurant one time & it was so good…a lot like this only they used chicken & white beans.  Served fried tortilla strips with it & it was so good.  I copied it at home  & it was delicious!!!"
  ]
}