{
  "URL": "https://therecipecritic.com/beef-taquitos/",
  "Summary": "Cook up a batch of these homemade beef taquitos, you won't be disappointed! The meaty, cheesy filling and crispy tortilla shell are to die for. A million times better than the frozen kind!",
  "Metadata": [
    "Prep Time:  20minutes",
    "Cook Time:  25minutes",
    "Total Time:  45minutes",
    "Servings:  16Taquitos"
  ],
  "Ingredients": [
    "1 pound lean ground beef",
    "½ yellow onion minced",
    "2 cloves garlic minced",
    "1 can diced green chiles 4 ounce",
    "2 tablespoons Taco Seasoning",
    "16 corn tortillas 6 inch",
    "shredded Mexican blend cheese",
    "Olive oil"
  ],
  "Instructions": [
    "In a large skillet over medium-high heat, cook 1 pound lean ground beef and ½ yellow onion until the beef is browned and nearly cooked through.",
    "To the skillet add 2 cloves garlic, 1 can diced green chiles, and 2 tablespoons Taco Seasoning. Saute until everything has come together and the beef is completely cooked through, remove from heat and set aside.",
    "Preheat the oven to 350 degrees Fahrenheit. Line a baking sheet with foil and brush it with Olive oil. Place some of the 16 corn tortillas on the baking sheet in a single layer, brush the tops with olive oil, and bake for 3-4 minutes to soften them.",
    "Remove the baked tortillas and continue with another batch of them until they are all prepared.",
    "To assemble the taquitos, take one tortilla, add about two tablespoons of the beef filling, and place it on the lower third of the tortilla. Add some of the shredded Mexican blend cheese, then tightly roll the taquito and place it on the baking sheet with the seam side down. Repeat with the remaining tortillas and filling.",
    "Bake the taquitos for 15 minutes, remove from the oven and turn each taquito, then bake for an additional 10 minutes.",
    "Serve the taquitos with fresh cilantro, sour cream, salsa, or your favorite dipping sauce!"
  ],
  "Nutrition": [
    "Serving: 1taquito",
    "Calories: 99kcal",
    "Carbohydrates: 12g",
    "Protein: 8g",
    "Fat: 2g",
    "Saturated Fat: 1g",
    "Polyunsaturated Fat: 0.4g",
    "Monounsaturated Fat: 1g",
    "Trans Fat: 0.1g",
    "Cholesterol: 18mg",
    "Sodium: 65mg",
    "Potassium: 153mg",
    "Fiber: 2g",
    "Sugar: 1g",
    "Vitamin A: 30IU",
    "Vitamin C: 1mg",
    "Calcium: 25mg",
    "Iron: 1mg"
  ],
  "Comments": [
    "Kimberly says:Mine are in the oven now, but a couple already appear to be unfolding… How do you flip them without them falling apart?",
    "Alyssa Rivers says:Hi Kimberly, thank you for your question, sorry I didn’t see it until now. How did they turn out? It sounds like you may have overfilled them. With taquitos, you really only use a couple of tablespoons, roll them tight and put the seam side down. I hope they turned out ok!",
    "Jenna says:The recipe is so yummy! I’ve made twice and love it! My question is how do you get the corn tortillas to not completely fall apart in the oven? I’ve tried to heat them up and put oil on them but they always totally shred apart when they are cooking. Yours look perfect! What’s your trick?? ?",
    "Maaria says:Hi!The recipe looks delicious. Question: When do I add the cheese? I think that step was omitted.",
    "Alyssa Rivers says:Hi! Step 5, after the meat filling. Good catch, thank you! I’ll update the instructions.",
    "Cathy says:When do you add the cheese?"
  ]
}