{
  "URL": "https://therecipecritic.com/beef-barley-soup/",
  "Summary": "This Beef Barley Soup is an easy, hearty dinner idea that is loaded with tender chunks of beef, barley and vegetables. It's a healthy meal that is perfect for making ahead for a busy week!",
  "Metadata": [
    "Prep Time:  30minutes",
    "Cook Time:  35minutes",
    "Total Time:    1hour5minutes",
    "Servings:  6servings"
  ],
  "Ingredients": [
    "1 tablespoon oil",
    "1 pound beef cut into cubes I used chuck roast",
    "1 diced onion",
    "3-4 diced carrots",
    "2 ribs chopped celery",
    "2 teaspoons minced garlic",
    "1 ½ teaspoons salt",
    "1 teaspoon dried thyme",
    "½ teaspoon black pepper",
    "5 cups low sodium beef broth",
    "¾ cup pearl or pot barley rinsed",
    "3 tablespoons tomato paste",
    "2 bay leaves",
    "fresh parsley for garnish"
  ],
  "Instructions": [
    "In a large Dutch oven or soup pot, heat 1 tablespoon oil over medium-high heat,  add 1 pound beef cut into cubes, and cook until browned on each side, about 2 minutes per side. Remove from the pot and set aside.",
    "To the pot, add 1 diced onion, 3-4 diced carrots, and 2 ribs chopped celery. Cook and stir for 3-4 minutes, until onion is translucent.",
    "Add 2 teaspoons minced garlic, 1 ½ teaspoons salt, 1 teaspoon dried thyme, and ½ teaspoon black pepper. Cook and stir for 1 minute.",
    "Stir in 5 cups low sodium beef broth, ¾ cup pearl or pot barley, 3 tablespoons tomato paste, and 2 bay leaves. Bring to a boil over medium-high heat, then reduce heat to medium-low. Add the beef back to the pot, cover and simmer for 35-45 minutes, stirring occasionally, until barley and carrots are tender.",
    "Serve with a sprinkle of fresh parsley if desired."
  ],
  "Nutrition": [
    "Calories: 298kcal",
    "Carbohydrates: 28g",
    "Protein: 22g",
    "Fat: 12g",
    "Saturated Fat: 4g",
    "Polyunsaturated Fat: 2g",
    "Monounsaturated Fat: 6g",
    "Trans Fat: 1g",
    "Cholesterol: 52mg",
    "Sodium: 1131mg",
    "Potassium: 1122mg",
    "Fiber: 7g",
    "Sugar: 6g",
    "Vitamin A: 10896IU",
    "Vitamin C: 8mg",
    "Calcium: 62mg",
    "Iron: 3mg",
    ""
  ],
  "Comments": [
    "William Hoyler says:I use this recipe as a guide and pretty much follow it but use 2 lbs of beef tender instead of one pound of chuck, 64 oz of beef broth, half pound of mushrooms quartered, a half pound of frozen peas and three tablespoons of medium Pace chunky salsa.",
    "Heidi Piluso says:Delicious and easy. Great recipe.",
    "Tammy King says:I made this soup once before some years back and it was DELISH! Going to be making this little gem for supper this evening, even though it’s Summer I still love a good hearty soup now and then and this one’s a winner!",
    "Caryn says:Just made this tonight in the instant pot. The seasonings  were perfect. Here is what I did:Turn the instant pot to sauté. When it becomes hot add oil and follow steps 1 through 4 as directed. Press cancel and add everything else to the pot and stir. Place the lid on the pot, press soup/broth and cook for 25 minutes under pressure. natural release for 10 to 15 minutes.",
    "Caryn says:Can you make this in a slow cooker or instant pot?",
    "Alyssa Rivers says:Yes, a slow cooker will allow all the soup to cook over a longer period of time on low.",
    "terya says:What cut of beef did you use?",
    "Emily says:Absolutely love this soup!  Perfect with some buttered sourdough toast, mmm.",
    "john cernik says:Great website as we can change portion size ingredientswill make tomorrow !!! sure to be good",
    "Don McPhee says:This is a favorite of mine. Smells Great!Looking forward to dinner.",
    "Lisa says:Very Good! My family loved it!",
    "Mary Murray says:So far so good!  The soup has a very rich flavor!  I’m trying to be less of a “cook by feel” person and more of a “follow the darn directions” person, but I never saw in the recipe when to add the beef back into the soup!!!  I also added sliced, chopped mushrooms with the veggies.  This recipe is a keeper!!!",
    "Marilyn Clock says:Am I missing something?  When do you put the beef back in to the pot?",
    "Alyssa Rivers says:Add the beef after boiling and cover and simmer.",
    "Elizabeth says:This soup is fabulous!",
    "Lorena says:Hi Elizabeth, when do you put the beef back? I assume with the broth and tomato paste but you never know!!!   tnx!!"
  ]
}