{
  "URL": "https://therecipecritic.com/beef-taco-salad/",
  "Summary": "Beef taco salad is a delicious and simple family favorite, perfect for summer evenings! Packed with your favorite taco essentials like beans, corn, avocado, and fresh cilantro, it's bursting with flavor and sure to become a staple dish!",
  "Metadata": [
    "Prep Time:  15minutes",
    "Cook Time:  15minutes",
    "Total Time:  30minutes",
    "Servings:  6people"
  ],
  "Ingredients": [
    "1 tablespoon olive oil",
    "½ diced red onion",
    "1 pound lean ground beef",
    "2 cloves minced garlic",
    "¼ cup water",
    "2 tablespoons taco seasoning",
    "1 head shredded Romaine lettuce,",
    "½ chopped red onion",
    "2 diced tomatoes",
    "1 cup corn, frozen or canned",
    "1 cup black beans, drained and rinsed",
    "1 diced avocado",
    "½ cup chopped fresh cilantro",
    "tortilla strips",
    "salt and pepper, to taste",
    "1 cup sour cream",
    "¼ cup milk",
    "2 teaspoons minced cilantro",
    "2 tablespoons lime juice",
    "2 tablespoons taco seasoning",
    "salt and pepper to taste"
  ],
  "Instructions": [
    "Heat 1 tablespoon olive oil over medium-high heat in a large skillet, and saute ½ diced red onion until translucent. Add 1 pound lean ground beef and cook until mostly browned. Add 2 cloves minced garlic and saute for another minute.",
    "Add ¼ cup water and 2 tablespoons taco seasoning to the pan and coat the beef evenly with the seasoning. Cook until the water has evaporated and all the beef is coated in seasoning and cooked through. Remove from heat and allow the beef to cool a bit.",
    "While the beef is cooling, add 1 head shredded Romaine lettuce, ½ chopped red onion 2 diced tomatoes 1 cup corn, 1 cup black beans, 1 diced avocado ½ cup chopped fresh cilantro tortilla strips, salt and pepper, to taste, to a large bowl and then make the taco salad dressing.",
    "In a small bowl, whisk together 1 cup sour cream, ¼ cup milk, 2 teaspoons minced cilantro, 2 tablespoons lime juice, 2 tablespoons taco seasoning, and salt and pepper to taste.",
    "Once the beef has cooled, top the salad with the beef and dressing. Toss it to coat everything evenly, and serve it fresh!"
  ],
  "Nutrition": [
    "Calories: 361kcal",
    "Carbohydrates: 26g",
    "Protein: 23g",
    "Fat: 20g",
    "Saturated Fat: 7g",
    "Polyunsaturated Fat: 2g",
    "Monounsaturated Fat: 9g",
    "Trans Fat: 0.3g",
    "Cholesterol: 71mg",
    "Sodium: 216mg",
    "Potassium: 1.044mg",
    "Fiber: 9g",
    "Sugar: 7g",
    "Vitamin A: 10.054IU",
    "Vitamin C: 19mg",
    "Calcium: 117mg",
    "Iron: 4mg",
    ""
  ],
  "Comments": [
    "Kelly Robb says:I’m sad to see this recipe has changed. Is the old recipe still accessible?",
    "Alyssa Rivers says:Hi Kelly, I’m so glad that you have loved this recipe for so long! Based on feedback and recipe testing, I have updated the recipe along with the photos. But don’t worry, this updated version is just as good (if not better!) so if you try it out, let me know what you think!",
    "Alyssa says:What would you use instead of cilantro? If you don’t have any .",
    "Alyssa Rivers says:You could just leave the cilantro out if you don’t have any on hand!",
    "Phoebes says:Thanks for this. Delicious and we will be adding this to our favourite recipes list.",
    "Karin says:Yummy salad and easy to make! Thanks!",
    "Mary says:Great idea to change up regular tacos.",
    "Nancy Delgado says:Super easy to make!! Thank you for the delicious recipe.",
    "Maryellen OConnell says:Iam  never disappointed in any recipe from your collectionThis was  delicious and easyThank you",
    "Aliaa says:Looks delicious! Can I make this the night before and eat it for lunch the next day? If yes, do I need to heat up the beef or do I eat it cold?",
    "Alyssa Rivers says:Yes, this is great salad to make ahead of time. It is best to keep the salad fixings separated and then add them together into the salad. The beef is best warmed up but it can be eaten cold.",
    "Holly says:What flavor of Doritos did you use?",
    "Alyssa Rivers says:Just the regular nacho flavor. You are welcome to use any type of Dorito you prefer though.",
    "Juliee says:Looks great! Putting it on the menu. We’ve had three days of amazing sunshine here (in late February?!?!) and with this recipe I’m going to pretend it is summer (and hope the weatherman’s winter storm prediction is wrong for late this week…)",
    "Faith says:What kind of salsa did you use?  It looks delicious",
    "Natasha Bull says:Hi Faith! I used Newman’s Own Salsa 🙂",
    "Best Restaurants In Flagstaff says:Nice receipy. Thanks for sharing it with us.",
    "Sabrina says:love all of these things, I usually have them in a taco shell, but am trying to skip those, so this is much better, that is as a salad, thank you"
  ]
}