{
  "URL": "https://therecipecritic.com/beef-wellington-recipe/",
  "Summary": "This Beef Wellington recipe is a decadent tender and juicy beef tenderloin with a layer of mustard, mushroom sauce and prosciutto wrapped in a soft, buttery pastry that is cooked until golden brown.",
  "Metadata": [
    "Prep Time:  20minutes",
    "Cook Time:  55minutes",
    "Total Time:    1hour15minutes",
    "Servings:  8people"
  ],
  "Ingredients": [
    "2-3 pound beef tenderloin",
    "salt and pepper",
    "2 Tablespoons olive oil",
    "1 pound mushrooms (I used Bella)",
    "1/4 cup onion chopped",
    "3 cloves garlic",
    "6-8 slices prosciutto",
    "3 Tablespoons yellow mustard",
    "1 sheet puff pastry (thawed if using frozen)",
    "2 eggs beaten"
  ],
  "Instructions": [
    "Generously salt and pepper your tenderloin.  In a large skillet over medium high heat add the olive oil.  Sear the tenderloin on each side for about 2-3 minutes until it gets a golden brown crust.  Remove from the heat and set aside.",
    "In a food processor, add the mushrooms, garlic, and onion.  Pulse in the food processor until it becomes puree.  Heat your skillet to medium-high and add the mixture.  Sauté the mushrooms until you have the moisture left.  Remove from heat and let cool.",
    "Roll out some plastic wrap and lay the prosciutto so they are even and overlap.  Spread the mushroom mixture on top leaving an inch boarder from the sides.  Rub the mustard on the tenderloin and then roll the tenderloin up in the prosciutto and mushroom mixture folding up the sides around the tenderloin as you roll.  Wrap the plastic wrap tightly around the beef and refrigerated for 30 minutes.",
    "Preheat oven to 400 degrees.  Roll the puff pastry sheet out on a lightly floured surface.  Place the tenderloin in the center.  Brush the egg mixture around the tenderloin on the sheet and roll the tenderloin tightly in the pastry.  Brush the remaining egg mixture on the outside of the pastry and cut slits in the top.",
    "Bake until the pastry is golden and the beef registers to 120 degrees for medium rare.   About 45 minutes.  Remove the from the oven and let rest for 10 minutes before slicing."
  ],
  "Nutrition": [
    "Calories: 580kcal",
    "Carbohydrates: 19g",
    "Protein: 27g",
    "Fat: 44g",
    "Saturated Fat: 15g",
    "Polyunsaturated Fat: 4g",
    "Monounsaturated Fat: 21g",
    "Trans Fat: 0.01g",
    "Cholesterol: 124mg",
    "Sodium: 255mg",
    "Potassium: 618mg",
    "Fiber: 2g",
    "Sugar: 2g",
    "Vitamin A: 66IU",
    "Vitamin C: 2mg",
    "Calcium: 38mg",
    "Iron: 4mg",
    ""
  ],
  "Comments": [
    "Elicia says:Tried this recipe last night and loved how easy it was to make.  The flavors and tenderness of the meat were spectacular.  The only thing keeping it from 5 stars is that 45 minutes in the 400 degree oven with a 3.75 pound tenderloin yielded a well done steak even in the thickest part.  Next time if I were cooking without a meat thermometer again I would do about 30 minutes instead for a hopeful medium rare steak.",
    "Sharon says:Excellent recipe!!! It was the star of our family dinner.",
    "Miss Debra says:***** Love, Love, Love the Beef Wellington.Easily prepared, not a lot of ingredients. Directions were easily followed n the compliments really made me feel like a pro. I served it with the lemon parmesan garlic asparagus and garlic, sour cream mashed potatoes.OMGoodness it was perfect. Even with the apron on me. ?",
    "Judith Mutchler says:What can I use in place of the prosciutto?  Can’t have ham in the dish.",
    "Alyssa Rivers says:You can take it out entirely, or you can use bresaola instead!",
    "Joanne says:Can I serve this with a gravy?  and if so do you have recipe that you would recommend .",
    "Alyssa Rivers says:I haven’t tried serving it with gravy before but you could serve it with a brown gravy!",
    "Joy says:What a s a substitution for the mustard?   My husband doesn’t like mustard.  Thank you",
    "Alyssa Rivers says:You could try horseradish or mayonnaise but either of those may change the taste of the overall dish.",
    "Katy Bernards says:Made this for my Husband for Valentines Day dinner.  It was fabulous!  Very easy instruction to follow.  I am not a Chef, by any means, but this incredible recipe turned out great.  He was very impressed.  I will definitely plan to make this again for another special occasion.",
    "Amanda says:Absolutely fantastic! We have been curious about this for a while. Even a hit with the kids, which is saying a LOT!",
    "Eileen Patterson says:I thought I would give this recipe a try for Christmas eve dinner. I am so glad I did. I made a couple of changes so it would work for me. First, I used venison tenderloin instead of beef. I also used bella portabello mushrooms but instead of pureeing the onions and mushrooms, I chopped them with ham (no proscuto in the fridge).It was excellent.I will cook this again.",
    "Keely Tattersfield says:Just wow!! Followed this recipe with a lovely piece of filet steak. Easy to follow. I just turned the oven down by and half after 20 mins and ours was rare.",
    "Em says:Might be a strange question, but if you prefer your meet more on the medium wellSide, is it still possible to make this delicious sounding dish?",
    "Alyssa Rivers says:Yes! Just cook a little longer in the oven. Use an oven thermometer to help regulate the temperature.",
    "Gifty says:Great recipe and it is very easy",
    "Kristie says:There are two different sets of instructions for baking.1. Preheat oven to 400 degrees. Bake until the pastry is golden and the beef registers to 120 degrees for medium rare. About 45 minutes. Remove the from the oven and let rest for 10 minutes before slicing.2. Once your Beef Wellington is in the oven you can reduce the temperature down to 425 degrees Fahrenheit.        (Reduce from what?)Then after 10 to 15 minutes reduce the amount of temperature to 400 degrees Fahrenheit. Using a thermometer inserted into the center of the beef tenderloin registers to 135 degrees Fahrenheit for medium rare.It usually takes about 20 to 25 minutes.",
    "Danielle says:I made this for Christmas and it was perfect! It was my first time attempting beef Wellington and we all loved it. Thank you for a great recipe! I will definitely be making this again.",
    "Sabrina says:a beautiful classic, thank you for the tips and pairing suggestions too!"
  ]
}