{
  "URL": "https://therecipecritic.com/beer-bread-recipe/",
  "Summary": " No yeast, No problem!  This recipe is a light and fluffy buttery bread that is filled with a special ingredient that substitutes for yeast. You guessed it, beer! With this six ingredient recipe you will be sure to please your family with this homemade bread recipe! ",
  "Metadata": [
    "Prep Time:  15minutes",
    "Cook Time:  1hour",
    "Total Time:    1hour15minutes",
    "Servings:  12slices"
  ],
  "Ingredients": [
    "3 cups all-purpose flour",
    "3 teaspoons baking powder",
    "1 teaspoon salt",
    "¼ cup brown sugar",
    "¼ cup white sugar",
    "1 (12-ounce) can beer",
    "½ cup unsalted melted butter"
  ],
  "Instructions": [
    "Preheat the oven to 375 degrees Fahrenheit and spray a 9 x 5-inch loaf pan with non-stick cooking spray.",
    "In a large bowl, sift together 3 cups all-purpose flour, 3 teaspoons baking powder, and 1 teaspoon salt.",
    "Add ¼ cup brown sugar, ¼ cup white sugar, and 1 (12-ounce) can beer. Mix together until it forms a dough.",
    "Evenly spread the dough into the prepared pan. Pour ½ cup unsalted melted butter on top of the dough.",
    "Bake for 50-55 minutes or until it is golden brown and a toothpick inserted in the center comes out clean."
  ],
  "Nutrition": [
    "Serving: 1slice",
    "Calories: 229kcal",
    "Carbohydrates: 34g",
    "Protein: 3g",
    "Fat: 8g",
    "Saturated Fat: 5g",
    "Cholesterol: 20mg",
    "Sodium: 265mg",
    "Potassium: 149mg",
    "Fiber: 1g",
    "Sugar: 9g",
    "Vitamin A: 236IU",
    "Calcium: 55mg",
    "Iron: 2mg"
  ],
  "Comments": [
    "Sharon says:I make this bread often, and I use a dark beer like Modela for it. Also I add sharp cheddar cheese and green onions to the batter. It makes a great appetizer snack and I serve it with my favourite pepper jelly recipe.",
    "Steve says:Just wanted to make sure this recipe is correct . It calls for all-purpose flour not self raising flour?. Thanks",
    "Alyssa Rivers says:Yep! All-purpose is correct!",
    "MERRILEE CORDER says:Love lots of your recipes and they usually pretty simple. Don’t have lots of hard to fine spices or seasonings.  They turn out really good and I like the comments on this you can add or change in the recipe.",
    "Dianne Barnett says:WARNING! Do not use IPA! It makes a weirdly bitter, bad-tasting bread. It looks like it would be great if made with standard, watered down, tasteless American beer.",
    "Sue Ramaley says:I agree with you Dianne. Don’t use IPA’s. Avoid hoppy beers. We enjoy lagers, pilsners, amber ales, and stout beer. My sister only uses Bud beer, she says it comes out perfect every time.",
    "Ingrid Oarker says:This recipe is the best of the ones I have made over many years!!My daughter recently came up with this most delicious variation!Add ins:1 bottle or can of Hard d Cidet instead of beer1/3 c shredded sharp cheddar3/4c diced apple. Let me Honey Crisp1Tbs finely chopped fresh Rosemary!",
    "Robin Payne says:This is the best beer bread I’ve ever had!  My son in-law ate almost the entire loaf! He is in the Army and is leaving on a deployment, this bread was his first request to have before he leaves!",
    "Audrey Johnson says:This was amazing!  My husband said it was addicting after a few bites.  I did cut down the salt by half because with pouring on salted butter I was worried it might be too salty.  It turned out great and was a good balance of sweet with a buttery, salty crust.  I also used a 4×8 cast iron loaf pan so the loaf would have a higher profile.  For the beer, I used Coors Golden.",
    "jason Maurice says:Great recipe however, next time I will scale back on the sugar as it was more of a cake than a savoury bread",
    "Robin says:This bread is sooo good!  I used Coors Light and used about 1/4 cup unpacked brown sugar.  I baked it in my Pampered Chef loaf pan and came out perfect in 50 minutes. The sides and top were nice and crispy while the inside was perfect.  My son-in-law ate 5 pieces!! It will be fun to make again and add some of the other suggested add ins. This one’s a keeper!",
    "Michele McLeod says:I love this recipe but I have a question. Why did my loaf get crumbly and fall apart when cutting it? Yes, It was still warm from the oven as we didn’t want to wait. YUM.",
    "Barb says:I recently had beer bread in a cafe that was absolutely wonderful. It was in muffin form. I wonder if this recipe would work in a muffin pan, and how long to bake it. Thank you",
    "Ingrid Parker says:I have made beer bread for years but my recipe has no sugar at all, and I cut the melted butter down to 1/4 c, because it tended to run over the sides. If I wanted a sweet bread I would use a fruit soda instead of beer!My daughter recently sent me your recipe and raved about it! So, I have a loaf in the oven along with the ham bone soup that is on the stove!",
    "Karen Downes says:Hi Alyssa- I just made this bread tonight. It was so easy. We all liked it. I love the crunchy top. I wanted to make it just as written the first time. I’m definitely going to make it again. It was too sweet for me so I will just cut out the brown sugar. Thank you for this recipe and all the other recipes you post.",
    "Adrian says:I made this today with a few minor changes: I used less of both sugars, and added chopped jalapeños, sun dried tomatoes, and cheddar cheese. I was delicious!",
    "Joan says:I made it using only the brown sugar,added cheddar and real bacon bits…and zguinness…amazing!!",
    "Jeffrey Kriesel says:Didn’t realize this recipe was gonna gonna be so sweet like dessert…not the beer bread I am used to…not buttery…just sickening sweet. Tossed it in the trash. Sorry. I don’t mean to be mean, but you need to tell people that’s it’s soooo sweet!",
    "Rox says:It has half cup of sugar and you didn’t expect it to be sweet??",
    "Janet Bailey says:I added dried cranberries and walnuts, and some cinnamon….wow….perfect fruit bread and wasn’t too sweet. Today I am going to try making it into gingerbread. I love this basic recipe"
  ]
}