{
  "URL": "https://therecipecritic.com/beer-cheese-dip/",
  "Summary": "Beer cheese dip is the creamiest, tastiest dip out there! It goes with everything and it's the hit at every party. It has the perfect blend of flavors that will keep you coming back for more!",
  "Metadata": [
    "Prep Time:  5minutes",
    "Cook Time:  15minutes",
    "Total Time:  20minutes",
    "Servings:  8people"
  ],
  "Ingredients": [
    "2 Tablespoons Butter",
    "3 Tablespoons flour",
    "1 cup milk",
    "1/2 cup beer of choice",
    "1 1/2 cups sharp cheddar cheese freshly grated",
    "1/2 cup gruyere freshly grated",
    "1/4 teaspoon paprika",
    "1/4 teaspoon garlic",
    "1/2 teaspoon dijon mustard"
  ],
  "Instructions": [
    "In a medium-size saucepan over medium-high heat, add the butter and melt. Whisk in the flour and slowly whisk in the milk. Whisk in the beer.",
    "Add in the cheese and mix until cheese is melted.",
    "Add in the paprika, garlic, and dijon mustard and whisk until it is desired consistency."
  ],
  "Nutrition": [
    "Calories: 174kcal",
    "Carbohydrates: 4g",
    "Protein: 9g",
    "Fat: 14g",
    "Saturated Fat: 8g",
    "Polyunsaturated Fat: 1g",
    "Monounsaturated Fat: 4g",
    "Trans Fat: 1g",
    "Cholesterol: 42mg",
    "Sodium: 201mg",
    "Potassium: 74mg",
    "Fiber: 1g",
    "Sugar: 2g",
    "Vitamin A: 458IU",
    "Vitamin C: 1mg",
    "Calcium: 272mg",
    "Iron: 1mg",
    ""
  ],
  "Comments": [
    "Diane says:Do you have to keep dip heated to maintain creamy consistency?",
    "Alyssa Rivers says:Diane, I think this recipe actually stays dippable when it cools. It’s definitely not like a fondue where it becomes solid when it’s not on heat. Although, it is best served warm.",
    "Judy L says:Great easy recipe! Easy and delicious. I used Kerry Gold cheddar and a yugling. Used fresh grated Parmesan instead of guyere.",
    "mignone says:Flour you used all purpose please? And butter I imagine unsalted. Also, I’m not a fan of mustard, can I not use it please? Thanks.",
    "Danielle says:Beer cheese is one of those things that I LOVE but never really considered making because I assumed it’d be difficult/time consuming. This recipe is so easy and so good it’s dangerous. Thank you!",
    "Becky says:Is the garlic…a whole garlic? Or garlic powder? Or minced garlic? Not sure bc all it says is garlic",
    "Elizabeth Page Smith says:I may try this, but will add a bit of heat. I’m from Kentucky, and beer cheese is a big thing here—there’s even a festival and yearly contest. But it always has some heat, even those marked as “mild”.  Perhaps a dash or two of cayenne…",
    "Teddy J. Redmond says:This beer cheese dip is delicious! Simple to make and easy to follow directions, thank you. The dip paired perfectly with soft pretzels",
    "Alyssa Rivers says:Thank you!!",
    "Wendy McKay says:We are doing low carb- do you think I would be able to sub almond or coconut flour?",
    "Alyssa Rivers says:That should work fine!",
    "Molly says:You mention garlic in the recipe. Is that minced garlic, garlic powder, garlic salt?",
    "Alyssa Rivers says:I have used minced garlic and garlic powder before. Either will work!",
    "Pam88 says:My sons friend brought huge pretzels from a bakery in Philadelphia.  I had a lot of cheese remnants. I used the measurements for the items and added my cheeses.  Came out great!! Easy recipe!",
    "Alyssa Rivers says:So glad to hear it!! Those pretzels sound delicious too!",
    "Mr Shon says:Such great information for a blogger I am a professional blogger thanks",
    "Robin says:What do you dip in this sauce?",
    "Alyssa Rivers says:I baked some bread “chips” to dip in it. I will have to make a recipe for those!",
    "Melinda says:Made this tonight to put on top of our burgers. I used the leftovers in a baked macaroni for tomorrow night. I love making two meals in one night ??",
    "ijstartcanon says:Very helpful for me as well as others also.Thanks for Sharing great one.",
    "Brotherprinteroffline says:I googled for the same and came to your site from the first listing. Great job done. This will help me a lot in my site promotion"
  ]
}