{
  "URL": "https://therecipecritic.com/beer-bread-muffins/",
  "Summary": "These cheesy beer bread muffins are light, fluffy, and packed with savory flavor! With a hint of beer and plenty of cheesy goodness, they come together quickly and make the perfect side for a hot bowl of soup or a warm, buttery snack.",
  "Metadata": [
    "Prep Time:  10minutes",
    "Cook Time:  40minutes",
    "Total Time:  50minutes",
    "Servings:  12muffins"
  ],
  "Ingredients": [
    "2 ½ cups all-purpose flour",
    "1 tablespoon baking powder",
    "1 teaspoon salt",
    "1 teaspoon garlic powder",
    "1 (12-ounce) can room-temperature pale beer",
    "¼ cup melted unsalted butter",
    "1 ½ cups shredded sharp cheddar cheese",
    "2 tablespoons melted butter, for brushing"
  ],
  "Instructions": [
    "Preheat oven to 350 degrees Fahrenheit and spray a 12-cup muffin tin with non-stick cooking spray.",
    "In a large bowl whisk the 2 ½ cups all-purpose flour, 1 tablespoon baking powder, 1 teaspoon salt, and 1 teaspoon garlic powder.",
    "Mix in the 1 (12-ounce) can room-temperature pale beer, ¼ cup melted unsalted butter, and 1 ½ cups shredded sharp cheddar cheese until the batter just comes together.",
    "Evenly distribute the batter into the muffin tin, and bake the muffins for 30-40 minutes or until a toothpick inserted comes out clean and the muffins are golden on top.",
    "Brush the baked muffins with 2 tablespoons melted butter, and let them cool for a few minutes before serving."
  ],
  "Nutrition": [
    "Calories: 243kcal",
    "Carbohydrates: 25g",
    "Protein: 8g",
    "Fat: 12g",
    "Saturated Fat: 7g",
    "Polyunsaturated Fat: 1g",
    "Monounsaturated Fat: 3g",
    "Trans Fat: 0.2g",
    "Cholesterol: 34mg",
    "Sodium: 334mg",
    "Potassium: 154mg",
    "Fiber: 1g",
    "Sugar: 0.2g",
    "Vitamin A: 365IU",
    "Vitamin C: 0.003mg",
    "Calcium: 183mg",
    "Iron: 2mg",
    ""
  ],
  "Comments": [
    "Gypsie says:Í have a question. Can I use paper muffin cups instead of buttering the tin?",
    "Alyssa Rivers says:I haven’t tried using paper cups, so I’m not sure how bad the muffins would stick. But, you can definitely try! Let me know how it goes!"
  ]
}