{
  "URL": "https://therecipecritic.com/beer-cheese-soup/",
  "Summary": "If you're looking for a hearty and comforting soup that's also packed with flavor, this beer cheese soup checks all the boxes! It's made with simple ingredients like bacon, vegetables, and cheese, and the beer adds a subtle depth of flavor that will have you coming back for seconds.",
  "Metadata": [
    "Prep Time:  10minutes",
    "Cook Time:  35minutes",
    "Total Time:  45minutes",
    "Servings:  8people"
  ],
  "Ingredients": [
    "8 strips thick cut bacon, divided",
    "1 yellow onion, diced",
    "1 large carrot, diced",
    "2 celery stalks, diced",
    "2 cloves garlic, minced",
    "2 tablespoons butter",
    "⅓ cup all purpose flour",
    "2 cups chicken broth",
    "12 ounces beer, malt beer works best",
    "2 cups whole milk",
    "1 tablespoon Worcestershire sauce",
    "1 teaspoon mustard powder",
    "1 teaspoon paprika",
    "1 teaspoon salt",
    "½ teaspoon pepper",
    "3 cups sharp cheddar cheese, shredded",
    "1 cup gruyere cheese, shredded",
    "sliced green onions for garnish"
  ],
  "Instructions": [
    "In a large pot over medium-high heat, cook 8 strips thick cut bacon,. Remove the cooked bacon from the pot and set it on paper towels to cool. Once the bacon is cool enough to handle, chop the bacon into coarse bits, set 3-4 tablespoons of bacon bits aside for garnish.",
    "Remove all but 3 tablespoons of the bacon grease from the pot. To the pot add 1 yellow onion, 1 large carrot, and 2 celery stalks,. Saute the vegetables in the bacon grease until the vegetables become tender and the onions are transparent, about 8-10 minutes.",
    "Add in 2 cloves garlic, and saute another minute. Add 2 tablespoons butter and briskly whisk in ⅓ cup all purpose flour to create a roux. Slowly pour in 2 cups chicken broth, whisking briskly to create a smooth sauce.",
    "Pour in 12 ounces beer, 2 cups whole milk, 1 tablespoon Worcestershire sauce, 1 teaspoon mustard powder, 1 teaspoon paprika, 1 teaspoon salt, ½ teaspoon pepper, and bacon bits. Bring to a boil, then reduce the heat to low and simmer for about 10-15 minutes.",
    "Add in 3 cups sharp cheddar cheese, and 1 cup gruyere cheese, stir to combine well. Remove the pot from heat and serve the soup with bacon bits and sliced green onions for garnish."
  ],
  "Nutrition": [
    "Calories: 357kcal",
    "Carbohydrates: 13g",
    "Protein: 18g",
    "Fat: 25g",
    "Saturated Fat: 14g",
    "Polyunsaturated Fat: 1g",
    "Monounsaturated Fat: 6g",
    "Trans Fat: 0.1g",
    "Cholesterol: 77mg",
    "Sodium: 986mg",
    "Potassium: 242mg",
    "Fiber: 1g",
    "Sugar: 5g",
    "Vitamin A: 2173IU",
    "Vitamin C: 2mg",
    "Calcium: 559mg",
    "Iron: 1mg",
    ""
  ],
  "Comments": [
    "Pammie says:The soup is very good, but quite salty. I think I will use unsalted butter next time and omit the salt called for.  The cheese ingredients add enough salt.",
    "Carol Gilliland says:The beer and cheese soup sounds so delicious.  I’ve had it before just didn’t know there were so much ingredients to make it. But I didn’t know the recipe at all. Sounds great I’ll be making it real soon. Thanks ?",
    "Alyssa Rivers says:I’m so glad you found my recipe! Let me know how you like it!",
    "Mary Dabney says:It is delicious, and you don’t need to use all of the ingredients if you don’t want to. My grandkids are bad about anything they identify as a vegetable so I make it without some. However, I cook bacon and set it aside, chop some onion, carrot, and celery and brown them to be added to taste. Then I start with step 3, second sentence, making a roux from the (unsalted) butter and flour. I’ve warmed the broth because it mixes in more easily (as with gravy) and I pour half of it in slowly, whisking all the time. Then I add the beer, also whisking, until it’s incorporated into the mixture. The alcohol cooks off but the beer really adds flavor. Then I stir in the milk (or cream) with the Worcestershire sauce, mustard powder, paprika, and pepper. Bring to a boil, then reduce heat to low. Add grated* cheeses slowly, a handful at a time, and stir to combine before adding more. Taste the soup and check the thickness. Then if you want to add salt add salt a bit at a time. If it’s too thick, add more of the broth. If you want more seasonings add them a little at a time. let it simmer to bring out the extra flavors. I make a double recipe because it goes quickly. I get good cheese, and three or four kinds – sharp white,  sharp cheddar, gruyere, what you like – in blocks. I grate it myself, sometimes a day ahead, because if you buy it grated/shredded you’ll see more than cheese in the ingredients and I want only cheese, no preservatives or other stuff."
  ]
}