{
  "URL": "https://therecipecritic.com/beet-hummus/",
  "Summary": "Beet hummus is hands down the most beautiful hummus you will ever eat! Roasted red beets transform traditional hummus into a vibrant, creamy, and delicious beet hummus perfect for snacking and serving as a dip. ",
  "Metadata": [
    "Prep Time:  5minutes",
    "Total Time:  5minutes",
    "Servings: 6"
  ],
  "Ingredients": [
    "3 medium beets,  cooked and cooled",
    "15 ounces canned chickpeas drained and rinsed",
    "1/4 cup tahini",
    "2 cloves garlic",
    "1/4 cup olive oil, more for drizzle",
    "1-2  tablespoons  cold water, more if needed",
    "1/2 teaspoon ground cumin",
    "1/2 teaspoon ground coriander",
    "3 tablespoons lemon juice",
    "1 teaspoon coarse salt,  or to taste"
  ],
  "Instructions": [
    "Allow the roasted beets to cool slightly then place them into a food processor or blender.",
    "Add the chickpeas, tahini paste, garlic, lemon juice, olive oil, water, salt, cumin, and coriander.",
    "Blend all of the ingredients together until desired consistency is reached. Add a little more olive oil or water to help reach a smoother texture if it seems too thick. Give it a taste and add more salt if needed.",
    "Garnish with additional olive oil and chopped fresh parsley.",
    "Serve with toasted pita bread, pita chips, crackers, or chopped vegetables."
  ],
  "Nutrition": [
    "Calories: 242kcal",
    "Carbohydrates: 21g",
    "Protein: 7g",
    "Fat: 16g",
    "Saturated Fat: 2g",
    "Polyunsaturated Fat: 4g",
    "Monounsaturated Fat: 9g",
    "Sodium: 655mg",
    "Potassium: 441mg",
    "Fiber: 6g",
    "Sugar: 6g",
    "Vitamin A: 48IU",
    "Vitamin C: 8mg",
    "Calcium: 58mg",
    "Iron: 2mg",
    ""
  ],
  "Comments": [
    "Lori Lockey says:The chickpeas are missing from the directions so not sure when to add them, but added them when I thought I should and the end product is quite good. Left out the olive oil since tahini has enough lusciousness but increased lemon juice and cumin. Yummy!",
    "Sherri says:Is it possible to use canned beets???",
    "Alyssa Rivers says:Yes! That will work fine!"
  ]
}