{
  "URL": "https://therecipecritic.com/beet-salad/",
  "Summary": "This Amazing Pear and Beet Salad is fresh, zingy, and absolutely delicious. It's a perfect combination of crisp-tender pears, sweet roasted beets, mixed greens all tossed in a honey vinaigrette.",
  "Metadata": [
    "Prep Time:  15minutes",
    "Total Time:  15minutes",
    "Servings:  6People"
  ],
  "Ingredients": [
    "2 cups roasted beets",
    "4 cups spinach and arugula mix",
    "2 pears sliced",
    "1/4 cup feta cheese",
    "1/4 cup chopped walnuts",
    "1/4 cup olive oil",
    "2 Tablespoons Apple Cider Vinegar",
    "1 Tablespoon Honey",
    "salt and pepper"
  ],
  "Instructions": [
    "In a large bowl add the roasted beets, spinach, pears, feta cheese and walnuts.",
    "To make the Honey Vinaigrette dressing:  In a small bowl whisk together the olive oil, apple cider vinegar, honey and salt and pepper.",
    "Drizzle desired amount of dressing on salad and toss together until coated."
  ],
  "Nutrition": [
    "Calories: 173kcal",
    "Carbohydrates: 13g",
    "Protein: 2g",
    "Fat: 14g",
    "Saturated Fat: 2g",
    "Cholesterol: 6mg",
    "Sodium: 71mg",
    "Potassium: 90mg",
    "Fiber: 2g",
    "Sugar: 9g",
    "Vitamin A: 41IU",
    "Vitamin C: 3mg",
    "Calcium: 41mg",
    "Iron: 1mg"
  ],
  "Comments": [
    "Kia Pankau says:Served this salad to my lunch club and everyone loved it!Thanks for the recipe!",
    "Jack says:Looks amazing! I love pears and am always looking for new ways to enjoy them. Fantastic recipe!",
    "Juliet Ellwood says:Dear Alyssa any suggestions for an alternative to tree nuts for something crunchy – husband has a severe allergy. Many thanks love your recipes.",
    "Alyssa Rivers says:You are welcome to leave out the nuts for this salad.",
    "Cathy E says:could use trilogy seeds (flax, chia and hemp) or roasted garbanzo beans or toasted coconut on salad to add some crunch",
    "Sabrina says:nice use of pears and beets, love booth especially for the earthy beet and subtle pear sweetness, and neither one gets the attention it deserves, so thank you!",
    "Ann Kearns says:This salad has so many of my favorite things. Pears, beets, feta and arugula. Sounds so wonderful with the honey vinaigrette. Can’t wait to try this one! ?",
    "Alyssa Rivers says:It tastes amazing! You are going to love the flavor combination!"
  ]
}