{
  "URL": "https://therecipecritic.com/beijing-beef/",
  "Summary": "Crispy beef strips stir-fried with onion and red bell peppers then tossed in a sweet and tangy sauce. You're going to love this popular Panda Express copycat version of Beijing beef! ",
  "Metadata": [
    "Prep Time:  30minutes",
    "Cook Time:  20minutes",
    "Total Time:  50minutes",
    "Servings:  6people"
  ],
  "Ingredients": [
    "1 pound flank steak, cut into strips",
    "1 large egg",
    "3 tablespoons soy sauce",
    "5 tablespoons cornstarch, divided",
    "½ cup vegetable oil",
    "1 large red bell pepper, chopped into 1 inch pieces",
    "½ yellow onion, diced",
    "⅓ cup brown sugar",
    "¼ cup rice vinegar",
    "¼ cup tomato paste",
    "¼ cup sweet chili sauce",
    "3 tablespoons soy sauce",
    "2 tablespoons hoisin sauce",
    "2 teaspoons onion powder",
    "2 teaspoons garlic powder"
  ],
  "Instructions": [
    "Prepare the steak by cutting it, against the grain, into ¼ inch thick strips about 2 inches long.",
    "In a medium bowl, whisk together the egg, soy sauce, and 1 tablespoon of cornstarch. Add the sliced steak to the bowl and toss to coat completely. Allow the steak to marinade for 30 minutes at room temperature.",
    "Add the remaining 4 tablespoons of cornstarch to a bowl. Remove the marinated beef from the marinade, and toss it in the cornstarch, coating each piece completely.",
    "In a medium bowl, whisk together the brown sugar, vinegar, tomato paste, sweet chili sauce, soy sauce, hoisin sauce, onion powder, and garlic powder.",
    "Heat the oil in a wok or large skillet over medium-high heat. Add the marinated and cornstarch-coated steak into the pan then fry the beef until browned, about 2-3 minutes. Remove the beef from the pan and set it aside.",
    "Returning to the pan add the diced onion and chopped red bell pepper. Stir fry until the vegetables soften, about 5 minutes.",
    "Add the beef back to the pan and pour the sauce mixture over the beef and vegetables. Stir fry everything together until the sauce begins to thicken, about 2-3 minutes.",
    "Serve the Beijing beef over rice and enjoy!"
  ],
  "Nutrition": [
    "Calories: 416kcal",
    "Carbohydrates: 32g",
    "Protein: 20g",
    "Fat: 23g",
    "Saturated Fat: 5g",
    "Polyunsaturated Fat: 11g",
    "Monounsaturated Fat: 6g",
    "Trans Fat: 0.1g",
    "Cholesterol: 73mg",
    "Sodium: 1341mg",
    "Potassium: 514mg",
    "Fiber: 2g",
    "Sugar: 21g",
    "Vitamin A: 828IU",
    "Vitamin C: 29mg",
    "Calcium: 47mg",
    "Iron: 2mg",
    ""
  ],
  "Comments": [
    "Ashley says:I have to start by saying it has been a very long time since I had Panda’s Beijing Beef so I really cannot say if this tastes just like it or not….BUT I can say this recipe is absolutely  delicious! I made it last night for the first time, but it won’t be the last time. My husband said he does think it tastes really close to the Panda Express dish. Either way, yum!"
  ]
}