{
  "URL": "https://therecipecritic.com/belgian-waffles/",
  "Summary": "Crispy on the outside, soft and fluffy inside! These classic Belgian waffles are a family favorite and better than anything from a mix.",
  "Metadata": [
    "Prep Time:  10minutes",
    "Cook Time:  15minutes",
    "Total Time:  25minutes",
    "Servings:  6waffles"
  ],
  "Ingredients": [
    "2 cups all-purpose flour",
    "¼ cup granulated sugar",
    "1 tablespoon baking powder",
    "½ teaspoon salt",
    "2 large eggs separated",
    "1 ¾ cups milk",
    "½ cup vegetable oil or canola",
    "2 teaspoons vanilla extract"
  ],
  "Instructions": [
    "In a large bowl, whisk together 2 cups all-purpose flour, ¼ cup granulated sugar, 1 tablespoon baking powder, and ½ teaspoon salt. Set aside",
    "Crack and separate 2 large eggs. Place the egg yolks and whites into two different mixing bowls.",
    "Beat the egg whites with a hand mixer until stiff peaks form. Be careful not to over-mix! Set aside.",
    "Add 1 ¾ cups milk, ½ cup vegetable oil or canola, and 2 teaspoons vanilla extract to the bowl with the yolks, whisking well to combine.",
    "Add the flour mixture to the milk mixture and stir, just until incorporated.",
    "Gently fold the beaten egg whites into the batter.",
    "Preheat the waffle iron according to the manufacturer's instructions and spray it with non-stick cooking spray. Pour the batter into the hot waffle iron. Cook until golden on the outside."
  ],
  "Nutrition": [
    "Calories: 413kcal",
    "Carbohydrates: 44g",
    "Protein: 8g",
    "Fat: 22g",
    "Saturated Fat: 5g",
    "Polyunsaturated Fat: 11g",
    "Monounsaturated Fat: 5g",
    "Trans Fat: 0.1g",
    "Cholesterol: 63mg",
    "Sodium: 455mg",
    "Potassium: 174mg",
    "Fiber: 1g",
    "Sugar: 12g",
    "Vitamin A: 195IU",
    "Calcium: 220mg",
    "Iron: 2mg"
  ],
  "Comments": [
    "Jody says:I love all your recipes!! They’re really the best!! Thank you so much!!",
    "Alyssa Rivers says:Jody, thank you so much! This made my day!",
    "Malou says:This is a resemblance of Brussels waffle which is different to the real waffles which are made with yeast. The waffle you present does not fit the shape of the Brussels waffle either (which is a rectangular shape) using a 6×4 deep waffle iron.  I’m sure you can make them whatever shape you desire but yours is not the traditional shape.I am a Belgian and it irritates me when I see people like you who try to pass things off for what it is not.",
    "Alyssa Rivers says:Thank you for the tips! I will keep this in mind!",
    "Lorraine says:Malou, I must have missed the part where Alyssa said this recipe was the authentic Belgium waffle.  I also get irritated by people who have nothing better to do in their live, other than to put others down.  Maybe you need to tell all the restaurants and cookbook authors that you don’t approve of their recipe for Belgium waffles.",
    "Amber N says:My girls helped me make these and LOVED watching the egg whites get to stiff peaks! I added a tbsp each of sugar and vanilla to the batter. So good and so versatile! Next time we might add blueberries.",
    "Abigail Wenderson says:Wow, these waffles look amazing. I look forward to making these soon. Thanks a lot for sharing the recipe.",
    "nancy says:dish is so easy and tastes fabulous.",
    "Kim Mikesell says:Alyssa I love your recipes,  my husband is diabetic so you have recipes for me.  He obviously loves sweets. Lol.",
    "Sariah says:I made these on a whim this morning and my family all agreed that they were the best waffles! Thank you, this one is a keeper."
  ]
}