{
  "URL": "https://therecipecritic.com/berry-swirl-cheesecake-bars/",
  "Summary": "These Berry Swirl Cheesecake Bars are made with a lush, creamy layer of classic cheesecake. I'm serving today's recipe over a simple golden cookie crust and then topping everything off with vibrant swirls of sweet berries!",
  "Metadata": [
    "Prep Time:  15minutes",
    "Chilling Time:  4hours",
    "Total Time:    4hours15minutes",
    "Servings:  20cheesecake bars"
  ],
  "Ingredients": [
    "25 Golden Oreo cookies",
    "4 tablespoons unsalted butter",
    "¼ teaspoon salt",
    "4 (8-ounce) packages softened cream cheese",
    "1 cup granulated sugar",
    "¾ cup sour cream",
    "4 large eggs room temperature",
    "1 teaspoon vanilla extract",
    "½ cup berry pie filling (I used raspberry)"
  ],
  "Instructions": [
    "Preheat the oven to 325 degrees Fahrenheit and line a 13 x 9 x 2-inch baking pan with foil and set aside.",
    "Place 25 Golden Oreo cookies in a food processor and pulse until fine crumbs form. Add 4 tablespoons unsalted butter and ¼ teaspoon salt and pulse until completely combined.",
    "Pour the crust mixture into the prepared baking pan and firmly press the crumbs into an even layer. Set aside while you prepare your cheesecake layer.",
    "Combine 4 (8-ounce) packages softened cream cheese and 1 cup granulated sugar in the bowl of a stand mixer. Beat together until creamy and well-combined. Add ¾ cup sour cream and mix well.",
    "Add 4 large eggs, one at a time, beating until just mixed after each addition, and be sure to scrape down the sides and bottom of the bowl after each addition to ensure the ingredients are well combined.",
    "Stir 1 teaspoon vanilla extract and then pour batter evenly into prepared pan over the cookie crust.",
    "Dollop ½ cup berry pie filling evenly over the cheesecake. Use a knife to swirl the filling evenly over the surface of the cheesecake.",
    "Bake for 35-40 minutes, or until the center is set. The center should bounce back if lightly touched.",
    "Allow to cool to room temperature, and then place in refrigerator for at least 4 hours before slicing and serving."
  ],
  "Nutrition": [
    "Calories: 332kcal",
    "Carbohydrates: 27g",
    "Protein: 5g",
    "Fat: 23g",
    "Saturated Fat: 12g",
    "Polyunsaturated Fat: 2g",
    "Monounsaturated Fat: 7g",
    "Trans Fat: 0.1g",
    "Cholesterol: 90mg",
    "Sodium: 264mg",
    "Potassium: 105mg",
    "Fiber: 0.4g",
    "Sugar: 20g",
    "Vitamin A: 782IU",
    "Vitamin C: 0.1mg",
    "Calcium: 64mg",
    "Iron: 1mg",
    ""
  ],
  "Comments": [
    "Laura says:Can I use berry preserves in place of the pie filling?",
    "Alyssa Rivers says:Yes, that sounds great! Let me know how you like it that way!",
    "Sabrina says:very creative recipe, thank you, and Oreos too, thank you",
    "Louise Clarke says:1/2 cup of berry pie filling.  Is that amount right…..",
    "Alyssa Rivers says:Yes! Half of a cup berry pie filling.",
    "Patt says:What is the volume or weight of the Oreos?  Thanks."
  ]
}