{
  "URL": "https://therecipecritic.com/best-ever-slow-cooker-beef-stew/",
  "Summary": "Best Ever Slow Cooker Beef Stew is the absolute perfect comforting beef stew.  A thick and rich sauce filled with hearty and chunky potatoes, carrots, onions, and peas with the most amazing tender melt in your mouth beef!  ",
  "Metadata": [
    "Prep Time:  15minutes",
    "Cook Time:  8hours",
    "Total Time:    8hours15minutes",
    "Servings:  6Servings"
  ],
  "Ingredients": [
    "3 pounds boneless beef chuck, cut into 1-inch cubes",
    "salt and pepper",
    "5 medium sliced carrots",
    "1 pound baby potatoes",
    "1 small diced white onion",
    "3 cloves minced garlic",
    "3 cups beef broth",
    "½ cup tomato paste",
    "1 tablespoon Worcestershire sauce",
    "1 tablespoon Italian seasoning",
    "salt and pepper to taste",
    "¼ cup all-purpose flour",
    "2 cups frozen peas",
    "fresh chopped parsley for garnish"
  ],
  "Instructions": [
    "Season 3 pounds boneless beef chuck, cut into 1-inch cubes with salt and pepper . Heat a large skillet over medium-high heat. Add the seasoned beef cubes and brown on all sides for 2-3 minutes. Transfer the beef to the slow cooker.",
    "Add 5 medium sliced carrots, 1 pound baby potatoes, 1 small diced white onion, and 3 cloves minced garlic.",
    "Add 3 cups beef broth, ½ cup tomato paste, 1 tablespoon Worcestershire sauce, 1 tablespoon Italian seasoning, and salt and pepper to taste.",
    "Cook on LOW for 8-10 hours and HIGH for 6-8 until the beef and veggies are tender.",
    "An hour before serving, take out 1 cup of the beef stew liquid and whisk it with ¼ cup all-purpose flour. Stir the flour mixture into the stew along with the 2 cups frozen peas",
    "Allow the stew to heat and thicken then serve with fresh chopped parsley for garnish  on top."
  ],
  "Nutrition": [
    "Calories: 573kcal",
    "Carbohydrates: 34g",
    "Protein: 51g",
    "Fat: 27g",
    "Saturated Fat: 12g",
    "Cholesterol: 156mg",
    "Sodium: 808mg",
    "Potassium: 1550mg",
    "Fiber: 7g",
    "Sugar: 8g",
    "Vitamin A: 8994IU",
    "Vitamin C: 41mg",
    "Calcium: 110mg",
    "Iron: 7mg"
  ],
  "Comments": [
    "Dean Thompson says:Single dad. My daughter (10) didn’t want to eat out…again.  It’s snowing outside, so I figured a beef stew might be easy enough that I wouldn’t mess up too badly.  Your crock pot beef stew looked like something I could handle.  Wow!  It was fantastic!  I’m a hero now.  Highly recommend it!",
    "Alyssa Rivers says:Dean, what a great comment! Thank you for sharing! I’m so glad it was easy and turned out great! Good job dad!",
    "Christine Emond says:Enjoying this recipe for a second time but do have a question. In the ingredients list you say tomato paste, but in the directions you say tomato sauce. Which is it?",
    "Alyssa Rivers says:I’m sorry for the confusion. It is tomato paste. I will get that fixed, thanks for letting me know!",
    "Julie Gainey says:Ingredient list shows tomato paste, but below in Step 2, it says tomato sauce. This looks like a great recipe and I want to make sure I use the correct ingredient. Thank you",
    "Jess says:If cooking the meat the night before should it be fully cooked? Or can I 70% cook and make sure it cools down to keep out of danger zone.",
    "Alyssa Rivers says:I wouldn’t cook anything beforehand. Searing the meat just takes a few minutes and then I would let the meat cook in the slow cooker with everything else so that it can absorb all of the flavors!",
    "Taleen Gebbia says:Omg!!!! My husband said this stew was better than his mom’s!!! Only thing I added was a can of regular Rotel diced tomatoes & peppers. My entire family LOVED this, it was hearty & went perfectly with warm sweet-n-sour red cabbage & crusty sourdough bread.",
    "Hayden says:Fantastic recipe thankyou! I made it with my new old slow cooker and will be my go-to beef stew base.In my variation I fried up red and white onion with some mushrooms after searing the beef and deglazed the pan with some red wine and butter afterward.I also added some shredded cabbage and some yams on hand to the cooker, used tomato paste instead of sauce, red wine, some brown sugar with salt n pepper to taste, and cornflour to thicken.So rich and delicious!"
  ]
}