{
  "URL": "https://therecipecritic.com/best-winter-fruit-salad/",
  "Summary": "The Best Winter Fruit Salad is filled with clementines, kiwi, pears, apples, and pomegranate. It gets tossed in a delicious honey lime poppyseed dressing and you won't be able to get enough!",
  "Metadata": [
    "Prep Time:  15minutes",
    "Total Time:  15minutes",
    "Servings:  12People"
  ],
  "Ingredients": [
    "1 large apple peeled and sliced",
    "1 large sliced pear",
    "2 large peeled and sliced bananas",
    "3 peeled and sliced kiwis",
    "3 peeled and separated clementines",
    "½ cup pomegranate seeds",
    "1 tablespoon honey",
    "3 tablespoons lime juice",
    "1 tablespoon poppy seeds",
    "1 tablespoon chopped fresh mint"
  ],
  "Instructions": [
    "In a large bowl, add 1 large apple peeled and sliced, 1 large sliced pear, 2 large peeled and sliced bananas, 3 peeled and sliced kiwis, 3 peeled and separated clementines, and ½ cup pomegranate seeds. Lightly toss to combine.",
    "In a small bowl whisk together 1 tablespoon honey, 3 tablespoons lime juice, 1 tablespoon poppy seeds, and 1 tablespoon chopped fresh mint.",
    "Drizzle the dressing over fruit and toss until coated. Serve and enjoy!"
  ],
  "Nutrition": [
    "Calories: 67kcal",
    "Carbohydrates: 16g",
    "Protein: 1g",
    "Fat: 1g",
    "Saturated Fat: 1g",
    "Sodium: 2mg",
    "Potassium: 228mg",
    "Fiber: 2g",
    "Sugar: 10g",
    "Vitamin A: 52IU",
    "Vitamin C: 35mg",
    "Calcium: 28mg",
    "Iron: 1mg",
    ""
  ],
  "Comments": [
    "Karin Horn says:Hi there you need to add salt",
    "Melissa Farkas says:Too much poppy seeds and the “dressing misted tasted off a bit to me.  Loved the fruit suggestions though",
    "Claire Hartranft says:Would love it but without kiwis and much hated mint",
    "Shu-Chun says:Love this simple and healthy salad.I replace honey with maple syrup…and turned outdelicious.Thank you!",
    "Brenda says:Fantastic. Stays fresh on buffet for a while. I add pineapple and blueberry",
    "Mila says:Tried it for my kid’s bday party – everyone loved it – I added half honey and half maple syrup – delicious – thanks ?",
    "Kathy Holley says:Excellent !!!  Definitely a keeper.",
    "Toni says:Does pomegranate have seeds in them.  And If do are they eaten with the salad?Thanks",
    "Alyssa Rivers says:Pomegranates do have seeds. They are so small though you don’t realize that you are eating them. So good!!",
    "S,F, says:Thank you for the winter fruit salad recipe. I served it to company as dessert after a hearty beef mushroom barley soup.. it was easy to assemble, colorful and delicious. I suggest adding a bit of watwr or extra  honey to the sauce to calm the tartness of the lime juice. I used sesame instead of poppy seeds. My guests loved it!",
    "Cheryle Machie says:How many people does it serve?  I’m serving several families for Thanksgiving.",
    "Alyssa Rivers says:It will feed about 12 people.",
    "Bonnie says:This is delicious.  I did not add the poppy seeds and replaced the honey with Agave.  I like things “limey” so I doubled the lime juice",
    "Amy says:This looks beautiful!  I am looking forward to something healthy!  Thanks for sharing.",
    "Leslie says:Hi!I made this for Super Bowl and it was delish! I used CaraCara oranges (thats what I had) .and I haved the poppy seeds (and I think that was still too much), But the combo of everything was spot on. And it was nice to have something light and refreshing…and healthy.",
    "Laura M says:Why didn’t you publish this in December to counteract all the sheep following bloggers?",
    "Miriam says:Looks delicious. I love pomegranate seeds! I served winter fruit salad with lemon coconut mousse https://israelisalad.wordpress.com/2017/01/26/winter-fruit-salad-with-lemon-coconut-mousse/ last weekend, and it was a big hit."
  ]
}