{
  "URL": "https://therecipecritic.com/best-sweet-potato-casserole/",
  "Summary": "The best sweet potato casserole is smooth and creamy, sprinkled with a brown sugar pecan mixture. It's a sweet and savory side dish that is perfect for the holidays!",
  "Metadata": [
    "Prep Time:  25minutes",
    "Cook Time:  30minutes",
    "Total Time:  55minutes",
    "Servings:  12people"
  ],
  "Ingredients": [
    "3 cups mashed sweet potatoes",
    "1 cup brown sugar",
    "2 large eggs lightly beaten",
    "1 teaspoon vanilla",
    "1/2 cup milk",
    "1/2 cup melted butter",
    "1/2 cup brown sugar",
    "1/3 cup flour",
    "1/3 cup melted butter",
    "1 cup chopped pecans"
  ],
  "Instructions": [
    "Prepare a 1 1/2 to 2-quart casserole dish with cooking spray and set aside. In a large mixing bowl, combine mashed sweet potatoes, brown sugar, eggs, vanilla, milk, and melted butter. Pour into prepared casserole dish.",
    "To make the topping: Combine brown sugar, flour, melted butter, and chopped pecans. Sprinkle over the top.",
    "Bake at 350 degrees for 30-40 minutes until cooked throughout and the top is lightly brown."
  ],
  "Nutrition": [
    "Calories: 339kcal",
    "Carbohydrates: 38g",
    "Protein: 3g",
    "Fat: 20g",
    "Saturated Fat: 9g",
    "Cholesterol: 62mg",
    "Sodium: 153mg",
    "Potassium: 213mg",
    "Fiber: 2g",
    "Sugar: 29g",
    "Vitamin A: 5172IU",
    "Vitamin C: 1mg",
    "Calcium: 59mg",
    "Iron: 1mg"
  ],
  "Comments": [
    "Mindi says:Me and my son in law switch off and on of making sweet potato casserole, then we let others be the judge, I used this recipes a few times, though we don’t share recipes, I gave it to my daughter, I know he hasn’t used this recipe, oh and I win every time, he don’t like his very sweet, so when it’s my year to make it I usually make 2 pans , one not so sweet for him, and it consist of , maple syrup, butter salt and pepper, and this one, but I have added sweetened condensed milk, my husband likes the marshmallow topping while I like the crumble, so I do half and half on the one pan, it is very good, thanks for sharing your recipes with the world, and happy Thanksgiving to everyone",
    "Laura says:Can this be made ahead? Can I use canned sweet potato puree?",
    "Alyssa Rivers says:Yes, it’s great for making ahead. You can keep it in the fridge for up to 3 days. And canned sweet potato puree should work just fine! Hope you enjoy it! ?",
    "LYD says:Several years ago a co-worker of mine brought this casserole to our Thanksgiving carry-in. I fell in love with it. I have been making this recipe every year since 2016. It is always a big hit at our Thanksgiving table. I’m so happy that my co-worker found this recipe and shared it with me! It is the best sweet potato casserole ever!!!",
    "Kay says:This is the third time I have made this recipe, currently in the oven as I type this. 🙂  and my house smells wonderful. My husband loves this sweet potato casserole dish and says it taste like pie. Thank you for sharing",
    "Carol Lee says:I am making this for our Christmas dinner.",
    "Alyssa Rivers says:Yay! Let me know how it turns out!"
  ]
}