{
  "URL": "https://therecipecritic.com/best-irish-soda-bread/",
  "Summary": "This Irish soda bread recipe uses just 4 pantry staples for a warm, crusty loaf that's perfect for slathering with butter and jam, or soaking up your favorite soup. No kneading required!",
  "Metadata": [
    "Prep Time:  10minutes",
    "Cook Time:  30minutes",
    "Total Time:  40minutes",
    "Servings:  1loaf"
  ],
  "Ingredients": [
    "4 cups all purpose flour",
    "2 teaspoons baking soda",
    "1 teaspoon salt",
    "2 cups buttermilk",
    "Softened butter and jam for serving"
  ],
  "Instructions": [
    "Preheat the oven to 375 degrees fahrenheit.",
    "Whisk together 4 cups all purpose flour, 2 teaspoons baking soda, and 1 teaspoon salt. Create a well in the middle of the dry ingredients and pour 2 cups buttermilk into the center.",
    "Mix the dough together using your hands or a wooden spoon until a shaggy dough forms. Dump the dough out onto a lightly floured surface and bring it together just until it forms a round.",
    "Place the loaf on a parchment-lined baking sheet. With a knife, score the top of the loaf in an x. Place it in the oven and bake for 35-45 minutes or until the crust is golden brown.",
    "Take the loaf out of the oven and allow it to cool for at least 10 minutes before cutting into it. Serve with Softened butter and jam or alongside my Guinness Beef Stew."
  ],
  "Nutrition": [
    "Calories: 2118kcal",
    "Carbohydrates: 405g",
    "Protein: 67g",
    "Fat: 21g",
    "Saturated Fat: 10g",
    "Polyunsaturated Fat: 3g",
    "Monounsaturated Fat: 4g",
    "Cholesterol: 53mg",
    "Sodium: 5028mg",
    "Potassium: 1183mg",
    "Fiber: 14g",
    "Sugar: 25g",
    "Vitamin A: 792IU",
    "Calcium: 628mg",
    "Iron: 23mg",
    ""
  ],
  "Comments": [
    "Christ F says:Tasty recipe, my loaf turned out perfectly!",
    "Daniel Heukrath says:Easy and delicious! I added a little brown sugar to balance the buttermilk and it came out so tasty! The bread consistency was very even and nicely dense. Will definitely make this again!",
    "Nance says:I make soda bread every year for St. Patrick’s day, and this is the best recipe I’ve ever made! I didn’t have a cast iron pan, so baked the loaf on a 13” pizza pan which created a lovely crunchy crust over the entire top. I will not be waiting an entire year to make this again ❤️",
    "Kathi says:No cake four? 1 cup AP flour – 2 Tablespoons AP flour + 2 Tablespoons cornstarch or arrowroot = 1 cup cake flourMix very well",
    "Judy says:I’m looking for a recipe for salt rising bread. Such a favorite memory from my childhood—waking up to the wonderful smell of salt rising bread in the toaster. In times past, my grandma used to get it from the door-to-door bread man.",
    "Alyssa Rivers says:I don’t have any salt rising bread recipes but here are some bread recipes that you are welcome to look through: https://therecipecritic.com/?s=bread",
    "Annie says:Beautiful and delicious! I love this so much!"
  ]
}