{
  "URL": "https://therecipecritic.com/best-ever-dutch-apple-pie/",
  "Summary": "Dutch Apple Pie is the best version of apple pie! Instead of a top crust, you enjoy a sweet crumble topping over a mound of delicious apples. Everyone will agree that this is the best apple pie they've ever had.",
  "Metadata": [
    "Prep Time:  30minutes",
    "Cook Time:  1hour",
    "Total Time:    1hour30minutes",
    "Servings:  12servings"
  ],
  "Ingredients": [
    "1 9- inch pie crust",
    "8 cups apples peeled, cored, sliced thin (about 5 large apples or 8 small apples)",
    "2/3 cup sugar",
    "1/3 cup all purpose flour",
    "1 1/4 teaspoon cinnamon",
    "1/4 teaspoon salt",
    "2 1/2 tablespoons lemon juice",
    "2/3 cup brown sugar",
    "1 cup all-purpose flour",
    "6 tablespoons unsalted butter chilled and cut into tiny cubes",
    "3/4 teaspoon cinnamon",
    "1/4  teaspoon  salt"
  ],
  "Instructions": [
    "Preheat oven to 400 degrees Fahrenheit and arrange racks so that the pie can cook on the bottom rack. Line an 8-inch pie pan with crust. Fold over edges and pinch to flute. Set prepared dish on a large baking sheet that is lined with a silpat, parchment paper, or foil.",
    "In a large bowl, combine apples, sugar, flour, cinnamon, salt, and lemon juice. Toss to coat.",
    "To make the crumble topping, combine the brown sugar, flour, the chilled butter pieces and cinnamon using a pastry blender in a large bowl. You want your butter to remain as small chunks about the size of a pea.",
    "To assemble pie, mound apples on top of crust. Then carefully spoon on crumble topping, taking care not to spill too much over the edges and pressing down onto the apples as needed to make it stick.",
    "Place prepared pie on baking sheet on bottom rack of oven. Cook for about 1 hour. If topping starts to brown, loosely tent with foil.",
    "Allow pie to cool at least 30 minutes to an hour, however it will slice best if you allow pie to fully cool."
  ],
  "Nutrition": [
    "Calories: 982kcal",
    "Carbohydrates: 123g",
    "Protein: 12g",
    "Fat: 49g",
    "Saturated Fat: 17g",
    "Cholesterol: 15mg",
    "Sodium: 736mg",
    "Potassium: 278mg",
    "Fiber: 7g",
    "Sugar: 29g",
    "Vitamin A: 220IU",
    "Vitamin C: 5mg",
    "Calcium: 52mg",
    "Iron: 5mg"
  ],
  "Comments": [
    "Jennifer Montgomery says:Made this recipe this afternoon. Was delighted with the ease of the filling & topping & even more so when finished & got to serve and taste. Was delicious…! Will definitely make again…! I made 2 pie’s. Quite good.",
    "Brandy says:I made this. The crust came out a little soggy, but the pie was still delicious. I think pre-baking the crust might help.",
    "Alyssa Rivers says:Here’s a guide to blind baking if you need it!!",
    "AbFashn says:Perfection. Crumb topping reminded me a little of shortbread, which was a wonderful, tasty, crunchy twist. Would make again!"
  ]
}