{
  "URL": "https://therecipecritic.com/best-oven-baked-turkey-recipe/",
  "Summary": "Look no further! This roasted turkey recipe is the absolute juiciest, fool-proof turkey recipe you will ever need. ",
  "Metadata": [
    "Prep Time:  20minutes",
    "Cook Time:  4hours",
    "Total Time:    4hours20minutes",
    "Servings:  15people"
  ],
  "Ingredients": [
    "1 (12-20 pound) turkey, thawed",
    "1 medium onion, quartered",
    "3 cloves garlic, peeled",
    "1 large apple, quartered",
    "1 medium lemon, sliced",
    "2 sprigs rosemary",
    "2 sprigs thyme",
    "½ cup butter, softened",
    "1 tablespoon dried thyme",
    "1 tablespoon dried oregano",
    "1 tablespoon dried rosemary",
    "1 tablespoon dried sage",
    "1 teaspoon salt",
    "½ teaspoon pepper"
  ],
  "Instructions": [
    "Thaw 1 (12-20 pound) turkey, 3-7 days in advance in the refrigerator! Follow my thawing tips in the post.",
    "Preheat the oven to 325 degrees Fahrenheit. To prepare the turkey, remove the neck, giblets, and plastic cage. Pat the turkey dry using paper towels then tuck the wings underneath the turkey.",
    "Stuff the turkey with 1 medium onion, 3 cloves garlic, 1 large apple, 1 medium lemon, 2 sprigs rosemary, and 2 sprigs thyme.",
    "In a small bowl combine ½ cup butter,1 tablespoon dried thyme, 1 tablespoon dried oregano , 1 tablespoon dried rosemary , 1 tablespoon dried sage, 1 teaspoon salt, and ½ teaspoon pepper.",
    "Rub the herb butter evenly all over the turkey.",
    "Loosen the skin and spread the herb butter underneath the skin.",
    "Tie the legs together using kitchen twine or string.",
    "Position the prepared bird in a large roasting pan breast side up.",
    "Remove the pop-up thermometer and insert an oven-safe thermometer into the thickest part of the breast, about 2 inches deep. Be careful not to hit the bone!",
    "Cook for 15 minutes for each pound or until the internal temperature reaches 165 degrees Fahrenheit and the juices run clear. Let the turkey rest for 20 minutes before carving."
  ],
  "Nutrition": [
    "Calories: 68kcal",
    "Carbohydrates: 4g",
    "Protein: 0.3g",
    "Fat: 6g",
    "Saturated Fat: 4g",
    "Polyunsaturated Fat: 0.3g",
    "Monounsaturated Fat: 2g",
    "Trans Fat: 0.2g",
    "Cholesterol: 16mg",
    "Sodium: 205mg",
    "Potassium: 42mg",
    "Fiber: 1g",
    "Sugar: 2g",
    "Vitamin A: 234IU",
    "Vitamin C: 5mg",
    "Calcium: 21mg",
    "Iron: 1mg",
    ""
  ],
  "Comments": [
    "Irene says:I used the Herb Butter recipe. IT WAS DELICIOUS on the bone in turkey breast and thighs I roasted (in a cooking bag)"
  ]
}