{
  "URL": "https://therecipecritic.com/best-buttermilk-pancakes/",
  "Summary": "The best and only Buttermilk Pancake recipe that you will need! Perfectly fluffy every single time!",
  "Metadata": [
    "Prep Time:  10minutes",
    "Cook Time:  5minutes",
    "Total Time:  15minutes",
    "Servings:  9pancakes"
  ],
  "Ingredients": [
    "2 cups all-purpose flour",
    "2 teaspoons baking powder",
    "1 teaspoon baking soda",
    "½ teaspoon salt",
    "3 tablespoons granulated sugar",
    "2 lightly beaten large eggs",
    "3 cups buttermilk",
    "¼ cup melted unsalted butter"
  ],
  "Instructions": [
    "Preheat the griddle to 375 degrees Fahrenheit and spray it with nonstick cooking spray.",
    "Whisk 2 cups all-purpose flour, 2 teaspoons baking powder, 1 teaspoon baking soda, ½ teaspoon salt, and 3 tablespoons granulated sugar together in a large bowl.",
    "Add 2 lightly beaten large eggs, 3 cups buttermilk, and ¼ cup melted unsalted butter and mix until incorporated, but still slightly lumpy.",
    "Add about ½ cup of batter to the hot griddle. Once the edges start to set and small bubbles form over the top of the pancake, about 2 minutes, flip it to the other side. Cook until golden brown on the bottom, about 2 more minutes.",
    "Repeat with the remaining batter. Serve with maple syrup or buttermilk syrup and fresh fruit. Makes about 9 pancakes."
  ],
  "Nutrition": [
    "Calories: 225kcal",
    "Carbohydrates: 29g",
    "Protein: 7g",
    "Fat: 9g",
    "Saturated Fat: 5g",
    "Polyunsaturated Fat: 1g",
    "Monounsaturated Fat: 2g",
    "Trans Fat: 0.2g",
    "Cholesterol: 59mg",
    "Sodium: 444mg",
    "Potassium: 153mg",
    "Fiber: 1g",
    "Sugar: 8g",
    "Vitamin A: 340IU",
    "Calcium: 155mg",
    "Iron: 2mg"
  ],
  "Comments": [
    "Jenelle Durrance says:I can’t find my soda, will that affect my pancakes",
    "Alyssa Rivers says:If you leave baking soda out of the pancake batter, your pancakes will be denser, flatter, and less fluffy. They will still taste great, but the baking soda helps create the fluffy pancake texture!",
    "Kevin Wong says:hello Alyssa, when I was in middle school they actually had a cooking classroom named daily cafe like breakfast and lunch and I remember during breakfast they used to have pancake mi and I get to make pancake with it and it was my favorite part and everybody loved it, it was a long time but I realize I can homemade buttermilk made from scratch and taste even more better than a store brought kind so I remake it for myself and it Turing out perfect and I also made buttermilk syrup with this recipe to go along with it, and it was out of the world so thank you so much with this recipe. 🙂",
    "Jim says:Did someone hack your recipe and change buttermilk to 3 cups?  1 is closer",
    "Alyssa Rivers says:Hi Jim, I would try adding 2 cups of buttermilk, and see if the consistency is what you would expect. I agree that three cups seems like a lot. I will make this soon and see what I think. Thanks for letting me know!",
    "Cindy Krecklow says:My go to pancake recipe.  Fluffy and delicious."
  ]
}