{
  "URL": "https://therecipecritic.com/best-buffalo-chicken-dip/",
  "Summary": "This buffalo chicken dip is the absolute best! Fully loaded with chopped chicken, three types of cheeses, sour cream, and delicious seasonings, this dip has the spicy hot sauce flavor that you are looking for!",
  "Metadata": [
    "Prep Time:  10minutes",
    "Cook Time:  30minutes",
    "Total Time:  40minutes",
    "Servings:  12people"
  ],
  "Ingredients": [
    "3 cups chicken breasts, cooked, shredded",
    "8 ounce cream cheese",
    "1/2 cup buffalo sauce (Frank's hot sauce)",
    "1/2 cup ranch dressing   or blue cheese dressing",
    "1/2 teaspoon granulated garlic powder",
    "1 1/2 cup Colby-jack cheese, divided",
    "Optional: blue cheese crumbles & green onion for garnish"
  ],
  "Instructions": [
    "Cook and shred the chicken breasts ahead of time. To make it easy, use store-bought rotisserie chicken. Another easy tip is to use your instant pot to cook your chicken so it is ready to go when you assemble the dip.",
    "Preheat oven to 375°F. Spray a 9X9 baking dish with non-stick cooking spray and set aside.",
    "In a large saucepan over medium-high heat, add the cream cheese, buffalo sauce, ranch dressing, and garlic powder. Continue to stir and cook until the cream cheese melts and the ingredients are combined.",
    "Remove the sauce from heat. Add the shredded chicken, and 1 cup shredded Colby-jack cheese. Mix well to combine.",
    "Transfer to your prepared baking dish and top with remaining 1/2 cup Colby-Jack cheese.",
    "Bake in preheated oven for 30 minutes, or until the dip is bubbly and the cheese is melted.",
    "Top with blue cheese and diced green onion if you desire!  Serve with carrot sticks, celery sticks, tortilla chips, crackers, or a sliced baguette."
  ],
  "Nutrition": [
    "Calories: 334kcal",
    "Carbohydrates: 10g",
    "Protein: 12g",
    "Fat: 28g",
    "Saturated Fat: 17g",
    "Cholesterol: 79mg",
    "Sodium: 296mg",
    "Potassium: 166mg",
    "Fiber: 1g",
    "Sugar: 3g",
    "Vitamin A: 855IU",
    "Vitamin C: 1mg",
    "Calcium: 356mg",
    "Iron: 1mg"
  ],
  "Comments": [
    "Andrea says:Wondering if there is a substitute for the jack cheese?? Grocery store was out. 🙁",
    "Alyssa Rivers says:No problem! You could use lots of different cheeses as a substitute. Monterey Jack cheese or a combination of cheddar cheese and mozzarella are great. You could even use pepper jack, provolone, or even gouda. Whatever you have available will be just fine. It will just change the flavor a little.",
    "jaida says:Can i put this in crockpot?",
    "Alyssa Rivers says:Yes!! Here’s a recipe for Crockpot buffalo chicken dip.",
    "J Guenther says:Can this be put in the freezer after making it.",
    "Alyssa Rivers says:Yes it can!",
    "Ian Barton says:Hi Alyssa, Im in the UK and love your recipes, what would I use instead of Colby-jack cheese and how would I make a buffalo sauce please",
    "Amanda says:Oh my gosh this looks amazing. As a midwest girl I can testify that the flavor combination is the BEST!!",
    "averie@ averie cooks says:Your dip is gorgeous! I’m in a dip faceoff, too. This cheese on your dip…looks amazing!"
  ]
}