{
  "URL": "https://therecipecritic.com/best-breakfast-casserole/",
  "Summary": "This is truly the BEST Breakfast Casserole! It has a thick and creamy egg base loaded with potatoes, ham, and a flavorful cheese blends that bake up in no time.",
  "Metadata": [
    "Prep Time:  10minutes",
    "Cook Time:  1hour",
    "Chill Time:  2hours",
    "Total Time:    3hours10minutes",
    "Servings:  12people"
  ],
  "Ingredients": [
    "24 ounces frozen shredded hash brown potatoes",
    "salt and pepper to taste",
    "12 large eggs",
    "2 cups half and half",
    "1 teaspoon seasoned salt",
    "1 ½ cups shredded cheddar cheese",
    "1 ½ cups shredded pepper jack cheese",
    "2 cups chopped ham sausage, bacon, or preferred meat"
  ],
  "Instructions": [
    "Spray a 13 x 9 x 2-inch baking dish with non-stick cooking spray. Add 24 ounces frozen shredded hash brown potatoes to the bottom of the prepared baking dish. Season the potatoes with salt and pepper.",
    "In a large bowl, whisk together 12 large eggs. Add 2 cups half and half and 1 teaspoon seasoned salt, then whisk to combine. Stir in 1 ½ cups shredded cheddar cheese, 1 ½ cups shredded pepper jack cheese, and 2 cups chopped ham.",
    "Pour the egg mixture over the frozen hash browns. Cover with aluminum foil and refrigerate for at least 2 hours or overnight.",
    "Bake uncovered at 350 degrees Fahrenheit for 60-75 minutes. Let rest for 10 minutes before serving. Garnish with green onions, if desired!"
  ],
  "Nutrition": [
    "Calories: 302kcal",
    "Carbohydrates: 13g",
    "Protein: 19g",
    "Fat: 20g",
    "Saturated Fat: 10g",
    "Polyunsaturated Fat: 2g",
    "Monounsaturated Fat: 5g",
    "Trans Fat: 0.02g",
    "Cholesterol: 237mg",
    "Sodium: 727mg",
    "Potassium: 306mg",
    "Fiber: 1g",
    "Sugar: 2g",
    "Vitamin A: 663IU",
    "Vitamin C: 5mg",
    "Calcium: 282mg",
    "Iron: 2mg",
    ""
  ],
  "Comments": [
    "El says:Can I prepare and freeze for a week without baking first?",
    "Alyssa Rivers says:Yes you can. After assembling, wrap in a layer of plastic wrap and then foil to prevent freezer burn. Thaw the casserole in the fridge overnight before baking.",
    "Alexis says:Can this be put in the freezer for a month or two and reheated? Like would it be a good freezer meal for new parents?",
    "Alyssa Rivers says:Yes, this is perfect for freezing. Make and bake your breakfast casserole. Once it has completely cooled down, place it in an airtight container or ziplock bag. Lay flat in your freezer for up to 1 month. Let them know to thaw from frozen in the refrigerator overnight. Then they can warm individual servings in the microwave until warmed through.",
    "Rebecca Hutchinson says:Do the hash browns get soggy or should I brown them first",
    "Alyssa Rivers says:They don’t get soggy for me, and I just use them straight from frozen. You could brown them first if you want, but it isn’t necessary.",
    "Jill says:We can only get bags of hash unfrozen. Would that mess up the texture?",
    "Alyssa Rivers says:Hi Jill, thanks for the question! You can use unfrozen hash browns, it won’t change the texture! The frozen potatoes called for in the recipe will thaw as it sits in the refrigerator, so starting with no frozen hash browns will work just fine.",
    "Lisa says:Can  this be made baked and reheated the next day?",
    "Alyssa Rivers says:Yes, definitely!",
    "Sharon Davoren says:This was easy to make, and was enjoyed at our Mother’s Day brunch on Sunday. A couple of notes: as others suggested, I reduced the cook time by 1/2 hour (baked 40 mins covered, and uncovered for the last 20 mins).And subbed the hash browns on the bottom for extra crispy tater tots on top. *Hubby isn’t a potato fan, so I thought I’d make it easy for him to work around them. Surprise, surprise! he loved the tots and ate every one on his plate! And my grown son said next time, add more tots! Go figure…",
    "Jax Wittt says:I would like to use biscuits instead of potatoes.seen it done but do you think it would work?Bottem or top?  Time?ThanksJax",
    "Sheri says:The recipe is easy to put together. I warn you- Do not cook this for an hour and a half. I checked the casserole at one hour and it was already very brown. Eggs were set and so I took it out of the oven. It was done.",
    "MARY CARDI says:What are your thoughts on making in cupcake pan for individuals?  I am planning a breakfast potluck for about 55.",
    "Alyssa Rivers says:This breakfast casserole recipe would be great for that!!",
    "Celeste says:I’ve been looking for a recipe to make for Christmas morning or any occasion that’s quick and easy. Found it! Easy recipe to follow and simple ingredients. Being able to take it out the next day and bake it was just what I wanted. I checked it at 30 minutes then every 15 minutes and it was ready and golden in color after 60 minutes. I did keep it covered the first 45 minutes. It was so delicious and my family was very impressed! I served hot biscuits and fresh fruit with it. Thank you, this is a keeper!",
    "Taylor says:If I want to split this recipe in half and bake in a 7×11 pan will that change the oven temp or cooking time?",
    "Alyssa Rivers says:The oven temperature would stay the same, but you would want to cook it for about 60 minutes instead.",
    "BG says:Can the breakfast casserole be put together ahead of time and frozen, thawed and then baked?",
    "Alyssa Rivers says:Yes, it’s perfect for that!",
    "Ariane says:I’m sorry but the 90 minute cook time was wayyy too long. Mine was charred on the top—not appetizing looking at all! I am quite disappointed because I got ingredients to make this specifically for a family member who is hosting us before a funeral. I wanted to save us all time in the morning before the service starts.",
    "Lexi says:I mean, it’s always a great idea to keep checking on food that’s cooking too. Comments seem to agree that the time was off, but I’m assuming stoves probably vary a great deal in terms of temperature considering differences in brand, type, or age."
  ]
}