{
  "URL": "https://therecipecritic.com/best-ever-beef-cabbage-soup/",
  "Summary": "Beef and Cabbage soup is filled with beef and tender veggies. This soup is hearty, delicious, and full of flavor!",
  "Metadata": [
    "Prep Time:  15minutes",
    "Cook Time:  1hour",
    "Total Time:    1hour15minutes",
    "Servings:  4Servings"
  ],
  "Ingredients": [
    "1 pound lean ground beef",
    "1 tablespoon olive oil",
    "3 teaspoons minced garlic",
    "salt and pepper to taste",
    "½ chopped head cabbage",
    "1 (28-ounce) can diced tomatoes",
    "2 stalks chopped celery",
    "2 medium peeled and chopped carrots",
    "1 (16-ounce) can kidney beans, drained",
    "3 ½ cups beef broth",
    "1 tablespoon Italian seasoning"
  ],
  "Instructions": [
    "In a large pot, add 1 tablespoon olive oil and 1 pound lean ground beef. Cook and brown the beef until no longer pink.",
    "Add 3 teaspoons minced garlic and salt and pepper to taste and cook for 30 seconds.",
    "Add ½ chopped head cabbage, 1 (28-ounce) can diced tomatoes, 2 stalks chopped celery, 2 medium peeled and chopped carrots, 1 (16-ounce) can kidney beans, 3 ½ cups beef broth, and 1 tablespoon Italian seasoning. Stir to combine.",
    "Bring the soup to a boil, reduce the heat, and simmer for 1 hour. Garnish with parsley if desired."
  ],
  "Nutrition": [
    "Calories: 252kcal",
    "Carbohydrates: 12g",
    "Protein: 29g",
    "Fat: 10g",
    "Saturated Fat: 3g",
    "Polyunsaturated Fat: 1g",
    "Monounsaturated Fat: 5g",
    "Trans Fat: 0.4g",
    "Cholesterol: 70mg",
    "Sodium: 915mg",
    "Potassium: 874mg",
    "Fiber: 5g",
    "Sugar: 5g",
    "Vitamin A: 5318IU",
    "Vitamin C: 45mg",
    "Calcium: 110mg",
    "Iron: 4mg",
    ""
  ],
  "Comments": [
    "Kathy Ortiz says:I made this recipe & it was delicious but I think the next time I make it I am going to add potatoes to it. Thanks so much.",
    "Crystal says:I made this thinking it was going to be delicious, but I must’ve did something wrong. It taste so bland. Please help me figure out what to add or what I need to do different. I made this in a slow cooker. It’s halfway done.",
    "Margie says:I saved this recipe and plan to make it. I look at recipes and check the ingredients for healthy options.I was astonished at the sodium content  listed and wonder if that number is a misprint as they say. Forty nine thousand milligrams!!! It seems like a 3 cup carton of the beef broth would be somewhere around four-six thousand milligrams. I could be wrong. I am not a nutritionist but I know 49 thousand milligrams of sodium Is not something that would be healthy to eat.I thank you for the delicious recipe. I just wanted to share my thoughts.",
    "Terry L Brumfield says:That can’t  be correct",
    "Debi McGregor says:I am just trying this. I followed the recipe except I didn’t have a can of kidney beans. I grabbed what I thought was a can of white beans but after I stirred it it I realized it was white chili beans!I guess I’ll have to wait until I serve it tonight, with Famous Dave’s corn bread and see what everyone says.",
    "SunnyV says:This soup is delicious!..Thanks for sharing. Think I like this better than Vegetable Beef.",
    "Sandra FOWINKLE says:Great soup.  I added onions and small amount of frozen chopped bell peppers.  My family loved it.",
    "Tammy Kline says:Great soup but I can’t believe there is that much sodium in it! Big portion of soup too. Very satisfying on a cold winter day.",
    "Debi McGregor says:I forgot to mention that in my post. I normally do not salt anything I cook. I leave it to each person to decide. That is the highest salt content I have ever seen!!",
    "Ken Austin says:Recipe was spot on perfect!  As a previous writer had written, I added some diced onion.  Wow! Great for cold, wet days!  Thanks for this information!",
    "Karen Waltz says:The soup was great! Definitely a keeper!",
    "Larry H. says:Found your great cabbage soup recipe as I had xtra fesh cabbage from St. Paddy’s day.Great picture, easy to make and-so delicious. Thanks for sharing as you made my day.Freezing some for another few days ahead.Thank you-Larry",
    "Bek says:I just made this wonderful soup. I added onion and a handful  of barley.  It is delicious!"
  ]
}