{
  "URL": "https://therecipecritic.com/better-than-sex-cake/",
  "Summary": "This better than anything cake is a chocolate cake filled with caramel pockets, layered with cool whip and topped with heath bites making  this cake extremely moist and flavorful in every bite! Make this your next party cake! ",
  "Metadata": [
    "Prep Time:  15minutes",
    "Cook Time:  30minutes",
    "Total Time:  45minutes",
    "Servings:  16servings"
  ],
  "Ingredients": [
    "1 (15.25-ounce) box devil's food cake mix",
    "12 ounces caramel sauce",
    "1 (14-ounce) can sweetened condensed milk",
    "1 (8-ounce) container thawed whipped topping",
    "½ cup Heath toffee bits or crushed toffee bar"
  ],
  "Instructions": [
    "Bake 1 (15.25-ounce) box devil's food cake mix according to the directions on the box for a 9x13 cake pan.  Remove from the oven and let cool for 10 minutes.",
    "Add 12 ounces caramel sauce and 1 (14-ounce) can sweetened condensed milk to a medium bowl and mix until combined. Poke holes in the top of the warm cake with the handle of a wooden spoon, then pour the caramel mixture evenly over the top of the cake. Let it cool completely, for about an hour.",
    "Spread 1 (8-ounce) container thawed whipped topping on top of the cooled cake and sprinkle with ½ cup Heath toffee bits. Refrigerate for an hour and serve."
  ],
  "Nutrition": [
    "Calories: 314kcal",
    "Carbohydrates: 53g",
    "Protein: 4g",
    "Fat: 11g",
    "Saturated Fat: 5g",
    "Polyunsaturated Fat: 2g",
    "Monounsaturated Fat: 3g",
    "Trans Fat: 0.1g",
    "Cholesterol: 16mg",
    "Sodium: 347mg",
    "Potassium: 213mg",
    "Fiber: 1g",
    "Sugar: 44g",
    "Vitamin A: 182IU",
    "Vitamin C: 1mg",
    "Calcium: 134mg",
    "Iron: 1mg",
    ""
  ],
  "Comments": [
    "Becky P says:Will Hersey’s caramel syrup work. Is that considered caramel sauce?",
    "Alyssa Rivers says:Yes, that will work!",
    "Coral says:THIS IS THE BEST CAKE I HAVE EVER HAD!!!!",
    "Heather King says:I used brownies. I layered the brownies, syrup mixture then cool whip. Topped it with pecans. It was delicious!!",
    "Diane says:Could you use chocolate fudge topping instead of caramel?",
    "Alyssa Rivers says:That might be a little thick but you could try it!",
    "Sandy Mullins says:Thinking of making this but instead of cool whip, pecan coconut frosting. What do you think k?",
    "Alyssa Rivers says:That sounds delicious! Let me know how it turns out!",
    "Jackie Lewis says:Yummy!!!",
    "Alicia Ginther says:Would rather make my own whip cream, can I?",
    "Alyssa Rivers says:Yes, for sure!! That will be even more delicoius!",
    "anjali bansal says:Oh looks wonderful",
    "Janet Supinger says:This is an excellent cake. Made it years ago just called it a Paul Newman cake. Why I don’t know, but dag gone it was good!"
  ]
}