{
  "URL": "https://therecipecritic.com/better-than-takeout-shrimp-fried-rice/",
  "Summary": "Easy, flavorful shrimp fried rice made with cold rice, juicy shrimp, and crisp veggies. Ready in under 30 minutes!",
  "Metadata": [
    "Prep Time:  10minutes",
    "Cook Time:  20minutes",
    "Total Time:  30minutes",
    "Servings:  8Servings"
  ],
  "Ingredients": [
    "1 pound large shrimp peeled and deveined",
    "salt and pepper to taste",
    "2 tablespoons vegetable oil",
    "2 tablespoons sesame oil",
    "1 small chopped white onion",
    "1 cup frozen peas and carrots thawed",
    "3 beaten eggs",
    "3 cups cooked rice*",
    "3 tablespoons soy sauce more or less to taste",
    "2 tablespoons chopped green onions"
  ],
  "Instructions": [
    "Preheat a large skillet or wok to medium heat. Add 2 tablespoons vegetable oil and 1 pound large shrimp to the skillet and season with salt and pepper to taste. Cook the shrimp for 3-5 minutes or until no longer pink. Remove the shrimp from the skillet and set aside.",
    "Returning to the skillet, add 1 small chopped white onion and 1 cup frozen peas and carrots. Cook for 3-5 minutes or until tender.",
    "Slide the vegetables to the side and pour 3 beaten eggs onto the other side. Using a spatula, cook and scramble the eggs. Once cooked, mix the eggs with the vegetable mix.",
    "Increase the heat to medium-high. Add 3 cups cooked rice* and the cooked shrimp to the veggie and egg mixture. Pour in 3 tablespoons soy sauce and 2 tablespoons sesame oil, then stir until heated through and combined. Season with additional salt and pepper to taste, if needed, then garnish with 2 tablespoons chopped green onions."
  ],
  "Nutrition": [
    "Calories: 219kcal",
    "Carbohydrates: 21g",
    "Protein: 13g",
    "Fat: 9g",
    "Saturated Fat: 2g",
    "Polyunsaturated Fat: 4g",
    "Monounsaturated Fat: 3g",
    "Trans Fat: 0.03g",
    "Cholesterol: 133mg",
    "Sodium: 736mg",
    "Potassium: 173mg",
    "Fiber: 1g",
    "Sugar: 1g",
    "Vitamin A: 1868IU",
    "Vitamin C: 3mg",
    "Calcium: 55mg",
    "Iron: 1mg",
    ""
  ],
  "Comments": [
    "J Camacho says:Very easy recipe, but not great flavor.",
    "Karhy says:I’m going to try the shrimp fried rice today I don’t have anything day old rice Any suggestions Thank you",
    "Alyssa Rivers says:Hey Kathy, the rice doesn’t have to be day old, it can be made fresh!",
    "Lez B. says:If I use frozen shrimp, is it necessary to dump all the liquid after they cook? It was a lot.  Thanks!",
    "Alyssa Rivers says:I would dump any liquid left in the pan after cooking the shrimp. Let me know how it turns out!",
    "Shelley says:This recipe is the bomb. Fourth time I’m making it. I use Royal Blend rice to get away from white rice and love the heartier texture. Thank you for this recipe!"
  ]
}