{
  "URL": "https://therecipecritic.com/big-mac-burger/",
  "Summary": "Two juicy all-beef patties, special sauce, lettuce, cheese, pickles, and onions all on sesame seed buns! You'll love recreating this copycat Big Mac burger at home.",
  "Metadata": [
    "Prep Time:  20minutes",
    "Total Time:  20minutes",
    "Servings:  4Servings"
  ],
  "Ingredients": [
    "1 ¼ pounds ground beef",
    "salt and pepper to taste",
    "8 sesame seed buns, 2 bottoms and 1 top per burger",
    "4 slices American cheese",
    "white onion, finely diced",
    "iceberg lettuce, thinly shredded",
    "dill pickle slices",
    "1/2 cup mayonnaise",
    "2 tablespoons sweet pickle relish",
    "1 teaspoon white vinegar",
    "1/4 teaspoon garlic powder",
    "1/4 teaspoon onion powder",
    "1/4 teaspoon paprika",
    "1/8 teaspoon turmeric"
  ],
  "Instructions": [
    "In a small bowl, combine 1/2 cup mayonnaise, 2 tablespoons sweet pickle relish, 1 teaspoon white vinegar, 1/4 teaspoon garlic powder, 1/4 teaspoon onion powder, 1/4 teaspoon paprika, and 1/8 teaspoon turmeric. Chill in the refrigerator for several hours before serving.",
    "Divide 1 ¼ pounds ground beef evenly into 3-ounce portions and form into balls. Cover and place in the refrigerator while you prepare the rest of the ingredients.",
    "Heat your griddle or cast iron skillet to 400° Fahrenheit.",
    "Place two balls of beef on the hot griddle or skillet. You can cook all of the hamburgers at the same time if your griddle will fit them all. Just work quickly because the meat cooks fast.",
    "Press the ball of meat down with a large, flat metal spatula. Get the patty as flat and thin as you can. You'll be doubling up the patties, so don't be nervous about a thin patty. It helps to cover the meat with a piece of parchment paper to prevent the meat from sticking to the spatula.",
    "Cook for 2-3 minutes on each side.",
    "Add the following ingredients, working from the bottom up: bottom bun, Big Mac sauce, white onion,iceberg lettuce,beef patty, cheese, pickles, bottom bun, Big Mac sauce, onion, lettuce, beef patty, pickles, top bun."
  ],
  "Nutrition": [
    "Calories: 871kcal",
    "Carbohydrates: 45g",
    "Protein: 37g",
    "Fat: 59g",
    "Saturated Fat: 19g",
    "Cholesterol: 133mg",
    "Sodium: 1079mg",
    "Potassium: 518mg",
    "Fiber: 2g",
    "Sugar: 8g",
    "Vitamin A: 324IU",
    "Vitamin C: 1mg",
    "Calcium: 392mg",
    "Iron: 6mg"
  ],
  "Comments": [
    "Kasey says:This sauce is delicious! I’ve never had a big mac so I can’t compare the two, but there’s no need when I can make my own yummy sauce! Thanks always ?",
    "Martha says:The sauce recipes here are fine but I am pretty sure I taste a hint of horseradish in the Real Special sauce.  Adding that to the recipes I see would be fine.",
    "Alyssa Rivers says:That is a great idea if you would like to add that! Thanks so much for sharing! XOXO",
    "John Larson says:Really taste the sauce from the restaurant. Taste it and let your breath out your nose to taste the back flavors. You will taste a hint of horseradish. I put a little in and it nails the taste.",
    "Zareen Khan says:I came to your blog through Mollys Soup Blog. Read almost all your posts. How can I subscribe to your monthly subscription to get updates on the latest posts.",
    "colleen says:Made this for my family  tonight it was amazing  thank you for your amazing recipe look forward to see a cook book  from you",
    "sooperarticles.com says:Thanks on your marvelous posting! I quite enjoyed reading it, you can be a great author.I will remember to bookmark your blog and will eventuallycome back down the road. I want to encourage  continue your greatjob, have a nice weekend!",
    "cherie says:Actually the secret sauce is nothing more than Thousand Island dressing. It came in #10 cans. The onions are nothing more than reconstituted dried minced onion bits. And the burgers were frozen which were shipped in from another country most of the time. Also a lot of Mc D’s are using halal fish and meats now. I suggest you look up halal to find out how the product you are eating is processed. But only if you don’t have a weak stomach. Butterball turkeys are now halal …stay away from those as well.",
    "Lindy says:I’m going to try this next weekend! In Layton there is a Franz bakery outlet type store and they have big mac style buns with the middle piece in it. I accidentally got them last time I was there. I will go back and see if they still have them.",
    "Cynthia Schultz says:Made these tonight, my husband loved them, said they were better than a Big Mac, which we do not eat anymore!  Recipe going in the keep pile.",
    "Jocelyn says:This is a fabulous burger!  I made one Big Mac for my son (it was his birthday), and single patty burgers for the rest of the family.I used sharp cheddar cheese instead of the American, and I used homemade hamburger buns.  My mom said it was the best burger she has ever had.  Thanks so much!",
    "John says:Here is a better sauce. That tastes EXACTLY like Mickey Dee’s. After making, let it chill for a few hours so the flavors are developed. I triple this recipe for “burger night”1/2 cup Mayo (NOT miracle whip!)2 Tblspns bottled French dressing4 teaspns sweet pickle relish1 Tblspn finely minced white onion1 teaspn white vinagar1 teaspn sugar1/8 Teaspn saltJust as an fyi, Mickey Dee’s uses reconstituted dried chopped onion on their burgers..Yuk.",
    "Gloria // Simply Gloria says:Liz, loving the secret sauce action you have going on with this burger!  I think I may be the only one that has never tried a Big Mac… but, I will tell you that this is definitely going to be on the menu from my own kitchen!     Great creation, pinned!",
    "Happy Valley Chow says:That looks awesome and sounds delicious! Thanks for sharing 🙂Happy Blogging!Happy Valley Chow"
  ]
}