{
  "URL": "https://therecipecritic.com/big-mac-sauce/",
  "Summary": "My copycat Big Mac sauce recipe is creamy, tangy, and just like the original. Perfect for burgers, fries, and dipping everything in between.",
  "Metadata": [
    "Prep Time:  5minutes",
    "Total Time:  5minutes",
    "Servings:  4servings"
  ],
  "Ingredients": [
    "½ cup mayonnaise",
    "2 tablespoons sweet pickle relish",
    "1 teaspoon distilled white vinegar",
    "¼ teaspoon garlic powder",
    "¼ teaspoon onion powder",
    "¼ teaspoon paprika",
    "¼ teaspoon salt",
    "⅛ teaspoon turmeric",
    "granulated sugar if needed, to taste"
  ],
  "Instructions": [
    "Add  ½ cup mayonnaise, 2 tablespoons sweet pickle relish, 1 teaspoon distilled white vinegar, ¼ teaspoon garlic powder, ¼ teaspoon onion powder, ¼ teaspoon paprika, ¼ teaspoon salt, and ⅛ teaspoon turmeric to a medium bowl and whisk to combine.",
    "If you like your Big Mac sauce a little sweeter, add ½-1 teaspoon of granulated sugar, or to taste, and whisk until combined.",
    "Enjoy with French fries, as a dipping sauce, or on a burger. Makes about ⅔ cup."
  ],
  "Nutrition": [
    "Serving: 2tablespoons",
    "Calories: 202kcal",
    "Carbohydrates: 3g",
    "Protein: 0.4g",
    "Fat: 21g",
    "Saturated Fat: 3g",
    "Polyunsaturated Fat: 13g",
    "Monounsaturated Fat: 5g",
    "Trans Fat: 0.1g",
    "Cholesterol: 12mg",
    "Sodium: 384mg",
    "Potassium: 15mg",
    "Fiber: 0.2g",
    "Sugar: 2g",
    "Vitamin A: 171IU",
    "Vitamin C: 0.1mg",
    "Calcium: 4mg",
    "Iron: 0.2mg"
  ],
  "Comments": [
    "Paula Campos says:Do you drain the pickle relish?"
  ]
}