{
  "URL": "https://therecipecritic.com/birds-nest-cookies/",
  "Summary": "These birds nest cookies are so cute, little and fun to make with kiddos. They are filled with creamy peanut butter, milk chocolate and butterscotch chips all melted together with chow Mein noodles to look like a nest. Add Cadbury eggs for a special touch birds nest touch!",
  "Metadata": [
    "Prep Time:  15minutes",
    "Total Time:  15minutes",
    "Servings:  24Nests"
  ],
  "Ingredients": [
    "2 cups milk chocolate chips",
    "2 cups butterscotch chips",
    "¼ cup creamy peanut butter",
    "12 ounces chow mein noodles",
    "1  (9-ounce) bag Cadbury mini eggs"
  ],
  "Instructions": [
    "In a large microwave-safe bowl, add 2 cups milk chocolate chips, 2 cups butterscotch chips, and ¼ cup creamy peanut butter. Microwave, stirring after 30 seconds, until melted and smooth.",
    "Stir in 12 ounces chow mein noodles and mix until combined.",
    "Scoop out 2 tablespoons of the mixture and place on a baking sheet pan lined with parchment paper. Use 1  (9-ounce) bag Cadbury mini eggs to top each nest with 3 Cadbury eggs. Let sit until chocolate has hardened."
  ],
  "Nutrition": [
    "Calories: 197kcal",
    "Carbohydrates: 33g",
    "Protein: 3g",
    "Fat: 6g",
    "Saturated Fat: 3g",
    "Cholesterol: 4mg",
    "Sodium: 167mg",
    "Potassium: 17mg",
    "Fiber: 1g",
    "Sugar: 21g",
    "Vitamin A: 48IU",
    "Vitamin C: 1mg",
    "Calcium: 19mg",
    "Iron: 1mg"
  ],
  "Comments": [
    "Sabrina says:love these and haven’t ever seen anything like them, so thank you, very creative!"
  ]
}