{
  "URL": "https://therecipecritic.com/biscoff-cheesecake/",
  "Summary": "Soft, rich, and loaded with delicious cookie butter flavor, this Biscoff cheesecake is sure to please! Everyone will be lining up for a slice.",
  "Metadata": [
    "Prep Time:    1hour15minutes",
    "Cook Time:    1hour15minutes",
    "chill time:  6hours",
    "Total Time:    8hours30minutes",
    "Servings:  10servings"
  ],
  "Ingredients": [
    "2 cups crushed Biscoff cookies, about 32 cookies or 1 (8.78-ounce) package",
    "⅓ cup brown sugar",
    "5 tablespoons melted unsalted butter",
    "1 pinch salt",
    "32 ounces room temperature cream cheese, 4 (8-ounce) packages",
    "¾ cup packed dark brown sugar",
    "¼ cup granulated sugar",
    "1 cup Biscoff cookie butter, or homemade cookie butter",
    "8 ounces room temperature sour cream",
    "1 tablespoon vanilla extract",
    "5 room temperature large eggs",
    "whipped cream",
    "Biscoff cookies",
    "Biscoff cookie butter"
  ],
  "Instructions": [
    "Preheat the oven to 325 degrees Fahrenheit. Prepare a 10-inch springform pan by spraying lightly with nonstick cooking spray. To make the Biscoff cookie crumbs, add 32 Biscoff cookies to a blender or a food processor and pulse until they become fine crumbs.",
    "In a medium bowl, combine 2 cups crushed Biscoff cookies, ⅓ cup brown sugar, 5 tablespoons melted unsalted butter, and 1 pinch salt. This should resemble damp sand.",
    "Pour the crumb mixture into the prepared springform pan and press evenly into the pan. You can use the bottom of a flat glass or a flat measuring cup to really press it in well and get a nice, even crust.",
    "Bake for 10 minutes. Remove from the oven and set aside to cool completely. Keep the oven on as the cheesecake will bake at the same temperature.",
    "Add 32 ounces room temperature cream cheese, to the mixing bowl of a stand mixer and beat with a paddle at medium-high speed for about 1 minute. Scrape down the sides and bottom of the bowl and beat for a few seconds more.",
    "Add ¾ cup packed dark brown sugar and ¼ cup granulated sugar and beat for 1 minute on medium-high speed. Scrape the bowl again and mix for 1 more minute. Add 1 cup Biscoff cookie butter, and mix until combined before scraping down the bowl again. Add 8 ounces room temperature sour cream and 1 tablespoon vanilla extract and mix until combined, scraping down the bowl again.",
    "Add 5 room temperature large eggs one at a time and beat on low speed until combined, about 30 seconds-1 minute. Scrape down the bowl as needed, which will help create a smooth batter.",
    "Using 18-inch heavy-duty aluminum foil, wrap the outside of the springform pan with 4 sheets of foil, ensuring the sheets are long enough to go up all sides of the pan. You can use regular foil, but it may take a couple more sheets to ensure the water does not get into the pan.",
    "Place the wrapped pan in a deep roasting pan. You can alternatively use a baking sheet, so long as the sides are about 2 inches deep. Add the cheesecake batter to the pan and smooth over the top of it.",
    "Using very hot water, add water to the baking pan until there is about 1 ½ inches of water around the springform pan. carefully move the baking pan to a rack in the oven that is positioned in the lower third of the oven.",
    "Bake for 1-1 ½ hours. After about an hour of baking, check the cheesecake’s consistency. A slight jiggle of the pan (while still in the oven) should tell you if it’s ready or needs more time. The cheesecake should be jiggly, but not liquid. If it seems very liquid still, give it 15 more minutes and check it again.",
    "Once the cheesecake is fairly firm but still has a slight wobble, turn the oven off but leave the cheesecake in the oven for another hour or so, until the oven has cooled down. Resist the temptation to open the oven during this time! The purpose of this step is to allow the cheesecake to cool slowly as the oven cools. Doing this will prevent it from cracking, as one of the biggest reasons cheesecakes crack is the drastic temperature change going from the hot oven into the much cooler kitchen.",
    "Once the oven and the cheesecake are cooled, remove from the oven and carefully remove the foil lining the pan.",
    "Chill in the fridge for 4-6 hours, or overnight before serving.",
    "Before serving top the cheesecake with Biscoff cookie butter, whipped cream, and Biscoff cookies and cookie crumbs."
  ],
  "Nutrition": [
    "Calories: 798kcal",
    "Carbohydrates: 65g",
    "Protein: 12g",
    "Fat: 55g",
    "Saturated Fat: 28g",
    "Polyunsaturated Fat: 3g",
    "Monounsaturated Fat: 13g",
    "Trans Fat: 0.2g",
    "Cholesterol: 213mg",
    "Sodium: 464mg",
    "Potassium: 296mg",
    "Fiber: 0.5g",
    "Sugar: 45g",
    "Vitamin A: 1670IU",
    "Vitamin C: 0.2mg",
    "Calcium: 164mg",
    "Iron: 2mg",
    ""
  ],
  "Comments": [
    "Amy says:The ingredient list shows Vanilla wafers for the crust, but the instructions mention Biscoff cookies.  I’m sure either/or would be fine, but is the intention to make a biscoff crust for this recipe?"
  ]
}