{
  "URL": "https://therecipecritic.com/blackened-cajun-shrimp-tacos-avocado-salsa/",
  "Summary": "Blackened cajun shrimp tacos with Avocado salsa are made with so many fresh ingredients and the blackened cajun shrimp takes it to the next level with flavor! These are some healthy and delicious tacos you have got to try!",
  "Metadata": [
    "Prep Time:  15minutes",
    "Cook Time:  3minutes",
    "Total Time:  18minutes",
    "Servings: 4"
  ],
  "Ingredients": [
    "1 pound jumbo shrimp peeled and deveined (you can also remove the tails if you prefer)",
    "1 Tablespoon cajun seasoning",
    "2 tablespoons olive oil",
    "3 roma tomatoes diced",
    "(1) 11-ounce can of yellow corn, drained",
    "(1) 15 ounce can black beans, rinsed and drained",
    "1/2 red onion, diced",
    "2 avocados, diced",
    "1/4 cup chopped cilantro",
    "juice of one lime",
    "salt and pepper to taste",
    "crumbled feta  (optional topping)",
    "4-6 flour tortillas"
  ],
  "Instructions": [
    "In a medium-sized bowl add the shrimp and cajun seasoning. Toss until coated. In a medium-sized skillet over medium-high heat add olive oil and shrimp. Cook for about 2-3 minutes until no longer pink.",
    "To make the avocado salsa: Add the tomatoes, corn, black beans, red onion, avocado, lime juice and cilantro to a bowl. Salt and pepper to taste.",
    "Assemble the tacos dividing the avocado salsa and topping with shrimp. Sprinkle with crumbled feta and serve immediately."
  ],
  "Nutrition": [
    "Calories: 415kcal",
    "Carbohydrates: 29g",
    "Protein: 21g",
    "Fat: 26g",
    "Saturated Fat: 4g",
    "Polyunsaturated Fat: 4g",
    "Monounsaturated Fat: 16g",
    "Trans Fat: 0.01g",
    "Cholesterol: 143mg",
    "Sodium: 875mg",
    "Potassium: 830mg",
    "Fiber: 9g",
    "Sugar: 4g",
    "Vitamin A: 1668IU",
    "Vitamin C: 18mg",
    "Calcium: 130mg",
    "Iron: 2mg",
    ""
  ],
  "Comments": [
    "P T says:Think this could be done in the air fryer?  I just got mine and am experimenting!",
    "Alyssa Rivers says:Yes! I’m sure it could. I LOVE my air fryer! I cooked shrimp with it before using this recipe: Perfect 10 minute Air Fryer Shrimp",
    "Karen says:Absolutely delicious!! I recently went to tropical cafe and saw Cajun shrimp wraps  and I thought I want to make that at home so I got online and starting searching for recipes I came across this one although it wasn’t a wrap these were the yummiest shrimp tacos I’ve ever had. I’m used to traditional tacos and I not too long ago made a decision that I was going to change my bad eating habits. Anyways these were sooo good, I could eat the salsa right by itself. I substituted the cilantro with Italian parsley not intentionally, I accidentally picked up the wrong thing when grocery shopping lol and didnt realize until I started making the recipe. I did intentionally substitute the flour tortillas with yellow corn tortillas as they are lower in carbs and instead of jumbo shrimp I used extra large never the less again this was very very good. I want to try this salsa with chicken next time I make it.",
    "Alyssa Rivers says:That’s a great idea! Let me know how it turns out!",
    "M says:These look delicious but I would definitely remove the tail tips after cooking. Don’t want to CHOKE on those?",
    "Donna says:One of the best recipes I’ve ever made!  Love it!",
    "Mikez says:This is right in my taste.Any suggestions on which CajunSeasoning is best here?",
    "Alyssa Rivers says:I used McCormick but any would be great!"
  ]
}