{
  "URL": "https://therecipecritic.com/black-frosting/",
  "Summary": "This delicious black frosting is fun to make for special occasions, especially for Halloween, seasonal treats, and desserts.  It's made with black cocoa powder, which tastes just like Oreo's! The best part is that it won't dye your mouth, hands, or clothing! It's the perfect frosting for witchy cakes and other dramatic parties. ",
  "Metadata": [
    "Prep Time:  1hour",
    "chill time:  40minutes",
    "Total Time:    1hour40minutes",
    "Servings:  3.5cups"
  ],
  "Ingredients": [
    "1 cup granulated sugar",
    "½ cup black cocoa powder",
    "4 tablespoons all-purpose flour",
    "1 cup milk",
    "1 ½ cups unsalted butter, room temperature",
    "1 teaspoon vanilla extract",
    "1 dash salt"
  ],
  "Instructions": [
    "Add 1 cup granulated sugar, ½ cup black cocoa powder, and 4 tablespoons all-purpose flour to a pan and whisk to combine. Add 1 cup milk and whisk to combine. Cook over medium heat while whisking until it reaches a thin pudding-like consistency, about 10 minutes.",
    "Remove the milk mixture from the heat and transfer to a small heat-proof bowl. Cover with plastic wrap so it touches the surface of the milk mixture and chill in the fridge for at least 40 minutes until it has set up into a thick paste.",
    "Add room-temperature 1 ½ cups unsalted butter, to the bowl of a stand mixer fitted with the whisk attachment and whip on high speed for about 8 minutes until light and fluffy. Scrape down the sides and bottom of the bowl a couple of times to ensure all of the butter is whipped.",
    "Add the cooled flour mixture to the whipped butter one scoop at a time while whipping on medium speed until fully incorporated.",
    "Scrape down the sides and bottom of the bowl and switch to the paddle attachment. Add 1 teaspoon vanilla extract and 1 dash salt and beat on medium speed for 10-13 minutes, until smooth and fluffy, with a nice glossy shine."
  ],
  "Nutrition": [
    "Calories: 1013kcal",
    "Carbohydrates: 72g",
    "Protein: 6g",
    "Fat: 83g",
    "Saturated Fat: 52g",
    "Polyunsaturated Fat: 3g",
    "Monounsaturated Fat: 21g",
    "Trans Fat: 3g",
    "Cholesterol: 218mg",
    "Sodium: 40mg",
    "Potassium: 264mg",
    "Fiber: 3g",
    "Sugar: 61g",
    "Vitamin A: 2544IU",
    "Calcium: 122mg",
    "Iron: 2mg"
  ],
  "Comments": [
    "Kari says:Can you pipe this?",
    "Alyssa Rivers says:Hi Kari, yes you can! Tag me on instagram with a picture of your finished product! I want to see what you make!"
  ]
}