{
  "URL": "https://therecipecritic.com/blackberry-lime-fruit-salad/",
  "Summary": "Blackberry Lime Fruit Salad showcases tons of fresh, summer fruit and has a delicious easy dressing. Refreshing, light, and sweet, this fruit salad will be eaten in no time!",
  "Metadata": [
    "Prep Time:  15minutes",
    "Total Time:  15minutes",
    "Servings:  6people"
  ],
  "Ingredients": [
    "1/4 cup orange juice",
    "1 teaspoon orange zest",
    "juice and zest from one lemon",
    "juice and zest large lime",
    "1/4 cup honey",
    "1 teaspoon vanilla extract",
    "1 teaspoon poppyseeds",
    "1 (15 ounces) can mandarin oranges,  thoroughly drained",
    "2 cups fresh strawberries hulled and sliced",
    "3 medium kiwis peeled, halved, and sliced",
    "1 cup seedless grapes",
    "1 cups blueberries",
    "2 large mangoes peeled and diced",
    "1 cup blackberries",
    "1 cup raspberries"
  ],
  "Instructions": [
    "In a medium saucepan add the orange juice, zest, lemon juice and zest, lime juice and zest, and honey to a boil over medium high heat.  Reduce the heat for about 5 minutes and let it thickem.  Add in the vanilla and poppyseeds.  Set aside to cool.",
    "In a large bowl, add in the prepared mandarin oranges, sliced strawberries, sliced kiwis, grapes, blueberries, mangoes, blackberries, and raspberries.",
    "Pour the dressing over the salad and lightly toss the ingredients together.",
    "Return to the fridge to allow to cool and let the flavors meld.",
    "Serve after the salad has been chilled, tossing once more."
  ],
  "Nutrition": [
    "Calories: 189kcal",
    "Carbohydrates: 47g",
    "Protein: 3g",
    "Fat: 1g",
    "Saturated Fat: 1g",
    "Polyunsaturated Fat: 1g",
    "Monounsaturated Fat: 1g",
    "Sodium: 5mg",
    "Potassium: 501mg",
    "Fiber: 7g",
    "Sugar: 37g",
    "Vitamin A: 903IU",
    "Vitamin C: 115mg",
    "Calcium: 57mg",
    "Iron: 1mg",
    ""
  ],
  "Comments": [
    "Jessica says:The flavors were ok but the dressing never thickened and was WAY too much for the amount of fruit. Decent idea but needs some big changes to be better than decent. Probably would not make again.",
    "Miriam says:Gorgeous! I love the zesty dressing!"
  ]
}