{
  "URL": "https://therecipecritic.com/black-velvet-cake/",
  "Summary": "Come to the dark side with this gorgeous black velvet cake! Not only is it a showstopper and perfect for any Halloween party, but supremely moist and delicious to boot! Each bite is loaded with the most amazing cocoa flavor.",
  "Metadata": [
    "Prep Time:  20minutes",
    "Cook Time:  45minutes",
    "Total Time:    1hour5minutes",
    "Servings:  12servings"
  ],
  "Ingredients": [
    "1 cup granulated sugar",
    "⅔ cup dark brown sugar packed",
    "⅔ cup vegetable oil",
    "3 large eggs room temperature",
    "2 teaspoons vanilla extract",
    "½ cup black cocoa powder",
    "¼ cup unsweetened cocoa powder not dutch process",
    "2 cups all-purpose flour",
    "1 teaspoon baking soda",
    "2 teaspoons baking powder",
    "1 teaspoon salt",
    "2/3 cup buttermilk",
    "⅓ cup sour cream",
    "1 cup hot coffee",
    "1 cup granulated sugar",
    "⅓ cup black cocoa powder",
    "4 tablespoons flour",
    "1 ¼ cup milk",
    "1 1/2 cup unsalted butter room temperature",
    "1 teaspoon vanilla extract",
    "1 dash salt"
  ],
  "Instructions": [
    "Preheat the oven to 350 degrees Fahrenheit. Spray two 8-inch round cake pans with pan spray and add a parchment round to the bottom. Spray the parchment with pan spray and set aside.",
    "Add both sugars and vegetable oil to a large mixing bowl and beat with a hand mixer or the paddle attachment until combined. Add the eggs and vanilla and mix until combined.",
    "In a medium bowl, whisk together the black cocoa powder, regular cocoa powder, flour, baking soda, baking powder, and salt. Add the dry ingredients to the wet in 3 increments while mixing on low speed. Once all the dry ingredients have been added, mix on medium speed until fully combined.",
    "Scrape down the sides and bottom of the bowl and add the buttermilk and sour cream. Mix until combined. Add the hot coffee and mix until combined.",
    "Divide the batter evenly into the two prepared cake pans and bake for 40-45 minutes, until the tops of the cakes spring back when gently pressed and a toothpick comes out clean from the center.",
    "Let the cakes cool for 5-10 minutes before inverting them on a cooling rack. Let cool completely before serving.",
    "Add the sugar, cocoa powder, flour, and milk to a pan. Cook over medium heat while whisking constantly until it is a thin-pudding consistency, about 10-12 minutes.",
    "Remove from the heat and transfer to a heat-proof bowl. Cover with plastic wrap and chill in the fridge for at least 40 minutes",
    "Add the room-temperature butter to a stand mixer and whip with the whisk attachment for about 8 minutes, until the butter is light and fluffy.",
    "Add the flour mixture to the butter one scoop at a time until it is all incorporated",
    "Scrape down the sides and bottom of the bowl and switch to the paddle attachment. Add the vanilla and salt and beat on medium-high for 10-13 minutes, until smooth and fluffy."
  ],
  "Nutrition": [
    "Calories: 644kcal",
    "Carbohydrates: 70g",
    "Protein: 7g",
    "Fat: 40g",
    "Saturated Fat: 19g",
    "Polyunsaturated Fat: 8g",
    "Monounsaturated Fat: 10g",
    "Trans Fat: 1g",
    "Cholesterol: 110mg",
    "Sodium: 336mg",
    "Potassium: 325mg",
    "Fiber: 4g",
    "Sugar: 48g",
    "Vitamin A: 871IU",
    "Vitamin C: 0.1mg",
    "Calcium: 119mg",
    "Iron: 3mg",
    ""
  ],
  "Comments": [
    "Kay Pea says:Can you make the cake ahead of time and frozen?  Before frosting, of course.",
    "Nicole Large says:This looks amazing, i’m going to make it for someone who really hates coffee flavour (like even the smallest bit) is there defiantly NO taste at all of coffee in this?",
    "Alyssa Rivers says:It’s really subtle, but you can omit the coffee if you’d like!",
    "Nicole Large says:Thank you! I only have one cake tin on hand, would you recommend spitting the recipe in half, and leaving the batter in the fridge while one layer cooks, or mix it up in two parts (split recipe in half, and make one half after i get the cake tin cleaned)",
    "Trish says:What is black cocoa powder?",
    "Trish says:Oops…☺️I meant to ask, where can I buy black cocoa powder?",
    "Tina says:My frosting keeps coming out with a sour taste. I made it again and it gets the sour smell as soon as i add the milk before it even cooks too.  All fresh ingredients.",
    "April A. says:I made this recently and it was amazing!! My frosting did not look as dark as the picture but was so fluffy and a perfect combination to the cake.",
    "Charleen says:I just love your cake recipes and would love to try this one.Here in South Africa our cup sizes are 250 ml – Please let me know what Cup-size you use.",
    "Alyssa Rivers says:One US cup is about 236 mL.",
    "CDLV says:Can’t wait to try this cake! I saw one made like it, but using ballet pink frosting and it was absolutely gorgeous! Love all your recipes!",
    "ElmoSmiley says:Black Velvet and that pretty boy smile;Black velvet and that slow southern style;A new religion that will bring you to your knees;Black Velvet, if you please!Yes Ma’am!",
    "ElmoSmiley says:Oops! Forgot the 5 Stars!",
    "Debby Hood says:Love your reference!"
  ]
}