{
  "URL": "https://therecipecritic.com/black-bean-tacos/",
  "Summary": "Black bean tacos are an easy-to-make and healthy vegetarian dinner that the whole family will love. Flavorful black beans are spooned inside soft tortillas and topped with simple corn salsa and some avocado crema. ",
  "Metadata": [
    "Prep Time:  20minutes",
    "Cook Time:  10minutes",
    "Total Time:  30minutes",
    "Servings:  4servings"
  ],
  "Ingredients": [
    "1 tablespoon cooking oil",
    "½  cup minced onion",
    "2 cloves garlic minced",
    "2 teaspoons  taco seasoning",
    "2 14-ounce cans black beans drained aand rinsed",
    "1 cup salsa",
    "Salt and pepper to taste",
    "16 4-inch corn or flour tortillas",
    "1 cup frozen corn thawed and dried",
    "1 tablespoon lime juice",
    "¼  cup cojita or feta cheese",
    "¼  cup chopped cilantro",
    "1 ripe avocado peeled and seed removed",
    "½  cup thick plain yogurt",
    "2 tablespoons lime juice",
    "1 pinch salt"
  ],
  "Instructions": [
    "Make the corn salsa by mixing the ingredients together in a small bowl.",
    "Make the avocado crema by mashing the avocado in a small bowl then mixing it with the yogurt, lime juice, and salt.",
    "Heat the oil in a large frying pan over medium-high heat. Add the onion and saute until it's translucent –  about 3 minutes. Add the garlic and taco seasoning and cook for one more minute.",
    "Add the black beans and salsa and heat through, mashing the beans a little as you stir. Season to taste with salt and pepper.",
    "To serve the black bean tacos, warm the tortillas on the stovetop, in your microwave, or in the oven. Pile them high with the black beans then top with some corn salsa and avocado crema."
  ],
  "Nutrition": [
    "Calories: 257kcal",
    "Carbohydrates: 30g",
    "Protein: 7g",
    "Fat: 15g",
    "Saturated Fat: 3g",
    "Polyunsaturated Fat: 2g",
    "Monounsaturated Fat: 8g",
    "Trans Fat: 0.01g",
    "Cholesterol: 12mg",
    "Sodium: 600mg",
    "Potassium: 730mg",
    "Fiber: 7g",
    "Sugar: 7g",
    "Vitamin A: 536IU",
    "Vitamin C: 19mg",
    "Calcium: 138mg",
    "Iron: 1mg",
    ""
  ],
  "Comments": []
}