{
  "URL": "https://therecipecritic.com/black-bean-brownies/",
  "Summary": "Black bean brownies are rich, fudgy, and packed with chocolatey goodness! They have a slightly denser texture, similar to a protein bar, but still satisfy that brownie craving. ",
  "Metadata": [
    "Prep Time:  10minutes",
    "Cook Time:  24minutes",
    "cooling time:  10minutes",
    "Total Time:  44minutes",
    "Servings:  9brownies"
  ],
  "Ingredients": [
    "1 (15-ounce) can black beans,  drained and rinsed",
    "⅓ cup unsweetened cocoa powder",
    "½ cup all-purpose flour",
    "½ cup granulated sugar",
    "¼ cup melted salted butter",
    "1 large egg",
    "¼ teaspoon salt",
    "1 teaspoon instant coffee",
    "2 teaspoons vanilla extract",
    "½ teaspoon baking powder",
    "¾ cup semi-sweet chocolate chips"
  ],
  "Instructions": [
    "Preheat the oven to 350 degrees Fahrenheit and spray an 8 x 8 x 2-inch baking pan with nonstick cooking spray.",
    "Add 1 (15-ounce) can black beans,  to a food processor and blend until smooth.",
    "Add ⅓ cup unsweetened cocoa powder, ½ cup all-purpose flour, ½ cup granulated sugar, ¼ cup melted salted butter, 1 large egg, ¼ teaspoon salt, 1 teaspoon instant coffee, 2 teaspoons vanilla extract, and ½ teaspoon baking powder and blend until combined. Scrape down the sides and bottom of the food processor and blend for a few more seconds to ensure the batter is fully combined.",
    "Transfer the batter to a medium bowl and stir in ¾ cup semi-sweet chocolate chips.",
    "Pour the batter into the prepared baking pan. Sprinkle a few extra chocolate chips on top, if desired, and bake for 21-24 minutes, until a toothpick comes out clean from the center.",
    "Let the brownies cool for at least 10 minutes before serving."
  ],
  "Nutrition": [
    "Calories: 261kcal",
    "Carbohydrates: 34g",
    "Protein: 6g",
    "Fat: 12g",
    "Saturated Fat: 7g",
    "Polyunsaturated Fat: 1g",
    "Monounsaturated Fat: 3g",
    "Trans Fat: 0.2g",
    "Cholesterol: 33mg",
    "Sodium: 296mg",
    "Potassium: 323mg",
    "Fiber: 6g",
    "Sugar: 17g",
    "Vitamin A: 193IU",
    "Vitamin C: 1mg",
    "Calcium: 45mg",
    "Iron: 3mg",
    ""
  ],
  "Comments": []
}