{
  "URL": "https://therecipecritic.com/blackened-shrimp-avocado-burrito-bowls/",
  "Summary": "Blackened Shrimp Avocado Burrito Bowls are the perfect way to ring in the New Year with big bold flavor and a healthy meal! These are packed with blackened shrimp, brown rice, corn, black beans, and avocado. They are also great for meal prep!",
  "Metadata": [
    "Prep Time:  15minutes",
    "Cook Time:  5minutes",
    "Total Time:  20minutes",
    "Servings:  5Servings"
  ],
  "Ingredients": [
    "1 pound large shrimp peeled and deveined",
    "1 tablespoon chili powder",
    "2 teaspoons paprika",
    "1 teaspoon onion powder",
    "1 teaspoon cumin",
    "½ teaspoon garlic powder",
    "1 teaspoon salt",
    "¼ teaspoon pepper",
    "2 tablespoons olive oil",
    "1 avocado",
    "¼ cup chopped cilantro",
    "¼ cup Greek yogurt",
    "1 garlic clove",
    "3 tablespoons olive oil add more for smoother consistency",
    "½ teaspoon salt",
    "¼ teaspoon pepper",
    "1 (15.25 ounce) can corn drained and rinsed",
    "1 (15.25 ounce) can black beans drained and rinsed",
    "2 cups cooked brown rice I used a brown rice quinoa blend",
    "2 sliced avocados"
  ],
  "Instructions": [
    "Add 1 pound large shrimp to a large bowl. Add 1 tablespoon chili powder, 2 teaspoons paprika, 1 teaspoon onion powder, 1 teaspoon cumin, ½ teaspoon garlic powder, 1 teaspoon salt, and ¼ teaspoon pepper and mix to combine.",
    "In a medium-sized skillet add 2 tablespoons olive oil and shrimp. Cook over medium-high heat until cooked through.",
    "To make the Greek Yogurt Avocado ranch: In a food processor, add 1 avocado, ¼ cup chopped cilantro, ¼ cup Greek yogurt, 1 garlic clove, 3 tablespoons olive oil ½ teaspoon salt, and ¼ teaspoon pepper. Pulse until smooth. Add a little water if a smoother consistency is desired.",
    "To assemble the bowls, divide the shrimp, 1 (15.25 ounce) can corn, 1 (15.25 ounce) can black beans, 2 cups cooked brown rice, and 2 sliced avocados evenly. If using for meal prep, add the avocado right before eating. Drizzle with dressing."
  ],
  "Nutrition": [
    "Calories: 487kcal",
    "Carbohydrates: 32g",
    "Protein: 18g",
    "Fat: 34g",
    "Saturated Fat: 5g",
    "Polyunsaturated Fat: 4g",
    "Monounsaturated Fat: 22g",
    "Trans Fat: 0.01g",
    "Cholesterol: 115mg",
    "Sodium: 1253mg",
    "Potassium: 838mg",
    "Fiber: 11g",
    "Sugar: 1g",
    "Vitamin A: 1269IU",
    "Vitamin C: 13mg",
    "Calcium: 98mg",
    "Iron: 2mg",
    ""
  ],
  "Comments": [
    "Debbie says:Aren’t you supposed to add some olive oil with the shrimp and seasonings in the bowl before adding to the skillet?  Otherwise, why are we diving the 2 TBL of olive oil?Thanks",
    "Alyssa Rivers says:Hi Debbie, I should not have put in the word divided. The 2 tablespoons are just to put in the pan to cook the shrimp! Thanks for catching that!",
    "Kelsey says:The sauce was delicious!",
    "Jasmine G. says:Just made this and it was delicious. I’m bummed there’s none left over for tomorrow’s lunch. I made just as directed with rice. Took me about 30 minutes in total. I will definitely be adding this to my rotation."
  ]
}