{
  "URL": "https://therecipecritic.com/black-bean-dip/",
  "Summary": "This black bean dip flavored with garlic, lime, and spices is going to be the star of your next party! It whips up in minutes and is absolutely irresistible.",
  "Metadata": [
    "Prep Time:  5minutes",
    "Total Time:  5minutes",
    "Servings: 6"
  ],
  "Ingredients": [
    "2 15 ounce cans black beans, drained and rinsed",
    "1/3 cup olive oil",
    "1/4 cup cilantro",
    "3 garlic cloves",
    "1 teaspoon cumin",
    "juice of half a lime",
    "salt and pepper to taste"
  ],
  "Instructions": [
    "In a food processor, add the black beans, olive oil, cilantro, garlic, cumin, and lime.  Pulse until it reaches desired consistency.  Salt and pepper to taste.",
    "Serve with chips and veggies!"
  ],
  "Nutrition": [
    "Calories: 110kcal",
    "Carbohydrates: 1g",
    "Protein: 1g",
    "Fat: 12g",
    "Saturated Fat: 2g",
    "Polyunsaturated Fat: 1g",
    "Monounsaturated Fat: 9g",
    "Sodium: 1mg",
    "Potassium: 16mg",
    "Fiber: 1g",
    "Sugar: 1g",
    "Vitamin A: 49IU",
    "Vitamin C: 1mg",
    "Calcium: 6mg",
    "Iron: 1mg",
    ""
  ],
  "Comments": [
    "DavidM says:How would you advise folks who can’t stand cilantro? Parsley or mint instead? Something else?",
    "Alyssa Rivers says:I would just take the cilantro out altogether. You don’t need to replace it with anything!"
  ]
}