{
  "URL": "https://therecipecritic.com/black-bean-soup/",
  "Summary": "Black bean soup is easy to make, delicious, and healthy. It's made with kitchen-staples like cans of black beans, carrots, onions, and spices so you can make this recipe anytime you're craving Tex-Mex flavors.",
  "Metadata": [
    "Prep Time:  10minutes",
    "Cook Time:  15minutes",
    "Total Time:  25minutes",
    "Servings:  8servings"
  ],
  "Ingredients": [
    "2  tablespoons cooking oil",
    "1 medium onion, minced",
    "3 garlic cloves, minced",
    "3 carrots, diced",
    "2  celery stalks, diced",
    "1  red pepper, diced",
    "1  tablespoon cumin",
    "1  tablespoon chili powder",
    "1 teaspoon oregano",
    "1/2 teaspoon chili flakes (optional)",
    "6  cups beef stock",
    "4 15-ounce cans black beans, drained and rinsed",
    "sour cream",
    "cheddar cheese",
    "cilantro",
    "lime juice",
    "tortilla chips",
    "avocado"
  ],
  "Instructions": [
    "Heat the oil in a large pot over medium-high heat. Add the onion and garlic and cook for 3 minutes, until the onion is transparent. Add the carrots, celery, and red pepper to the pot and cook for 5 minutes, until the vegetables begin to soften.",
    "Add the cumin, chili powder, oregano, chili flakes (if using), and stock to the pot and bring it to a boil.",
    "While the soup comes to a boil, drain and rinse the cans of beans. Add 3 cans (or ¾ of the beans if you rinsed them together) to the pot. Add the remaining beans to your blender. Add a couple of scoops of the soup to the blender and blend on high until the beans are smooth. Pour them back into the pot.",
    "Season the soup to taste with salt and pepper then serve with any or all of the optional toppings."
  ],
  "Nutrition": [
    "Calories: 64kcal",
    "Carbohydrates: 4g",
    "Protein: 4g",
    "Fat: 4g",
    "Saturated Fat: 1g",
    "Sodium: 384mg",
    "Potassium: 396mg",
    "Fiber: 1g",
    "Sugar: 1g",
    "Vitamin A: 388IU",
    "Vitamin C: 1mg",
    "Calcium: 35mg",
    "Iron: 1mg",
    ""
  ],
  "Comments": [
    "Is says:Even after blending HALF the soup it’s still just like water. Sorry but making this to the T and even trying to save it is just a disaster. If you like a water soup you’ll like this, me, NO THANK YOU.",
    "Chris says:We’ve made a bunch of your recipes now and have yet to be disappointed.  Decided to try this one last night.  It was a big hit and while we still have leftovers it’s already decided that this is going into the rotation that we make often.  Thank you!",
    "Joni says:Amazing soup! I added corn, so yummy!",
    "Sabrina says:great dish, I love black beans and all of these ingredients so thank you!"
  ]
}