{
  "URL": "https://therecipecritic.com/blackened-chicken-avocado-power-bowls/",
  "Summary": "Blackened Chicken Avocado Power Bowls have the best spiced rubbed blackenend chicken with so many power foods!  Avocado, chickpeas, red cabbage and roasted veggies come together in this healthy and flavorful bowl!",
  "Metadata": [
    "Prep Time:  15minutes",
    "Cook Time:  15minutes",
    "Total Time:  30minutes",
    "Servings: 4"
  ],
  "Ingredients": [
    "1 tablespoon McCormick Chili Powder",
    "2 teaspoons McCormick paprika",
    "1 teaspoon McCormick onion powder",
    "1 teaspoon McCormick cumin",
    "½ teaspoon McCormick garlic powder",
    "1 teaspoon McCormick Italian Seasoning",
    "1 teaspoon salt",
    "¼ teaspoon pepper",
    "2 pounds  boneless skinless chicken breasts thinly sliced",
    "2 tablespoons olive oil",
    "2 cups broccoli florets",
    "1 sliced red bell pepper",
    "1 sliced yellow bell pepper",
    "1 (15-ounce) can chickpeas",
    "2 tablespoons  olive oil",
    "1 cup chopped red cabbage",
    "1 chopped avocado"
  ],
  "Instructions": [
    "In a small bowl add 1 tablespoon McCormick Chili Powder, 2 teaspoons McCormick paprika, 1 teaspoon McCormick onion powder, 1 teaspoon McCormick cumin, ½ teaspoon McCormick garlic powder, 1 teaspoon McCormick Italian Seasoning, 1 teaspoon salt and ¼ teaspoon pepper. Rub the spice rub evenly on the front and back of 2 pounds  boneless skinless chicken breasts.",
    "In a medium-sized skillet over medium-high heat add 2 tablespoons olive oil. Add the chicken and cook on each side about 2-3 minutes or until cooked through to 165 degrees Fahrenheit.",
    "Preheat oven to 425 degrees Fahrenheit. On a baking sheet add 2 cups broccoli florets,1 sliced red bell pepper, 1 sliced yellow bell pepper and 1 (15-ounce) can chickpeas. Salt and pepper and drizzle with 2 tablespoons  olive oil . Roast for 15 minutes or until tender.",
    "To assemble divide the chicken evenly with the broccoli, peppers, chickpeas, 1 cup chopped red cabbage, and 1 chopped avocado."
  ],
  "Nutrition": [
    "Calories: 602kcal",
    "Carbohydrates: 28g",
    "Protein: 57g",
    "Fat: 30g",
    "Saturated Fat: 5g",
    "Cholesterol: 145mg",
    "Sodium: 1185mg",
    "Potassium: 1567mg",
    "Fiber: 11g",
    "Sugar: 3g",
    "Vitamin A: 1680IU",
    "Vitamin C: 153.6mg",
    "Calcium: 92mg",
    "Iron: 3.4mg"
  ],
  "Comments": [
    "Linda says:This sounds delicious my husband would love it.  Is there anyway to reduce the sodium ?  1185mg is way too much for us.",
    "Cate says:It looks like the carbs and protein calculations are swapped! Ran this through a couple of calorie trackers and the carbs are 57g and the protein is 28g, if anyone needs them. Can’t wait to try this!",
    "Sonya says:I  made this for my husband and I   the other night and we both loved it. My husband requested next time I   make them to add more protein to his bowl, any recommendations on how to do this in a creative/delicious way? Thanks!",
    "Alyssa Rivers says:It is a great blend of protein already. You can add in boiled eggs, peas, and/or tofu.",
    "Carole says:I wan to make your bowls for gifts. What size disposable containers would I need for one portion?Thanks,Carole",
    "Alyssa Rivers says:A medium-size bowl would be best. That is so sweet of you to do for your friends.",
    "JON-ERIK JOHNSON says:if you don’t like chickpeas, can you sub them out for black beans?",
    "Alyssa Rivers says:I have not tried it with black beans. Let me know how it turns out!",
    "Joan says:Delicious!!!   My husband devoured his.   We can’t wait to make them again.  Thanks for a delicious recipe!",
    "M B says:Just delicious! I sautéed the veggies since I never seem to enjoy them roasted. We served over rice but added a healthy squeeze of lime and some fresh cilantro. I’ll double the recipe next time! So yummy!",
    "Adhara Jimenez-banse says:We made dish tonight, and it was delicious!",
    "Courtney Carrell says:These are delicious!  So filling, tasty and healthy!  Love this recipe!",
    "Allison Tobias says:Amazing! So healthy and tastes very good. I have never baked broccoli – such a good idea!",
    "Sharon says:Hi.  I have made this before for my family and we really enjoyed it.  I was reading over the nutritional facts and was very surprised with the amount of sodium.  I always rinse my beans so this should lower the sodium.",
    "Angie says:I have been using dried beans in my recipe-requires soaking them overnight and cooking them but they taste so much better than the canned beans plus you don’t have the added sodium.  Just my tip 🙂",
    "Alex says:what kind of greens and what dressing would you recomend for the base of this bowl??",
    "Alyssa Rivers says:I recommend a spinach lettuce or mixed greens salad. The dressing I like balsamic, citrus type dressing or Italian. Something very light with this. You can always do a classic ranch or Catalina too. It is totally your preference.",
    "Felixhcat says:Avocado, chickpeas, red cabbage, quinoa and roasted veggies come together in this healthy and flavorful bowl! There is no quinoa in the recipe?",
    "Alyssa Rivers says:Thank you for letting me know. I just updated the recipe. There is no quinoa in this recipe.",
    "Ashley Menwer says:What’s the serving size and calorie amount serving?",
    "Alyssa Rivers says:I like to use skinnytaste.com or myfitnesspal.com for any nutritional information. Hope you find what you are looking for.",
    "shawnna griffin says:hey girl- these bowls look so yummy!"
  ]
}