{
  "URL": "https://therecipecritic.com/blackened-salmon/",
  "Summary": "Easy and Amazing Blackened Salmon is a foolproof way to cook restaurant-worthy salmon at home! The salmon is tender and flakey and packed with flavor that is going to wow your taste buds!",
  "Metadata": [
    "Prep Time:  15minutes",
    "Cook Time:  10minutes",
    "Total Time:  25minutes",
    "Servings:  4servings"
  ],
  "Ingredients": [
    "1 pound salmon filets",
    "1 tablespoon olive oil",
    "1 tablespoon blackened seasoning"
  ],
  "Instructions": [
    "Preheat a 12 or 14-inch nonstick skillet over medium-high heat.",
    "Rub 1 pound salmon filets with 1 tablespoon olive oil. Rub about 1 tablespoon blackened seasoning on the salmon.",
    "Place the salmon skin side up and cook for about 3-4 minutes. Carefully flip and cook for an additional 3-4 minutes or until the salmon is opaque and flakes easily, and reaches the internal temperature of 145 degrees Fahrenheit."
  ],
  "Nutrition": [
    "Calories: 192kcal",
    "Protein: 22g",
    "Fat: 11g",
    "Saturated Fat: 2g",
    "Polyunsaturated Fat: 3g",
    "Monounsaturated Fat: 5g",
    "Cholesterol: 62mg",
    "Sodium: 316mg",
    "Potassium: 556mg",
    "Vitamin A: 45IU",
    "Calcium: 14mg",
    "Iron: 1mg"
  ],
  "Comments": [
    "Kathy Sims says:I’m confused. Ingredients call for 2 TBS blackened seasoning and yet directions say 1 tsp. Which is it? Also, nutritional values show 50 mg sodium BUT the blackened seasoning recipe states 580 mg sodium. Not trying to be picky but my husband has been advised to watch his salt so I’m very sensitive to how much salt is in a recipe. Live your site…this recipe just didn’t make sense to me. Please clarify",
    "Alyssa Rivers says:Hello! Thanks so much for pointing out that typo. It should be 1 Tablespoon of blackened seasoning. Let me know how it turns out!!",
    "Nat says:So delicious. I cooked it in cast iron on my flat-top griddle and served with dirty rice."
  ]
}