{
  "URL": "https://therecipecritic.com/blackberry-lime-green-smoothie/",
  "Summary": "A quick and easy blackberry lime smoothie full of antioxidants and vitamins that your body needs!",
  "Metadata": [
    "Prep Time:  10minutes",
    "Total Time:  10minutes",
    "Servings:  4Servings"
  ],
  "Ingredients": [
    "2 cups almond milk",
    "½ cup plain Greek yogurt",
    "juice of one lime",
    "2 cups frozen blackberries",
    "2 cups fresh spinach",
    "1 tablespoon chia seeds",
    "1 tablespoon honey"
  ],
  "Instructions": [
    "Add 2 cups almond milk, ½ cup plain Greek yogurt, juice of one lime, 2 cups frozen blackberries, 2 cups fresh spinach, 1 tablespoon chia seeds, and 1 tablespoon honey to the blender. Blend until smooth.",
    "Serve immediately or store in the freezer."
  ],
  "Nutrition": [
    "Calories: 97kcal",
    "Carbohydrates: 14g",
    "Protein: 5g",
    "Fat: 3g",
    "Saturated Fat: 1g",
    "Cholesterol: 1mg",
    "Sodium: 185mg",
    "Potassium: 248mg",
    "Fiber: 6g",
    "Sugar: 9g",
    "Vitamin A: 1561IU",
    "Vitamin C: 19mg",
    "Calcium: 232mg",
    "Iron: 1mg"
  ],
  "Comments": [
    "Jamie says:This goo stuck to the top of my palate, so I suggest using skim milk instead of the almond milk. Spinach is cool, but blend in kale for a healthier-better combo and ground flax seed should replace the chia.",
    "Shaun says:Yes! Finally someone writes about blackberry.",
    "Shawnna says:hey girl this looks really good!",
    "Ellen says:I’d love to make this, but I’m wondering where the lime is in this recipe. 🙂",
    "Alyssa says:I can’t believe I forgot it!  I just added it. 🙂",
    "Chrissy says:I don’t see the lime in the recipe….",
    "Alyssa says:Haha!  I can’t believe I forgot it!  I added it it.  It is the juice on one lime. 🙂",
    "Vivian | stayaliveandcooking says:I’m so extremely jealous of the self clean option! My goodness, how much time that must save you… This smoothie sounds delicious and healthy."
  ]
}