{
  "URL": "https://therecipecritic.com/blender-salsa/",
  "Summary": "Best Blender Salsa is restaurant quality that is made right in your blender!  It only takes a few minutes to make and is truly the very best out there!",
  "Metadata": [
    "Prep Time:  5minutes",
    "Chill Time:  30minutes",
    "Total Time:  35minutes",
    "Servings:  8servings"
  ],
  "Ingredients": [
    "1 (28-ounce) can fire-roasted tomatoes or 2 (14-ounce) cans",
    "1 (7.75-ounce) can el Pato tomato sauce yellow can",
    "1 (7-ounce) can diced green chilis",
    "½ cup chopped red onion about ½ a red onion",
    "3 whole garlic cloves",
    "½-¾ bunch  chopped fresh cilantro",
    "2 tablespoons fresh lime juice",
    "1 teaspoon ground cumin",
    "1 tablespoon salt"
  ],
  "Instructions": [
    "In a blender or food processor, add 1 (28-ounce) can fire-roasted tomatoes, 1 (7.75-ounce) can el Pato tomato sauce 1 (7-ounce) can diced green chilis, ½ cup chopped red onion, 3 whole garlic cloves, ½-¾ bunch  chopped fresh cilantro 1 teaspoon ground cumin, 1 tablespoon salt, and juice of 2 tablespoons fresh lime juice.",
    "Blend until the salsa is as chunky or smooth as you would like. Taste and add more salt if desired.",
    "Chill for at least 30 minutes or overnight and serve with chips!"
  ],
  "Nutrition": [
    "Calories: 7kcal",
    "Carbohydrates: 2g",
    "Protein: 0.2g",
    "Fat: 0.1g",
    "Saturated Fat: 0.01g",
    "Polyunsaturated Fat: 0.01g",
    "Monounsaturated Fat: 0.04g",
    "Sodium: 875mg",
    "Potassium: 28mg",
    "Fiber: 0.2g",
    "Sugar: 1g",
    "Vitamin A: 40IU",
    "Vitamin C: 2mg",
    "Calcium: 7mg",
    "Iron: 0.2mg",
    ""
  ],
  "Comments": [
    "Betsy Reeder says:That salsa looks so good BUT in California the tomatoes are ripe for the picking.  How would I sub fresh for canned tomatoes?",
    "Alyssa Rivers says:Hi Betsy, thanks for the question! I LOVE home gown tomatoes! To substitute, use about 3 1/3 cup of diced, fresh tomatoes in place of canned! Please let me know how this turns out! Sounds so yummy!",
    "Amber says:What is the serving size on this receipt?",
    "Alyssa Rivers says:This will serve about 6-8 people. More or less, depending on how much they love salsa! 🙂",
    "Jessica says:This salsa was absolutely delicious, I added a little more spice to mine tho, I was curious how long it will stay good for in a container, in the fridge?",
    "Alyssa Rivers says:It will last for 5 to 7 days in the refrigerator!",
    "Mark says:This recipe was good — not too sweet like many blender salsas tend to be.  The canned tomato flavor was pretty strong — hoping it tones down a bit while it marinates in the fridge.  It also needs a little more heat — perhaps keeping the seeds in 1 of the 2 jalapeno’s.  This recipe was super easy/fast to make.",
    "Valentine Amor says:I used a couple large fresh, unpeeled tomatoes and it turned out well. Also  ad libbed on the amount of lime, I used 2 fresh limes and a couple of what I think were fresh jalapenos. All fresh, all the way and it’s tasty!",
    "Michael McShane says:Loved it. Of course, I needed it hotter so I added one serrento, a habanero and a skipped the cilantro (the soap thing) and a whole onion. This is the best salsa I’ve ever had from anywhere. Thanks for the recipe!",
    "Sharon says:Love this salsa!  I’ve made it 3 times in the last week.  It’s so good I could almost just drink it!  I used 1 serrano pepper without seeds. Just my preference.",
    "Robert says:Westport Seasonings makes a number of very good seasoning blends but one of their best is a salsa seasoning mix.  I think if you try it you will not be disappointed.",
    "CriticalChris says:I have yet to try these recipes but I review many recipes and these appear to be very interesting.  I am certain they will prove to be excellent.",
    "Joe Speed says:We’ve been making Salsa for years, & was surprised that there was no mention of what it is that makes the BEST Salsa…the tomatoes used in it’s construction. Garden grown, ripe & fresh tomatoes are the best..& if you want the absolute best,try  useing Heritage Brandywine tomatoes.Though not as pretty as a Beefsteak, they have better flavor, fewer seeds, & more pulp with less moisture, than the other strains of tomatoes we’ve tried through the years.",
    "Claudia says:This is a great salsa recipe.  I live in El Paso, TX, and LOOOOOVE homemade salsa.  When I do it, I also add tomatillos and banana peppers for added levels of flavor.Love seeing your posts.  Keep cooking!!!"
  ]
}