{
  "URL": "https://therecipecritic.com/blt-avocado-pasta-salad/",
  "Summary": "BLT avocado pasta salad is fresh and crisp romaine lettuce tossed in bacon, tomato, pasta, and avocado. Topped with a creamy dressing and sprinkled with feta cheese this is one amazing salad!",
  "Metadata": [
    "Prep Time:  15minutes",
    "Total Time:  15minutes",
    "Servings:  8Servings"
  ],
  "Ingredients": [
    "8 ounce pasta (I used bowtie)",
    "1/4 cup light mayonnaise",
    "1/4 cup milk",
    "1 1/2 teaspoon Dijon mustard",
    "2 cloves garlic minced",
    "3/4 teaspoon salt",
    "4 lightly packed cups sliced romaine",
    "1/2 pound sliced bacon cooked until crisp and chopped",
    "2 large tomatoes sliced",
    "2 Avocados diced",
    "1/4 cup feta cheese crumbled",
    "pepper to taste"
  ],
  "Instructions": [
    "Cook pasta according to package directions. Drain and rinse under cold water until cool.",
    "In a large bowl whisk light mayonnaise, milk, dijon mustard, garlic and salt. Add the romaine, bacon, tomatoes and avocados. Toss lightly until coated. Sprinkle with feta cheese and pepper if desired and serve."
  ],
  "Nutrition": [
    "Calories: 347kcal",
    "Carbohydrates: 29g",
    "Protein: 10g",
    "Fat: 22g",
    "Saturated Fat: 6g",
    "Polyunsaturated Fat: 4g",
    "Monounsaturated Fat: 11g",
    "Trans Fat: 0.04g",
    "Cholesterol: 25mg",
    "Sodium: 538mg",
    "Potassium: 491mg",
    "Fiber: 5g",
    "Sugar: 3g",
    "Vitamin A: 1597IU",
    "Vitamin C: 10mg",
    "Calcium: 56mg",
    "Iron: 1mg",
    ""
  ],
  "Comments": [
    "Becky says:The recipe calls for 8 ounces (1 cup) but the video definitely shows more than one cup of pasta.",
    "Alyssa Rivers says:Hi Becky, thank you for your comment. The 8 oz. in this instance is referring to the weight of the pasta before its cooked, not the volume which would refer to “cups” for measuring. . This package of bowtie pasta is 16 oz. So you would use half of it for this recipe. I hope this helps!",
    "Susan says:My family loved this!!",
    "Barb says:When you make ahead do you include the avocados and the dressing?",
    "Alyssa Rivers says:Hi Barb, great question! If you are planning to make this ahead of time, I would recommend waiting to add the avocado and the dressing until just before serving. That way it doesn’t get soggy and the avocados don’t brown.",
    "Lynda Leonard says:What can be used in place of feta?",
    "Alyssa Rivers says:Hi, you can use goat cheese, blue cheese crumbles, shredded Parmesan cheese, shredded cheddar. Basically any kind of cheese you want, or you can omit it entirely and not replace it. Let me know what you used and how it tasted!",
    "Jackie says:Is it 8oz uncooked pasta? Like one cup?",
    "Alyssa Rivers says:That’s correct!",
    "Pattie Hans says:This looks great.  I just made it and tasted it, it tastes great, too.  One question, I am assuming that after you combine all the veggie ingredients you then add the pasta….although it does not say to do that….Or should you add pasta first and blt items after?  probably does not matter, but I would assume you combine the veggie ingredients and fold in the pasta.  Just something you might want to clarify, or add the pasta to the other ingredients to be added in at the same time?  Looking forward to enjoying this today at dinner with my family.  Thank you very much!",
    "Patricia Trovillion says:What can I say except, PERFECTION! This is my go to salad when I’m craving a salad that’s going to absolutely make me happy. I don’t change a thing. The only thing that will make it better is when my cherry tomatoes get ripe this summer. Perfect for home or potluck.",
    "Mollyb says:Do you think I could substitute stone ground mustard for Dijon?",
    "Alyssa Rivers says:Yes, that should work!",
    "Christine Smith says:These recipes are amazing",
    "Sandy says:Wow!! Made this today and it was fantastic!  Added some seared chicken breast and substituted grape tomatoes for the larger ones. Made extra dressing for the side. Served it with sour dough bread. My husband loved it!!!",
    "Misty Jensen says:Made this for mother’s day and it was a huge hit. Now making it for the other side of the family on fathers day. Love the dressing. I made extra for those who wanted to add more on their plate. Everything was gobbled up!",
    "Alyssa Rivers says:That is awesome to hear!! I love the idea on the extra dressing!! I will use that next time I make it! Thanks for sharing!! XO",
    "Horse names says:Oh wow this looks fabulous!! I’m always looking for new takes on classics, and this sounds perfect. My husband would just love it! Thanks!!!",
    "Olivia - Primavera Kitchen says:Wow this looks wonderful!",
    "Shawnna says:hey girl this looks delish!"
  ]
}