{
  "URL": "https://therecipecritic.com/blt-tortellini-pasta-salad/",
  "Summary": "BLT Tortellini Pasta Salad is your favorite sandwich turned into a delicious, refreshing salad you can share with others. This salad is so easy to make and perfect for serving at any gathering. With loads of bacon, crisp Romaine lettuce, juicy tomatoes, and cheese-filled tortellini, it's sure to be a hit!",
  "Metadata": [
    "Prep Time:  10minutes",
    "Cook Time:  15minutes",
    "Total Time:  25minutes",
    "Servings:  8servings"
  ],
  "Ingredients": [
    "1 pound cheese tortellini",
    "½ pound crisply cooked, chopped bacon",
    "2-3 cups chopped romaine lettuce",
    "1  pint halved cherry tomatoes",
    "½ cup thinly sliced shallot about 1 small shallot",
    "½ cup mayonnaise",
    "½ cup sour cream",
    "¼ cup milk",
    "1 (1-ounce) packet Ranch seasoning mix about 1 ½ tablespoons"
  ],
  "Instructions": [
    "Bring a large pot of salted water to a rolling boil and cook 1 pound cheese tortellini according to the package instructions. Drain the pasta and rinse with cold water to cool it. Once cooled, shake off the excess water and toss it with a little olive oil. Set aside.",
    "Prepare the dressing by whisking ½ cup mayonnaise, ½ cup sour cream, ¼ cup milk, and 1 (1-ounce) packet Ranch seasoning mix together in a small bowl.",
    "Add 2-3 cups chopped romaine lettuce, 1  pint halved cherry tomatoes, ½ pound crisply cooked, chopped bacon, and ½ cup thinly sliced shallot to a large bowl and top with the dressing. Toss until evenly coated. Cover and refrigerate until you are ready to serve."
  ],
  "Nutrition": [
    "Calories: 461kcal",
    "Carbohydrates: 31g",
    "Protein: 20g",
    "Fat: 28g",
    "Saturated Fat: 8g",
    "Polyunsaturated Fat: 8g",
    "Monounsaturated Fat: 7g",
    "Trans Fat: 0.1g",
    "Cholesterol: 65mg",
    "Sodium: 828mg",
    "Potassium: 381mg",
    "Fiber: 3g",
    "Sugar: 5g",
    "Vitamin A: 1435IU",
    "Vitamin C: 15mg",
    "Calcium: 124mg",
    "Iron: 2mg",
    ""
  ],
  "Comments": [
    "Christy O says:This salad was amazing! I followed the instructions, minus the parsley, I made roumalade dressing (Originally I was going to make a different salad and already made the dressing in the morning). So good, thank you for sharing the recipe and inspiring us home chefs ? I will definitely make this again.",
    "Shanna says:Added some chopped up leftover grilled chicken and made it a one dish dinner for a hot July day.  Absolutely perfect, thank you!",
    "Celena Hefner says:This salad was a HIT! Office potluck went great and many wanted the recipe to make at home.",
    "Sabrina says:great recipe, thank you, I’ve just about run out of salad inspiration so this really helps. much appreciated"
  ]
}