{
  "URL": "https://therecipecritic.com/blt-pasta-salad/",
  "Summary": "All the BLT goodness you love, now in pasta salad form! Simple, quick, and a total crowd-pleaser.",
  "Metadata": [
    "Prep Time:  28minutes",
    "Cook Time:  11minutes",
    "Total Time:  39minutes",
    "Servings:  8servings"
  ],
  "Ingredients": [
    "12 ounces uncooked short pasta such as rotini or bowtie",
    "1 cup chopped crisp bacon about 12 ounces of bacon",
    "3 cups packed chopped romaine lettuce",
    "1 pint halved cherry or grape tomatoes",
    "½ cup mayonnaise",
    "½ cup sour cream",
    "½ cup milk",
    "1 tablespoon apple cider vinegar",
    "1 ½ tablespoons Homemade Ranch Seasoning Mix half a 1-ounce packet of ranch seasoning"
  ],
  "Instructions": [
    "Bring a large pot of salted water to a rolling boil and cook 12 ounces uncooked short pasta according to the package instructions. Drain the pasta and rinse with cold water to stop the cooking. Once cooled, shake off the excess water and toss it with a little olive oil to prevent it from clumping together.",
    "Add the cooled pasta, 1 cup chopped crisp bacon, 3 cups packed chopped romaine lettuce, and 1 pint halved cherry or grape tomatoes to a large bowl.",
    "Prepare the dressing by whisking ½ cup mayonnaise, ½ cup sour cream, ½ cup milk, 1 tablespoon apple cider vinegar, and 1 ½ tablespoons Homemade Ranch Seasoning Mix together in a small bowl.",
    "Pour the dressing over the salad and toss until everything is evenly coated. Serve immediately."
  ],
  "Nutrition": [
    "Calories: 379kcal",
    "Carbohydrates: 38g",
    "Protein: 12g",
    "Fat: 20g",
    "Saturated Fat: 5g",
    "Polyunsaturated Fat: 8g",
    "Monounsaturated Fat: 5g",
    "Trans Fat: 0.05g",
    "Cholesterol: 30mg",
    "Sodium: 554mg",
    "Potassium: 394mg",
    "Fiber: 2g",
    "Sugar: 4g",
    "Vitamin A: 2156IU",
    "Vitamin C: 9mg",
    "Calcium: 57mg",
    "Iron: 1mg",
    ""
  ],
  "Comments": [
    "Jane R says:Yum!  I want this now!  It looks so good…",
    "Mary says:They all look great can’t  wait to try them",
    "Marge Phipps says:Love your website and recipes  I am diabetic any receipts fot"
  ]
}