{
  "URL": "https://therecipecritic.com/blueberries-and-cream-hand-pies/",
  "Summary": "These Blueberries and Cream Hand Pies are incredibly yummy and perfect for traveling!",
  "Metadata": [
    "Prep Time:  10minutes",
    "Cook Time:  20minutes",
    "Total Time:  30minutes",
    "Servings:  8Hand Pies"
  ],
  "Ingredients": [
    "1 (8-ounce) block cream cheese, room temperature",
    "¾ cup granulated sugar, plus 1 tablespoon, divided",
    "2 teaspoons lemon zest",
    "1 tablespoon lemon juice",
    "1 large egg",
    "2 ½ cups frozen blueberries",
    "2 tablespoons all-purpose flour",
    "1  (15-ounce) package refrigerated pie crust, 2 crusts",
    "2 tablespoons heavy cream"
  ],
  "Instructions": [
    "Preheat the oven to 400 degrees Fahrenheit, and line a baking sheet with parchment paper.",
    "In a medium bowl, using a hand mixer whisk together the cream cheese, 1/2 cup of sugar, lemon zest, and egg until smooth.",
    "In a large bowl, toss the blueberries with 1/4 cup of sugar, lemon juice, and flour, and set aside.",
    "Place one pie crust on a baking sheet lined with parchment and cut into quarters like a pizza.",
    "Spoon 1 tablespoon of the cream cheese mixture into the center of each quarter. Then spoon 2 tablespoons of the blueberry mixture on top. Brush the edges with heavy cream and fold the crust over to create triangles.",
    "Crimp the edges of the pies to seal. Brush the tops of the pies with more heavy cream and sprinkle with ½ tablespoon of sugar. Repeat with the second pie crust and fillings.",
    "Cut a small vent in the top of each pie with a sharp knife and bake until golden, 20 -25 minutes, rotating the baking sheets in the oven halfway through.",
    "Let the pies cool completely on wire racks before serving."
  ],
  "Nutrition": [
    "Calories: 476kcal",
    "Carbohydrates: 55g",
    "Protein: 6g",
    "Fat: 26g",
    "Saturated Fat: 11g",
    "Cholesterol: 57mg",
    "Sodium: 326mg",
    "Potassium: 136mg",
    "Fiber: 3g",
    "Sugar: 24g",
    "Vitamin A: 491IU",
    "Vitamin C: 6mg",
    "Calcium: 47mg",
    "Iron: 2mg"
  ],
  "Comments": [
    "Tammy says:Do I make this recipe with the berries frozen or do I thaw first?",
    "Alyssa Rivers says:It is best if the berries are frozen.",
    "Maggie says:Is 456kcal for 8 pies or 1 pie?",
    "Alyssa Rivers says:Each pie is 456kcal. There are 8 pies total that it automatically divides the amount by.",
    "Laura A Green says:Can you use fresh berries?",
    "Alyssa Rivers says:Yes, of course! They will be more tender so when stirring the coloring will change to the purple/blue color. Enjoy!",
    "Nkemjika says:Thanks for the recipe!! Soooooooo, I used four pie crusts and made 8 hand pies all of which are currently in the oven. I used fresh blueberries so this could be the source of my issue but it seems like it wouldn’t have fit at all in a folded over quarter. I am anxiously awaiting how they turn out but would definitely say this recipe is not meant for fresh fruit. Wish me luck. ??",
    "Laura A Green says:how’d it work with fresh?",
    "Alyssa Rivers says:It will. It may stain the color a purple/blueish color since it is fresh and a little more watery.",
    "Averie @ Averie Cooks says:So beautiful, Alyssa! Pinned! I love baking with blueberries and have been on quite a streak myself. Love your pies!",
    "Alyssa says:Averie thanks for the comment!  I am almost star struck because I absolutely adore your blog!!  You are amazing!! 🙂",
    "northern cottage says:these look super yummy – i think my hubby would love love love them!!",
    "Bama Girl says:Hi Alyssa! The recipe looks delicious! I can hardly wait to try it! Thanks for sharing! Blessings from Bama!",
    "Jenn@eatcakefordinner says:yummy!",
    "Megan @ Our Pinteresting Family says:Thanks for sharing! Looks yummy!",
    "Elysa says:Do you wash the berries before mixing them with the other ingredients?  I know that blueberries are frozen without being washed, but did not know what the extra moisture might do to this recipe.  Sounds delicious, though!",
    "Alyssa says:No need to wash the berries. 🙂"
  ]
}