{
  "URL": "https://therecipecritic.com/blueberry-cookies/",
  "Summary": "These blueberry cookies are packed with plump blueberries, white chocolate, and zesty lemon for an irresistible flavor combination! Bright, juicy, and sweet, this is one summer cookie recipe you won’t want to miss.",
  "Metadata": [
    "Prep Time:  10minutes",
    "Cook Time:  8minutes",
    "Total Time:  18minutes",
    "Servings:  24Cookies"
  ],
  "Ingredients": [
    "1 Cup Unsalted Butter Softened",
    "¾ Cup Brown Sugar",
    "1 Cup Granulated Sugar",
    "2 Eggs",
    "2 Teaspoons Vanilla Extract",
    "2 Teaspoons Lemon Zest",
    "3 ½ Cups Flour",
    "1 Teaspoon Baking Soda",
    "½ Teaspoon Baking Powder",
    "1 Teaspoon Salt",
    "1 ½ Cup Fresh Blueberries",
    "¾ Cup White Chocolate Chips"
  ],
  "Instructions": [
    "Preheat the oven to 350° and line two baking sheets with parchment paper. Set aside.",
    "In a large bowl, cream together the butter and both sugars until light and fluffy, about 3 minutes. Add the eggs, vanilla, and lemon zest and beat until combined.",
    "Add the flour, baking soda, baking powder, and salt and mix until combined. Stir in the blueberries and chocolate chips by hand.",
    "Using a 1 inch cookie scoop, scoop out the dough and drop on the baking sheets leaving about 2 inches between each cookie. Bake for 7-8 minutes, until the edges are just slightly browning.",
    "Remove from the oven and let cool for 2 minutes on the baking sheet before transferring to a cooling rack to finish cooling."
  ],
  "Nutrition": [
    "Calories: 234kcal",
    "Carbohydrates: 34g",
    "Protein: 3g",
    "Fat: 10g",
    "Saturated Fat: 6g",
    "Polyunsaturated Fat: 1g",
    "Monounsaturated Fat: 3g",
    "Trans Fat: 1g",
    "Cholesterol: 35mg",
    "Sodium: 156mg",
    "Potassium: 69mg",
    "Fiber: 1g",
    "Sugar: 19g",
    "Vitamin A: 263IU",
    "Vitamin C: 1mg",
    "Calcium: 29mg",
    "Iron: 1mg",
    ""
  ],
  "Comments": [
    "Susan R says:The cookies take twice as long to bake as recommended.  They were good. Way too sweet for my taste."
  ]
}