{
  "URL": "https://therecipecritic.com/blueberry-cheesecake-streusel-muffins/",
  "Summary": "These blueberry cheesecake streusel muffins are soft, moist bakery-style muffins bursting with fresh blueberries. The surprise cheesecake center is the perfect addition to this fantastic recipe! ",
  "Metadata": [
    "Prep Time:  15minutes",
    "Cook Time:  20minutes",
    "Total Time:  35minutes",
    "Servings:  14Muffins"
  ],
  "Ingredients": [
    "2 cups all purpose flour",
    "1/2 cup granulated sugar",
    "2 tsp baking powder",
    "1/2 tsp salt",
    "1 egg",
    "1/4 cup canola oil",
    "1 cup whole milk",
    "1 tsp vanilla extract",
    "1 cup fresh blueberries",
    "4 ounces cream cheese",
    "1/3 cup granulated sugar",
    "2 tbsp beaten egg",
    "1 tsp vanilla extract",
    "1/4 cup all purpose flour",
    "1/4 cup brown sugar",
    "1 tsp cinnamon",
    "3 tbsp butter"
  ],
  "Instructions": [
    "Preheat oven to 400 degrees and line a 12 cup muffin pan with cupcake liners. If you don’t use cupcake liners, make sure to grease the pan so they will come out easily.",
    "In a mixing bowl for the muffin batter, sift together the flour, baking powder, and salt. Set aside. In another bowl, beat the milk, oil, egg, vanilla and sugar. Stir the dry ingredients in the milk mixture gently but do not overmix. The batter should be slightly lumpy. Fold in the fresh blueberries.",
    "Beat the cream cheese, egg, sugar, and vanilla in a bowl until smooth.",
    "Mix together the flour, sugar, and cinnamon. With a fork blend in the butter until it looks like coarse sand.",
    "Scoop a tablespoon of the muffin batter into the bottom of each cupcake liner. Then add about 1/2 tablespoon of the cheesecake mixture. Sprinkle some of the streusel topping on the cheesecake filling, followed by another layer of the muffin batter. And lastly sprinkle with more cinnamon streusel.",
    "Bake for 20-25 minutes or until toothpick inserted comes out clean. Let cool into the pan for 5 minutes and transfer them to a wire rack."
  ],
  "Nutrition": [
    "Calories: 246kcal",
    "Carbohydrates: 34g",
    "Protein: 4g",
    "Fat: 11g",
    "Saturated Fat: 4g",
    "Polyunsaturated Fat: 2g",
    "Monounsaturated Fat: 4g",
    "Trans Fat: 1g",
    "Cholesterol: 36mg",
    "Sodium: 144mg",
    "Potassium: 139mg",
    "Fiber: 1g",
    "Sugar: 18g",
    "Vitamin A: 246IU",
    "Vitamin C: 1mg",
    "Calcium: 66mg",
    "Iron: 1mg",
    ""
  ],
  "Comments": [
    "Audrey says:Fabulous!!!",
    "Lori Palmyra says:I have been negligent in writing to you that I have LOVED, LOVED, LOVED every one of your recipes!!  My whole family has been enjoying them so much!  Every morning we sit around the dining room table and I serve one or more of your delicious recipes with a few lights and candlelight.  Because of my husband’s work schedule we don’t always get to have a meal together so breakfast every morning is our thing. We do have lunches and sometimes dinner but I go all out on breakfast.  After we eat we have our devotional right at the table (BoM each reading 2 verses of the chapter) and we are also reading a book series so we read a chapter in that as well. Thank you Allysa for all you do and for the incredible recipes you share!  I just wanted you to know that you play an important part of our breakfast and other meals.",
    "Alyssa says:Lori thank you so much for making my day with your sweet comment!  XO",
    "Anna @ Sunny Side Ups says:SO YUMMY!! 🙂 These muffins really ARE the bomb!! Already craving them..can’t wait to whip up a batch!"
  ]
}