{
  "URL": "https://therecipecritic.com/blueberry-zucchini-bread-lemon-glaze/",
  "Summary": "Blueberry Zucchini Bread with a Lemon Glaze will be one of the best quick breads you EVER make! Perfectly moist with two cups of zucchini hidden inside and bursting with fresh blueberries. The lemon glaze it the perfect finishing touch!",
  "Metadata": [
    "Prep Time:  30minutes",
    "Cook Time:  50minutes",
    "Total Time:    1hour20minutes",
    "Servings:  12slices"
  ],
  "Ingredients": [
    "3 large eggs",
    "1 cup vegetable oil",
    "1 tablespoon vanilla extract",
    "2 ¼ cups granulated sugar",
    "2 cups shredded zucchini",
    "3 cups all-purpose flour",
    "1 teaspoon salt",
    "1 teaspoon baking powder",
    "¼ teaspoon baking soda",
    "1 pint fresh blueberries",
    "1 cup powdered sugar",
    "1 tablespoon lemon juice",
    "1 tablespoon heavy whipping cream"
  ],
  "Instructions": [
    "Preheat oven to 350 degrees Fahrenheit. Lightly grease 2 large loaf pans or 4 mini loaf pans. (I did 1 large loaf and 3 small.)",
    "In a large bowl, beat together 3 large eggs, 1 cup vegetable oil, 1 tablespoon vanilla extract, and 2 ¼ cups granulated sugar. Fold in 2 cups shredded zucchini. Beat in 3 cups all-purpose flour, 1 teaspoon salt, 1 teaspoon baking powder, and ¼ teaspoon baking soda. Gently fold in 1 pint fresh blueberries. Pour into the prepared loaf pans.",
    "Bake for 50 minutes or until a toothpick comes out clean. Cool for 20 minutes and transfer to wire racks to cool completely.",
    "Whisk together 1 cup powdered sugar, 1 tablespoon lemon juice, and 1 tablespoon heavy whipping cream. Drizzle on top of cooled bread."
  ],
  "Nutrition": [
    "Calories: 363kcal",
    "Carbohydrates: 78g",
    "Protein: 5g",
    "Fat: 4g",
    "Saturated Fat: 2g",
    "Cholesterol: 43mg",
    "Sodium: 236mg",
    "Potassium: 167mg",
    "Fiber: 2g",
    "Sugar: 52g",
    "Vitamin A: 140IU",
    "Vitamin C: 8mg",
    "Calcium: 31mg",
    "Iron: 2mg"
  ],
  "Comments": [
    "Victoria says:I love this recipe! I have done it multiple times and it’s been a success every single one.I need to now make a vegan desert, and would love to try to adapt this one; any suggestions on how to do this?",
    "Alyssa Rivers says:You can substitute 1/4 cup of unsweetened applesauce per egg and add 1/2 teaspoon baking powder per egg replaced. Another great option would be to use egg replacer powder. This can be found in the baking section at the grocery store, and follow the directions on the package. For the glaze, you can sub the heavy cream for a plant based milk, or use extra lemon juice.",
    "Heidi says:Absolutely delicious!  I add lemon zest to the glaze. This bread freezes very well also. I glaze after removing from freezing, before serving.",
    "Lori Hale says:This recipe is amazing! Bursting with lemony blueberry deliciousness. I add the zest of two lemons and fresh lemon juice to the batter to bump up the lemon flavor. I use small to mid-size blueberries and coat them in flour to help prevent them from sinking to the bottom of the loaf. I leave out the heavy cream from the glaze to keep it dairy free. The 1x recipe made 1 large loaf and 4 mini loaves for me. I absolutely love this recipe."
  ]
}