{
  "URL": "https://therecipecritic.com/blueberry-lemon-poppyseed-muffins/",
  "Summary": "Iced blueberry and lemon poppyseed muffins! So moist and delicious you'll want one every day for breakfast!",
  "Metadata": [
    "Prep Time:  15minutes",
    "Cook Time:  15minutes",
    "Total Time:  30minutes",
    "Servings:  12Muffins"
  ],
  "Ingredients": [
    "3 cups all-purpose flour",
    "3 tablespoons poppy seeds",
    "1 tablespoon baking powder",
    "½ teaspoon baking soda",
    "½ teaspoon salt",
    "1 cup light brown sugar",
    "½ cup + 2 tablespoons butter softened",
    "1 tablespoon lemon zest",
    "2 large eggs",
    "1 ½ cups plain Greek yogurt, full fat",
    "1 cup fresh blueberries",
    "1 cup powdered sugar",
    "1 ½ tablespoons lemon juice",
    "1 teaspoon vanilla"
  ],
  "Instructions": [
    "Preheat oven to 425 degrees Fahrenheit. Spray a muffin tin with non-stick spray or line it with cupcake liners and set aside.",
    "Whisk the 3 cups all-purpose flour, 3 tablespoons poppy seeds, 1 tablespoon baking powder, ½ teaspoon baking soda, and ½ teaspoon salt in a medium bowl.",
    "Using a hand or stand mixer, whisk the 1 cup light brown sugar, ½ cup + 2 tablespoons butter, and 1 tablespoon lemon zest on medium speed until light and fluffy.",
    "Add 2 large eggs, one at a time, mixing until combined. Reduce the speed to low and add the flour mixture and 1 ½ cups plain Greek yogurt, alternating yogurt, flour, yogurt, flour, and yogurt. (DO NOT OVER MIX or your muffins will turn out hard and tough) Gently stir in 1 cup fresh blueberries.",
    "Pour the batter evenly into the muffin cups and bake for 5 minutes. Reduce temperature to 375 degrees Fahrenheit and bake for 15-18 minutes until the muffins are golden brown and an inserted toothpick comes out mostly clean.",
    "Whisk together the 1 cup powdered sugar, 1 ½ tablespoons lemon juice, and 1 teaspoon vanilla. Pour over cooled muffins and serve."
  ],
  "Nutrition": [
    "Calories: 353kcal",
    "Carbohydrates: 56g",
    "Protein: 7g",
    "Fat: 12g",
    "Saturated Fat: 6g",
    "Cholesterol: 54mg",
    "Sodium: 253mg",
    "Potassium: 230mg",
    "Fiber: 2g",
    "Sugar: 30g",
    "Vitamin A: 338IU",
    "Vitamin C: 3mg",
    "Calcium: 130mg",
    "Iron: 2mg"
  ],
  "Comments": [
    "Maria says:Delicious recipe, I made these yesterday for my husband and he loved them.Also, I believe there is a typo in the temperature instruction. In the beginning of the recipe the preset temperature is 425 but when the muffins go into the oven the temperature is 475.",
    "Kelly says:I  don’t have plain Greek yogurt on hand but I  DO by have plain yogurt.  Will that work ok?",
    "Alyssa Rivers says:Yes, that will work. It may not turn out as thick and the taste will be slightly different. It will have the same great look and taste.",
    "Tiffany says:These turned out well! I followed the directions closely except used more blueberries. The dough was not pourable for me but a spooned it in the liners and they turned out well! Yum!",
    "Olivia says:Could you use coconut or almond flour?",
    "Alyssa Rivers says:Yes, of course! You may have to adapt other ingredients and amounts but that sounds delicious! Let me know how it turns out! XOXO",
    "Monique says:Well yes the dough is thick..but they are dense and moist and delicious.I started at 425 then 375 and they were perfect ..as for wet/dry..I just looked and gently mixed accordingly..and they turned out very well.They puff up..just right.You can never have too many blueberry muffin recipes:)",
    "Sylvana says:Is this recipe wrong? I have a blob of sticky dough, not batter that you can “pour”.",
    "Melody says:This recipe sounds great!Have you ever tried limes instead of lemons for more of a kick?Also can you tell us why the recipe calls for the first 5min to be baked at 475?",
    "Teresa says:Very sticky batter…pour? Put in muffin papers and did not settle into tins as too thick.  Tasty raw dough.  Why two temperarures? Tried 425 5 min…now 375 for remainder….what should temp be? Think some buttermilk would have helped…is recipe correct?",
    "Kim says:This recipe definitely needs more wet ingredients. I added buttermilk and some veg oil and the dough and the finished muffins were still too dry. The flavors were excellent though.",
    "hannah says:I felt like the 2 dry then 3 yogurt ratio was weird I definitely ran out of yogurt and with out over mixing I am left with almost a wet dough and you can not pour dough…When it says to pour into cups I feel like I should have more of a batter. I hope this doesn’t suck.",
    "amanda @ fake ginger says:These look AMAZING!",
    "Bessie Fielding says:Blueberry Lemon Poppyseed Muffins: you say to preheat the oven at 425 then further down you say bake at 475. Please can you which is the correct temperature.",
    "Alyssa says:I am sure it wouldn’t be baked at a higher temperature than 425.  I will find out and fix that!",
    "Ashton says:oh my gosh, YES! I am allllllll over this— and that glaze?! It’s amazing. Seriously. Pinned 🙂"
  ]
}