{
  "URL": "https://therecipecritic.com/blueberry-oatmeal-muffins/",
  "Summary": "These Blueberry Oatmeal Muffins are a healthy, hearty snack or breakfast loaded with whole grains and bursting berries!",
  "Metadata": [
    "Prep Time:  15minutes",
    "Cook Time:  20minutes",
    "Total Time:  35minutes",
    "Servings:  12Muffins"
  ],
  "Ingredients": [
    "1 cup quick oats",
    "1 cup hot water",
    "1 1/3 cups brown sugar lightly packed",
    "3/4 cup plain Greek yogurt",
    "1/2 cup unsweetened applesauce",
    "1/4 cup canola oil",
    "3 large eggs",
    "1 tablespoon vanilla",
    "2 1/2 teaspoons baking powder",
    "1 teaspoon baking soda",
    "1 1/2 teaspoon cinnamon",
    "1/4 teaspoon salt",
    "2 1/4 cups whole wheat flour",
    "3 cups fresh or frozen blueberries"
  ],
  "Instructions": [
    "Preheat oven to 350 degrees Fahrenheit.",
    "Combine oats and hot water in a medium bowl and let sit for 5-10 minutes while you prepare the rest of the batter.",
    "In a large bowl, whisk brown sugar, yogurt, applesauce, eggs, and vanilla together until smooth.",
    "Add baking powder, baking soda, cinnamon, and salt and whisk until smooth.",
    "Add soaked oats and stir until evenly distributed.",
    "Add flour and berries and stir just until combined, don't overmix!",
    "Lightly grease a muffin pan, fill 24 muffin cups 3/4 full and bake for 20-25 minutes until a toothpick inserted in the center comes out clean."
  ],
  "Nutrition": [
    "Calories: 291kcal",
    "Carbohydrates: 54g",
    "Protein: 7g",
    "Fat: 7g",
    "Saturated Fat: 1g",
    "Cholesterol: 42mg",
    "Sodium: 171mg",
    "Potassium: 303mg",
    "Fiber: 4g",
    "Sugar: 32g",
    "Vitamin A: 79IU",
    "Vitamin C: 4mg",
    "Calcium: 100mg",
    "Iron: 2mg"
  ],
  "Comments": [
    "Susanne P says:I have been looking for an oatmeal blueberry muffin for years as it is my primary breakfast choice.  I found it with this recipe.   I am thrilled to be able to use my homemade apple butter in my freezer as well.  The whole wheat flour definitely makes a difference.  It is definitely a keeper.",
    "Rebecca Kalinchuk says:Amazing! My son has celiac so I swapped the whole wheat flour for GF flour, that was the only change and they were perfect! I did use the canola oil that wasn’t mentioned in the steps. I used paper liners and made 18 muffins (they don’t rise as much with GF flour). Def make them again",
    "Jenny Champness says:Hi, have just made your Blueberry Oatmeal muffins and they are delicious.  I have noticed however, that the ingredient list includes canola oil but is not in the instructions as to when to add.  I assume it is at the beginning with the other wet ingredients. This recipe is a keeper.  Thank Alyssa. Best part is only had to convert the oven temperature to Celsius as I am in Australia.",
    "Judi Hammond says:I am interested in the Blueberry Oatmeal Muffins recipe.  What if I would like to make this with the Old Fahioned Oatmeal rather than the instant oatmeal.   Also, could I substitute white flour for the wheat flour.  I appreciate your response to my email",
    "Alyssa Rivers says:Hi Judi,This sounds great! Let me know how you like it and if it turned out the way you are hoping for. Thanks so much for choosing one of my recipes! XOXOYour Recipe Critic,Alyssa"
  ]
}