{
  "URL": "https://therecipecritic.com/blueberry-banana-bread/",
  "Summary": "This moist and delicious Blueberry Banana Bread has the perfect combination of bananas and fresh blueberries that is super simple to make!",
  "Metadata": [
    "Prep Time:  15minutes",
    "Cook Time:  45minutes",
    "Total Time:  1hour",
    "Servings:  12slices"
  ],
  "Ingredients": [
    "1/2 cup softened (1 stick butter)",
    "1 cup granulated sugar",
    "2 large eggs beaten",
    "3 ripe bananas mashed",
    "2 cups flour",
    "1 teaspoon baking soda",
    "1/2 teaspoon salt",
    "1 1/2 cups fresh blueberries tossed in 1 Tablespoon of flour"
  ],
  "Instructions": [
    "Preheat oven to 375F degrees. Spray two 9×5 loaf pans with nonstick spray. Set aside.",
    "In a large bowl, using an electric or stand mixer with paddle attachment cream butter and sugar together until light and fluffy.",
    "In a small bowl, beat eggs using a fork. Add eggs to the sugar mixture and beat until combined. Add mashed bananas and mix until combined.",
    "Sift all dry ingredients: flour, baking soda, and salt. Slowly add sifted dry ingredients to the banana mixture and mix until flour is just combined. DO NOT OVERMIX! Fold in floured covered blueberries.",
    "Pour batter into prepared loaf pans and bake at 375F for 15 minutes. REDUCE heat to 350F and bake for an additional 30 minutes until edges are slightly brown or until come out clean. Let cool completely before removing from loaf pans."
  ],
  "Nutrition": [
    "Calories: 153kcal",
    "Carbohydrates: 25g",
    "Protein: 2g",
    "Fat: 5g",
    "Saturated Fat: 3g",
    "Cholesterol: 29mg",
    "Sodium: 160mg",
    "Potassium: 91mg",
    "Fiber: 1g",
    "Sugar: 13g",
    "Vitamin A: 183IU",
    "Vitamin C: 3mg",
    "Calcium: 7mg",
    "Iron: 1mg"
  ],
  "Comments": [
    "Teresa Perger says:I would like to comment positively on how much I LOVE the directions included with each recipe. It is extremely helpful to have the amount of ingredients listed in the directions.  The Recipe Critic is the only one who gives directions in this way.  I really appreciate this!Also, I get daily wonderful recipes.  They are excellent!",
    "Alyssa Rivers says:Thank you so much for this comment! It helps me know the work is all worth it!",
    "Meghan says:I LOVED this recipe! Had one slice and turned my back and my family devoured it in moments. Looking to make a bigger batch and freeze as MUFFINS. would you recommend the same recipe just shorter cook time?",
    "Alyssa Rivers says:I haven’t tried this as muffins but I would cook them at 350 degreed Fahrenheit for about 20 minutes or until a toothpick came out clean! Let me know how they turn out!",
    "Laura says:Good morning,I made the recipe yesterday and it was delicious!  My question is: can I put this in one loaf pan instead of 2?  What would my oven temp and timing be?Thanks,Laura",
    "Alyssa Rivers says:I would do this in 2 separate pans. It will be too much batter for one pan to cook evenly.",
    "Tana says:Can I use frozen bananas for this? It looks amazing and I have some in the freezer I normally use for smoothies.",
    "Alyssa Rivers says:You can try using frozen bananas but that could change the color and texture of the bread. I would use bananas that have ripened and have brown spots on the peel.",
    "Tina says:Amazing flavor. My family absolutely loved it.I be making this many times! Recipe is So easy to follow too! Thanks for this and so many of your others recipes! My family and I love everything that I’ve made from your site!",
    "connie says:I just made this with one stick of butter (which is a 1/2 cup) Also I didn’t put flour on the blueberries, didn’t need to. I used vegan butter, because of milk allergy. Also, this only made ONE loaf. If someone wants 2  9 inch loaves, I would double the recipe. I had an old recipe from the family that I always made, but being away from my full time kitchen, and recipes,  I looked this recipe up on the internet. So I will post how it tastes after it cools. Thanks.",
    "Elizabeth says:Funny that one person says “milk” & another said she put in “yogurt”? I like to read reviews BEFORE trying ANYTHING new. Thanks for all the posted remarks ladies.",
    "Elizabeth says:I’m just wondering if this recipe can be done in a square pan instead of 2 loaf pans. LOVE the blueberries!",
    "Gladys French says:Unbelievably delicious and moist. I made large muffins and one loaf.  Will definitely make again and again.",
    "MJ Francom says:I have made this several times the last couple weeks and my family can’t get enough of it!",
    "Lily says:Absolutely delicious! Will try again today, but with walnuts.  Thanks for the awesome recipe.",
    "Kelly says:Love love love! Baked today… delicious!  Will totally make again .. thank you!",
    "Leeann says:Absolutely delicious, made one loaf, instead of two and my husband devoured it.  Just the right amount of sweet with blueberries a bit tart.",
    "Jody Ritchie says:I’ve used this recipe many times and it always comes out great. My question: can I use frozen blueberries instead of fresh. I have some I  picked over the summer and froze",
    "Alyssa Rivers says:Hi Jody,Yes, you can use frozen blueberries but they do tend to bleed and change colors in the banana bread.",
    "Barby says:Oh boy, I am doubling recipe and nothing I have here is “a pourable batter!  Help b4 I put in oven!"
  ]
}