{
  "URL": "https://therecipecritic.com/blueberry-banana-bread-recipe/",
  "Summary": "This moist and delicious sour cream blueberry banana bread is something anyone can make, and that everyone will love. Packed with juicy berries, each bite of this sweet and tender bread will have you wanting another piece.",
  "Metadata": [
    "Prep Time:  15minutes",
    "Cook Time:  1hour",
    "Total Time:    1hour15minutes",
    "Servings:  2loaves"
  ],
  "Ingredients": [
    "⅓ cup vegetable oil",
    "1 cup granulated sugar",
    "2 eggs, lightly beaten",
    "1 ½ cups mashed bananas, about 3 large overripe bananas",
    "⅔ cup sour cream",
    "1 ½ teaspoon vanilla extract",
    "2 ½ cup flour",
    "2 teaspoons baking soda",
    "½ teaspoon salt",
    "1 ½ cup blueberries, fresh or frozen"
  ],
  "Instructions": [
    "Preheat the oven to 325 degrees Fahrenheit and spray two 9×5 bread pans with pan spray.",
    "In a large bowl, beat ⅓ cup vegetable oil and 1 cup granulated sugar together with a hand mixer until combined. Add 2 eggs, and beat until light and fluffy, about 2 minutes.",
    "Beat in 1 ½ cups mashed bananas, ⅔ cup sour cream, and 1 ½ teaspoon vanilla extract until combined.",
    "In a medium bowl, whisk together 2 ½ cup flour, 2 teaspoons baking soda, and ½ teaspoon salt. Remove one tablespoon of the flour mixture and toss it in a small bowl with 1 ½ cup blueberries,.",
    "Add the flour mixture to the wet ingredients and mix on low until just combined. Fold in the blueberries by hand.",
    "Separate the batter evenly into the two prepared pans and bake for 50-60 minutes or until a toothpick comes out clean. Let the loaves cool for 30 minutes before slicing."
  ],
  "Nutrition": [
    "Calories: 1712kcal",
    "Carbohydrates: 278g",
    "Protein: 26g",
    "Fat: 58g",
    "Saturated Fat: 15g",
    "Polyunsaturated Fat: 23g",
    "Monounsaturated Fat: 14g",
    "Trans Fat: 0.3g",
    "Cholesterol: 209mg",
    "Sodium: 1769mg",
    "Potassium: 1020mg",
    "Fiber: 11g",
    "Sugar: 135g",
    "Vitamin A: 883IU",
    "Vitamin C: 26mg",
    "Calcium: 142mg",
    "Iron: 9mg",
    ""
  ],
  "Comments": [
    "kelli WEISS says:made this recipe exactly as detailed, but divided in 1 9×5, 1 8×4, and 1 mini, to gift to various folks, so never really had a taste myself!i make many versions of banana bread, mostly with almonds, but have added everything else under the sun.this week i had so many berries and ripe bananas, and love using sour cream, that i chose your recipe!the breads smelled wonderful, but seemed too light in weight, and didnt seem to have quite enuf content to fill these 3 pans enuf so they were pretty shallow! thanks for the recipe:) kelli",
    "Mary Ann says:Made this recipe today with no changes.   It is very moist and delicious.   I would highly recommend this recipe.   Thank you for sharing.",
    "CS says:This recipe looks good, but why is it for 2 loaves, instead of one? Plus, what’s confusing is that the box at top right says it’s a “1X” recipe.  Could you provide a recipe for one loaf? Thanks.",
    "Alyssa Rivers says:The amount of the batter yields enough to bake 2 loaves. Feel free to half the recipe for one loaf!",
    "Eric Anderson says:WOW!!! This is wonderful recipe. I made it twice already. 1st time I followed the recipe as stated & it was great! 2nd time I substituted the sour cream for Chobai Greek Yogurt(whole, red top) & this was for me way better. It’s so flavorful,  & moist, I also used fresh blueberries. Thank you for a great recipe!!!",
    "Pat says:Looked at nutritional info. High in calories, sugar and sodium.  Know it makes two loaves but still seams high numbers.  Servings per loaf approximately?  Suggestions on lowering numbers Thank you.",
    "Irene Rodriguez says:Delicious, I would like to know if I bake this recipe in mini loaves what temperature do I bake them and how long",
    "Sherie Rodrigues says:To anybody lucky enough to be here on Aleyssa’s fabulous site. I made this bread recipe 2 days ago, and already have request to make again, I’m not going to, until I have made every other recipe on this dear young lady’s site. When it has been stated as the best, it is. Thank you Alyssa. Happy New Year from Australia.",
    "KB says:I’m anxious to try this recipe! What do you recommend as a healthier substitute for the granulated sugar?",
    "Alyssa Rivers says:Stevia or Monkfruit sweetener!",
    "Lois Clark says:Blueberry Bread was wonderful thank you. I need dinner recipes we are tired of the same food week in and week out.",
    "Pamela says:How strong was the banana flavor in this recipe?",
    "Sandra F says:Excellent!!!!!"
  ]
}