{
  "URL": "https://therecipecritic.com/blueberry-scones/",
  "Summary": "Baked to a buttery golden brown, these blueberry-filled scones are a soft, flaky treat bursting with tart and juicy flavor. Drizzled with a perfectly sweet, homemade icing, this mouthwatering pastry is going to be your new favorite way to start your day!",
  "Metadata": [
    "Prep Time:  20minutes",
    "Cook Time:  25minutes",
    "Total Time:  45minutes",
    "Servings:  8Scones"
  ],
  "Ingredients": [
    "2 cups all purpose flour",
    "½ cup granulated sugar",
    "2 teaspoon baking powder",
    "½ teaspoon salt",
    "3 Tablespoon lemon zest",
    "½ cup unsalted butter chilled",
    "½ cup heavy cream chilled",
    "1 large egg large",
    "1 teaspoon vanilla extract",
    "1 cup frozen blueberries not thawed",
    "Sugar crystals for topping",
    "1 cup powdered sugar",
    "2 Tablespoon heavy cream",
    "½ teaspoon vanilla extract"
  ],
  "Instructions": [
    "Preheat the oven to 400° and line a baking sheet with parchment paper. Set aside.",
    "In a large bowl, whisk the flour, sugar, baking powder, salt and lemon zest together.",
    "Use a small grater to grate the cold butter into the dry ingredients. Use your hands to lightly mix the butter into the flour. Add the frozen blueberries and toss gently.",
    "In a medium bowl, combine the cream, egg and vanilla extract. Pour over the butter and dry ingredients and stir to combine. Trying to work the dough as little as possible, turn out onto a lightly floured surface and work into a ball. Flatten into an 8-9 inch disc and sprinkle with turbinado or crystal sugar. Use a sharp knife to cut into 6-8 equal pieces.",
    "Arrange the pieces on the prepared baking sheet, leaving about 2 inches between each one. Bake for 25-28 minutes, or until nice and golden brown. Allow to cool for at least 5-10 minutes before drizzling the icing over the top.",
    "In a small bowl whisk together the powdered sugar, heavy cream, and vanilla extract. If it seems too thick, add 1 more tablespoon of heavy cream."
  ],
  "Nutrition": [
    "Calories: 410kcal",
    "Carbohydrates: 55g",
    "Protein: 5g",
    "Fat: 19g",
    "Saturated Fat: 12g",
    "Polyunsaturated Fat: 1g",
    "Monounsaturated Fat: 5g",
    "Trans Fat: 1g",
    "Cholesterol: 79mg",
    "Sodium: 165mg",
    "Potassium: 180mg",
    "Fiber: 2g",
    "Sugar: 29g",
    "Vitamin A: 673IU",
    "Vitamin C: 5mg",
    "Calcium: 72mg",
    "Iron: 2mg",
    ""
  ],
  "Comments": [
    "Patricia Seifert says:Can I use fresh blueberries instead of frozen to make scones?",
    "Alyssa Rivers says:I would use frozen blueberries (not thawed) in this recipe. Using fresh blueberries will add too much liquid to the dough."
  ]
}