{
  "URL": "https://therecipecritic.com/blueberry-pancakes/",
  "Summary": "Blueberry pancakes are a classic breakfast option for a good reason… They are the best! Soft, fluffy, and packed with fresh, juicy blueberries, you won't be able to stop at just one! ",
  "Metadata": [
    "Prep Time:  5minutes",
    "Cook Time:  5minutes",
    "Total Time:  10minutes",
    "Servings: 4"
  ],
  "Ingredients": [
    "1 large egg",
    "2 tablespoons canola oil",
    "1 cup milk",
    "1 cup flour",
    "1/4 teaspoon salt",
    "2 tablespoons sugar",
    "2 tablespoons baking powder",
    "1 cup blueberries"
  ],
  "Instructions": [
    "In a medium-sized bowl whisk together egg, oil, and milk.",
    "In a separate bowl combine flour, salt, sugar, and baking powder.",
    "Add the dry ingredients into the wet ingredients and combine. Fold in blueberries.",
    "Preheat a skillet over medium heat. Spray with cooking spray and drop about ⅓ cup of the batter onto the warm skillet. Once it forms bubbles then flip to the other side and cook until golden brown."
  ],
  "Nutrition": [
    "Calories: 280kcal",
    "Carbohydrates: 41g",
    "Protein: 7g",
    "Fat: 11g",
    "Saturated Fat: 2g",
    "Polyunsaturated Fat: 1g",
    "Monounsaturated Fat: 6g",
    "Trans Fat: 0.01g",
    "Cholesterol: 54mg",
    "Sodium: 193mg",
    "Potassium: 777mg",
    "Fiber: 2g",
    "Sugar: 13g",
    "Vitamin A: 186IU",
    "Vitamin C: 4mg",
    "Calcium: 349mg",
    "Iron: 2mg",
    ""
  ],
  "Comments": [
    "Selina says:Can I use Buttermilk?",
    "Alyssa Rivers says:Yes you can use buttermilk in place of the milk, yum!",
    "Victoria says:Is it really 2 TABLESPOONS baking powder to 1 c flour? Or is that supposed to be teaspoons?",
    "Alyssa Rivers says:2 Tablespoons are correct!"
  ]
}