{
  "URL": "https://therecipecritic.com/blueberry-lattice-pie/",
  "Summary": "This classic blueberry pie is a fresh and delicious dessert that's made for summertime! Filled with blueberries and topped with the most delicious and beautiful lattice crust, this pie is sure to impress any guest. ",
  "Metadata": [
    "Prep Time:  40minutes",
    "Cook Time:  50minutes",
    "Cool:  4hours",
    "Total Time:    5hours30minutes",
    "Servings:  8Servings"
  ],
  "Ingredients": [
    "3/4 Cup Sugar",
    "2 Teaspoons Lemon Zest",
    "1 Double Pie Crust Recipe",
    "2 Tablespoons Cornstarch",
    "¼ Cup All-purpose Flour",
    "1 Tablespoon Lemon Juice",
    "6 Cups Frozen Blueberries (thawed)",
    "1 Tablespoon Unsalted Butter",
    "1 Large Egg (beaten)",
    "1 Tablespoon Water",
    "Coarse Sugar (for topping)"
  ],
  "Instructions": [
    "In a small bowl combine the sugar and lemon zest until fragrant. Set aside.",
    "Line a 9-inch pie dish with half of the pie dough. Press into the bottom and sides of the pan. Don’t trim the excess dough just yet. Chill in the freezer for at least 20 minutes.",
    "Preheat the oven to 400°.",
    "Add the cornstarch and flour to the lemon sugar and mix until combine. In a large bowl add the sugar mixture, lemon juice and blueberries. Stir until the blueberries are evenly coated.",
    "Use a sharp paring knife or a dough lattice roller to cut the second half of the dough into half-inch wide strips.",
    "Pour the blueberry filling into the chilled bottom crust. Using the strips of dough, lay half of the strips across the pie in one direction. Gently fold every other strip back halfway and lay another strip perpendicular across them. Fold the strips back.",
    "Fold the alternate strips back almost halfway and lay another strip perpendicular across them. Repeat the process alternating strips until the lattice is complete across the whole top of the pie.",
    "Press the edges of the lattice strips into the edge of the bottom crust and trim the excess dough using a paring knife going around the whole pie pan.",
    "Combine the beaten egg with the water. Use a pastry brush to gently brush the lattice strips with egg wash and, if desired, sprinkle with coarse sugar.",
    "Place the pie dish on a baking sheet and bake for 45-50 minutes, until the filling is bubbling, and the crust is golden brown.",
    "Let the pie cool for at least 4 hours so the filling can set up before slicing. Store leftover pie covered tightly in the fridge for up to 5 days."
  ],
  "Nutrition": [
    "Calories: 275kcal",
    "Carbohydrates: 50g",
    "Protein: 3g",
    "Fat: 8g",
    "Saturated Fat: 3g",
    "Polyunsaturated Fat: 1g",
    "Monounsaturated Fat: 3g",
    "Trans Fat: 0.1g",
    "Cholesterol: 24mg",
    "Sodium: 97mg",
    "Potassium: 121mg",
    "Fiber: 3g",
    "Sugar: 30g",
    "Vitamin A: 134IU",
    "Vitamin C: 12mg",
    "Calcium: 16mg",
    "Iron: 1mg",
    ""
  ],
  "Comments": [
    "Carol says:Can you use fresh blueberries to make this pie?",
    "Alyssa Rivers says:Yes! That will work as well.",
    "Connie Pruitt says:Can you use fresh blueberries?  When I thaw fresh ones, they are usually watery.   Thank you.",
    "Alyssa Rivers says:Yes, you can use fresh blueberries!",
    "Sabrina says:a classic, love the lattice, and good reminder too about chilling the pie crust before filling it, thank you"
  ]
}