{
  "URL": "https://therecipecritic.com/blueberry-lemon-pound-cake/",
  "Summary": "Blueberry Lemon Pound Cake! This pound cake is made lighter by using greek yogurt, and is loaded up with lemon flavor thanks to zest and fresh lemon juice! Juicy blueberries are baked right in. All drizzled with a luscious lemon glaze.",
  "Metadata": [
    "Prep Time:  20minutes",
    "Cook Time:  50minutes",
    "Total Time:    1hour10minutes",
    "Servings:  12slices"
  ],
  "Ingredients": [
    "1 cup granulated sugar",
    "1 tablespoon lemon zest",
    "1 ½ cups all-purpose flour",
    "¼ teaspoon salt",
    "2 teaspoons baking powder",
    "1 cup vanilla Greek yogurt",
    "½ teaspoon vanilla extract",
    "3 large eggs",
    "1 tablespoon lemon juice",
    "½ cup vegetable oil",
    "1 cup blueberries cleaned and dried",
    "½ tablespoon all-purpose flour",
    "zest of 1 lemon",
    "1 cup powdered sugar",
    "1 ½ tablespoons lemon juice can sub with some half and half or heavy cream"
  ],
  "Instructions": [
    "Preheat oven to 350 degrees Fahrenheit. Spray a loaf pan (mine is 9 x 5-inch) with baking spray and set aside.",
    "In small bowl combine 1 tablespoon lemon zest and 1 cup granulated sugar. Mix together with your fingers until zest is coated with sugar and mixture is fragrant (will smell like lemon!)",
    "In a large bowl, mix together 1 ½ cups all-purpose flour, ¼ teaspoon salt, 2 teaspoons baking powder, and sugar zest mixture. Whisk together to combine.",
    "In another medium bowl, beat 3 large eggs, add in 1 cup vanilla Greek yogurt, ½ teaspoon vanilla extract, 1 tablespoon lemon juice, ½ cup vegetable oil, and stir until combined.",
    "Pour the wet ingredients into the dry and stir gently to mix.",
    "Toss 1 cup blueberries with ½ tablespoon all-purpose flour. Once batter is mostly mixed, gently fold in the blueberries.",
    "Pour the batter into the loaf pan. Using the back of the spoon, evenly spread the batter.",
    "Bake for approximately 50 minutes. The top will be browned, and a toothpick inserted into the middle will come out clean once done. Allow to cool in the pan for about 10 minutes, then turn the pan upside down to remove the bread from the pan. Move the loaf to a wire rack to continue cooling.",
    "While the bread is cooling, you can prepare the glaze. In a small bowl, add 1 cup powdered sugar, then the zest of 1 lemon. Pour in 1 ½ tablespoons lemon juice and stir. Start with 1 tablespoon and if the glaze is tasting tart enough (depends on the lemon used!), then use half and half or heavy cream to get the correct consistency. The glaze will be smooth. Stir until there are no clumps of sugar remaining. Add more sugar or more juice to obtain the desired consistency.",
    "Pour the glaze over the cooled bread. Serve immediately or store bread in a sealed container. I wrap mine in foil. Store at room temperature for 3-4 days."
  ],
  "Nutrition": [
    "Calories: 286kcal",
    "Carbohydrates: 43g",
    "Protein: 5g",
    "Fat: 11g",
    "Saturated Fat: 2g",
    "Polyunsaturated Fat: 6g",
    "Monounsaturated Fat: 3g",
    "Trans Fat: 0.1g",
    "Cholesterol: 48mg",
    "Sodium: 143mg",
    "Potassium: 49mg",
    "Fiber: 1g",
    "Sugar: 29g",
    "Vitamin A: 87IU",
    "Vitamin C: 3mg",
    "Calcium: 69mg",
    "Iron: 1mg",
    ""
  ],
  "Comments": [
    "Dawn says:Great recipe, used a little larger pan and parchment paper (easy clean up) add lemon zest to the glaze.  Parchment paper made it look a little rustic. Next time might make holes for the glaze to go into.",
    "Kathy P says:I followed the recipe as written,  mine came out liqiudy in the middle! I baked it for around 50 minutes, toothpick I slanted from aside center down towards center, came out clean.. had to put on cookie sheet back in the oven, watching it every 5 minutes…I am an excellent baker (even have requests for things I bake), so very disappointed in this one…btw, have your cookbook and love it!",
    "Rob Zinski says:My first time making pound cake. It turned out perfect even though I cut the sugar in half. Gracias.",
    "Stefania Sigurdson Forbes says:WOW – this recipe was incredible and delicious. It is a lovely spring recipe I made for my family close to Easter/",
    "Pat says:This is a heavenly recipe!  Light, moist, sweet but not too sweet and bright with lemon!!  Delicious!!",
    "Barbara says:Sounds wonderful… Just one question, Can I use plain Greek yogurt and INCREASE the vanilla?",
    "Alyssa Rivers says:I haven’t tried that before! If you do, please let me know how it turns out!",
    "Josie Hall says:I love this pound cake!  It freezes wonderfully!  I found that at 350 it take longer than 1 hour to bake.  Can I up the temp to 375?",
    "Alyssa Rivers says:I haven’t tried that before, let me know how it turns out!",
    "A says:I found that at 350 it took over an hour to bake all the way through, and by the time it was baked through, the sides were quite dark and burnt smelling. I’m at sea level and made no recipe adjustments. Otherwise, seems like a good recipe.",
    "Peggy Wooten says:How do you think fresh cranberries would work in this recipe? I was thinking cranberries would make a pretty Christmas cake.",
    "Dawn says:Cranberry are bitter without sugar try dry or hydrate the dry Cranberries and add.  Could work."
  ]
}