{
  "URL": "https://therecipecritic.com/blueberry-syrup/",
  "Summary": "Made with just 4 simple ingredients, my fresh homemade blueberry syrup is thick, flavorful, and ready in minutes.",
  "Metadata": [
    "Prep Time:  5minutes",
    "Cook Time:  10minutes",
    "Total Time:  15minutes",
    "Servings:  8servings"
  ],
  "Ingredients": [
    "½ cup granulated sugar",
    "1 tablespoon cornstarch",
    "½ cup water",
    "1 tablespoon lemon juice",
    "2 cups fresh blueberries*"
  ],
  "Instructions": [
    "In a medium saucepan, add ½ cup granulated sugar, 1 tablespoon cornstarch, ½ cup water, and 1 tablespoon lemon juice and whisk. Bring to a gentile boil over medium-high heat and add the 2 cups fresh blueberries*.",
    "Reduce the heat to low and simmer for 4-5 minutes until the blueberries burst and the syrup starts to thicken. Remove from heat and serve."
  ],
  "Nutrition": [
    "Calories: 73kcal",
    "Carbohydrates: 19g",
    "Protein: 0.3g",
    "Fat: 0.2g",
    "Saturated Fat: 0.01g",
    "Polyunsaturated Fat: 0.1g",
    "Monounsaturated Fat: 0.02g",
    "Sodium: 1mg",
    "Potassium: 31mg",
    "Fiber: 1g",
    "Sugar: 16g",
    "Vitamin A: 20IU",
    "Vitamin C: 4mg",
    "Calcium: 3mg",
    "Iron: 0.1mg",
    ""
  ],
  "Comments": [
    "Peanut says:Would this be good in an Italian soda?",
    "Alyssa Rivers says:Thanks for the question! I think that sounds really good! It would definitely be worth a try! Let me know how it turns out!",
    "Jorge says:Super easy and delicious recipe! The only change I would make next time is to add the cornstarch to some water and make a slurry BEFORE you add to mix. once it started heating, the cornstarch formed little globs that did not want to break up.",
    "Lynda says:Thank you for this recipe! I did add a very small amount of vanilla and a bit of maple syrup and love the flavor! I’m using this over my lemon ricotta pancakes! Wonderful recipe! Thank you again!"
  ]
}