{
  "URL": "https://therecipecritic.com/blueberry-breakfast-cake/",
  "Summary": "Blueberry buttermilk breakfast cake is so easy to throw together for breakfast. It is incredibly moist, buttery, and bursting with fresh blueberries inside. One piece is never enough!",
  "Metadata": [
    "Prep Time:  15minutes",
    "Cook Time:  1hour",
    "Total Time:    1hour15minutes",
    "Servings: 6"
  ],
  "Ingredients": [
    "1/2  cup unsalted butter softened",
    "zest from one lemon",
    "1/2  cup  sugar",
    "1 egg",
    "1 teaspoon vanilla",
    "2  cups flour divided",
    "1  teaspoon salt",
    "2 teaspoons  baking powder",
    "2 cups fresh blueberries",
    "1/2  cup buttermilk",
    "1  tablespoon coarse sugar  for topping"
  ],
  "Instructions": [
    "Preheat your oven to 350 degrees. Grease a 9×13 inch pan and set aside. In a medium sized mixing bowl, cream together the butter, lemon zest, and sugar. Add the egg and vanilla and beat until combined.",
    "In a separate mixing bowl, whisk together the 1 and 3/4 cup flour, salt and baking powder. Toss the blueberries in the remaining 1/4 cup flour.",
    "Add the flour mixture to the creamed mixture a little at a time alternating with the buttermilk until combined. Gently fold in the blueberries.",
    "Spread the batter into the prepared baking pan. Sprinkle with coarse sugar. Bake for 35-40 minutes or until it is cooked through and toothpick is clean. Let rest for 15 minutes before serving."
  ],
  "Nutrition": [
    "Calories: 413kcal",
    "Carbohydrates: 59g",
    "Protein: 6g",
    "Fat: 17g",
    "Saturated Fat: 10g",
    "Polyunsaturated Fat: 1g",
    "Monounsaturated Fat: 4g",
    "Trans Fat: 1g",
    "Cholesterol: 70mg",
    "Sodium: 424mg",
    "Potassium: 260mg",
    "Fiber: 2g",
    "Sugar: 25g",
    "Vitamin A: 572IU",
    "Vitamin C: 5mg",
    "Calcium: 99mg",
    "Iron: 2mg",
    ""
  ],
  "Comments": [
    "P.murphy says:The best I make it all the.my family loves it.",
    "Alyssa Rivers says:Thank you so much for your comment, it means so much to me that you would take the time to come back and comment! If you have time, if you could leave a star review, that would be super helpful for others to know they can trust the recipe! Thanks again!",
    "Barb says:Just finished making. Super easy to make! I did find the lemon zest a tad overpowering. Can I leave it out? Or is there a substitute? It is a super moist cake.  Thanks",
    "Alyssa Rivers says:Yes, you can leave it out!",
    "June Thomas says:I don’t necessarily need my comment to be published. I made the 2x recipe which seems to call for 4 cups of flour. The recipe says to mix together 1 3/4 cups of flour and use 1/4 cup of flour with the blueberries. That made me think I had misunderstood something. Does the 2x recipe actually call for 4 cups of flour?  Just looking for the answer. Thanks.",
    "Kathy says:The recipe says it makes 6 servings but it calls for a 9X13 pan. These are either very generous servings or the # of servings is incorrect.",
    "McKenzie Paulsen says:Can you make ahead and leave in refrigerator until ready to bake?",
    "Alyssa Rivers says:Yep! That’s one of the great things about this recipe.",
    "Luann Bausman says:You listed nutrition facts. Is that per serving or for the full recipe? Thanks!",
    "Alyssa RIvers says:Those are estimated amounts per serving.",
    "Ginny says:In the post you call for a 8 or 9 inch pan, but in the recipe, you call for a 9 x13 inch pan. Can you please correct it in the recipe?",
    "Alyssa Rivers says:Thanks for letting me know! It’s a 9×13 inch pan and this is all fixed. Let me know how it turns out for you!",
    "Bill Brasky says:Great recipe! I used mostly frozen blueberries. Plenty moist, not too salty. My grandpa wants me to add raisins next time 🙂",
    "Monique McGarry says:Could you make muffins from this recipe?",
    "Alyssa Rivers says:I haven’t tried that before! You could try cooking them in a muffin pan and adjusting the time to 22-25 minutes (still at 350 degrees). Let me know how they turn out! Or, try out these yummy Blueberry Oatmeal Muffins instead!",
    "Monique McGarry says:The muffins turned out great.  About 26 minutes at 350. I love all your recipes!",
    "Alyssa Rivers says:Yay! So glad that they worked!! Thanks for following along!!",
    "Brianna Rowe says:Such a easy and delicious recipe! I just used what I had on hand. So I used Almond milk with lemon juice to make the cream. I used zest from an orange and I used sugar free pancake syrup for the vanilla extract.I feel like I never have vanilla or lemons on hand. But it still tasted delicious and makes the house smell amazing! Don’t be afraid to just use what you have, if you don’t have all the exact ingredients. Thanks!"
  ]
}