{
  "URL": "https://therecipecritic.com/blueberry-pie-muffin-bread-with-a-lemon-glaze/",
  "Summary": "An amazingly moist muffin bread filled with blueberry pie filling. Topped with a crumb topping and drizzled in a lemon glaze this bread is incredible!",
  "Metadata": [
    "Prep Time:  10minutes",
    "Cook Time:  50minutes",
    "Total Time:  1hour",
    "Servings:  12slices"
  ],
  "Ingredients": [
    "2 ⅓ cups all-purpose flour",
    "1 tablespoon baking powder",
    "½ teaspoon salt",
    "1/2 cup sugar",
    "¼ cup vegetable oil",
    "1 egg",
    "1 cup milk",
    "1 teaspoon vanilla",
    "1  (21-ounce) can Lucky Leaf® Blueberry Fruit Filling and Topping",
    "¼ cup cubed cold butter",
    "½ cup all-purpose flour",
    "½ cup light brown sugar",
    "1 cup powdered sugar",
    "2 tablespoons heavy cream",
    "1 tablespoon lemon juice"
  ],
  "Instructions": [
    "Preheat the oven to 375 degrees Fahrenheit. Lightly grease two 9x5-inch loaf pans with non-stick cooking spray.",
    "In a medium-sized bowl whisk the 2 ⅓ cups all-purpose flour, 1 tablespoon baking powder, and ½ teaspoon salt and set aside. In another medium-size bowl mix the 1/2 cup sugar and ¼ cup vegetable oil. Add the 1 egg, 1 cup milk, and 1 teaspoon vanilla and mix until smooth and creamy.",
    "Add the sugar and egg mixture to the flour mixture and mix until well incorporated.",
    "Add the 1  (21-ounce) can Lucky Leaf® Blueberry Fruit Filling and Topping to the batter and gently fold it in with a wooden spoon. Don't overmix, the blueberry filling should be swirled throughout not completely incorporated.",
    "Pour the batter evenly between the two prepared loaf pans.",
    "Combine ¼ cup cubed cold butter, ½ cup all-purpose flour, and ½ cup light brown sugar. Use a pastry blender or fork to cut the butter into the flour and sugar to form crumbs. Top the bread with the crumb topping.",
    "Sprinkle the crumb topping over each loaf and bake for 50-60 minutes or until a toothpick inserted in the center comes out clean. (If the top starts to brown too fast, tent the bread with foil.)",
    "Remove the loaves from the oven and let them cool for about 15 minutes. Remove the bread from the pans and let cool completely on a wire rack.",
    "Whisk together the 1 cup powdered sugar, 2 tablespoons heavy cream, and 1 tablespoon lemon juice. Drizzle on top of the cooled bread."
  ],
  "Nutrition": [
    "Calories: 316kcal",
    "Carbohydrates: 51g",
    "Protein: 4g",
    "Fat: 11g",
    "Saturated Fat: 4g",
    "Polyunsaturated Fat: 3g",
    "Monounsaturated Fat: 3g",
    "Trans Fat: 0.2g",
    "Cholesterol: 29mg",
    "Sodium: 145mg",
    "Potassium: 186mg",
    "Fiber: 1g",
    "Sugar: 28g",
    "Vitamin A: 208IU",
    "Vitamin C: 0.5mg",
    "Calcium: 86mg",
    "Iron: 2mg",
    ""
  ],
  "Comments": [
    "Kayla says:Reading the reviews I got nervous to try this. I lowered my expectations and expected disaster.I decided to use much less blueberry filling to hopefully avoid too much moisture which could make it collapse/gummy(?) as other stated theirs turned out that way. Idk I’m not a baker AT ALL. Says to use a can, I used about 1/3 of a can. I will make blueberry topping with some of the left over can to put on top of the loaves. I didn’t make the crumble top or lemon glaze so I can’t speak on that. As I said I lowered my expectations of it working and didn’t want to waste things. I was also wondering if that made it cook differently and I wanted the highest possibility of it cooking through. The taste is still delicious!!! Texture is nice and airy. Next time I will try to add more filling and will make the crumble topping.",
    "sarah Austin says:I followed the recipe as stated, two 9×5 loaf pans, added 20 minutes to the stated cook time, used a toothpick to check for done-ness and both loaves still collapsed into gummy messes in the center after cooling. Such a bummer because they smelled wonderful cooking.",
    "Alyssa Rivers says:I’m sorry that happened. Have you checked your oven temperature? 80 minutes should be plenty of time for those to bake. Or did you open the oven door? Every time you open the oven, the temperature inside drops and it has to come back up to temp. This could contribute to it not baking fully.",
    "Leanne says:Basically, bread pudding. Followed instructions fully.",
    "Alyssa Rivers says:I’m so sorry it didn’t turn out for you! Can you explain more of what happened? I would love to help you out!"
  ]
}