{
  "URL": "https://therecipecritic.com/blueberry-muffins-with-a-sugared-glaze/",
  "Summary": "These blueberry muffins with a sugared glaze are so good, they should be illegal! Soft, buttery, and bursting with sweet blueberry flavor, they're the perfect excuse to have dessert for breakfast.",
  "Metadata": [
    "Prep Time:  10minutes",
    "Cook Time:  25minutes",
    "Total Time:  35minutes",
    "Servings:  12Muffins"
  ],
  "Ingredients": [
    "1 stick butter",
    "1 cup white sugar",
    "2 large eggs",
    "2 teaspoons vanilla extract",
    "2 cups blueberries",
    "1/2 cup milk",
    "1/4 teaspoon salt",
    "2 teaspoons baking powder",
    "2 cups white flour",
    "1/4 teaspoon cinnamon",
    "2 cups powdered sugar",
    "1 teaspoon vanilla",
    "4 tablespoons heavy cream"
  ],
  "Instructions": [
    "Preheat the oven to 375 degrees F. Spray or line a muffin tin and set aside.",
    "Beat together the sugar and butter until creamy. Add in the eggs, vanilla and milk. Stir to combine.",
    "In another bowl, stir together the salt, baking powder, flour, and cinnamon. Place the blueberries in a small bowl and sprinkle 2 teaspoons of the flour mixture over them. Toss to coat the berries with flour.",
    "Add the remaining flour mixture to the wet ingredients and mix until just barely combined. Fold in the blueberries by hand until evenly dispersed through the batter.",
    "Fill muffin tins 3/4ths the way full and bake for 25-30 minutes.",
    "Remove and allow to cool.",
    "Beat together all of the ingredients and either spoon over the muffins or carefully dip the tops of the muffins in the glaze."
  ],
  "Nutrition": [
    "Calories: 337kcal",
    "Carbohydrates: 57g",
    "Protein: 4g",
    "Fat: 11g",
    "Saturated Fat: 6g",
    "Cholesterol: 55mg",
    "Sodium: 134mg",
    "Potassium: 136mg",
    "Fiber: 1g",
    "Sugar: 39g",
    "Vitamin A: 378IU",
    "Vitamin C: 2mg",
    "Calcium: 55mg",
    "Iron: 1mg"
  ],
  "Comments": [
    "Kim Dunn says:These were the best muffins I’ve made in 30 years. The only alteration I did was add 1 cup white chocolate chips.Delicious!!!!"
  ]
}