{
  "URL": "https://therecipecritic.com/boat-dip/",
  "Summary": "This viral boat dip is your new go-to party favorite! It's cool, creamy, and loaded with flavor. Just stir it up, chill, and dive in with chips!",
  "Metadata": [
    "Prep Time:  10minutes",
    "Total Time:  10minutes",
    "Servings:  8Servings"
  ],
  "Ingredients": [
    "1 (16-ounce) container sour cream",
    "1 (8-ounce) block softened cream cheese",
    "1 (10-ounce) drained can Rotel tomatoes and green chilies",
    "2 cups shredded Colby Jack cheese",
    "1 packet ranch seasoning mix",
    "1 packet taco seasoning mix"
  ],
  "Instructions": [
    "Whisk the 1 (16-ounce) container sour cream and 1 (8-ounce) block softened cream cheese together in a large bowl until smooth.",
    "Add the 1 (10-ounce) drained can Rotel tomatoes and green chilies, 2 cups shredded Colby Jack cheese, 1 packet ranch seasoning mix, and 1 packet taco seasoning mix to the same bowl.",
    "Mix until everything is well combined. Serve immediately or cover and store in the fridge until ready to serve."
  ],
  "Nutrition": [
    "Calories: 148kcal",
    "Carbohydrates: 5g",
    "Protein: 8g",
    "Fat: 11g",
    "Saturated Fat: 7g",
    "Polyunsaturated Fat: 0.3g",
    "Monounsaturated Fat: 3g",
    "Cholesterol: 31mg",
    "Sodium: 816mg",
    "Potassium: 43mg",
    "Fiber: 1g",
    "Sugar: 1g",
    "Vitamin A: 739IU",
    "Vitamin C: 2mg",
    "Calcium: 227mg",
    "Iron: 1mg"
  ],
  "Comments": [
    "Tracy K Morgan says:This dip takes about 20 minutes, start-to-finish. I love the quickness of prep! It is best to let the dip chill for several hours, to meld those flavors. I made the dip as-is, but agree that it is a good basic recipe, to which add-ins would be welcome.",
    "JJ Mann says:Alyssa, “Thank You for All The Great and Tasty Recipes!!!” This recipe is also great with Canned Salmon (lightly fork flaked up) added to it along with Black Olives and Cayenne Pepper to bring a little heat on with it. Everyone’s loved it and asks for more for upcoming summer gatherings.All of your tried recipes so far of a few dozen are and have all been tasty deliciosso so much so, that I’ve purchased 7 of your Great Cookbooks for family and friends and they’re ecstatic over having received them and tried some of the recipes.Thank You Very Much!!!",
    "Alyssa Rivers says:Thank you so much! I can’t tell you how much this means to me!"
  ]
}