{
  "URL": "https://therecipecritic.com/boiled-chicken/",
  "Summary": "Boiled chicken makes meal prep a breeze and is the perfect way to get tender juicy chicken.  This method of cooking chicken is fast and easy to shred and use in so many recipes like salads, soups, and casseroles.",
  "Metadata": [
    "Prep Time:  5minutes",
    "Cook Time:  15minutes",
    "Total Time:  20minutes",
    "Servings: 8"
  ],
  "Ingredients": [
    "2 pounds boneless skinless chicken breasts",
    "4 cups chicken broth or water"
  ],
  "Instructions": [
    "Place the chicken in a large stock pot. Make sure all the chicken breasts are the same size and thickness. If the chicken is too thick, feel free to cut it thinner so the chicken cooks evenly.",
    "Pour the chicken broth over the chicken making sure to completely cover all of the chicken. Add more broth if needed.  You can use water instead of chicken broth, but the chicken broth adds great flavor!",
    "Bring the chicken and broth to a boil over medium-high heat.",
    "Once the mixture is boiling, reduce the heat to low boil and cover it with a lid.",
    "Cook until the chicken is cooked through and the internal temperature reaches 165° Fahrenheit. This takes approximately 15-20 minutes depending on the size and thickness of the chicken breasts. You can remove one of the chicken breasts and use a thermometer to check the temperature. Be careful not to overcook the chicken because the texture will become rubbery.",
    "Remove the chicken from the broth and shred using two forks.  My favorite way to shred chicken is in my kitchen aid or with an electric hand mixer.  It works wonders and is so fast!"
  ],
  "Nutrition": [
    "Serving: 4ounces",
    "Calories: 136kcal",
    "Carbohydrates: 1g",
    "Protein: 25g",
    "Fat: 3g",
    "Saturated Fat: 1g",
    "Polyunsaturated Fat: 0.5g",
    "Monounsaturated Fat: 1g",
    "Trans Fat: 0.01g",
    "Cholesterol: 75mg",
    "Sodium: 567mg",
    "Potassium: 441mg",
    "Sugar: 1g",
    "Vitamin A: 36IU",
    "Vitamin C: 1mg",
    "Calcium: 10mg",
    "Iron: 1mg",
    ""
  ],
  "Comments": [
    "Misty Haskett says:Great advice for beginning and advanced cooks!",
    "Melissa says:Hello what do you do/can you do with the leftover chicken broth?",
    "Alyssa Rivers says:I just discard it!",
    "Susan says:I never thought of using chicken broth for boiling chicken….it was perfect!  Will never use water again.  Thanks for posting",
    "Alyssa Rivers says:It gives it an added hint of flavor! Let me know what you think!",
    "Posipati says:I always use bone in, skin on chicken breasts or, more often, a whole chicken. It is a bit more labor intensive but it is healthier and has a ton more flavor."
  ]
}