{
  "URL": "https://therecipecritic.com/bola-bola-filipino-meatballs/",
  "Summary": "Easy Bola Bola (Filipino meatballs) combine pork, panko breadcrumbs, carrots, and onions to create a versatile meatball recipe. Tender and tasty on the inside then deep-fried and crispy on the outside! The perfect appetizer or dinner idea!",
  "Metadata": [
    "Prep Time:  15minutes",
    "Cook Time:  10minutes",
    "Total Time:  25minutes",
    "Servings:  6people"
  ],
  "Ingredients": [
    "1 pound ground pork",
    "½ small onion, finely diced, about ¼ cup",
    "1 small carrot, grated, about ¼ cup",
    "2 cloves garlic, minced",
    "¼ cup panko breadcrumbs",
    "1 large egg",
    "1 tablespoon soy sauce",
    "½ teaspoon kosher salt",
    "¼ teaspoon black pepper",
    "canola or vegetable oil, for frying",
    "sweet chili sauce, for serving"
  ],
  "Instructions": [
    "In a large bowl, combine the 1 pound ground pork, ½ small onion,1 small carrot,2 cloves garlic,¼ cup panko breadcrumbs, e1 large egg, 1 tablespoon soy sauce, ½ teaspoon kosher salt, and ¼ teaspoon black pepper.",
    "Mix everything until well combined.",
    "Shape the mixture into 1-inch balls and set aside.",
    "Fill a large skillet halfway with canola or vegetable oil,. Heat the oil over medium-high heat until it reaches 350 degrees Fahrenheit. Using tongs or a spider spatula, add the meatballs to the hot oil. Be careful not to overcrowd the skillet. Fry the meatballs, flipping halfway through until cooked through and browned on the outside, about 4-5 minutes.",
    "Cool on a plate lined with paper towels. Serve the meatballs warm with a side of sweet chili sauce, for dipping."
  ],
  "Nutrition": [
    "Serving: 4meatballs",
    "Calories: 231kcal",
    "Carbohydrates: 4g",
    "Protein: 15g",
    "Fat: 17g",
    "Saturated Fat: 6g",
    "Polyunsaturated Fat: 2g",
    "Monounsaturated Fat: 7g",
    "Trans Fat: 0.003g",
    "Cholesterol: 82mg",
    "Sodium: 440mg",
    "Potassium: 289mg",
    "Fiber: 1g",
    "Sugar: 1g",
    "Vitamin A: 1744IU",
    "Vitamin C: 2mg",
    "Calcium: 28mg",
    "Iron: 1mg"
  ],
  "Comments": [
    "Kat says:Hi, what % of fat did you use? I clicked the link but it doesn’t state …",
    "Alyssa Rivers says:Hi Kat, I believe it was 80% or 90%.",
    "Sherry says:Can we bake this?If so what time & tempThx ?",
    "Alyssa Rivers says:Hi Sherry, thank you for your question. Yes you can bake these at 400 degrees Fahrenheit for 25-30 minutes, turning them halfway through. They should reach an internal temperature of 145 degrees Fahrenheit. Let me know how they turn out!"
  ]
}