{
  "URL": "https://therecipecritic.com/bolognese-sauce/",
  "Summary": "Bolognese sauce is heavenly and boy is the texture is something to write home about! With some love and patience, this sauce will turn out to be a work of art and TOTALLY worth the time you put into it!! ",
  "Metadata": [
    "Prep Time:  10minutes",
    "Cook Time:    2hours30minutes",
    "Total Time:    2hours40minutes",
    "Servings:  4people"
  ],
  "Ingredients": [
    "2 small carrots chopped",
    "1 small onion chopped",
    "2 celery stalks chopped",
    "3 cloves garlic",
    "8 ounce pancetta",
    "1 pound ground beef 80/20",
    "1 pound ground pork",
    "1 cup white wine",
    "1 29 ounce can crushed tomatoes",
    "1  4 ounce tomato paste",
    "2 cups chicken broth",
    "1 cup whole milk",
    "salt and pepper to taste"
  ],
  "Instructions": [
    "In a food processor add the carrots, onion, celery, and garlic. Pulse until crossly chopped. Be careful not to pulse it too long so that it turns into mush. Remove and set aside on a plate.",
    "Add the pancetta to the food processor and pulse until it is coarsely chopped.",
    "Add to a large skillet and cook the pancetta for 5-6 minutes over medium-high heat or until it starts to crisp. Remove and set aside on a plate.",
    "Add in the ground beef and ground pork. Cook and crumble until it is cooked throughout. You want the crumbles to be pretty small so it might take some extra work.",
    "Add the veggies, pancetta, white wine to the skillet. Allow it to deglaze.",
    "Add in the crushed tomatoes, tomato paste, and chicken broth.",
    "Let it simmer on low for 2 hours for the flavors to blend and for it to thicken.",
    "The last 15 minutes of cooking add the milk. Season to taste. Serve while warm."
  ],
  "Nutrition": [
    "Calories: 936kcal",
    "Carbohydrates: 11g",
    "Protein: 49g",
    "Fat: 72g",
    "Saturated Fat: 26g",
    "Polyunsaturated Fat: 7g",
    "Monounsaturated Fat: 31g",
    "Trans Fat: 1g",
    "Cholesterol: 206mg",
    "Sodium: 996mg",
    "Potassium: 1084mg",
    "Fiber: 1g",
    "Sugar: 6g",
    "Vitamin A: 4320IU",
    "Vitamin C: 13mg",
    "Calcium: 138mg",
    "Iron: 4mg",
    ""
  ],
  "Comments": [
    "Cheryl says:Great recipe. The recipe says 10 minutes for prep time. It took me 45 minutes to make.  Worth all the effort.  I used mild sausage. Next time I would use medium sausage.",
    "maria tempesta says:thank you for this wonderful recipe! if doubled the leftover sauce makes amazing stuffed shells & lasagna as well.",
    "Nancy says:This is BY FAR the very very very best bolognese I’ve ever made!! Thanks to Alyssa for printing it..I follow all her recipes now.",
    "Christine Driskill says:I love this and I’m definitely making it again!! I don’t use white wine though.. I’m Italian and Portuguese and we always use red wine in our pasta.  I use white for chicken and fish.  Either way it’s good!! ?",
    "Beth says:My granddaughter is a ridiculously picky eater. This is her favorite food to eat by far. I make the recipe exactly as written and it comes our great.",
    "Nancy says:Absolutely adore the bolognese recipe. Made it a few times now & always a winner ."
  ]
}