{
  "URL": "https://therecipecritic.com/bongo-bars/",
  "Summary": "A delicious chocolate chip blondie that is simple to make!",
  "Metadata": [
    "Prep Time:  10minutes",
    "Cook Time:  30minutes",
    "Total Time:  40minutes",
    "Servings:  12Bars"
  ],
  "Ingredients": [
    "3/4 cup unsalted butter",
    "2 cups brown sugar",
    "2 ¾ cups all-purpose flour",
    "2 ½ teaspoons baking powder",
    "3 eggs",
    "1 bag chocolate Chips",
    "1 tsp vanilla"
  ],
  "Instructions": [
    "Preheat the oven to 350 degrees. Prepare a 9x13x2 inch baking dish by spraying it with cooking spray.",
    "Melt the butter and mix it with the brown sugar in a large mixing bowl.",
    "To the same bowl, add the flour and baking powder. The mix will be crumbly at this point. Be careful not to overmix these!",
    "Add in the eggs and vanilla, when they are incorperated add in the chocolate chips.",
    "Spread the batter into the prepared baking dish. Bake for 25-30 minutes and enjoy!"
  ],
  "Nutrition": [
    "Calories: 505kcal",
    "Carbohydrates: 78g",
    "Protein: 6g",
    "Fat: 19g",
    "Saturated Fat: 12g",
    "Cholesterol: 76mg",
    "Sodium: 148mg",
    "Potassium: 203mg",
    "Fiber: 2g",
    "Sugar: 53g",
    "Vitamin A: 477IU",
    "Vitamin C: 1mg",
    "Calcium: 122mg",
    "Iron: 2mg"
  ],
  "Comments": [
    "Deon Sellers says:I was looking up a recipe for bongo bars.  It is a favorite of my cousins.  Only to see a picture of my cousin, Jeremy, on the recipe post.  Crazy small Mormon world we live in for sure!",
    "Kathleen says:These look amazing! I want to make these but firat do you have to change anything for high altitude?",
    "Wendy Hampton says:I’m going to call the butterscotch ones by the Congo name and the chocolate ones by the Bongo name.  That way I can keep straight which recipe my family is asking for?  Brilliant, yeah??!  Absolutely addictive recipe.",
    "Sakina says:Hey Thank you so much for the delicious recipe.. It looks just wow!!!!Can’t wait to make that and indulge!!!I’ve a qns.. can you tell me approx how many cups of chocolate chip would I need for this Brownie recipe? Thanks a lott.. waiting for your response 🙂",
    "erica says:I also grew up knowing these as congo bars ( which oddly enough I made yesterday for co workers today ). But I have to say I love your name you gave them cuz frankly people do go bongos over them. At least my co workers do when I say I’m bringing them in.",
    "Nicole says:I never heard of these but they look and sound amazing! Totally “pinned”!"
  ]
}