{
  "URL": "https://therecipecritic.com/boom-boom-sauce/",
  "Summary": "Boom Boom Sauce is a sweet and spicy mayonnaise-based sauce that is perfect for dipping! It takes 5 minutes to whip up and is so full of flavor, making it perfect for fries, onion rings, and so much more.",
  "Metadata": [
    "Prep Time:  5minutes",
    "Cook Time:  0minutes",
    "Total Time:  5minutes",
    "Servings: 10"
  ],
  "Ingredients": [
    "1 cup mayonnaise, low-fat or regular",
    "3 tablespoons ketchup",
    "3 tablespoons sweet chili sauce",
    "1/2 teaspoon onion powder",
    "1/2 teaspoon garlic powder",
    "2 teaspoons  sriracha",
    "1/8 teaspoon Kosher salt and cracked black pepper"
  ],
  "Instructions": [
    "Add the 1 cup mayonnaise, 3 tablespoons ketchup, 3 tablespoons sweet chili sauce, 1/2 teaspoon onion powder, 1/2 teaspoon garlic powder, 2 teaspoons  sriracha, 1/8 teaspoon Kosher salt and cracked black pepper to a medium-sized bowl.",
    "Whisk to combine until all of the ingredients are well blended.",
    "Store in an airtight container in the refrigerator until ready to use.",
    "Enjoy as a dipping sauce for anything fried, or as a spread for sandwiches and burgers!"
  ],
  "Nutrition": [
    "Serving: 2tablespoons",
    "Calories: 168kcal",
    "Carbohydrates: 4g",
    "Protein: 0.3g",
    "Fat: 17g",
    "Saturated Fat: 3g",
    "Polyunsaturated Fat: 10g",
    "Monounsaturated Fat: 4g",
    "Trans Fat: 0.04g",
    "Cholesterol: 9mg",
    "Sodium: 284mg",
    "Potassium: 21mg",
    "Fiber: 0.1g",
    "Sugar: 4g",
    "Vitamin A: 39IU",
    "Vitamin C: 1mg",
    "Calcium: 3mg",
    "Iron: 0.1mg"
  ],
  "Comments": [
    "Erin James says:I’m a tad confused about the onion and garlic. I thought it was EITHER granulated or powder.",
    "Alyssa Rivers says:I’m sorry for the confusion. I changed it to take out the word granulated.",
    "Amy says:Just curious if you have frozen this sauce before? I need to use for individual servings. Thanks so much!",
    "Alyssas Rivers says:Hi, thanks for the question! This should freeze just fine. Once it’s thawed, it will need t o be shaken well to re-emulsify.",
    "Madi says:This recipe is delicious however do not bother attempting the air fryer method. All the breading falls off when you toss the shrimp with the sauce.",
    "Jasson says:Very nice recipe chef ???. Thank you for your effort ??",
    "Kate Morrissey says:Loved this! Added another tbsp of sweet Chilli sauce since I used Hellman’s mayo & not Kewpie ? (usually don’t have too with kewpie!)",
    "Allen Elliott says:How long does this stay good in the fridge?",
    "Alyssa Rivers says:It stays good in the fridge for up to 5 days.",
    "Patricia Rolf says:I would like to make the sauce a little bit more spicey. Maybe with jalepeno sauce."
  ]
}