{
  "URL": "https://therecipecritic.com/borscht/",
  "Summary": "Borscht: the perfect soup for when you want to feel healthy but need something packed with flavor. It's like a hug in a bowl, if that hug was made of beets and potatoes. This tasty Ukrainian soup will become a new family favorite!",
  "Metadata": [
    "Prep Time:  20minutes",
    "Cook Time:  20minutes",
    "Total Time:  40minutes",
    "Servings:  8people"
  ],
  "Ingredients": [
    "2 tablespoons olive oil",
    "2 carrots chopped",
    "1 large potato cubed",
    "1 cup thinly sliced cabbage",
    "1 clove garlic minced",
    "3 cups chicken or vegetable broth",
    "2 15 ounce cans whole beets drained and chopped",
    "½ teaspoon salt more to taste",
    "½ teaspoon pepper more to taste",
    "Sour cream for garnish",
    "Fresh chopped dill for garnish"
  ],
  "Instructions": [
    "In a large stock pot over medium high heat, heat your olive oil and toss in your chipped carrots, curbed potatoes, and sliced cabbage. Cook until the vegetables just begin to soften. You’ll know they are ready when your potatoes just begin to start getting transparent. Toss in your garlic and saute everything for about 2-3 minutes.",
    "Add in your vegetable broth, chopped beets, salt and pepper and bring to a boil. Reduce the heat to low and simmer until your vegetables are tender, about 20 minutes.",
    "Serve hot with sour cream and fresh dill, add more salt and pepper to taste."
  ],
  "Nutrition": [
    "Calories: 91kcal",
    "Carbohydrates: 14g",
    "Protein: 2g",
    "Fat: 4g",
    "Saturated Fat: 1g",
    "Polyunsaturated Fat: 0.4g",
    "Monounsaturated Fat: 3g",
    "Sodium: 559mg",
    "Potassium: 375mg",
    "Fiber: 3g",
    "Sugar: 6g",
    "Vitamin A: 2765IU",
    "Vitamin C: 12mg",
    "Calcium: 23mg",
    "Iron: 1mg",
    ""
  ],
  "Comments": [
    "Laurie says:What kind of beans would you recommend to add? So excited to try this recipe out!!!",
    "Alyssa Rivers says:I would try white kidney beans (drained and rinsed) but you could try adding whichever kind you like!",
    "Sabrina says:thank you, I’d always assumed it was all beets, maybe because of the color, good to know, great set of ingredients!"
  ]
}