{
  "URL": "https://therecipecritic.com/boston-cream-cake/",
  "Summary": "Boston Cream Cake is an American classic sure to win you over. It's a decadent light, fluffy cake, filled with a vanilla custard and topped with a rich chocolate ganache.",
  "Metadata": [
    "Prep Time:  40minutes",
    "Cook Time:  35minutes",
    "Total Time:    1hour15minutes",
    "Servings:  12Slices"
  ],
  "Ingredients": [
    "1 ¾ cup all-purpose flour",
    "1 ½ cup granulated sugar",
    "½ teaspoon kosher salt",
    "1 teaspoon baking powder",
    "½ teaspoon baking soda",
    "1 cup buttermilk room temperature",
    "⅔ cup vegetable oil",
    "3 large eggs room temperature",
    "1 tablespoon pure vanilla extract",
    "1 ½ cup half and half",
    "3 large egg yolk",
    "½ cup granulated sugar divided",
    "A pinch of salt",
    "3 tablespoons cornstarch",
    "2 tablespoons unsalted butter room temperature",
    "1 teaspoon pure vanilla extract",
    "½ cup (4 ounce) heavy whipping cream",
    "⅔ cup (4 ounce dark) chocolate melting wafers (or semisweet chocolate)"
  ],
  "Instructions": [
    "Preheat the oven to 350°F.",
    "Grease and line the bottom of two 8” cake pans with parchment paper, grease the top of the parchment paper and the side of the cake pans. Sprinkle flour on the side of the cake pan and tap out the excess. Set aside.",
    "In a small mixing bowl, sift together flour, sugar, salt, baking powder and baking soda. Stir with a whisk to distribute evenly. Set aside.",
    "Add buttermilk, vegetable oil, egg, and vanilla extract to a medium bowl. Beat together with a whisk until smooth. Add the flour mixture to the wet ingredient mixture and fold until just combined.",
    "Divide the cake batter among the two prepared cake pans. Bake in the middle oven rack for 27 – 28 minutes until a toothpick inserted in the middle of the cake comes out clean with just a few crumbs attached.",
    "Remove from the oven and allow to cool to the touch, remove cakes from the pans and allow to cool completely on a wire rack.",
    "Heat half and half with ¼ cup of sugar in a medium saucepan over medium heat, stirring occasionally, until simmering. Take off the heat.",
    "Beat egg yolks with the remaining sugar and salt in a medium bowl until pale in color and creamy. Add the cornstarch and whisk until smooth.",
    "Temper the hot half and half into the egg mixture by adding a few tablespoons of hot liquid at a time while whisking constantly. Once finished, pour it all back into the saucepan.",
    "Put the saucepan back on the heat, and cook the mixture on medium low heat, whisking constantly, until it thickens and bubbles burst at the surface, about 4-5 minutes.",
    "Remove from the heat and stir in the butter and vanilla until the butter is melted and well mixed.",
    "Run the pastry cream through a fine mesh sieve into a medium bowl. Place plastic wrap directly on the surface and allow it to cool to room temperature. Refrigerate until ready to use.",
    "Microwave the cream in a heat proof vessel for 50 – 55 seconds, watching it during the last few seconds to ensure it doesn’t boil over.",
    "Add the chocolate in a small mixing bowl and pour the hot cream over it. Allow it to stand for a minute or two before whisking it until the chocolate melts completely and the mixture is smooth. Let the ganache cool completely and thicken slightly for about an hour.",
    "If the cakes are slightly dome, level it off using a serrated bread knife.",
    "Place the first cake layer on a cake stand or plate, add the pastry cream in the middle and level it out with an offset spatula. Invert the second cake layer and add it on top with the top of the cake sitting on the cream layer so that the flat bottom is now the top of the cake.",
    "Drizzle the ganache over the top of the cake, allowing it to spill over the side. Serve right away or let the ganache thicken further in the fridge before serving."
  ],
  "Nutrition": [
    "Calories: 412kcal",
    "Carbohydrates: 52g",
    "Protein: 6g",
    "Fat: 21g",
    "Saturated Fat: 14g",
    "Trans Fat: 1g",
    "Cholesterol: 111mg",
    "Sodium: 197mg",
    "Potassium: 145mg",
    "Fiber: 1g",
    "Sugar: 35g",
    "Vitamin A: 327IU",
    "Vitamin C: 1mg",
    "Calcium: 86mg",
    "Iron: 1mg",
    ""
  ],
  "Comments": [
    "Lori says:How big of an issue would it be if my cake pans are 9 inch instead of 8?",
    "Nancy Milne says:A smaller cake in height ....",
    "Mary says:Fantastic and very forgiving recipe! Usually baking is so scientific and precise and not forgiving if there are mistakes made, but that’s not true of this recipe. I overcooked the pastry cream because I looked away too long, and it got thick and kind of clumpy, but it was still delicious and no one knew better.  I didn’t have enough of the semi-sweet chocolate for the ganache and had to throw in some bitter chocolate, but it tasted great anyway. The worst mistake that I made was to combine the dry ingredients all at once with the wet ingredients. The recipe doesn’t say to do otherwise, but I should have listened to my instincts and added the dry ingredients in gradually. The cake had little bits of uncooked flour through out, but once the cake was assembled, you couldn’t tell or care because the cake was delicious!"
  ]
}