{
  "URL": "https://therecipecritic.com/boursin-chicken/",
  "Summary": "Creamy Boursin Chicken is a rich and decadent one-pan dish that is ready in just about 30 minutes! Pan-fried, seasoned chicken is smothered in a delicious sauce made with cream, parmesan cheese and Boursin cheese. Serve over mashed potatoes for an incredible dinner and major crowd-pleaser!",
  "Metadata": [
    "Prep Time:  10minutes",
    "Cook Time:  25minutes",
    "Total Time:  35minutes",
    "Servings:  4people"
  ],
  "Ingredients": [
    "1 tablespoon olive oil",
    "4 boneless skinless chicken breasts, pounded to 1/2 inch thickness",
    "½ teaspoon garlic powder",
    "1 teaspoon dried Italian seasoning",
    "Kosher salt & pepper to taste",
    "2 tablespoons butter",
    "1 shallot, minced",
    "1 cup chicken broth",
    "½ cup heavy cream",
    "½ cup parmesan cheese, grated",
    "1 package Boursin cheese, softened (5.2 ounces)",
    "fresh parsley and thyme, chopped for garnish"
  ],
  "Instructions": [
    "Cut or lightly pound 4 boneless skinless chicken breasts, into thinner pieces so they cook evenly. Season both sides of the breasts with ½ teaspoon garlic powder, 1 teaspoon dried Italian seasoning, and Kosher salt & pepper to taste.",
    "Add 1 tablespoon olive oil to a large skillet over medium-high heat. Add the seasoned chicken and cook for about 6 minutes on each side or until cooked through and no longer pink. Transfer the chicken to a plate, then set aside.",
    "Returning to the skillet, add 2 tablespoons butter and 1 shallot, minced, and sauté until softened.",
    "Add 1 cup chicken broth and 1 package Boursin cheese, softened to the skillet. Stir and melt the cheese until you have a creamy sauce.",
    "Pour in ½ cup heavy cream and ½ cup parmesan cheese,. Whisk and allow the sauce to heat through and thicken. This will take about 5 minutes.",
    "Add the chicken back into the skillet and let it warm through for a couple of minutes.",
    "Season with salt & pepper if needed, and serve over mashed potatoes with fresh parsley and thyme, as a garnish."
  ],
  "Nutrition": [
    "Serving: 1serving",
    "Calories: 372kcal",
    "Carbohydrates: 3g",
    "Protein: 30g",
    "Fat: 26g",
    "Saturated Fat: 14g",
    "Polyunsaturated Fat: 2g",
    "Monounsaturated Fat: 9g",
    "Trans Fat: 0.2g",
    "Cholesterol: 131mg",
    "Sodium: 605mg",
    "Potassium: 502mg",
    "Fiber: 0.4g",
    "Sugar: 2g",
    "Vitamin A: 756IU",
    "Vitamin C: 2mg",
    "Calcium: 188mg",
    "Iron: 1mg"
  ],
  "Comments": [
    "Jesse says:Delicious! I swapped chicken thighs for the breasts since that’s what I had in hand and it turned out great. The sauce is very rich and tastes like it came from a restaurant. This would be great with some pasta tossed in as well."
  ]
}