{
  "URL": "https://therecipecritic.com/bourbon-pecan-pie/",
  "Summary": "This gooey Bourbon Pecan Pie is a delicious twist on a classic! The alcohol will cook out while baking and you are left with rich flavor and a sweet filling that will leave your mouth watering. You won't want to make it any other way!",
  "Metadata": [
    "Prep Time:  15minutes",
    "Cook Time:    1hour15minutes",
    "Total Time:    1hour30minutes",
    "Servings:  8People"
  ],
  "Ingredients": [
    "1 9- inch pie crust homemade or store-bought",
    "¼ cup unsalted butter melted",
    "1 cup dark brown sugar packed",
    "1 cup dark corn syrup",
    "3 large eggs lightly beaten",
    "¼ cup bourbon",
    "1 teaspoon vanilla extract",
    "Pinch of salt",
    "2 cups pecans roughly chopped or left whole"
  ],
  "Instructions": [
    "Place the pie crust in a 9-inch pie pan. Flute the edges and place the crust in the freezer for at least 20 minutes. Let us stay there until the filling is ready.",
    "Preheat the oven to 375°. In a large bowl, combine the butter, brown sugar, and corn syrup. Add the eggs, bourbon, vanilla extract and salt. Mix until thoroughly combined.",
    "Stir the pecans into the filling and pour into the chilled pie crust.",
    "Bake for 15 minutes in the preheated oven before lowering the temp to 325°. Bake for an additional 45-60 minutes, until the center of the pie still has just a slight wobble to it but is almost completely set.",
    "Remove from the oven and let cool completely on a cooling rack."
  ],
  "Nutrition": [
    "Calories: 1633kcal",
    "Carbohydrates: 185g",
    "Protein: 20g",
    "Fat: 90g",
    "Saturated Fat: 26g",
    "Polyunsaturated Fat: 14g",
    "Monounsaturated Fat: 43g",
    "Trans Fat: 0.2g",
    "Cholesterol: 77mg",
    "Sodium: 1121mg",
    "Potassium: 425mg",
    "Fiber: 9g",
    "Sugar: 61g",
    "Vitamin A: 283IU",
    "Vitamin C: 0.3mg",
    "Calcium: 106mg",
    "Iron: 8mg",
    ""
  ],
  "Comments": [
    "Nyte Shayde says:Made this for after dinner. Between the bourbon and dark brown sugar and dark Karo, the pie isn’t too sweet like most pecan pies are. It was a HUGE hit! Everyone loved it and commented on just how amazing it tasted and how it wasn’t overly sweet like other pecan pies. Will most definitely be making this one again!",
    "Sabrina says:love pecan pie and a touch of bourbon with it is very nice too, thank you!"
  ]
}