{
  "URL": "https://therecipecritic.com/boursin-mashed-potatoes/",
  "Summary": "Decadent Boursin mashed potatoes are incredibly creamy and perfectly seasoned. Level up your mashed potatoes with butter, heavy cream, and the addition of Boursin cheese, a soft gourmet cheese.",
  "Metadata": [
    "Prep Time:  10minutes",
    "Cook Time:  15minutes",
    "Total Time:  25minutes",
    "Servings:  4people"
  ],
  "Ingredients": [
    "2 ½ pounds Yukon Gold potatoes, or red potatoes",
    "½ cup butter, softened",
    "⅓ cup heavy whipping cream",
    "1 (5.2 ounces) Package Boursin Garlic & Fine Herbs Gournay Cheese, softened",
    "½ teaspoon garlic powder",
    "½ teaspoon coarse salt, or to taste",
    "¼ teaspoon cracked black pepper",
    "fresh parsley, chopped"
  ],
  "Instructions": [
    "Wash and quarter the 2 ½ pounds Yukon Gold potatoes,. Feel free to leave the skins on if you prefer.",
    "Add the potatoes to a large pot then fill the pot with enough water to cover the potatoes. Boil for 10-15 minutes or until tender.",
    "Drain the potatoes and return them to the pot.",
    "Add ½ cup butter, ⅓ cup heavy whipping cream, 1 (5.2 ounces) Package Boursin Garlic & Fine Herbs Gournay Cheese, softened, ½ teaspoon garlic powder, ½ teaspoon coarse salt,and ¼ teaspoon cracked black pepper.",
    "Use a potato masher or electric hand mixer to mash until incorporated and creamy. Mash them to your desired consistency. Leave them chunky or make them smooth. Be careful not to over-mix the potatoes!",
    "Taste and adjust the seasonings if needed.",
    "Garnish with additional butter and chopped fresh parsley, and serve warm!"
  ],
  "Nutrition": [
    "Calories: 492kcal",
    "Carbohydrates: 50g",
    "Protein: 7g",
    "Fat: 31g",
    "Saturated Fat: 19g",
    "Polyunsaturated Fat: 1g",
    "Monounsaturated Fat: 8g",
    "Trans Fat: 1g",
    "Cholesterol: 84mg",
    "Sodium: 497mg",
    "Potassium: 1225mg",
    "Fiber: 6g",
    "Sugar: 3g",
    "Vitamin A: 1010IU",
    "Vitamin C: 56mg",
    "Calcium: 55mg",
    "Iron: 2mg",
    ""
  ],
  "Comments": []
}