{
  "URL": "https://therecipecritic.com/boursin-pork-chops/",
  "Summary": "Boursin Pork Chops are savory, tender and super tasty covered in a cheesy cream sauce. This one-pan recipe is the perfect easy main that can be on your dinner table in just 30 minutes!",
  "Metadata": [
    "Prep Time:  10minutes",
    "Cook Time:  20minutes",
    "Total Time:  30minutes",
    "Servings:  4People"
  ],
  "Ingredients": [
    "4 pork chops, boneless 1 inch thick",
    "1 teaspoon garlic powder",
    "2 teaspoons dried Italian seasoning",
    "Kosher salt & pepper to taste",
    "1 tablespoon olive oil",
    "2 tablespoons butter",
    "1 shallot, minced",
    "1 clove garlic, minced",
    "1 cup chicken broth",
    "½ cup heavy cream",
    "½ cup parmesan cheese, grated",
    "1 package Boursin cheese, softened (5.2 ounces)",
    "1 teaspoon fresh parsley, chopped",
    "1 teaspoon fresh thyme, chopped",
    "additional fresh parsley and thyme, chopped for garnish"
  ],
  "Instructions": [
    "Pat 4 pork chops, dry and season all sides with 1 teaspoon garlic powder, 2 teaspoons dried Italian seasoning, and Kosher salt & pepper to taste. Cut a few small slits in the sides of the pork chops to keep them from curling up as they cook.",
    "Heat 1 tablespoon olive oil and 2 tablespoons butter in a large skillet on the stove over medium-high heat. Once the pan is hot, sear the pork chops 3-5 minutes on each side. They should be golden on the outside.",
    "Once the pork chops are seared, remove them from the pan and set them on a plate. To the pan, add 1 shallot,, minced and saute for 2-3 minutes.",
    "Add in 1 clove garlic,, minced and sauté another minute. Add in 1 cup chicken broth, ½ cup heavy cream, ½ cup parmesan cheese, 1 package Boursin cheese, 1 teaspoon fresh parsley, and 1 teaspoon fresh thyme,.",
    "Reduce the heat to medium low, continually stir until you have a creamy sauce. Add the pork chops back into the pan and cook for another 5 minutes until the pork chops are cooked through, coating each pork chop in the sauce.",
    "Serve fresh with additional fresh parsley and thyme, salt and pepper, and your favorite side!"
  ],
  "Nutrition": [
    "Calories: 454kcal",
    "Carbohydrates: 4g",
    "Protein: 35g",
    "Fat: 33g",
    "Saturated Fat: 16g",
    "Polyunsaturated Fat: 2g",
    "Monounsaturated Fat: 12g",
    "Trans Fat: 0.3g",
    "Cholesterol: 148mg",
    "Sodium: 537mg",
    "Potassium: 600mg",
    "Fiber: 1g",
    "Sugar: 2g",
    "Vitamin A: 760IU",
    "Vitamin C: 2mg",
    "Calcium: 203mg",
    "Iron: 1mg",
    ""
  ],
  "Comments": [
    "Joanne Davis says:This was a quick and delicious weeknight dinner. But defintely good enough for company! I used thick cut pork chops. It makes a wonderful creamy sauce. Will definitely make this again.",
    "Stacia says:Can you make this in a slow cooker?",
    "Alyssa Rivers says:Hi Stacia, I’m sorry, I would not recommend making this in a slow cooker.",
    "KBud says:Why couldn’t you sear the pork chops and then place then in a slow cooker with the sauce to finish cooking?",
    "Kelly says:I’m thinking this would work with pork tenderloin medallionsThoughts?",
    "Robyn says:That’s what I’m doing tonight. Used my favorite recipe for pork tenderloin, will let it rest, slice it up & toss it in the sauce. I think it will work well!",
    "Robyn Weisenbach says:I’ve made this often, always with pork medallions.  I season, sear & bake the pork tenderloin first, let rest, slice & add to the sauce as in the recipe. It is over the moon delicious! One of my family’s top 3!",
    "Kim says:My family does not eat pork. Would it be any different if I used chicken breasts?",
    "Alyssa Rivers says:Hi Kim, Yes! I have this Boursin chicken recipe that will be perfect for your family!"
  ]
}