{
  "URL": "https://therecipecritic.com/bourbon-marinade/",
  "Summary": "This delicious bourbon marinade will add wonderful depth of flavor and tenderize any meat you're cooking, from steak to chicken! This recipe uses ingredients like brown sugar, Worcestershire sauce, apple cider vinegar, garlic and bourbon to infuse each piece of meat with the perfect savory, sweet and tangy flavor.",
  "Metadata": [
    "Prep Time:  10minutes",
    "Total Time:  10minutes",
    "Servings:  10ounces"
  ],
  "Ingredients": [
    "⅔ cup bourbon",
    "1 cup brown sugar",
    "¼ cup apple cider vinegar",
    "¼ cup Worcestershire sauce",
    "3 cloves garlic, minced"
  ],
  "Instructions": [
    "In a medium bowl, whisk together ⅔ cup bourbon , 1 cup brown sugar, ¼ cup apple cider vinegar, ¼ cup Worcestershire sauce, and 3 cloves garlic,.",
    "Pour the marinade into a sealable bag, add your choice of meat or veggies to the bag and seal it shut. Allow it to marinate at least an hour.",
    "Grill, bake, or cook your marinated meat and enjoy!"
  ],
  "Nutrition": [
    "Calories: 128kcal",
    "Carbohydrates: 23g",
    "Protein: 0.1g",
    "Fat: 0.01g",
    "Saturated Fat: 0.001g",
    "Polyunsaturated Fat: 0.002g",
    "Sodium: 96mg",
    "Potassium: 93mg",
    "Fiber: 0.02g",
    "Sugar: 22g",
    "Vitamin A: 6IU",
    "Vitamin C: 1mg",
    "Calcium: 28mg",
    "Iron: 1mg"
  ],
  "Comments": [
    "Barbara Castanier says:I’m anxiously waiting to try your bourbon marinade, have to get a small bottle of bourbon.",
    "Barbara Castanier says:Alyssa i love your recipes i’ve made most of them and they were delicious! Sorry,  but when they told how good everything was, i must admit i took the credit!",
    "Vickie says:Can’t wait to try the marinade. I have been looking for a good marinade for a while.",
    "Alyssa Rivers says:It’s so tasty! I know you’ll love it as much as I do."
  ]
}