{
  "URL": "https://therecipecritic.com/bourbon-chicken/",
  "Summary": "Bourbon Chicken is juicy, tender chicken thighs cut into pieces simmered in a sweet, brown sugar glaze that will melt in your mouth! ",
  "Metadata": [
    "Prep Time:  5minutes",
    "Cook Time:  15minutes",
    "Total Time:  20minutes",
    "Servings: 8"
  ],
  "Ingredients": [
    "1 pound cubed chicken thighs, 1-inch pieces",
    "1 tablespoon olive oil",
    "¼ cup bourbon*",
    "½ cup soy sauce",
    "¼ cup brown sugar",
    "3 minced garlic cloves",
    "1 teaspoon cornstarch",
    "1 tablespoon water",
    "sliced green onions"
  ],
  "Instructions": [
    "In a medium-sized skillet over medium-high heat, add the 1 tablespoon olive oil and 1 pound cubed chicken thighs,and cook until brown and no longer pink.",
    "In a small bowl, whisk together ¼ cup bourbon*, ½ cup soy sauce, ¼ cup brown sugar, and 3 minced garlic cloves.  Whisk together 1 teaspoon cornstarch and 1 tablespoon water and add to the sauce mixture.",
    "Pour the sauce over the chicken and simmer for 3-4 minutes until the sauce thickens up.  Serve over rice and garnish with sliced green onions if desired."
  ],
  "Nutrition": [
    "Calories: 194kcal",
    "Carbohydrates: 8g",
    "Protein: 11g",
    "Fat: 11g",
    "Saturated Fat: 3g",
    "Polyunsaturated Fat: 2g",
    "Monounsaturated Fat: 5g",
    "Trans Fat: 0.05g",
    "Cholesterol: 56mg",
    "Sodium: 856mg",
    "Potassium: 161mg",
    "Fiber: 0.1g",
    "Sugar: 7g",
    "Vitamin A: 44IU",
    "Vitamin C: 0.4mg",
    "Calcium: 15mg",
    "Iron: 1mg",
    ""
  ],
  "Comments": [
    "Manny Delgado says:Not too salty but not sweet enough, it doesn’t hit the food court mall bourbon chicken flavor . I’ve seen other recipes that add apple cider vinegar or rice vinegar and ketchup as well . Over all it was fine with the scallions some rice and topped with sesame seeds .",
    "Al says:A little too salty for my domestic partner and my taste. A little less soy sauce and then it’s perfect",
    "Nyte Shayde says:Made this for dinner, but used the sauce measurements for the crockpot version, and doubled them. We like a lot of sauce. I served it with your maple glazed roasted Brussel sprouts and butternut squash and Basmati rice, to keep the flavor profile the same I made your bourbon pecan pie. EVERYONE loved dinner! This is the 2nd time I’ve made this and it is absolutely amazing and so easy to make!",
    "Mama G says:There’s no bourbon in bourbon chicken! Do your homework people! It’s named after the Chinese dude who created it while working at a restaurant on Bourbon street in New Orleans",
    "Chloe says:What is Bourbon Street famous for? I can’t seem to remember?I’m pretty sure there are zero Chinese people named Bourbon."
  ]
}