{
  "URL": "https://therecipecritic.com/boursin-pasta/",
  "Summary": "This Boursin pasta recipe has gone viral on social media. It's simple to make and packed with flavor! It's creamy with a distinct zingy bite from the Boursin cheese and sundried tomatoes. This dish screams flavor! It's anything but boring.",
  "Metadata": [
    "Prep Time:  10minutes",
    "Cook Time:  25minutes",
    "Total Time:  35minutes",
    "Servings:  6people"
  ],
  "Ingredients": [
    "2  (5-ounce) packages of Boursin cheese, garlic and herbs",
    "2  (10-ounce) packages of cherry tomatoes",
    "1  (8-ounce) jar of sundried tomatoes, oil drained",
    "2 cloves garlic minced, about 2 teaspoons",
    "2 teaspoons fresh basil minced, about 5 leaves",
    "½ teaspoon salt",
    "½ teaspoon pepper",
    "12 ounces pasta, I used cavatapi",
    "1 cup reserved pasta water",
    "Freshly grated parmesan for garnish",
    "Additional basil for garnish"
  ],
  "Instructions": [
    "Spray a 9x13x2 inch baking dish with cooking spray. Preheat oven to 400 degrees Fahrenheit.",
    "Place 2  (5-ounce) packages of Boursin cheese, in the center of the baking sheet. Arrange 2  (10-ounce) packages of cherry tomatoes, 1  (8-ounce) jar of sundried tomatoes, and 2 cloves garlic minced, around the cheese. Sprinkle the 2 teaspoons fresh basil minced, ½ teaspoon salt, and ½ teaspoon pepper over everything.",
    "Bake the cheese and tomatoes for 20-25 minutes, the cheese should be melted and the tomatoes tender and juicy.",
    "While the cheese and tomatoes bake cook 12 ounces pasta, according to the package directions, until it’s al dente. Keep 1 cup reserved pasta water.",
    "Pull the pan of cheese and tomatoes out of the oven and whisk everything together into a sauce. Add pasta water to the sauce as needed to reach the desired consistency.",
    "Add the cooked pasta to the sauce and mix to coat. Garnish with Freshly grated parmesan for garnish and Additional basil for garnish and serve."
  ],
  "Nutrition": [
    "Calories: 535kcal",
    "Carbohydrates: 72g",
    "Protein: 18g",
    "Fat: 22g",
    "Saturated Fat: 13g",
    "Polyunsaturated Fat: 1g",
    "Monounsaturated Fat: 0.3g",
    "Cholesterol: 49mg",
    "Sodium: 547mg",
    "Potassium: 1797mg",
    "Fiber: 8g",
    "Sugar: 21g",
    "Vitamin A: 1325IU",
    "Vitamin C: 39mg",
    "Calcium: 104mg",
    "Iron: 5mg"
  ],
  "Comments": []
}