{
  "URL": "https://therecipecritic.com/bran-muffins/",
  "Summary": "Bran Muffins. These muffins are incredibly tender and flavorful. Look no further for a tasty, and healthier start to your day! ",
  "Metadata": [
    "Prep Time:  15minutes",
    "Cook Time:  17minutes",
    "Total Time:  32minutes",
    "Servings:  12Muffins"
  ],
  "Ingredients": [
    "1½ cup wheat bran",
    "1 cup buttermilk",
    "⅓ cup oil vegetable",
    "1 large egg",
    "½ cup light brown sugar",
    "1 tsp vanilla extract",
    "1 cup all purpose flour",
    "1 tsp ground cinnamon",
    "1 tsp baking powder",
    "1 tsp baking soda",
    "½ tsp salt"
  ],
  "Instructions": [
    "Preheat oven to 375℉ and spray a muffin tin with baking spray. Set aside.",
    "In a small bowl add the wheat bran and pour the buttermilk over, stir to combine, let this soak for 10 minutes.",
    "In a large size bowl combine the oil, egg, brown sugar and vanilla. Stir to combine.",
    "In a medium size bowl add the flour, cinnamon, baking soda, baking powder and salt. Stir with a fork or whisk.",
    "Add the soaked wheat bran to the wet ingredients. Stir to combine.",
    "Slowly add the dry ingredients to the wet and mix together.",
    "Scoop the batter into the prepared muffin tin, fill to 2/3 full. This recipe makes 12 muffins.",
    "Bake for 16-18 minutes until a toothpick inserted in the center comes out clean."
  ],
  "Nutrition": [
    "Serving: 1muffin",
    "Calories: 212kcal",
    "Carbohydrates: 37g",
    "Protein: 7g",
    "Fat: 9g",
    "Saturated Fat: 1g",
    "Trans Fat: 1g",
    "Cholesterol: 18mg",
    "Sodium: 219mg",
    "Potassium: 441mg",
    "Fiber: 13g",
    "Sugar: 10g",
    "Vitamin A: 59IU",
    "Vitamin C: 1mg",
    "Calcium: 72mg",
    "Iron: 4mg"
  ],
  "Comments": [
    "Dana says:How are you calculating 13g of fiber? I get 4g per muffin at the most. There’s only 25g for a cup of wheat bran.",
    "Alyssa Rivers says:Hi Dana, thank you for your question. I don’t personally calculate the nutrition facts. The software I use for my website will take the ingredients I have in my recipes and calculate based on averages for what is in there. I would look at the ingredients you are using to get more accurate nutritional facts. I hope this helps!",
    "newbakr says:This is almost identical to the Smitten Kitchen Blue Sky recipe except it has slightly more sugar, which it does need. (The recipe turns out fine if you don’t soak the wheat bran.)It’s a great muffin to start the day with – I like to also put in a mashed ripe banana.",
    "Linda Herr says:Do you substitute equal amt of yogurt to buttermilk 1 cup baked according to recipe but substituted swerve brown sugar and it worked well",
    "Harley says:I can’t believe how perfect these turned out! Really. Wow. Thank you. It was my first time making bran muffins so I wasn’t expecting perfection, but they’re so amazing I printed out the recipe to keep in my binder of favorites. My only changes – I doubled the recipe, didn’t have vanilla, and for the oil I used half Becel (Canola/Sunflower mix)  and half coconut oil as it was a recommended substitute – I wouldn’t have thought of using that on my own. Thank you so much!",
    "Ria Reyrf says:Love this recipe but I would personally air fry them <3"
  ]
}