{
  "URL": "https://therecipecritic.com/brazilian-lemonade/",
  "Summary": "A delicious and refreshing lemonade that is perfect for the summertime!",
  "Metadata": [
    "Prep Time:  10minutes",
    "Total Time:  10minutes",
    "Servings:  4Servings"
  ],
  "Ingredients": [
    "3 quartered fresh limes",
    "1 cup sweetened condensed milk",
    "¼ cup sugar",
    "4 cups cold water",
    "ice for serving"
  ],
  "Instructions": [
    "In a blender, add 3 quartered fresh limes, 1 cup sweetened condensed milk, ¼ cup sugar, and 4 cups cold water.",
    "Blend until smooth.",
    "Pour it into a vase using a strainer to remove the chunks of lime.",
    "Pour the lemonade into a glass with ice and serve immediately!"
  ],
  "Nutrition": [
    "Calories: 309kcal",
    "Carbohydrates: 59g",
    "Protein: 6g",
    "Fat: 7g",
    "Saturated Fat: 4g",
    "Polyunsaturated Fat: 0.3g",
    "Monounsaturated Fat: 2g",
    "Cholesterol: 26mg",
    "Sodium: 110mg",
    "Potassium: 335mg",
    "Fiber: 1g",
    "Sugar: 55g",
    "Vitamin A: 229IU",
    "Vitamin C: 17mg",
    "Calcium: 241mg",
    "Iron: 0.5mg"
  ],
  "Comments": [
    "Char says:So, it was good but not great. The bitterness from the lime peel was quite unpleasant and the sweetness from the sweetened condensed milk didn’t come through as much as I thought it would. Perhaps I’ll try it again with peeled limes and more of the milk.",
    "Romy says:You’re actually not meant to blend until smooth. You blend for 15 seconds. Or you can pulse like 10 times, then strain. It’ll be minimally bitter.",
    "Steve says:I agree as I had to dump mine as it was far too bitter. I read on a different website if you use thin peeled limes there is very little bitterness but I will pass.",
    "Mary Droste says:I’ve been making this for years, but because I’m a very lazy person, I have a shortcut. I buy Simply Limeade and mix in the condensed milk. Tastes exactly the same with fewer steps & dishes to wash!",
    "Keith Holmes says:That is an interesting way to make the brazilian lemonade. My question is…what is the mix ratio of the Simply limeade to condensed milk or do you just free hand it or mix to taste.",
    "That Person says:Best lemonade my kids have ever asked for, I’m not supposed to have the lemonade because it’s for my kids birthday but I had to sneak some.",
    "Katie says:Are the whole limes with skin?",
    "Alyssa Rivers says:Yes!",
    "Debbie says:I made it and it’s really good however, I didn’t use sugar, instead I used coco Lopez  and the condense milk and water and ice,. I think it came out better.  Will make it for my son when he comes to visit me ☺️ in Georgia",
    "Donna says:This version was not as good to us.  Like the original Brazilian recipe best!",
    "Josh says:This is probably  a stupid  question, but do you peel the limes first? Or does the blending chop it up fine then you get rid of chucks when you strain it.",
    "Sabrina says:interesting, a new one for me, a lot of sugar but same for a lot of lemonades, I like the lime condesnsed milk combination, thank you",
    "foodiechick says:Do you peel the limes?  Can you use any lime or are the thin-skinned key limes preferable?   Thanks!",
    "Alyssa Rivers says:Any limes are great for this recipe.",
    "Agda says:No matter what variety (yellow or green, etc), the Portuguese word for a lime or a lemon is “limão”. Limonada is a drink made with the juice of a limão.",
    "Tonia Wahbeh says:The answer is very simple. What we call limes… they call lemons. I had 2 brazillian exchange students and they both said the green fruit is called limon.",
    "tom g says:its spa ish, so limo  means lime, lemon is called limon amarilla",
    "Katrina says:They speak Portuguese in Brazil, not Spansih.",
    "Beth says:In Portuguese “limão” is the same word for lemon and lime. This is where the confusion arises I believe.Love this drink although personally I leave out the condensed milk as I was out off it growing up.",
    "Carolie says:Our Girl Scout troop is doing an activity centered around Brazil. Each girl is bringing in a different Brazilian food or beverage. Do you think we could make this a day in advance? Or ev n a few hours in advance? Or would it have to be made and then served immediately?",
    "Alyssa Rivers says:It is best to serve this immediately after it is being made. The lemonade tends to separate after a few hours and would need to be blended again before serving. Hope you have a fun Brazil day!! XOXO"
  ]
}