{
  "URL": "https://therecipecritic.com/brazilian-cheese-bread/",
  "Summary": "This delicious Brazilian cheese bread has a perfect combination of delicious taste and texture. Filled with pockets of airy goodness that taste so cheesy, you won't be able to stop at just one! ",
  "Metadata": [
    "Prep Time:  30minutes",
    "Cook Time:  12minutes",
    "Total Time:  42minutes",
    "Servings:  24Cheese Breads"
  ],
  "Ingredients": [
    "2 Cups Tapioca Flour",
    "½ Cup Unsalted Butter",
    "⅔ Cup Whole Milk",
    "1 Teaspoon Salt",
    "1 Cup Freshly Grated Parmesan Cheese",
    "½ Cup Grated White Cheddar Cheese",
    "2 Eggs"
  ],
  "Instructions": [
    "Preheat the oven to 375°.  Add the tapioca flour to a large bowl and set aside.",
    "Add the butter, milk, and salt to a medium saucepan and heat over high heat. Bring to a boil and remove from the heat.  Pour the hot liquid over the tapioca flour and mix until smooth. Set aside to rest for 10-15 minutes.",
    "After the dough has rested, add the parmesan, cheddar, and eggs. Mix until combined. It will be a pretty soft dough.",
    "Drop 1-1/2 tablespoon sized scoops onto a baking sheet or into a greased muffin tin. If you want to roll them into balls, grease your hands with oil and gently roll before placing them on the baking sheet.",
    "Bake for 10-12 minutes, until the tops are lightly browned. Serve warm."
  ],
  "Nutrition": [
    "Calories: 102kcal",
    "Carbohydrates: 9g",
    "Protein: 3g",
    "Fat: 6g",
    "Saturated Fat: 4g",
    "Polyunsaturated Fat: 1g",
    "Monounsaturated Fat: 2g",
    "Trans Fat: 1g",
    "Cholesterol: 30mg",
    "Sodium: 187mg",
    "Potassium: 24mg",
    "Sugar: 1g",
    "Vitamin A: 205IU",
    "Calcium: 78mg",
    "Iron: 1mg",
    ""
  ],
  "Comments": [
    "Michelle says:I have made several different pao de quejo recipies for my husband who is from Brazil. This one did not work at all. Bread did not rise in oven, even though did let it sit for 15 minutes as per recipe.",
    "Alyssa Rivers says:I’m sorry it didn’t work out for you! Thank you for taking the time to comment. I always appreciate any feedback.",
    "Cheryl says:Something is off on this recipe. The batter is way too liquid and they spread like pancakes and don’t stay in balls. They taste good though.",
    "Alyssa Rivers says:I’m sorry, I’m not sure why it is so liquidy. Did you let it rest? I will look into this recipe!",
    "Juliana says:This recipe is way off by almost a full cup of starch. The ratio of liquids/ solids must be adjusted.Also, traditional Brazilian cheese bread doesn’t take cheddar cheese.",
    "Lisa says:This recipe doesn’t make a dough. It makes a batter and the result is like pancakes",
    "Erika Samoy says:Attempted to make this recipe. After pouring the liquid ingredients into the flour, it didn’t become smooth, it was all crumbly so I figured to add more boiled milk. Mixed in the eggs and cheese, it was really sticky, can’t roll into a ball, I used a greased ice cream scooper instead. After it baked and cooled down, tried it and the texture was like a mochi instead of bread. Not sure what I did wrong.",
    "Brian says:Brazilian cheese bread is supposed to taste more like mochi! You got the texture right.",
    "Debbie Danford says:I’m confused by how the recipe is written. It says to knead the dough for 10 minutes until smooth. This is more a batter then a dough. Regardless I attempted to knead it. It beaver became smooth because of the crated cheese in it. I could not see how you could roll this batter in a ball and have it hold it shape. So I used muffin tins. It took twice as long to bake even though I tested my oven temperature first to be sure it was properly calibrated. It never domed like the picture shows. I was very disappointed especially since I bought hard to find tapioca flour just for this recipe.",
    "Alyssa Rivers says:Oh no! I’m so sorry that it didn’t turn out for you. Did you make sure to let the dough rest after adding the liquid to the tapioca flour?",
    "Georgette says:I Alyssa. Do you know how I would adjust the recipe for high altitude?",
    "Alyssa Rivers says:Hello! This is made at high altitude so you can follow the current recipe!",
    "Bethany says:Can you use any other flour besides Tapioca Flour?",
    "Alyssa Rivers says:Tapioca flour is key to this recipe. I haven’t tried any substitutes before. You could try cornstarch or all-purpose flour but that may affect the texture a bit. Let me know how it turns out!"
  ]
}