{
  "URL": "https://therecipecritic.com/breakfast-stromboli/",
  "Summary": "This Breakfast Stromboli is the best morning treat! It's packed with fluffy eggs, savory sausage, crispy bacon and melty cheese, all wrapped in golden pizza dough. Perfect for holiday brunches or everyday family breakfasts! ",
  "Metadata": [
    "Prep Time:  20minutes",
    "Cook Time:  25minutes",
    "Total Time:  45minutes",
    "Servings:  6servings"
  ],
  "Ingredients": [
    "1 (13.8-ounce) can refrigerated pizza dough",
    "6 large eggs",
    "1 ½ cups shredded cheddar cheese",
    "½ pound breakfast sausage, cooked and crumbled",
    "½ cup bacon, cooked and crumbled",
    "2 green onions, sliced thin",
    "1 large egg, beaten",
    "¼ teaspoon Italian seasoning",
    "¼ teaspoon garlic powder"
  ],
  "Instructions": [
    "Preheat the oven to 375 degrees Fahrenheit.",
    "Scramble 6 large eggs in a large skillet until they are mostly cooked but still a bit runny.",
    "Roll 1 (13.8-ounce) can refrigerated pizza dough out and stretch it on a piece of parchment paper. Spread 1 ½ cups shredded cheddar cheese evenly in the top half of the dough, leaving just about an inch empty on either end.",
    "Top the cheese with the scrambled eggs, ½ pound breakfast sausage, ½ cup bacon,and 2 green onions,.",
    "Roll up the dough tightly like a cinnamon roll and pinch the ends and the seam together well. Transfer the parchment to a baking sheet.",
    "In a small bowl, use a fork to combine 1 large egg, and a tablespoon or two of water to make an egg wash. Flip the dough over so it is seam-side down in the center of the baking sheet, and brush the egg wash over the top of it.",
    "Sprinkle the top with ¼ teaspoon Italian seasoning and ¼ teaspoon garlic powder. Bake for 20-25 minutes or until golden brown on top. Serve immediately."
  ],
  "Nutrition": [
    "Calories: 548kcal",
    "Carbohydrates: 33g",
    "Protein: 26g",
    "Fat: 34g",
    "Saturated Fat: 13g",
    "Polyunsaturated Fat: 4g",
    "Monounsaturated Fat: 12g",
    "Trans Fat: 0.1g",
    "Cholesterol: 259mg",
    "Sodium: 1101mg",
    "Potassium: 239mg",
    "Fiber: 1g",
    "Sugar: 4g",
    "Vitamin A: 637IU",
    "Vitamin C: 1mg",
    "Calcium: 237mg",
    "Iron: 3mg",
    ""
  ],
  "Comments": [
    "Susan Penuel says:Thank you!",
    "Gabriel says:Maybe it is me but the “wrapping” of the Stromboli has me confused.  You have the cheese on the top half but I am rolling it like  cinnamon roll?  Yet the pictures look like you folded it over. Is it possible to clarify?",
    "Alyssa Rivers says:Hi Gabriel, sorry for the confusion. You will roll it like a cinnamon roll, but from top to bottom, if that make sense when you look at the picture. It might seem like it is folded but it is rolled. I hope this helps! Let me know how it turns out!",
    "Beth says:How do you keep the bottom from burning. Is there a special cookie sheet or or technique that works better than others",
    "Alyssa Rivers says:Hi Beth, I used a regular sheet pan with a layer of parchment paper on the bottom! Make sure that it is baked on a rack in the center of the oven to avoid it getting too hot on the bottom. I hope this helps!"
  ]
}