{
  "URL": "https://therecipecritic.com/breakfast-bowl/",
  "Summary": "All your favorite breakfast ingredients together in one hearty and delicious breakfast bowl! Full of eggs, bacon, potatoes, and veggies, this bowl will keep you satisfied and fueled all morning long.",
  "Metadata": [
    "Prep Time:  10minutes",
    "Cook Time:  10minutes",
    "Total Time:  20minutes",
    "Servings: 1"
  ],
  "Ingredients": [
    "1 cup frozen hash brown potatoes, cubed",
    "1/8 teaspoon paprika",
    "2 slices pre-cooked bacon,",
    "1 tablespoons  olive oil",
    "1/4 cup green bell peppers, chopped",
    "1/4 cup red bell peppers, chopped",
    "2 tablespoons red onion, chopped",
    "3 eggs",
    "1 tablespoon water",
    "salt and pepper,  to taste",
    "3  tablespoons Mexican blend cheese,  shredded",
    "1/2 avocado, sliced",
    "green onion, chopped"
  ],
  "Instructions": [
    "Prepare 1 cup frozen hash brown potatoes, according to the package instructions. Season with 1/8 teaspoon paprika and salt and pepper to taste.",
    "Cook 2 slices pre-cooked bacon, according to the package instructions, then chop the bacon. You can cook raw bacon if you prefer.",
    "Heat 1 tablespoons  olive oil in a large skillet. Add the chopped 1/4 cup green bell peppers, 1/4 cup red bell peppers, and 2 tablespoons red onion, and cook until softened. Remove and set aside.",
    "In a small bowl, whisk 3 eggs. Add 1 tablespoon water and season with salt and pepper,  to taste.",
    "Add olive oil or butter to the same skillet, then add the whisked eggs and scramble.",
    "Turn off the heat, sprinkle the eggs with the shredded 3  tablespoons Mexican blend cheese, then cover until the cheese is melted.",
    "To assemble, add the potatoes and eggs to the bottom of a large bowl. Top with the peppers and onions, bacon, and 1/2 avocado,.",
    "Garnish with chopped green onion, and enjoy!"
  ],
  "Nutrition": [
    "Serving: 1bowl",
    "Calories: 1029kcal",
    "Carbohydrates: 54g",
    "Protein: 40g",
    "Fat: 75g",
    "Saturated Fat: 20g",
    "Polyunsaturated Fat: 9g",
    "Monounsaturated Fat: 41g",
    "Trans Fat: 0.1g",
    "Cholesterol: 549mg",
    "Sodium: 784mg",
    "Potassium: 1565mg",
    "Fiber: 12g",
    "Sugar: 5g",
    "Vitamin A: 2585IU",
    "Vitamin C: 106mg",
    "Calcium: 413mg",
    "Iron: 6mg"
  ],
  "Comments": []
}