{
  "URL": "https://therecipecritic.com/breakfast-sliders/",
  "Summary": "Hawaiian rolls filled with juicy sausage patties, scrambled eggs, and melty cheese, slathered in everything bagel butter. These breakfast sliders are so simple, so delicious, and perfect for feeding a crowd.",
  "Metadata": [
    "Prep Time:  10minutes",
    "Cook Time:  10minutes",
    "Total Time:  20minutes",
    "Servings: 12"
  ],
  "Ingredients": [
    "12 Hawaiian dinner rolls",
    "8 eggs",
    "1/2 teaspoon onion powder",
    "1/4 teaspoon Kosher salt",
    "1/4 teaspoon cracked black pepper",
    "6 slices American cheese",
    "12 small sausage patties, precooked or homemade patties",
    "1/4 cup butter, melted",
    "2 teaspoons pure maple syrup",
    "2 teaspoons  Everything Bagel Seasoning"
  ],
  "Instructions": [
    "Preheat oven to 350 degrees Fahrenheit and spray an 8×8 inch baking dish with non-sticking cooking spray.",
    "Use a serrated knife to carefully cut the rolls in half lengthwise, while trying to keep them together. Try not to break them apart. Place the bottom half of the rolls in the prepared pan.  Save the tops of the rolls for later.",
    "In a large bowl, whisk together the eggs, onion powder, salt, and pepper.",
    "Scramble and cook the eggs in a medium-sized skillet over medium heat.",
    "Layer the scrambled eggs on top of the buns in the pan, followed by the cheese, and sausage patties. Be sure to place the cheese and sausage patties in the center of each roll so they cut evenly.",
    "Place the top half of the rolls over the sausage patties.",
    "Melt the butter in a microwavable bowl. Stir in the maple syrup and everything but the bagel seasoning. Brush the butter sauce evenly on top of the buns.",
    "Cover the pan with foil and bake for 10-15 minutes or until the cheese is melted.",
    "Cut into individual sliders and enjoy!"
  ],
  "Nutrition": [
    "Calories: 337kcal",
    "Carbohydrates: 16g",
    "Protein: 15g",
    "Fat: 23g",
    "Saturated Fat: 10g",
    "Polyunsaturated Fat: 2g",
    "Monounsaturated Fat: 8g",
    "Trans Fat: 0.4g",
    "Cholesterol: 170mg",
    "Sodium: 694mg",
    "Potassium: 165mg",
    "Fiber: 0.02g",
    "Sugar: 5g",
    "Vitamin A: 408IU",
    "Vitamin C: 0.3mg",
    "Calcium: 133mg",
    "Iron: 1mg",
    ""
  ],
  "Comments": [
    "Emily says:Delicious!! Made these for dinner and they were perfect! We only have 4 leftover and I plan to reheat in the oven tomorrow for breakfast on-the-go. Thanks for sharing!",
    "Amy says:Can’t wait to make these! Do you thaw or cook the frozen patties before putting them on the rolls?",
    "Alyssa Rivers says:Here is how I cooked my sausage patties beforehand: Air Fryer Sausage Patties",
    "Paige says:Can these be frozen and reheated later for a quick on the go breakfast?",
    "Alyssa Rivers says:Yes! That will work great! They will store in the freezer in an airtight container for about 1-2 months.",
    "Denise says:The breakfast sliders were to die for I made half sausage and half bacon and of course my grandson had to open his up and put some strawberry jam on it but they were awesome????‍♀️Thanks for sharing"
  ]
}