{
  "URL": "https://therecipecritic.com/bread-machine-cinnamon-swirl-pumpkin-bread/",
  "Summary": "An amazingly soft and tender bread that starts out in the bread machine.  ",
  "Metadata": [
    "Prep Time:  15minutes",
    "Cook Time:  30minutes",
    "Dough Cycle:    1hour30minutes",
    "Total Time:    2hours15minutes",
    "Servings:  12Slices"
  ],
  "Ingredients": [
    "¾ cup canned pumpkin puree, room temperature",
    "¼ cup warm water",
    "⅓ cup warm milk, microwave for 20 seconds",
    "1 tablespoon vegetable oil",
    "¼ cup brown sugar, lightly packed",
    "1 teaspoon salt",
    "¼ teaspoon nutmeg",
    "½ teaspoon cinnamon",
    "1 large egg, lightly beaten",
    "3 cup bread flour, approximately",
    "¾ tablespoon  instant yeast",
    "1½ tablespoon melted butter",
    "½ cup light brown sugar",
    "2 teaspoon cinnamon"
  ],
  "Instructions": [
    "Add ingredients to bread machine in the order recommended by the manufacturer. The following is how I prepared mine.",
    "Add pumpkin, water, warm milk, vegetable oil, brown sugar, salt, nutmeg, cinnamon, and egg to the bread machine pan. Add the flour. Make a well in the top of the flour and add the instant yeast.",
    "Turn the bread machine on the dough cycle and let it do all of the work! You will want to check it at first while it is mixing, to make sure you have enough flour. The dough should be slightly sticky to the touch, but will stay in a ball as the bread machine mixes. I used exactly 3 cups of flour and it was perfect. If your dough is too sticky, add a little extra flour, but don't overdo it.",
    "Once the dough cycle has finished and the bread has risen, punch down the dough and remove it from the bread machine pan. Place dough on a lightly floured surface and knead a few times, just to release the air bubbles.",
    "Roll out the dough to a 9''x22'' rectangle. Brush the top with melted butter. Combine the cinnamon and sugar and sprinkle it on top of the butter, leaving a 1/2-inch border around the edge.",
    "Roll up tightly, beginning with the short end, and pinch the end together to seal. Place in a greased 9 x 5-inch bread pan. Cover with a kitchen towel and allow to rise until almost doubled.",
    "Preheat oven to 375 degrees Fahrenheit and bake for 30 minutes. Tent with foil for the last 10 minutes to prevent the crust from browning too much. If you tap on the bread, it will sound hollow when it is finished. When finished baking, run a knife around the edge of the pan and remove the bread to cool. Slice and enjoy."
  ],
  "Nutrition": [
    "Calories: 173kcal",
    "Carbohydrates: 29g",
    "Protein: 5g",
    "Fat: 4g",
    "Saturated Fat: 2g",
    "Cholesterol: 18mg",
    "Sodium: 184mg",
    "Potassium: 92mg",
    "Fiber: 2g",
    "Sugar: 5g",
    "Vitamin A: 2460IU",
    "Vitamin C: 1mg",
    "Calcium: 24mg",
    "Iron: 1mg"
  ],
  "Comments": [
    "Chris says:Very good! Needed a bit more flour, cooked fresh pumpkin and mine a bit looser than canned. Nice dough to roll out!I added some dried cranberries toward the end of kneading, 1/2 cup, my machine doesn’t have the add in beep in dough cycle, 20 minutes after start leaves 5 to mix in.As I rolled I debated, rolling from the long edge would be perfect for slicing into 10-12 cinnamon rolls, try it another time.Thanks for a great recipe, the aroma when baking must be how heaven smells!",
    "Murphy says:I have made Pumpkin Bread before, it is very delicious, this weekend, I want to try your recipes, thanks",
    "Artis says:How long did you let it rise?",
    "Artis says:I love this bread but how long did you let yours rise before you baked it? Really delicious but my bread did not look as big as yours before I baked it and it still came out huge.",
    "Amanda says:Whipping up this bread machine recipe looks so easy with your photos. Good job. Pinning!",
    "Tracey says:can you tell me what instant yeast is?? Is that quick rise yeast? or active dry yeast? thank you",
    "heather @french press says:bread is my weakness, and this looks simply to die for",
    "Cynthia Rabello says:Would you give me the recipe for Bread Machine Cinnamon Swirl Pumpkin Bread.  I don’t have a print.",
    "ines oliveira says:such a gorgeous bread! i wonder whether i’ld manage to bake it the traditional way…  no bread machine around here yet.good bakes 🙂"
  ]
}