{
  "URL": "https://therecipecritic.com/breakfast-enchiladas/",
  "Summary": "Tortillas filled with eggs, sausage, and cheese, topped with a rich, creamy enchilada sauce. Assemble the night before for an easy breakfast.",
  "Metadata": [
    "Prep Time:  25minutes",
    "Cook Time:  25minutes",
    "Total Time:  50minutes",
    "Servings:  8people"
  ],
  "Ingredients": [
    "1 pound ground sausage pork, breakfast, or turkey",
    "½ cup jarred chunky salsa",
    "8 large eggs beaten",
    "½ teaspoon salt",
    "¼ teaspoon pepper",
    "½ teaspoon granulated onion powder",
    "2 cups shredded Mexican or monterey jack cheese divided",
    "8 (8-inch) flour tortillas  additional if needed",
    "⅓ cup heavy cream",
    "1 ¼ cups salsa Verde or green enchilada sauce divided",
    "avocado",
    "diced tomatoes",
    "sliced green onion",
    "cilantro"
  ],
  "Instructions": [
    "Preheat oven to 375 degrees Fahrenheit. Spray a 13×9 inch baking dish with cooking spray. Set aside.",
    "In a large saucepan, cook the ground sausage over medium-high heat until fully cooked.  About 5-7 minutes.  Drain the oil from the pan. Add  the salsa to the meat.  Stir to combine. Remove the sausage mixture from the pan and set it aside.",
    "In a medium bowl, whisk together the large eggs, salt,  pepper, and onion powder. Cook the eggs in the same pan as the sausage. Cook over medium heat until the eggs are scrambled. Add the cooked sausage mixture to eggs, and stir until all the ingredients are combined.",
    "Prepare the enchilada sauce by whisking or blending together 1 cup of the salsa Verde or green enchilada sauce, and heavy cream.",
    "Coat the bottom of the prepared pan with ¼ cup salsa Verde. Fill each tortilla with about ½ cup of the sausage and egg mixture. Sprinkle a small amount of shredded cheese over the filling before rolling the tortilla tightly.",
    "Place the rolled tortilla into the prepared pan with the seam side down. Repeat until the baking dish is full. Additional filling may be leftover depending on how full you fill the tortillas.",
    "Pour the enchilada sauce evenly over the enchiladas, and top with remaining shredded cheese. Bake for 25 minutes or until golden and bubbly. Garnish with avocado, green onion, diced tomatoes, and cilantro if desired."
  ],
  "Nutrition": [
    "Serving: 1enchilada",
    "Calories: 439kcal",
    "Carbohydrates: 27g",
    "Protein: 20g",
    "Fat: 27g",
    "Saturated Fat: 10g",
    "Polyunsaturated Fat: 4g",
    "Monounsaturated Fat: 10g",
    "Trans Fat: 0.1g",
    "Cholesterol: 238mg",
    "Sodium: 1062mg",
    "Potassium: 327mg",
    "Fiber: 2g",
    "Sugar: 3g",
    "Vitamin A: 537IU",
    "Vitamin C: 1mg",
    "Calcium: 120mg",
    "Iron: 3mg"
  ],
  "Comments": [
    "Sam says:Can these be made night before and cooked next morning?",
    "Alyssa Rivers says:Yes they can!",
    "DSolesbee says:Yum and easy.  Needed something new for a quarterly breakfast brunch this year.  Used what I had on hand just try the recipe first.  I used store bought pulled pork and warmed it with onions. No cream, used milk and butter combo.  I tried half flour and half corn tortillas – corn was the winner!  I will layer the corn tortillas next time for faster prep.  Appreciated your NOTES – they encouraged me to improvise. Thanks for sharing",
    "Dayna says:I’m looking for a recipe I can make ahead and freeze.  Do you think this would work?  Maybe if I just froze it without the sauce and added that before baking?",
    "Pam says:Do these reheat well?  I prefer a savory breakfast (my favorite meal of the day).  If  I make a pan and eat leftovers for the next 4-5 day, what is the best way to reheat them?  At work, I have a microwave or toaster oven to choose from.",
    "Alyssa Rivers says:You can easily reheat these in a microwave!",
    "Dannypants says:Made this yesterday and it was easy and delicious! Thank you for another great recipe Alyssa!",
    "Dana Allen says:How much of the heavy cream do you use? Do you mix it with the salsa verde?",
    "Alyssa Rivers says:Hello! I used 1/3 cup of heavy cream. The instructions and ingredients are all listed on the recipe card at the bottom of the post! 🙂",
    "Chuck Miller says:Already planning to prepare these during our Christmas family gathering (10 adults). I do have one question. “What size tortillas did you use?”",
    "Alyssa Rivers says:I use the enchilada or burrito size (10 inch) tortillas!",
    "Sabrina says:a perfect breakfast dish, wonder why I never thought of it, thank you!"
  ]
}