{
  "URL": "https://therecipecritic.com/bread-pudding/",
  "Summary": "This Bread Pudding is a classic dessert that uses your leftover bread and a delicious vanilla sauce to make the best breakfast dessert you've ever had! It's frugal and cheap to make, but the flavor is out of this world divine. ",
  "Metadata": [
    "Prep Time:  1hour",
    "Cook Time:  45minutes",
    "Total Time:    1hour45minutes",
    "Servings:  4people"
  ],
  "Ingredients": [
    "6 cups stale bread cut into 2” pieces",
    "4 tablespoons butter 1 for coating pan 3 for pudding",
    "4 eggs",
    "2 cups milk",
    "1 cup granulated sugar",
    "2 teaspoons vanilla extract",
    "1 teaspoon cinnamon",
    "½ teaspoon cardamom",
    "1 cup heavy whipping cream",
    "½ cup whole milk",
    "½ cup sugar",
    "2 tablespoons cornstarch",
    "1 tablespoon vanilla extract"
  ],
  "Instructions": [
    "Preheat your oven to 350℉ and prepare an 8” square baking dish by coating it with 1 tablespoon of butter.",
    "Cut your stale bread into about 2” chunks and place in a bowl.",
    "Melt your remaining 3 tablespoons of butter and pour it over your bread, mix to coat evenly and place in your buttered dish.",
    "In a separate bowl with a hand mixer, whip your eggs for about 3 minutes. Add in the remainder of your ingredients and mix well.",
    "Pour your egg mixture over your bread, be sure to coat evenly, soaking each piece. Allow the liquid to soak into the bread for a few minutes before baking.",
    "Bake for 30-45 minutes, the bread pudding should be a golden brown color and spring back when gently pushed on with a spoon or fork.",
    "In a small saucepan over medium high heat, combine your whipping cream, milk, and sugar. Bring to a simmer, continually stirring until the sugar is dissolved.",
    "Whisk in your cornstarch until there are no more lumps, reduce heat to low and continue cooking until your sauce thickens up, about 5 minutes.",
    "Once the sauce has thickened up to a consistency you like, remove from heat and whisk in your vanilla. Allow the sauce to cool slightly before drizzling on top of your bread pudding."
  ],
  "Nutrition": [
    "Calories: 1008kcal",
    "Carbohydrates: 129g",
    "Protein: 21g",
    "Fat: 46g",
    "Saturated Fat: 26g",
    "Polyunsaturated Fat: 4g",
    "Monounsaturated Fat: 12g",
    "Trans Fat: 1g",
    "Cholesterol: 279mg",
    "Sodium: 626mg",
    "Potassium: 482mg",
    "Fiber: 4g",
    "Sugar: 90g",
    "Vitamin A: 1712IU",
    "Vitamin C: 1mg",
    "Calcium: 367mg",
    "Iron: 4mg",
    ""
  ],
  "Comments": [
    "Lilyan Kay Lewis says:Loved the simplicity and ability to use any left over breads",
    "Lisa A Clements says:Great recipe. Easy to follow directions and lots of helpful advice. We love this recipe. When I make this it’s gone in two days or less.",
    "Lori says:I work at a restaurant and I get the old scones and use less sugar. ITS THE BEST.. My sons love it so much. So easy to make is a plus. I am making some tonight.Thank you for being one of the reasons I’m getting to big for my pants… that and beer lol.",
    "Kate says:Made this tonight and it was delicious! Thank you for the recipe.",
    "Maria. F. says:Can you add raisins, pineapples or both and easily incorporate them into you recipe?  If so, what stage is the recipe should they be added? I’m guessing perhaps when you’re mixing the other ingredients in the egg mixture before pouring it over the bread.. but I just want to double check thank you so much lovely recipe",
    "Alyssa Rivers says:Yes, that’s correct! Let me know how this turns out. Those additional ingredients sound so delicious!",
    "Lily says:I’d never tried a bread pudding but it was a favorite of a loved one. He said it was the best he’d had and it was better than his grandmother’s. Thank you."
  ]
}