{
  "URL": "https://therecipecritic.com/breakfast-braid/",
  "Summary": "Cherry Almond Cream Cheese Breakfast Braid is a sweet and savory, premium cherry filled crescent roll baked golden brown with an almond glaze drizzled over topped and garnished with almonds. This holiday breakfast will become a favorite!",
  "Metadata": [
    "Prep Time:  10minutes",
    "Cook Time:  20minutes",
    "resting time:  10minutes",
    "Total Time:  40minutes",
    "Servings:  8servings"
  ],
  "Ingredients": [
    "1 (8-ounce) tube refrigerated crescent dough",
    "4 ounces softened cream cheese",
    "2 tablespoons granulated sugar",
    "1 large egg separated",
    "1 (21-ounce) can cherry pie filling I recommend Lucky Leaf brand",
    "½ cup powdered sugar",
    "3 tablespoons Milk",
    "1 teaspoon almond extract",
    "¼ cup slivered almonds"
  ],
  "Instructions": [
    "Preheat the oven to 375 degrees Fahrenheit. Line a baking sheet with parchment paper and roll 1 (8-ounce) tube refrigerated crescent dough out on it.",
    "In a medium bowl, combine 4 ounces softened cream cheese, 2 tablespoons granulated sugar, and the egg white from 1 large egg. Spread the cream cheese mixture evenly down the middle third of the crescent roll dough.",
    "Carefully spoon 1 (21-ounce) can cherry pie filling over the top of the cream cheese mixture. Slice the dough on either side of the filling into diagonal pieces Gently fold each piece over the top, alternating sides to create a braid.",
    "In a small bowl, beat the egg yolk from the egg used earlier. Brush the yolk over the top of the braided dough.",
    "Bake for 15-20 minutes until the top is golden brown. Remove it from the oven and let the pastry rest for 10 minutes.",
    "Make the glaze by whisking together ½ cup powdered sugar, 3 tablespoons Milk, and 1 teaspoon almond extract. Drizzle the glaze evenly over the top of the baked braid. Top with ¼ cup slivered almonds, slice, and serve."
  ],
  "Nutrition": [
    "Calories: 124kcal",
    "Carbohydrates: 12g",
    "Protein: 3g",
    "Fat: 7g",
    "Saturated Fat: 3g",
    "Polyunsaturated Fat: 1g",
    "Monounsaturated Fat: 3g",
    "Trans Fat: 0.003g",
    "Cholesterol: 38mg",
    "Sodium: 57mg",
    "Potassium: 62mg",
    "Fiber: 0.4g",
    "Sugar: 11g",
    "Vitamin A: 234IU",
    "Vitamin C: 0.01mg",
    "Calcium: 33mg",
    "Iron: 0.3mg",
    ""
  ],
  "Comments": [
    "Sus says:In the video it says to combine cream cheese, sugar and egg whites. But in instructions it doesn’t say anything about using the egg whites. Please advise, I want to make on thanksgiving morning! Thank you",
    "Alyssa Rivers says:Hi Sus, thank you for pointing that out. I went in and fixed it. The recipe should say to add the egg white to the cream cheese and sugar mixture, and use the egg yolk for the egg wash on the exterior of the braid to help it brown up. Thanks again!",
    "Ara Drax says:This is a really great recipe! I’ve made this many times! Also made with all kinds of canned fruits and it’s just as tasty. Thank you for the recipe!",
    "Sheryl Jump says:This was very delicious, however I placed it on silpat, because rolling it out on parchment paper was sliding all over the place. Next time I would skip the silpat  and just spray the pan and place on the sheet pan, so the crust would be crispy. I will probably try with phyllo dough to make it more flaky. I made this Christmas morning it was so easy and delicious, the crust was just soft. I cooked it 20 min, maybe should have done longer.",
    "Ardelle K Wachter says:I  made this braid last week, and it was so good; it put a smile on my husband’s face, and I just loved the taste. Nothing better than Cherrys, cream cheese, and Almonds!",
    "Gail says:Could you also use puff pastry for this recipe.",
    "Diane P. says:Tasty and so easy to put together. It was hard to stop at just one piece. Thanks Alyssa and Happy Mother’s Day to you.",
    "Debbie says:Easy to make, beautiful presentation and delicious!",
    "simon andrew says:Very tasty recipe of CHERRY ALMOND CREAM CHEESE BREAKFAST BRAID"
  ]
}