{
  "URL": "https://therecipecritic.com/breakfast-charcuterie-board/",
  "Summary": "Wake up your family or guests to the world's CUTEST breakfast charcuterie board! Filled with everyone's favorite breakfast indulgences of waffles, pancakes, bagels, fruit, and all the decadent toppings your heart desires.",
  "Metadata": [
    "Prep Time:  20minutes",
    "Total Time:  20minutes",
    "Servings: 15"
  ],
  "Ingredients": [
    "Mini Pancakes, homemade or Frozen",
    "Belgian Waffles, homemade or store-bought",
    "Mini Bagels",
    "White Chocolate Chips",
    "Semi Sweet Chocolate Chips",
    "Cookie Butter",
    "Nutella",
    "Whipped Cream",
    "Maple Syrup",
    "Bananas",
    "Blackberries",
    "Blueberries",
    "Strawberries",
    "Raspberries"
  ],
  "Instructions": [
    "On a large wooden board, add the pancakes, waffles, and bagels.",
    "Add small bowls of cookie butter, Nutella, whipped cream, and maple syrup.",
    "Next, scatter the piles of chocolate chips and pads of butter.",
    "Fill in the empty spaces with the fruit."
  ],
  "Nutrition": [
    "Calories: 115kcal",
    "Carbohydrates: 16g",
    "Protein: 1g",
    "Fat: 5g",
    "Saturated Fat: 3g",
    "Polyunsaturated Fat: 0.2g",
    "Monounsaturated Fat: 1g",
    "Trans Fat: 0.02g",
    "Cholesterol: 2mg",
    "Sodium: 17mg",
    "Potassium: 150mg",
    "Fiber: 2g",
    "Sugar: 12g",
    "Vitamin A: 43IU",
    "Vitamin C: 12mg",
    "Calcium: 28mg",
    "Iron: 1mg",
    ""
  ],
  "Comments": [
    "Conni says:Hi Alyssa,I love the idea of the breakfast charcuterie board with mini waffles and pancakes. My question is ….aren’t those two items room temp or cold when you present the board?Thanks, Conni",
    "Marcia says:I was thinking the same thing…how do we keep the foods hot or warm that need to be hot or warm?  I totally want to make this for the 27 of Dec 2024 for our company…since we are already having wife saver Christmas morning & in the 26th",
    "Alyssa Rivers says:Hi Marcia, with this charcuterie board I tried to use items that were ok if they were room temperature. I keep my syrups hot so they can sort of warm up the pancakes and waffles. I love using my liege waffles, which hold up longer sitting out than Belgium waffles. I hope this helps! What a fun idea for your family Christmas get together."
  ]
}