{
  "URL": "https://therecipecritic.com/breakfast-burritos/",
  "Summary": "Easy breakfast burritos that are filled with scrambled eggs, ham, pico de gallo and lots of cheese. Freezer friendly and can be made ahead.",
  "Metadata": [
    "Prep Time:  20minutes",
    "Cook Time:  15minutes",
    "Total Time:  35minutes",
    "Servings:  8people"
  ],
  "Ingredients": [
    "8 slices deli ham",
    "12 large eggs",
    "¼ cup sour cream",
    "½ teaspoon salt",
    "½ teaspoon black pepper",
    "2 tablespoons butter",
    "8 8-inch flour tortillas",
    "1 ½ cups pico de gallo",
    "1 ½ cups grated cheddar cheese"
  ],
  "Instructions": [
    "Whisk together 12 large eggs, ¼ cup sour cream, ½ teaspoon salt, and ½ teaspoon black pepper.",
    "Heat 2 tablespoons butter in a non-stick skillet and add the egg mixture. Stir the eggs and scramble till they are cooked (approx 2-3 minutes). Remove from the pan and set aside.",
    "Take the 8 8-inch flour tortillas, and place a slice of the 8 slices deli ham on a tortilla. Add approx 1/2 cup of the scrambled eggs, 1-2 tablespoons of the 1 ½ cups pico de gallo and sprinkle with 1 ½ cups grated cheddar cheese. Don't overstuff them, or they will be difficult to roll.",
    "Roll the burritos from bottom to top. Roll one end of the tortilla over the filling, fold the sides over and continue rolling till you reach the top, tucking the filling in as you go. Repeat till all the burritos are filled."
  ],
  "Nutrition": [
    "Calories: 400kcal",
    "Carbohydrates: 22g",
    "Protein: 22g",
    "Fat: 25g",
    "Saturated Fat: 11g",
    "Polyunsaturated Fat: 3g",
    "Monounsaturated Fat: 8g",
    "Trans Fat: 0.1g",
    "Cholesterol: 296mg",
    "Sodium: 1255mg",
    "Potassium: 236mg",
    "Fiber: 1g",
    "Sugar: 6g",
    "Vitamin A: 901IU",
    "Vitamin C: 2mg",
    "Calcium: 241mg",
    "Iron: 3mg",
    ""
  ],
  "Comments": [
    "BethAnn E Rainey says:When you reheat them from the freezer, do you still do 1-2 minutes? I just made these and am excited to try them!!",
    "Alyssa Rivers says:Yes, when reheating I like to do small increments and flipping them over after 1 minute. Enjoy, they are addicting!",
    "Nancy luberts says:Thank you for posting your awesome recipes I’m very excited to try them all! They look and sound amazing! I look forward to receiving more! Nancy",
    "Alyssa Rivers says:Thanks for following along! Hope you find more recipes that you love.",
    "Charlie says:How would I reheat these in the oven and for how long?"
  ]
}