{
  "URL": "https://therecipecritic.com/breakfast-tacos/",
  "Summary": "These delicious breakfast tacos are tortillas layered with potatoes, crispy bacon, soft scrambled eggs, and all the delicious toppings that you can think of! Filling and flavorful these tacos are the BEST way to start the day. ",
  "Metadata": [
    "Prep Time:  5minutes",
    "Cook Time:  20minutes",
    "Total Time:  25minutes",
    "Servings: 6"
  ],
  "Ingredients": [
    "3 tablespoons olive oil",
    "1 lb usset potatoes (diced)",
    "½ teaspoon salt",
    "½ teaspoon paprika",
    "6 eggs",
    "2 tablespoons milk",
    "¼ teaspoon salt",
    "¼ teaspoon black pepper",
    "6 slices bacon",
    "6 flour tortillas",
    "shredded cheddar cheese",
    "Grape tomatoes  (sliced)",
    "Cilantro  (diced)",
    "salsa"
  ],
  "Instructions": [
    "Heat a large skillet with the olive oil over medium heat. Add in the diced potato, add the salt and paprika. Stir to combine. Allow to cook for about 8-10 minutes (stirring only a few times to prevent sticking but allowing them to get crisp) until the potatoes are softened and slightly crispy on the outside. Remove the potatoes to a plate and set aside.",
    "In the same skillet add the bacon and allow to cook for about 5-7 minutes until crispy. Remove to a plate and dry with paper towels. Cut slices in half.",
    "In a medium size bowl beat the eggs with the milk and mix in the salt and pepper.",
    "Spray a small skillet with non-stick spray. Pour in the egg mixture. Stir occasionally while the eggs cook to scramble them.",
    "Layer the tortillas with the breakfast potatoes, bacon and scrambled eggs. Top with any additional toppings. Serve warm and enjoy."
  ],
  "Nutrition": [
    "Calories: 372kcal",
    "Carbohydrates: 29g",
    "Protein: 13g",
    "Fat: 23g",
    "Saturated Fat: 6g",
    "Polyunsaturated Fat: 4g",
    "Monounsaturated Fat: 11g",
    "Trans Fat: 1g",
    "Cholesterol: 179mg",
    "Sodium: 726mg",
    "Potassium: 470mg",
    "Fiber: 2g",
    "Sugar: 2g",
    "Vitamin A: 337IU",
    "Vitamin C: 4mg",
    "Calcium: 87mg",
    "Iron: 3mg",
    ""
  ],
  "Comments": [
    "PamJ says:Hi Alyssa, I happened upon your blog. Saw this recipe for breakfast tacos, being I am a Native Texan raised in the San Antonio area of the state. I must say that all my life we have also added cumin to our meats when we cook. It’s a wonderful addition and the flavor is really scrumptious. Try it..I put it in refried beans, Spanish rice, chili con queso, which is the creamy cheese dip that we add salsa to or homemade pico de gallo. Honestly, my son’s can make a meal on any of the above dishes and of course they add salsa to everything!! Try Mac & cheese for one. Take care, love your blog and all the patterns,",
    "Alyssa Rivers says:That sounds delicious! I will have to try that!",
    "Regina Ploof says:Can’t wait to make the breakfast tacos! We may have them for dinner! Thanks for keeping it simple and delicious!",
    "Alyssa Rivers says:That sounds great! Thank you for sharing and following along with me!",
    "Olga says:Can u add more delicious  recipes",
    "Alyssa Rivers says:hahah! You are awesome! I will keep trying! Thank you so much Olga! Enjoy your week sweet lady! XOXO",
    "Miz B says:Can you prepare ahead of time, several days for potluck?",
    "Alyssa Rivers says:Yes, that sounds like a great idea! XOXO"
  ]
}