{
  "URL": "https://therecipecritic.com/brioche-bread/",
  "Summary": "If you want to start making more bread at home, this brioche bread is the perfect place to start! Not only is it beautiful, fluffy, and super delicious, it's also really easy to make. This bread is perfect for sandwiches, French toast, or just eating plain!",
  "Metadata": [
    "Prep Time:    1hour45minutes",
    "Cook Time:  35minutes",
    "Total Time:    2hours20minutes",
    "Servings:  1loaf"
  ],
  "Ingredients": [
    "1/2 cup milk warm",
    "1 packet instant dry yeast 2 ½ teaspoons",
    "¼ cup granulated sugar divided",
    "6 tablespoons unsalted butter softened",
    "2 eggs room temperature",
    "1 teaspoons salt",
    "2-3 cups all purpose flour",
    "1 large egg",
    "2 tablespoons water"
  ],
  "Instructions": [
    "In the bowl of a stand mixer, combine your warm milk, yeast, and 1 tablespoon of your sugar. Allow the mixture to sit for about 5 minutes until the yeast becomes active and foamy.",
    "Add in the rest of the sugar, butter, and eggs. Mix using the whisk attachment on medium high speed until everything comes together.",
    "Add 2 cups of flour and your salt into the bowl and switch out the whisk for the dough hook, mix at low speed until the flour is fully incorporated, at this point you can determine if you need to add more flour, the dough should pull clean from the mixer when it is the right consistency, but not be too stiff, it should be slightly sticky. I ended up using 2 ½ cups",
    "Increase the speed to a medium high speed and mix for an additional 3-4 minutes. This last step will knead the dough and build the strength of the gluten.",
    "Remove the dough from your mixer and place it into an oiled bowl, cover with plastic wrap and keep covered for about an hour, until the dough doubles in size.",
    "Once your dough has doubled in size, fold it by tipping the dough out onto a lightly floured surface and pounding the air out of it. Roll it back into a ball and place back into your oiled bowl, cover and let rest for another 30-45 minutes. It should rise up again and be airy, but not quite double in size.",
    "Prepare a loaf pan by spraying it with nonstick baking spray, set aside.",
    "When your dough is ready, tip it out onto a floured surface again, and pat flat. Cut the dough into 3 equal pieces and roll the pieces out to about 12 inches. Lay each 12 inch strand of dough side by side and join the top together by lightly rolling them into a point. Braid the strands all the way down and at the bottom pinch and roll the ends together.",
    "Tuck the pointed ends under the loaf and fit the loaf into your prepared pan. Cover and let rest for about 30-45 minutes. Until the dough has risen slightly above the top of the pan.",
    "While your loaf is proofing, preheat your oven to 325 degrees fahrenheit.",
    "Once your loaf is proofed and ready, uncover and brush with your egg wash, bake for 30-45 minutes. The loaf will be golden brown and a thermometer inserted into the center of the loaf should read 190 degrees fahrenheit."
  ],
  "Nutrition": [
    "Calories: 1970kcal",
    "Carbohydrates: 248g",
    "Protein: 48g",
    "Fat: 87g",
    "Saturated Fat: 50g",
    "Polyunsaturated Fat: 6g",
    "Monounsaturated Fat: 24g",
    "Trans Fat: 3g",
    "Cholesterol: 686mg",
    "Sodium: 2576mg",
    "Potassium: 664mg",
    "Fiber: 7g",
    "Sugar: 57g",
    "Vitamin A: 3010IU",
    "Calcium: 285mg",
    "Iron: 14mg"
  ],
  "Comments": [
    "Kathy says:So happy to find a brioche recipe that doesn’t use a lot of eggs!Anxious to make it for eggs Benedict.",
    "REBECCA LEON says:can’t wait to try this recipe.. but am always perplexed when a recipe calls for a warm liquid… what would the temperature be? my take on warm might not be the same as the next person’s…. help  🙂",
    "Alyssa Rivers says:You want the water to be warm enough to activate the yeast. Try 100-110 degrees Fahrenheit."
  ]
}