{
  "URL": "https://therecipecritic.com/broccoli-apple-salad/",
  "Summary": "Broccoli, pecans, cranberries, carrots and apples come together to make an amazing salad with delicious flavors and textures.  The creamy dressing on top makes this salad absolutely incredible!",
  "Metadata": [
    "Prep Time:  20minutes",
    "Total Time:  20minutes",
    "Servings:  6Servings"
  ],
  "Ingredients": [
    "Fresh Broccoli Florets: About 2 medium heads",
    "Red Onion: Adds a bit of spice and tons of flavor.",
    "Pecans: Coarsely chopped",
    "Dried Cranberries: Perfect bit sweetness and tartness",
    "Light Mayonnaise: Creates the base of the dressing",
    "Lemon Juice: Adds a bit of tartness, and helps keep the apples fresh looking",
    "Sugar: Balances out the tart with a bit of sweet",
    "Salt and Pepper:  Add more or less as desired.",
    "4 cups fresh broccoli florets (about 2 medium heads)",
    "1/2 cup shredded carrots",
    "1/4 cup diced red onion",
    "2 large apples finely chopped (I used gala apples)",
    "1/2 cup pecans coarsely chopped",
    "1/2 cup dried cranberries",
    "1/2 cup lite mayonnaise",
    "1/2 cup low fat greek yogurt",
    "2 Tablespoons lemon juice",
    "1 Tablespoon sugar",
    "1/4 teaspoon salt",
    "1/8 teaspoon pepper"
  ],
  "Instructions": [
    "In a large bowl combine broccoli, carrots, red onion, apples, pecans, and dried cranberries.<img decoding=\"async\" width=\"333\" height=\"500\" src=\"https://therecipecritic.com/wp-content/uploads/2015/01/broccoliapplesaladhowto-333x500.jpg\" class=\"attachment-medium size-medium\" alt=\"\" srcset=\"https://therecipecritic.com/wp-content/uploads/2015/01/broccoliapplesaladhowto-333x500.jpg 333w, https://therecipecritic.com/wp-content/uploads/2015/01/broccoliapplesaladhowto-400x600.jpg 400w, https://therecipecritic.com/wp-content/uploads/2015/01/broccoliapplesaladhowto.jpg 1000w\" sizes=\"(max-width: 333px) 100vw, 333px\" />",
    "Whisk together mayonnaise, greek yogurt, lemon juice, sugar, salt and pepper.<img decoding=\"async\" width=\"500\" height=\"334\" src=\"https://therecipecritic.com/wp-content/uploads/2015/01/broccoliapplesaladhowto2-500x334.jpg\" class=\"attachment-medium size-medium\" alt=\"\" srcset=\"https://therecipecritic.com/wp-content/uploads/2015/01/broccoliapplesaladhowto2-500x334.jpg 500w, https://therecipecritic.com/wp-content/uploads/2015/01/broccoliapplesaladhowto2-400x267.jpg 400w, https://therecipecritic.com/wp-content/uploads/2015/01/broccoliapplesaladhowto2.jpg 1000w\" sizes=\"(max-width: 500px) 100vw, 500px\" />",
    "Add the dressing to the salad and toss to coat. Chill until ready to serve.<img decoding=\"async\" width=\"333\" height=\"500\" src=\"https://therecipecritic.com/wp-content/uploads/2015/01/broccoliapplesalad2-333x500.jpg\" class=\"attachment-medium size-medium\" alt=\"\" srcset=\"https://therecipecritic.com/wp-content/uploads/2015/01/broccoliapplesalad2-333x500.jpg 333w, https://therecipecritic.com/wp-content/uploads/2015/01/broccoliapplesalad2-400x600.jpg 400w, https://therecipecritic.com/wp-content/uploads/2015/01/broccoliapplesalad2.jpg 1000w\" sizes=\"(max-width: 333px) 100vw, 333px\" />"
  ],
  "Nutrition": [
    "Calories: 215kcal",
    "Carbohydrates: 28g",
    "Protein: 5g",
    "Fat: 11g",
    "Saturated Fat: 1g",
    "Cholesterol: 4mg",
    "Sodium: 272mg",
    "Potassium: 334mg",
    "Fiber: 5g",
    "Sugar: 19g",
    "Vitamin A: 2217IU",
    "Vitamin C: 60mg",
    "Calcium: 63mg",
    "Iron: 1mg"
  ],
  "Comments": [
    "Samantha Sykora says:Amazing recipe !!!",
    "Leslie DiMartile says:Can you think of a lighter dressing that would work well with this? Love all the ingredients!",
    "Alyssa Rivers says:Hi Leslie, you could use my Champagne vinaigrette or honey mustard dressing. Let me know which one you make and how it tastes with the broccoli salad!",
    "JB says:So delicious and looks so pretty and fancy! This is a keeper recipe. I added some chopped rotisserie chicken and substituted slivered almonds. Love all the textures. 10/10 winner!",
    "Alyssa Rivers says:It’s one of my favorites as well! Great idea to add chicken, I’ll have to try that next time I make it! Thank you for your comment and review!",
    "Amanda says:I make a pretty darn good broccoli salad, but I came across your recipe and decided to try it. I cannot get enough of this broccoli salad. It is simply delicious. Now every time I make broccoli salad, I have a fight in my head as to whether I should do your recipe or mine.",
    "Alyssa Rivers says:Ha ha, well I’m glad you like it so much, and I’m sorry I cause a fight in your head!",
    "Joyce says:Excellent recipe! I ended up using broccolini and it worked great! I couldn’t find broccoli that wasn’t from the States. Luckily, the broccolini was from Mexico and, as a Canadian, I’m happy to support any produce from Mexico:)",
    "Christi says:This was really good the day of, but the leftovers the next day had no flavor and all the sweetness was gone. It was the strangest thing. I’ve never encountered something like that. I’ll make it again if we are eating all of it that day, but sadly my plans for lunch at work for a few days are out.",
    "Teresa says:Can I use sour cream in place of the yogurt? There never seems to be yogurt left when I want some!",
    "Mich says:OMG – can’t wait to make this this summer! I really only like my broccoli raw. To me, this is screaming for grilled chicken. Thank you!",
    "Suga says:Love this recipe, added sesame seeds for a little more crunch.",
    "Alyssa Rivers says:YUM!! Such a great idea!",
    "Rebecca Yvon sardo says:Do I have to use apples? And is the dressing sweet? Would love to make this thanksgiving",
    "Alyssa Rivers says:Hi Rebecca, thank you for your question. I guess you don’t have to use apples, you could use pears instead. I just love the crunch you get from an apple in contrast with the broccoli. The dressing is just mildly sweet. I hope this helps!",
    "Robin Merrill says:Can the broccoli salad with apples be made ahead? Or will the apples brown?  Thx!!",
    "Alyssa Rivers says:The lemon juice in the dressing will help slow the browning, so the salad can be prepared in advance on the same day as serving, but I would avoid letting it sit overnight before serving.",
    "Pam says:I LOVE this recipe.  I could eat it every day.  Also, love that it has healthy ingredients.  Salads are my favorite food if they contain different flavors that go well together–meats, veggies, fruit, nuts and greens.",
    "Rachel says:Is this recipe gluten free?",
    "Alyssa Rivers says:Yes it is! Another thing that makes this broccoli apple salad so great. ?",
    "Beth says:Can this salad be prepared a day ahead of serving ?",
    "Alyssa Rivers says:Yes! I would just store the salad and dressing separately and then combine  once you’re ready to serve it. This way your greens won’t wilt as quickly."
  ]
}