{
  "URL": "https://therecipecritic.com/broccoli-cashew-salad/",
  "Summary": "A delicious broccoli salad combined with yummy flavors and textures and cashews!",
  "Metadata": [
    "Prep Time:  20minutes",
    "Total Time:  20minutes",
    "Servings:  8Servings"
  ],
  "Ingredients": [
    "1 pound bacon",
    "1 cup mayonnaise",
    "2 teaspoons cider vinegar",
    "½ cup white sugar",
    "2 pounds fresh broccoli florets",
    "1 cup roasted cashews",
    "¼ cup diced red onion"
  ],
  "Instructions": [
    "In a large skillet, cook 1 pound bacon over medium-high heat until crispy. Crumble the bacon into pieces and set aside.",
    "In a large mixing bowl, combine 1 cup mayonnaise, 2 teaspoons cider vinegar, and ½ cup white sugar. Whisk together until the sugar is dissolved.",
    "Add 2 pounds fresh broccoli florets, the bacon crumbles, 1 cup roasted cashews, and ¼ cup diced red onion. Toss to coat the salad ingredients in the dressing.",
    "Chill the salad for 2 hours and allow it to sit at room temperature for 15 minutes before serving."
  ],
  "Nutrition": [
    "Calories: 614kcal",
    "Carbohydrates: 27g",
    "Protein: 13g",
    "Fat: 52g",
    "Saturated Fat: 13g",
    "Polyunsaturated Fat: 18g",
    "Monounsaturated Fat: 19g",
    "Trans Fat: 0.1g",
    "Cholesterol: 49mg",
    "Sodium: 594mg",
    "Potassium: 581mg",
    "Fiber: 4g",
    "Sugar: 16g",
    "Vitamin A: 746IU",
    "Vitamin C: 102mg",
    "Calcium: 67mg",
    "Iron: 2mg",
    ""
  ],
  "Comments": [
    "Leena says:This salad was absolutely delicious – even though I used roasted pumpkin seeds instead of the nuts, thanks for the recipe !",
    "Robbie Greaney says:Yummy I’m gonna try some of these they look and sound delish",
    "Ann says:I tried this recipe with a reduced amount of mayonnaise and a reduced amount of sugar and it was delicious!  I served the bacon bits on the side because my niece is vegetarian but she INHALED this salad!   I used Best Foods Olive Oil mayonnaise and Fage 2% Greek yogurt to make 1/2 cup and used 1 generous teaspoon of sugar and 2 teaspoons of apple cider vinegar.  I added roasted, salted, shelled sunflower seeds along with the cashews and added a small handful of reduced sugar craisins, as well.  This is a great recipe that is a that is incredibly versatile!  Definitely one that will be going into our monthly menu rotation and high on the list for potlucks and community gatherings.",
    "Kelly says:I too am curious about a half cup of sugar. I think I will try it with a 1/4 at first.",
    "kathee says:I made this years ago.. and the recipe I had has some cherry tomatoes in it.. also a little soy sauce in the dressing.. gave it an Oriental taste… I also found that you don’t want to put the nuts in early.. they get kinda soft or soggyish… But it is a great salad… just tweek it to your liking… love the ideas in the comments also…. Thanks..",
    "kathee says:Oh… don’t dump the broccoli stocks….. peel the thick outer part off and the stocks are the very best.. actually my favorite part of broccoli.. YUMMMMM ..",
    "Ann says:This looks awesome and I’m excited to try it but I’m a little nervous about adding 1/2 cup of sugar to a salad.  Does it just help to balance out the bitter that broccoli can have?  Has anyone tried it using a reduced amount of sugar?  Also, wondering if I can use superfine bakers sugar?  Thanks so much for any advice you can offer.  The recipe really does look delicious and I’m looking forward to trying it.  I think it’s something my husband would enjoy, as well.",
    "Justine says:What can you use as a bacon substitute fur vegetarians?",
    "Denise says:This has always been one of my favorite salads to take to a family reunion or church homecoming. I sometimes substitute pecans for the cashews and I  add craisins to the salad sometimes too. I also make the dressing first because sometimes it does take awhile to get the sugar to dissolve completely. When in a hurry, I have bought the broccoli florets already cut from the stalk (because again this can be time consuming).  I also substituted the 2 packages of the real bacon bits instead of frying the bacon. I have had this salad in a restaurant and shredded cheese was added also.",
    "Karen Dorfman says:This salad is absolutely delicious.. I have a party to attend this weekend and I will be serving this salad.  The mayo in the salad threw me off, but what a great combination.  I rate this recipe a 5 star for me",
    "Chloe @ foodlikecake says:I love everything in this salad 😀"
  ]
}