{
  "URL": "https://therecipecritic.com/broccoli-ramen-salad/",
  "Summary": "This Broccoli Ramen Salad is savory, sweet, and has the perfect amount of crunch! It's simple to make and has an addictive dressing. It'll be on repeat all summer!",
  "Metadata": [
    "Prep Time:  20minutes",
    "Total Time:  20minutes",
    "Servings: 8"
  ],
  "Ingredients": [
    "2 (12-ounce) bags broccoli slaw",
    "3 (3.5-ounce) packages ramen noodles, flavor packets discarded",
    "¾ cup roasted cashews",
    "½ cup dried cranberries",
    "⅓ cup chopped scallions",
    "½ cup olive oil",
    "3 tablespoons rice vinegar",
    "1 tablespoon (packed) brown sugar",
    "½ teaspoon toasted sesame oil",
    "½ tablespoon soy sauce"
  ],
  "Instructions": [
    "To a jar, add the ½ cup olive oil, 3 tablespoons rice vinegar, 1 tablespoon (packed) brown sugar, ½ teaspoon toasted sesame oil, and ½ tablespoon soy sauce. Shake it well until the sugar dissolves.",
    "Using your hands, break the 3 (3.5-ounce) packages ramen noodles, up into smaller pieces. It's ok if some pieces are bigger than others.",
    "Add the 2 (12-ounce) bags broccoli slaw, broken ramen noodles, ¾ cup roasted cashews, ½ cup dried cranberries, and ⅓ cup chopped scallions to a large salad bowl.",
    "Give the dressing another shake, pour it over the salad, and toss to coat. Let the salad rest for 15-20 minutes to soften the noodles a little."
  ],
  "Nutrition": [
    "Calories: 229kcal",
    "Carbohydrates: 13g",
    "Protein: 2g",
    "Fat: 20g",
    "Saturated Fat: 3g",
    "Polyunsaturated Fat: 3g",
    "Monounsaturated Fat: 14g",
    "Sodium: 74mg",
    "Potassium: 94mg",
    "Fiber: 1g",
    "Sugar: 8g",
    "Vitamin A: 43IU",
    "Vitamin C: 1mg",
    "Calcium: 12mg",
    "Iron: 1mg",
    ""
  ],
  "Comments": [
    "Alicia Storms says:Hi there,I tried this at home yesterday and this turned out to so delicious.This changed my perception of not having salads normally.Thank you for this delicious recipe. I would like to see some more recipe related to salads and will share with others. keep sharing ?",
    "Alicia Storms says:This salad totally reminds me of summer. The colors are pretty and flavors are amazing! I love the dressing that goes over this, too. Pinned!"
  ]
}