{
  "URL": "https://therecipecritic.com/broccoli-tots/",
  "Summary": "A delicious and cheesy twist on a classic favorite, these broccoli tots will fly off of your table. They are the perfect side or appetizer for any meal! ",
  "Metadata": [
    "Prep Time:  35minutes",
    "Cook Time:  40minutes",
    "Total Time:    1hour15minutes",
    "Servings:  35Tots"
  ],
  "Ingredients": [
    "4 Cups riced Broccoli",
    "1 large Egg",
    "½ Cup Shredded Cheddar Cheese",
    "½ Cup Shredded Parmesan Cheese",
    "¼ Cup All Purpose Flour",
    "⅓ cup Grated Onion",
    "1 Clove Garlic minced",
    "½ Teaspoon Salt",
    "¼ Teaspoon Ground Pepper"
  ],
  "Instructions": [
    "Preheat the oven to 400° and spray a baking sheet well with pan spray.`",
    "If using frozen riced broccoli, prepare it according to the package and let it cool until it is cool enough to handle. If using fresh broccoli, prepare a pot of boiling water. Cut the broccoli into florets and place it in a steamer basket over the boiling water. Cover and steam for 5 minutes until the florets are fork-tender. Alternatively, the broccoli can be steamed in the microwave in a microwave-safe bowl with a bit of water in the bottom for 5 minutes.",
    "Once cooked, place the steamed florets in a food processor and pulse for 10-15 seconds until you get a nice riced consistency.",
    "Transfer the riced broccoli to a tea towel or several layers of cheesecloth and squeeze to remove as much liquid as possible. There is more liquid than you’d think, I’m usually able to squeeze out nearly a cup of liquid. Measure out 4 cups of broccoli and add to a large bowl. Add the egg, both kinds of cheeses, flour, onion, garlic, salt, and pepper. Mix together and set aside to rest for 5 minutes or so.",
    "Using your hands, form the tots (about 35) that are about 1.5x.5 inches and line them up on the baking sheet leaving space between them. Bake for 20 minutes before removing from the oven, flip them over, and then bake for another 15-20 minutes, until golden brown.",
    "Enjoy with ketchup or your favorite dipping sauce."
  ],
  "Nutrition": [
    "Calories: 29kcal",
    "Carbohydrates: 3g",
    "Protein: 2g",
    "Fat: 1g",
    "Saturated Fat: 1g",
    "Polyunsaturated Fat: 1g",
    "Monounsaturated Fat: 1g",
    "Trans Fat: 1g",
    "Cholesterol: 8mg",
    "Sodium: 76mg",
    "Potassium: 6mg",
    "Fiber: 1g",
    "Sugar: 1g",
    "Vitamin A: 512IU",
    "Vitamin C: 25mg",
    "Calcium: 49mg",
    "Iron: 1mg",
    ""
  ],
  "Comments": []
}