{
  "URL": "https://therecipecritic.com/broiled-salmon/",
  "Summary": "Honey Garlic Dijon Broiled Salmon seasoned with herbs and b that comes together in just 15 minutes and literally has the best flavor ever! The best salmon of my life!",
  "Metadata": [
    "Prep Time:  7minutes",
    "Cook Time:  8minutes",
    "Total Time:  15minutes",
    "Servings:  8servings"
  ],
  "Ingredients": [
    "1 ½ pounds fresh salmon",
    "salt to taste",
    "ground black pepper to taste",
    "2 tablespoons olive oil",
    "1 tablespoon dijon mustard",
    "1 tablespoon honey",
    "3 teaspoons minced garlic",
    "1 tablespoon finely chopped fresh parsley",
    "1 teaspoon finely chopped fresh thyme"
  ],
  "Instructions": [
    "Preheat the oven to broil on high, and position a rack in the center of the oven.  Line a baking sheet with parchment paper.",
    "Lay 1 ½ pounds fresh salmon skin side down on the parchment paper and sprinkle salt and ground black pepper over the top of it.",
    "In a small bowl, mix 2 tablespoons olive oil, 1 tablespoon dijon mustard, 1 tablespoon honey, 3 teaspoons minced garlic, 1 tablespoon finely chopped fresh parsley, and 1 teaspoon finely chopped fresh thyme.  Spread evenly over the salmon.",
    "Place the baking sheet on the center rack about 6 inches from the heat, and broil for 6-8 minutes or until desired doneness."
  ],
  "Nutrition": [
    "Calories: 163kcal",
    "Carbohydrates: 3g",
    "Protein: 17g",
    "Fat: 9g",
    "Saturated Fat: 1g",
    "Polyunsaturated Fat: 3g",
    "Monounsaturated Fat: 4g",
    "Cholesterol: 47mg",
    "Sodium: 59mg",
    "Potassium: 430mg",
    "Fiber: 0.2g",
    "Sugar: 2g",
    "Vitamin A: 89IU",
    "Vitamin C: 1mg",
    "Calcium: 15mg",
    "Iron: 1mg"
  ],
  "Comments": [
    "J Royal says:Skin on or skin off?",
    "Alyssa Rivers says:Either way is great with this recipe but in these photos, I do not have skin on.",
    "Jp says:Delicious but I would recommend baking then broiling. Broiling for the amount of time recommended did not cook the salmon even halfway and I had to throw it in to bake for 20 min.",
    "Denett Bartlett says:Made this last night. Absolutely the most wonderful thing to pass my palate in years. Chemo had destroyed my taste buds. I did things just a hair different. After s&p on salmon, I then slathered the sauce on and let it sit for 1/2 hour or so. I then baked it in the oven for about 13 minutes at 350, then broiled it under the broiler for about 3 1/2 minutes. Beautifully caramelized the honey and oil that rose up during baking. Did cheat just a little. After applying seasoning, I then dotted the salmon with real butter. Sorry, old school here. Lemon wedges completely topped off the finished product. I had almost 4 pounds of salmon and just followed the single recipe rub. That was perfect. It was enough to cover all 4 pounds. I will never eat salmon any other way from here on out…bless you for sharing..? Just had a leftover piece, warmed up and a half of a banana. Perfect. Even better today…if that is even possible!",
    "Jocelyn says:We loved this!  My salmon got a bit blackened, perhaps it was too close to the broiler, but nobody seemed to mind.  Thanks for a terrific recipe.",
    "KELLY MEYERS says:This was amazing!  We haven’t tried it on chicken yet, but it won’t take us long.  Thank you for sharing!",
    "Holly says:Anyone ever try this with chicken instead of salmon?",
    "Pat G Morris says:I am trying to like Salmon; and this recipe looks very good. What cut/part of the salmon do I buy for just one person; and is the best cut of the salmon?  Thank you very much."
  ]
}