{
  "URL": "https://therecipecritic.com/brookies-cookies/",
  "Summary": "Brookies Cookies are a deliciously fun mashup of two of our favorite desserts: brownies and chocolate chip cookies! Soft and chewy with plenty of chocolate chips, these are always a hit with the family!",
  "Metadata": [
    "Prep Time:  20minutes",
    "Cook Time:  10minutes",
    "Total Time:  30minutes",
    "Servings:  24cookies"
  ],
  "Ingredients": [
    "½ cup salted butter",
    "¾ cup brown sugar",
    "1 egg",
    "1 teaspoon vanilla extract",
    "1 cup all-purpose flour",
    "⅓ cup unsweetened cocoa powder",
    "¼ teaspoon baking soda",
    "¼ teaspoon salt",
    "½ cup chocolate chips",
    "½ cup softened salted butter",
    "½ cup light brown sugar",
    "¼ cup granulated sugar",
    "1 teaspoon vanilla extract",
    "1 egg",
    "1 egg yolk",
    "1 ⅓ cups all-purpose flour",
    "2 tablespoons cornstarch",
    "½ teaspoon baking soda",
    "½ teaspoon salt",
    "1 cup chocolate chips plus more for the tops of the cookies"
  ],
  "Instructions": [
    "Line a couple of baking sheets with parchment paper and preheat the oven to 375 degrees Fahrenheit.",
    "In a microwave-safe bowl, heat ½ cup salted butter in the microwave until melted. Add ¾ cup brown sugar and beat well with a hand mixer for 1-2 minutes until light. Add 1 egg and 1 teaspoon vanilla extract and mix again.",
    "Mix in 1 cup all-purpose flour, ⅓ cup unsweetened cocoa powder, ¼ teaspoon baking soda, ¼ teaspoon salt, and ½ cup chocolate chips until combined. Stick the bowl in the fridge while preparing the chocolate chip cookie dough.",
    "In a separate bowl, combine ½ cup softened salted butter, ¼ cup granulated sugar, and ½ cup light brown sugar. Beat for 1-2 minutes until creamy and smooth.",
    "Add 1 egg, 1 egg yolk, and 1 teaspoon vanilla extract and beat for another 2 minutes until light. Add in 1 ⅓ cups all-purpose flour, ½ teaspoon baking soda, 2 tablespoons cornstarch, ½ teaspoon salt, and 1 cup chocolate chips, mixing just until combined. There is no need to chill this dough.",
    "Use a small, tablespoon-size cookie scoop to scoop mounds of each kind of dough, then combine one of each kind and roll them into a ball to make cookies that have both flavors. Space the balls of two-toned cookie dough a few inches apart on the prepared baking sheet so that one type of dough is visible on each side rather than one on top and one on bottom.",
    "Once all of the cookies are formed, bake them in the oven for 9-11 minutes, until they are light brown and set around the edges. Press a few extra chocolate chips into the tops of each cookie as soon as they come out of the oven."
  ],
  "Nutrition": [
    "Calories: 234kcal",
    "Carbohydrates: 31g",
    "Protein: 2g",
    "Fat: 12g",
    "Saturated Fat: 7g",
    "Polyunsaturated Fat: 0.4g",
    "Monounsaturated Fat: 2g",
    "Trans Fat: 0.3g",
    "Cholesterol: 42mg",
    "Sodium: 177mg",
    "Potassium: 87mg",
    "Fiber: 1g",
    "Sugar: 20g",
    "Vitamin A: 267IU",
    "Calcium: 26mg",
    "Iron: 1mg"
  ],
  "Comments": [
    "Julie says:These came out perfectly! I was worried they looked a little funny going in the oven but total hit in my house!",
    "Ronni says:I made your brookie cookies today. They turned out nice but, you should inform the people they should but on gloves with just a touch of pam sprayed on them before rolling them. I did and it worked great.",
    "Lisa says:Cornstarch in ingredients but not in recipe???",
    "Alyssa Rivers says:Add it in wth the rest of the dry ingredients.",
    "Tee says:Excellent recipe.  Brownie side was nice and chewy with right crisp.  Cookie side was very chocolatey!  Follow the directions exactly.  I added expresso to brownie side which I love, but the recipe is great as it is.  I had to bake about 18 mins in my oven at 375 and rotated sheets once.  It was a little difficult to keep both sides separated, especially on my fingers ;).",
    "Ines says:In the direction section, the cornstarch was left out of the chocolate chip cookie steps. I added it to the dry ingredients. Looking forward to preparing your version of the brookie cookie."
  ]
}