{
  "URL": "https://therecipecritic.com/brookie-bars/",
  "Summary": "Amazing Brookie Bars! A layer of chewy chocolate chip cookie and a layer of fudgey brownie. The best of both worlds!",
  "Metadata": [
    "Prep Time:  15minutes",
    "Cook Time:  30minutes",
    "Total Time:  45minutes",
    "Servings:  9bars"
  ],
  "Ingredients": [
    "5 tablespoons cubed unsalted butter",
    "⅓ cup granulated sugar",
    "⅓ cup light brown sugar",
    "⅓ cup plus 1 tablespoon unsweetened cocoa powder",
    "¼ teaspoon salt",
    "½ tablespoon instant coffee granules",
    "¼ teaspoon baking powder",
    "1 large egg",
    "1 teaspoon vanilla extract",
    "⅓ cup all-purpose flour",
    "¼ cup chocolate chunks or chocolate chips",
    "5 tablespoons softened unsalted butter",
    "4 tablespoons light brown sugar",
    "2 tablespoons granulated sugar",
    "1 large egg",
    "1 teaspoon vanilla extract",
    "1 teaspoon cornstarch",
    "¼ teaspoon baking soda",
    "⅛ teaspoon baking powder",
    "¼ teaspoon salt",
    "1 ¼ cup all-purpose flour",
    "½ cup semi sweet chocolate chips"
  ],
  "Instructions": [
    "Preheat the oven to 350 degrees Fahrenheit. Lightly spray an 8 x 8 x 2-inch  baking dish with non-stick cooking spray. Line the pan with enough parchment paper to overhang the sides. This makes the removal of the bars easy!",
    "Add 5 tablespoons cubed unsalted butter to a medium saucepan and cook over medium heat until light brown caramel in color, about 5-10 minutes. Make sure to keep and eye on it so butter does not burn. It also helps to use a light colored saucepan for this.",
    "Pour the browned butter into a large bowl along with ⅓ cup granulated sugar, ⅓ cup light brown sugar, ⅓ cup plus 1 tablespoon unsweetened cocoa powder, ¼ teaspoon salt, ½ tablespoon instant coffee granules, and ¼ teaspoon baking powder. Stir until combined and allow to rest for 5 minutes or until the mixture has cooled down.",
    "Stir in 1 large egg and 1 teaspoon vanilla extract and mix until batter has a nice sheen to it.",
    "Fold in ⅓ cup all-purpose flour and ¼ cup chocolate chunks or chocolate chips and stir until combined.",
    "Pour the brownie batter into prepared baking dish and set aside.",
    "In a stand mixer with the paddle attachment cream 5 tablespoons softened unsalted butter, 5 tablespoons softened unsalted butter4 tablespoons light brown sugar, and 2 tablespoons granulated sugar.",
    "Add in 1 large egg and 1 teaspoon vanilla extract and mix until combined.",
    "In a medium bowl mix together 1 teaspoon cornstarch, ¼ teaspoon baking soda, ⅛ teaspoon baking powder, ¼ teaspoon salt, and 1 ¼ cup all-purpose flour.",
    "Add the flour mixture to the butter mixture on low just until combined. Do not overmix.",
    "Fold ½ cup semi sweet chocolate chips into the cookie dough.",
    "Drop large spoonfuls of cookie dough and spread carefully. Bake for 25-30 minutes. Cool the bars completely before slicing."
  ],
  "Nutrition": [
    "Calories: 392kcal",
    "Carbohydrates: 51g",
    "Protein: 5g",
    "Fat: 20g",
    "Saturated Fat: 12g",
    "Polyunsaturated Fat: 1g",
    "Monounsaturated Fat: 5g",
    "Trans Fat: 1g",
    "Cholesterol: 75mg",
    "Sodium: 183mg",
    "Potassium: 208mg",
    "Fiber: 3g",
    "Sugar: 30g",
    "Vitamin A: 454IU",
    "Calcium: 46mg",
    "Iron: 2mg"
  ],
  "Comments": [
    "Dana says:Very yummy!! Tried the recipe exactly as it is and it came out PERFECT (just as always). My whole family lovved it! Thank you 🙂",
    "Romy says:This looks delicious! Just a question, can I put the cookie layer on the bottom and the brownie on top.",
    "Alyssa Rivers says:These bake better in the order they are instructed. You are welcome to try switching it up but it may not stay as firm or bake as well. Let me know what you think! That sounds fun and a great idea! XOXO",
    "Tosia says:Could this recipe be doubled for a 9×13 or 10×15 pan? or would it not bake well in the middle?",
    "Gloria Klement says:The Brookie Bars recipe calls for 1 egg in the brownie layer, yet in the instructions, it says to add the eggs for the brownie layer.  Is the brownie layer supposed to have more than 1 egg?",
    "Alyssa says:I will fix that! Thanks for pointing that out to me! It is 1 egg. I just added an ‘s’ at the end. Sorry for the confusion!",
    "Stephanie @31Daily says:So good! Our house will be packed with teenagers this weekend — and this treat is definitely on the list!",
    "Shawnna Griffin says:hey girl- this is my kind of snack! yummy!",
    "Miriam says:Mouthwatering! I’m ready for dessert! 🙂"
  ]
}