{
  "URL": "https://therecipecritic.com/brown-butter-blondies/",
  "Summary": "These chewy brown butter blondies are enhanced with the rich flavor of browned butter and loaded with (optional) nuts and candy pieces. Don't worry if you've never browned butter before, it's easy and I'll walk you through the steps below!",
  "Metadata": [
    "Prep Time:  5minutes",
    "Cook Time:  35minutes",
    "Total Time:  40minutes",
    "Servings: 12"
  ],
  "Ingredients": [
    "3/4 cup unsalted butter",
    "1 cup brown sugar  packed",
    "1/3 cup granulated sugar",
    "1 large egg + 1 egg yolk room temperature",
    "1 1/2 teaspoon vanilla extract",
    "1 1/4 cup all-purpose flour",
    "3/4 teaspoon salt",
    "1/3 cup chopped walnuts",
    "1/2 cup toffee bits"
  ],
  "Instructions": [
    "Preheat oven to 350 degrees Fahrenheit. Line a 9×9 metal baking pan with parchment paper or lightly grease and set aside.",
    "Place butter in a medium-sized saucepan and cook over medium heat until melted. Once melted, turn up heat just a notch above medium and continue to cook, stirring constantly as it pops and sizzles. Once the popping slows and the butter begins to turn brown and fragrant, remove from heat and pour into a large heatproof bowl.",
    "Allow browned butter to cool for at least 20 minutes before proceeding.",
    "Once butter has cooled, add both sugars and mix to combine. Whisk in the egg and egg yolk, and vanilla extract. Mix to combine.",
    "Add the flour and salt and mix until combined. Fold in the chopped walnuts and toffee bits. Add to the prepared pan.",
    "Bake for 20-25 minutes, until the edges are golden brown and a toothpick comes out clean from the center. Let cool completely before serving."
  ],
  "Nutrition": [
    "Calories: 2065kcal",
    "Carbohydrates: 361g",
    "Protein: 38g",
    "Fat: 55g",
    "Saturated Fat: 6g",
    "Cholesterol: 6mg",
    "Sodium: 2346mg",
    "Potassium: 1015mg",
    "Fiber: 12g",
    "Sugar: 157g",
    "Vitamin A: 70IU",
    "Vitamin C: 1mg",
    "Calcium: 287mg",
    "Iron: 14.2mg"
  ],
  "Comments": [
    "Kate says:First let me say they tasted yummy.  I wasn’t sure when I put them in the pan if I had made them correctly because the batter was very loose.  And while it was baking, it looked like molten lava.  I wanted to let it cool enough to be able to cut them. Not sure what happened, but when I went to cut into them, they had turned into cement.  Even my very strong husband had trouble cutting them!  But they tasted like toffee – delish!  I popped them back in a low oven for a few minutes and that seemed to do the trick.  Very strange, but fixable.",
    "Alyssa Rivers says:I double checked on these and the batter turned out to be pretty thick. Also, cooking these any longer than the recommended time will make these turn out hard. If you try them again, let me know what happens! I definitely want to help you out!",
    "Kristin says:When do you add the dry ingredients?  What is the baking temp and time?",
    "Alyssa Rivers says:The instructions have been updated and are on the recipe card at the bottom of the post!",
    "Unknown says:Thank you for sharing this recipe. It is looking very delicious. people must try this. Loved to read your blog. It is useful to many.",
    "Jessica Ford says:These blondies are amazing!  The brown butter really makes them.  Yum!",
    "samantha says:These were excellent. Can’t wait to try with toffee pieces.",
    "DinePartner says:These brown butter blondies look amazing. I will try to make them this weekend.",
    "DAVID PAGE says:This recipe looks delicious, but as a Type 2 diabetic I wish more recipes with either much less sugar or none at all could be printed. Everything these days seem  to have tons of sugar in them.",
    "Bro says:You did not need to comment this. This could have stayed inside your head"
  ]
}